sweep,T,tuning,density,e_per_N,acc_part,acc_box,flip_cand,flip_prop,flip_acc,a,b,c
100,0.06,1,0.4195449139622562,0.631578947368421,,,0,0,0,50.61978477967479,25.309892389837394,43.83801955329924
200,0.06,1,0.4195449139622562,0.631578947368421,,,0,0,0,50.61978477967479,25.309892389837394,43.83801955329924
300,0.06,1,0.4195449139622562,0.631578947368421,,,0,0,0,50.61978477967479,25.309892389837394,43.83801955329924
400,0.06,1,0.4195449139622562,0.631578947368421,,,0,0,0,50.61978477967479,25.309892389837394,43.83801955329924
500,0.06,1,0.4195449139622562,0.631578947368421,,,0,0,0,50.61978477967479,25.309892389837394,43.83801955329924
600,0.06,1,0.4195449139622562,0.631578947368421,,,0,0,0,50.61978477967479,25.309892389837394,43.83801955329924
700,0.06,1,0.4195449139622562,0.631578947368421,,,0,0,0,50.61978477967479,25.309892389837394,43.83801955329924
800,0.06,1,0.4195449139622562,0.631578947368421,,,0,0,0,50.61978477967479,25.309892389837394,43.83801955329924
900,0.06,1,0.4195449139622562,0.631578947368421,,,0,0,0,50.61978477967479,25.309892389837394,43.83801955329924
1000,0.06,1,0.4195449139622562,0.631578947368421,,,0,0,0,50.61978477967479,25.309892389837394,43.83801955329924
1100,0.06,1,0.4195449139622562,0.631578947368421,,,0,0,0,50.61978477967479,25.309892389837394,43.83801955329924
1200,0.06,1,0.4195449139622562,0.631578947368421,,,0,0,0,50.61978477967479,25.309892389837394,43.83801955329924
1300,0.06,1,0.4195344673052734,0.631578947368421,,,0,0,0,50.61987505212954,25.309892389837394,43.83903296593186
1400,0.06,1,0.4195344673052734,0.631578947368421,,,0,0,0,50.61987505212954,25.309892389837394,43.83903296593186
1500,0.06,1,0.4195344673052734,0.631578947368421,,,0,0,0,50.61987505212954,25.309892389837394,43.83903296593186
1600,0.06,1,0.41953309859905247,0.631578947368421,,,0,0,0,50.62140625839681,25.309892389837394,43.837849932603184
1700,0.06,1,0.41955362479130576,0.631578947368421,,,0,0,0,50.62069149745466,25.309892389837394,43.8363241721505
1800,0.06,1,0.4195490469184623,0.631578947368421,,,0,0,0,50.62526250991019,25.309892389837394,43.83284441369004
1900,0.06,1,0.41952271830741933,0.631578947368421,,,0,0,0,50.63486538926415,25.309892389837394,43.82728189583275
2000,0.06,1,0.4195186061491006,0.631578947368421,,,0,0,0,50.635002218027,25.309892389837394,43.827593060991774
2100,0.06,1,0.419540800107059,0.631578947368421,,,0,0,0,50.63781443375502,25.309892389837394,43.8228406799291
2200,0.06,1,0.4195671002532679,0.631578947368421,,,0,0,0,50.63678779681188,25.309892389837394,43.8209821204564
2300,0.06,1,0.4195671335152779,0.631578947368421,,,0,0,0,50.65325240642646,25.309892389837394,43.80673483639897
2400,0.06,1,0.41964584895910584,0.631578947368421,,,0,0,0,50.637818389769855,25.309892389837394,43.81186719964901
2500,0.06,1,0.4195794104866229,0.631578947368421,,,0,0,0,50.64191319491485,25.309892389837394,43.815261505536135
2600,0.06,1,0.4195471621914759,0.631578947368421,,,0,0,0,50.63273709490648,25.309892389837394,43.826570533795795
2700,0.06,1,0.4195279974858931,0.631578947368421,,,0,0,0,50.64049648208358,25.309892389837394,43.82185697065104
2800,0.06,1,0.4194734095506498,0.631578947368421,,,0,0,0,50.63829320007679,25.309892389837394,43.82946664892327
2900,0.06,1,0.41952877067315497,0.631578947368421,,,0,0,0,50.649028286079115,25.309892389837394,43.81439445068548
3000,0.06,1,0.4193637154847306,0.631578947368421,,,0,0,0,50.650139479496694,25.309892389837394,43.830677525785894
3100,0.06,1,0.4193866397706395,0.631578947368421,,,0,0,0,50.64253177401392,25.309892389837394,43.83486572099918
3200,0.06,1,0.4194462559496864,0.631578947368421,,,0,0,0,50.63557693979697,25.309892389837394,43.83465533772239
3300,0.06,1,0.41949971784040113,0.631578947368421,,,0,0,0,50.63302462053097,25.309892389837394,43.83127830493245
3400,0.06,1,0.4195120523813038,0.631578947368421,,,0,0,0,50.635027251974186,25.309892389837394,43.82825608268362
3500,0.06,1,0.41947428055493385,0.631578947368421,,,0,0,0,50.643181492758465,25.309892389837394,43.82514504508551
3600,0.06,1,0.4195283648861625,0.631578947368421,,,0,0,0,50.63125895243349,25.309892389837394,43.82981376039922
3700,0.06,1,0.41944399918654407,0.631578947368421,,,0,0,0,50.63931610034883,25.309892389837394,43.83165445623584
3800,0.06,1,0.4194856566507473,0.631578947368421,,,0,0,0,50.641223132581096,25.309892389837394,43.82565127211253
3900,0.06,1,0.41952612267811906,0.631578947368421,,,0,0,0,50.64190238029804,25.309892389837394,43.82083623628946
4000,0.06,1,0.4194039013019335,0.631578947368421,,,0,0,0,50.64107348626969,25.309892389837394,43.83432383692492
4100,0.06,1,0.41947339230140307,0.631578947368421,,,0,0,0,50.62957238872019,25.309892389837394,43.83701796249114
4200,0.06,1,0.4194266479651588,0.631578947368421,,,0,0,0,50.633329451226565,25.309892389837394,43.838650388941396
4300,0.06,1,0.4195113129062913,0.631578947368421,,,0,0,0,50.63768944304274,25.309892389837394,43.826029138341035
4400,0.06,1,0.4195903991736724,0.631578947368421,,,0,0,0,50.64266266427915,25.309892389837394,43.81346561157978
4500,0.06,1,0.41962383064480197,0.631578947368421,,,0,0,0,50.6453919976837,25.309892389837394,43.807614022943746
4600,0.06,1,0.41965525696604006,0.631578947368421,,,0,0,0,50.642681408722915,25.309892389837394,43.80667801867969
4700,0.06,1,0.41964256868111754,0.631578947368421,,,0,0,0,50.635680433337605,25.309892389837394,43.81405952351334
4800,0.06,1,0.4197609447355529,0.631578947368421,,,0,0,0,50.63400539279624,25.309892389837394,43.80315261561119
4900,0.06,1,0.4197350547951868,0.631578947368421,,,0,0,0,50.62929871789273,25.309892389837394,43.8099268091577
5000,0.06,1,0.4197534406421146,0.631578947368421,,,0,0,0,50.62719551137274,25.309892389837394,43.80982778379776
5100,0.06,0,0.41970884535378394,0.631578947368421,0.31561761546723954,0.4,0,0,0,50.64036603197246,25.309892389837394,43.8030874573702
5200,0.06,0,0.4197895322907642,0.631578947368421,0.3132438238453276,0.37,0,0,0,50.62968638683651,25.309892389837394,43.803906041159735
5300,0.06,0,0.41977892746106127,0.631578947368421,0.32063372717508054,0.28,0,0,0,50.623619028724185,25.309892389837394,43.810262786835985
5400,0.06,0,0.419814732743973,0.631578947368421,0.3212889366272825,0.41,0,0,0,50.63019619035904,25.309892389837394,43.80083555760855
5500,0.06,0,0.4197358223892899,0.631578947368421,0.3171106337271751,0.36,0,0,0,50.64211514214474,25.309892389837394,43.7987593666737
5600,0.06,0,0.41975579549315784,0.631578947368421,0.3089044038668099,0.38,0,0,0,50.639890864652415,25.309892389837394,43.79859900453398
5700,0.06,0,0.41979312434290694,0.631578947368421,0.31388829215896885,0.35,0,0,0,50.64241831458768,25.309892389837394,43.792518649102064
5800,0.06,0,0.41974626245973656,0.631578947368421,0.3213426423200859,0.39,0,0,0,50.639733889324795,25.309892389837394,43.79972950483958
5900,0.06,0,0.4197248556905396,0.631578947368421,0.31575725026852847,0.35,0,0,0,50.6346892683783,25.309892389837394,43.80632726642325
6000,0.06,0,0.4197966673962925,0.631578947368421,0.31903329752953813,0.39,0,0,0,50.634201706376246,25.309892389837394,43.79925536522534
6100,0.06,0,0.4197168456028821,0.631578947368421,0.3142105263157895,0.25,0,0,0,50.643044869341544,25.309892389837394,43.799935540246736
6200,0.06,0,0.4197335291515992,0.631578947368421,0.3194736842105263,0.34,0,0,0,50.637847189597785,25.309892389837394,43.802690211739915
6300,0.06,0,0.4198399604109765,0.631578947368421,0.3171106337271751,0.45,0,0,0,50.625586288386906,25.309892389837394,43.80219182838148
6400,0.06,0,0.41983771449455576,0.631578947368421,0.3162943071965628,0.41,0,0,0,50.62806134773876,25.309892389837394,43.800284773832814
6500,0.06,0,0.4197761596934895,0.631578947368421,0.31646616541353384,0.36,0,0,0,50.62065087199218,25.309892389837394,43.81312049159781
6600,0.06,0,0.4198069629769764,0.631578947368421,0.3198174006444683,0.35,0,0,0,50.62091298159253,25.309892389837394,43.80967886640974
6700,0.06,0,0.4196928961753935,0.631578947368421,0.3152846401718582,0.38,0,0,0,50.62832554277658,25.309892389837394,43.81516976198829
6800,0.06,0,0.4197929285033771,0.631578947368421,0.3186466165413534,0.4,0,0,0,50.620960652847366,25.309892389837394,43.81110224879615
6900,0.06,0,0.41972000325947795,0.631578947368421,0.31977443609022554,0.41,0,0,0,50.634767426893546,25.309892389837394,43.80676609729975
7000,0.06,0,0.41966952339687263,0.631578947368421,0.3209881847475832,0.43,0,0,0,50.633293644703045,25.309892389837394,43.81331062115388
7100,0.06,0,0.41962368943021183,0.631578947368421,0.3177980665950591,0.42,0,0,0,50.62944238628888,25.309892389837394,43.82142932532804
7200,0.06,0,0.4196474238453224,0.631578947368421,0.32647690655209455,0.43,0,0,0,50.62433428950313,25.309892389837394,43.82337229329462
7300,0.06,0,0.41964019863539576,0.631578947368421,0.31995703544575727,0.33,0,0,0,50.62561278789305,25.309892389837394,43.823020094154856
7400,0.06,0,0.41984841078235396,0.631578947368421,0.3197636949516649,0.39,0,0,0,50.61979277967,25.309892389837394,43.80632333656415
7500,0.06,0,0.41993212450826395,0.631578947368421,0.3149624060150376,0.36,0,0,0,50.62097019439861,25.309892389837394,43.796571812377415
7600,0.06,0,0.4199237388303454,0.631578947368421,0.3170354457572503,0.36,0,0,0,50.62443900071989,25.309892389837394,43.79444539102226
7700,0.06,0,0.4200278481288268,0.631578947368421,0.3144468313641246,0.48,0,0,0,50.62405929443379,25.309892389837394,43.783918774358845
7800,0.06,0,0.42002259427233823,0.631578947368421,0.31425349087003224,0.31,0,0,0,50.621472852067306,25.309892389837394,43.78670355977951
7900,0.06,0,0.42008326120246087,0.631578947368421,0.3124597207303974,0.37,0,0,0,50.62361833514142,25.309892389837394,43.77852458050601
8000,0.06,0,0.42011272053624643,0.631578947368421,0.31214822771213746,0.22,0,0,0,50.62095376258769,25.309892389837394,43.77775896400994
8100,0.06,0,0.42005037508355453,0.631578947368421,0.3165735767991407,0.25,0,0,0,50.624022051379065,25.309892389837394,43.781602888156414
8200,0.06,0,0.42014606187712383,0.631578947368421,0.3146938775510204,0.35,0,0,0,50.62172194511664,25.309892389837394,43.77362063924908
8300,0.06,0,0.4201136939013656,0.631578947368421,0.31472610096670245,0.32,0,0,0,50.62883775221748,25.309892389837394,43.770840420156695
8400,0.06,0,0.4201914016863375,0.631578947368421,0.31423200859291084,0.32,0,0,0,50.62148717367118,25.309892389837394,43.76910033567861
8500,0.06,0,0.42024122525675006,0.631578947368421,0.3145864661654135,0.34,0,0,0,50.6212247510299,25.309892389837394,43.76413796904775
8600,0.06,0,0.4200047888772072,0.631578947368421,0.31790547798066593,0.39,0,0,0,50.636174337778904,25.309892389837394,43.775846444057656
8700,0.06,0,0.4201489451144513,0.631578947368421,0.3138560687432868,0.44,0,0,0,50.640014764537746,25.309892389837394,43.757507900249415
8800,0.06,0,0.42013108232826973,0.631578947368421,0.30969924812030075,0.44,0,0,0,50.635465517705846,25.309892389837394,43.76329982280612
8900,0.06,0,0.4201530990073203,0.631578947368421,0.31089151450053704,0.26,0,0,0,50.62827828079746,25.309892389837394,43.76721891020123
9000,0.06,0,0.42016769789412806,0.631578947368421,0.31968850698174006,0.32,0,0,0,50.61985437772832,25.309892389837394,43.77298147016725
9100,0.06,0,0.420118597149651,0.631578947368421,0.3133190118152524,0.28,0,0,0,50.62601669209188,25.309892389837394,43.772768603149636
9200,0.06,0,0.42023184626795823,0.631578947368421,0.31243823845327606,0.33,0,0,0,50.61987623743031,25.309892389837394,43.76628062631753
9300,0.06,0,0.42025359037828064,0.631578947368421,0.31302900107411386,0.36,0,0,0,50.62684125705341,25.309892389837394,43.75799527708886
9400,0.06,0,0.4203357517760677,0.631578947368421,0.310343716433942,0.31,0,0,0,50.622164270375634,25.309892389837394,43.75348408681271
9500,0.06,0,0.4203167664202506,0.631578947368421,0.30919441460794844,0.41,0,0,0,50.62447398500532,25.309892389837394,43.75346407544502
9600,0.06,0,0.4203120561393358,0.631578947368421,0.30654135338345867,0.37,0,0,0,50.62389536805512,25.309892389837394,43.754454499695086
9700,0.06,0,0.4202388730953655,0.631578947368421,0.31462943071965627,0.38,0,0,0,50.63366680478091,25.309892389837394,43.753628839769505
9800,0.06,0,0.4202672233344232,0.631578947368421,0.3133297529538131,0.4,0,0,0,50.62484965154266,25.309892389837394,43.75829722546416
9900,0.06,0,0.42031943670039423,0.631578947368421,0.3130719656283566,0.34,0,0,0,50.625348918772076,25.309892389837394,43.75242994519571
10000,0.06,0,0.42035736482308955,0.631578947368421,0.3120515574650913,0.43,0,0,0,50.62977614238288,25.309892389837394,43.744656736553615
10100,0.06,0,0.4203554615510599,0.631578947368421,0.3149624060150376,0.4,0,0,0,50.63151817035522,25.309892389837394,43.74334971677469
10200,0.06,0,0.42036994210009276,0.631578947368421,0.3127282491944146,0.35,0,0,0,50.62212904409724,25.309892389837394,43.74995588974311
10300,0.06,0,0.4202607884470177,0.631578947368421,0.3114607948442535,0.25,0,0,0,50.62391479954004,25.309892389837394,43.75977531703699
10400,0.06,0,0.4202416543336306,0.631578947368421,0.3124597207303974,0.34,0,0,0,50.625405357910275,25.309892389837394,43.76047927977787
10500,0.06,0,0.4202617755594701,0.631578947368421,0.30920515574650914,0.26,0,0,0,50.62294249464086,25.309892389837394,43.76051301733378
10600,0.06,0,0.42024830405156743,0.631578947368421,0.31261009667024703,0.31,0,0,0,50.629147380581294,25.309892389837394,43.75655253908301
10700,0.06,0,0.4201806978910633,0.631578947368421,0.3131793770139635,0.35,0,0,0,50.641873154083605,25.309892389837394,43.75259553967951
10800,0.06,0,0.4200663358158491,0.631578947368421,0.3156605800214823,0.41,0,0,0,50.657444648105255,25.309892389837394,43.75105439398851
10900,0.06,0,0.4201269229762763,0.631578947368421,0.310687432867884,0.35,0,0,0,50.654180986492925,25.309892389837394,43.74756347094418
11000,0.06,0,0.42008643577931604,0.631578947368421,0.31583243823845325,0.36,0,0,0,50.664001245661815,25.309892389837394,43.74329932903315
11100,0.06,0,0.41999862950882183,0.631578947368421,0.31713211600429647,0.3,0,0,0,50.66972101798008,25.309892389837394,43.74750551816874
11200,0.06,0,0.41997083238796107,0.631578947368421,0.31634801288936626,0.33,0,0,0,50.664772152793695,25.309892389837394,43.75467456652636
11300,0.06,0,0.42001220888751545,0.631578947368421,0.31549946294307196,0.38,0,0,0,50.66550514876866,25.309892389837394,43.74973122711148
11400,0.06,0,0.4198885128103408,0.631578947368421,0.31511278195488723,0.36,0,0,0,50.67206589798243,25.309892389837394,43.75695342624621
11500,0.06,0,0.4199252481537088,0.631578947368421,0.3199785177228786,0.43,0,0,0,50.67914476862795,25.309892389837394,43.74701409528029
11600,0.06,0,0.4199818784804633,0.631578947368421,0.3213426423200859,0.36,0,0,0,50.679413248519474,25.309892389837394,43.74088352751996
11700,0.06,0,0.41997196623457506,0.631578947368421,0.314672395273899,0.38,0,0,0,50.6716007408278,25.309892389837394,43.74866000120218
11800,0.06,0,0.42011351644499595,0.631578947368421,0.3126315789473684,0.45,0,0,0,50.6659935024156,25.309892389837394,43.73875968451077
11900,0.06,0,0.42003890714626874,0.631578947368421,0.3114607948442535,0.35,0,0,0,50.6687941907328,25.309892389837394,43.74411070592457
12000,0.06,0,0.42003941602917605,0.631578947368421,0.31104189044038666,0.35,0,0,0,50.66956564664886,25.309892389837394,43.74339169594985
12100,0.06,0,0.4200591903080677,0.631578947368421,0.3129645542427497,0.29,0,0,0,50.66357242186305,25.309892389837394,43.74650683805355
12200,0.06,0,0.42014742762687074,0.631578947368421,0.3115359828141783,0.34,0,0,0,50.658322863546765,25.309892389837394,43.74185176659767
12300,0.06,0,0.4201195218514211,0.631578947368421,0.313952738990333,0.27,0,0,0,50.64781510789582,25.309892389837394,43.753832848200254
12400,0.06,0,0.42020859048104886,0.631578947368421,0.3176799140708915,0.32,0,0,0,50.642518725522855,25.309892389837394,43.74913362722668
12500,0.06,0,0.4201440852037992,0.631578947368421,0.3147798066595059,0.4,0,0,0,50.64937964630718,25.309892389837394,43.74992336025421
12600,0.06,0,0.420132069033109,0.631578947368421,0.3147905477980666,0.32,0,0,0,50.65101585916678,25.309892389837394,43.7497613262598
12700,0.06,0,0.4201778993477496,0.631578947368421,0.31022556390977446,0.44,0,0,0,50.648835150145636,25.309892389837394,43.74687284319586
12800,0.06,0,0.42024730593609044,0.631578947368421,0.3087540279269603,0.42,0,0,0,50.64486500780044,25.309892389837394,43.74307659122365
12900,0.06,0,0.4202875473600553,0.631578947368421,0.31157894736842107,0.34,0,0,0,50.63570382319907,25.309892389837394,43.74680169619765
13000,0.06,0,0.4202420395406607,0.631578947368421,0.30961331901181527,0.37,0,0,0,50.6440907218576,25.309892389837394,43.7442935576543
13100,0.06,0,0.42030569130919226,0.631578947368421,0.3090010741138561,0.38,0,0,0,50.64618745651742,25.309892389837394,43.73585812724641
13200,0.06,0,0.42032074589580926,0.631578947368421,0.3140279269602578,0.27,0,0,0,50.641703307441446,25.309892389837394,43.73816416581068
13300,0.06,0,0.42040302578815353,0.631578947368421,0.31047261009667027,0.36,0,0,0,50.640349262452496,25.309892389837394,43.73077313900654
13400,0.06,0,0.42033797220856794,0.631578947368421,0.3125993555316864,0.4,0,0,0,50.6446256012287,25.309892389837394,43.73384801203244
13500,0.06,0,0.420284969826354,0.631578947368421,0.31067669172932333,0.44,0,0,0,50.65721397204554,25.309892389837394,43.72849403539439
13600,0.06,0,0.4202991412698845,0.631578947368421,0.3123845327604726,0.35,0,0,0,50.65332322573628,25.309892389837394,43.73037834724644
13700,0.06,0,0.4203297624190023,0.631578947368421,0.30933404940923737,0.51,0,0,0,50.65754644633241,25.309892389837394,43.72354712553783
13800,0.06,0,0.4204652149887324,0.631578947368421,0.31158968850698177,0.35,0,0,0,50.64429027493758,25.309892389837394,43.720902592055225
13900,0.06,0,0.4204343624003638,0.631578947368421,0.30883995703544576,0.29,0,0,0,50.64497415633895,25.309892389837394,43.72352052188511
14000,0.06,0,0.42039608715941157,0.631578947368421,0.3105048335123523,0.29,0,0,0,50.63745051745858,25.309892389837394,43.73399832751557
14100,0.06,0,0.4203770961004897,0.631578947368421,0.30662728249194415,0.4,0,0,0,50.64111471669085,25.309892389837394,43.73280949595198
14200,0.06,0,0.42026491517532577,0.631578947368421,0.3070032223415682,0.37,0,0,0,50.64561572518197,25.309892389837394,43.740595367589194
14300,0.06,0,0.4203098462784144,0.631578947368421,0.3147905477980666,0.41,0,0,0,50.64376831203805,25.309892389837394,43.73751492454669
14400,0.06,0,0.4203272277850787,0.631578947368421,0.31065520945220193,0.32,0,0,0,50.63442306638364,25.309892389837394,43.743778273924065
14500,0.06,0,0.42032111197291205,0.631578947368421,0.31117078410311494,0.44,0,0,0,50.62583359201318,25.309892389837394,43.75183669315955
14600,0.06,0,0.4202127853849744,0.631578947368421,0.31140708915145004,0.27,0,0,0,50.6356952709007,25.309892389837394,43.754592279496826
14700,0.06,0,0.4201570964671157,0.631578947368421,0.3152201933404941,0.4,0,0,0,50.650944021558395,25.309892389837394,43.747217336915966
14800,0.06,0,0.4201176356800199,0.631578947368421,0.31082706766917295,0.28,0,0,0,50.649181622874366,25.309892389837394,43.75284880282075
14900,0.06,0,0.4201539591367572,0.631578947368421,0.3082062298603652,0.44,0,0,0,50.6452496599286,25.309892389837394,43.7524628111462
15000,0.06,0,0.4200310148560272,0.631578947368421,0.3178625134264232,0.38,0,0,0,50.645022429250695,25.309892389837394,43.7654656453527
15100,0.06,0,0.4198469779608055,0.631578947368421,0.31758324382384534,0.36,0,0,0,50.657590440682846,25.309892389837394,43.773787068176574
15200,0.06,0,0.41984164582019184,0.631578947368421,0.3154564983888292,0.3,0,0,0,50.65833805708426,25.309892389837394,43.77369698877579
15300,0.06,0,0.41978556944587336,0.631578947368421,0.31833512352309346,0.4,0,0,0,50.658303232027755,25.309892389837394,43.77957452333132
15400,0.06,0,0.41978164122042566,0.631578947368421,0.32138560687432866,0.36,0,0,0,50.646366932647986,25.309892389837394,43.7903022383136
15500,0.06,0,0.41979999855659056,0.631578947368421,0.31326530612244896,0.41,0,0,0,50.64059811762764,25.309892389837394,43.79337557548465
15600,0.06,0,0.419830071506088,0.631578947368421,0.317250268528464,0.42,0,0,0,50.631983330483635,25.309892389837394,43.79768929895608
15700,0.06,0,0.4197828354774036,0.631578947368421,0.31484425349087003,0.37,0,0,0,50.63638969627829,25.309892389837394,43.79880593762362
15800,0.06,0,0.41969267929274906,0.631578947368421,0.31171858216971,0.38,0,0,0,50.64094446737995,25.309892389837394,43.804274349299305
15900,0.06,0,0.4196789305035058,0.631578947368421,0.31893662728249195,0.44,0,0,0,50.63795066343808,25.309892389837394,43.80829925846943
16000,0.06,0,0.41964561198029915,0.631578947368421,0.3143394199785177,0.38,0,0,0,50.64662136519269,25.309892389837394,43.8042769212512
16100,0.06,0,0.4196867246112302,0.631578947368421,0.31515574650913,0.34,0,0,0,50.64607931802798,25.309892389837394,43.80045461765837
16200,0.06,0,0.41965555897510565,0.631578947368421,0.3208270676691729,0.32,0,0,0,50.64799233861765,25.309892389837394,43.80205294391299
16300,0.06,0,0.4196774864601457,0.631578947368421,0.32066595059076264,0.36,0,0,0,50.65277333301373,25.309892389837394,43.795630200677074
16400,0.06,0,0.4197109610970173,0.631578947368421,0.3215359828141783,0.33,0,0,0,50.64913002301111,25.309892389837394,43.795287289236555
16500,0.06,0,0.4197275243889251,0.631578947368421,0.32193340494092376,0.41,0,0,0,50.651913932270524,25.309892389837394,43.79115207592375
16600,0.06,0,0.41978189292832413,0.631578947368421,0.3195810955961332,0.38,0,0,0,50.64873512767746,25.309892389837394,43.788228468538215
16700,0.06,0,0.4197482606281774,0.631578947368421,0.32038668098818474,0.38,0,0,0,50.646239916067316,25.309892389837394,43.793894504954636
16800,0.06,0,0.4197097598374197,0.631578947368421,0.3217078410311493,0.38,0,0,0,50.64133137189254,25.309892389837394,43.802157031626315
16900,0.06,0,0.4197021831331508,0.631578947368421,0.32484425349087004,0.31,0,0,0,50.64694291129759,25.309892389837394,43.79809452934572
17000,0.06,0,0.41976937757395466,0.631578947368421,0.3184640171858217,0.48,0,0,0,50.656804548314454,25.309892389837394,43.782558514625634
17100,0.06,0,0.4197239078184319,0.631578947368421,0.32021482277121377,0.38,0,0,0,50.658948648731894,25.309892389837394,43.78544832691463
17200,0.06,0,0.41971079423792773,0.631578947368421,0.31584317937701395,0.36,0,0,0,50.66126498541573,25.309892389837394,43.78481435086815
17300,0.06,0,0.4198601612157202,0.631578947368421,0.31916219119226635,0.38,0,0,0,50.654285949684905,25.309892389837394,43.77526815220714
17400,0.06,0,0.4197642409670417,0.631578947368421,0.32607948442534906,0.37,0,0,0,50.65958459117964,25.309892389837394,43.7806915946419
17500,0.06,0,0.41987615119473887,0.631578947368421,0.31926960257787323,0.34,0,0,0,50.649336038337054,25.309892389837394,43.777879028136745
17600,0.06,0,0.4198673631105178,0.631578947368421,0.3124919441460795,0.41,0,0,0,50.64363301884108,25.309892389837394,43.78372529099022
17700,0.06,0,0.41982425546170526,0.631578947368421,0.31562835660580024,0.51,0,0,0,50.64165290604884,25.309892389837394,43.789933154068855
17800,0.06,0,0.4197675295452898,0.631578947368421,0.31885069817400646,0.46,0,0,0,50.652321854855266,25.309892389837394,43.78662600904382
17900,0.06,0,0.41986478056063764,0.631578947368421,0.31549946294307196,0.21,0,0,0,50.63974408921806,25.309892389837394,43.78735703618918
18000,0.06,0,0.4199232529573022,0.631578947368421,0.3195059076262084,0.31,0,0,0,50.641825087142344,25.309892389837394,43.77946076622484
18100,0.06,0,0.41992501461323306,0.631578947368421,0.32027926960257785,0.37,0,0,0,50.64652658095818,25.309892389837394,43.77521309383853
18200,0.06,0,0.4199853124676884,0.631578947368421,0.31747583243823846,0.37,0,0,0,50.644002038723045,25.309892389837394,43.7711100559207
18300,0.06,0,0.4200465940236715,0.631578947368421,0.3195059076262084,0.39,0,0,0,50.63533159338248,25.309892389837394,43.7722181586684
18400,0.06,0,0.4201150196290578,0.631578947368421,0.3134264232008593,0.36,0,0,0,50.63702127129366,25.309892389837394,43.76362845180039
18500,0.06,0,0.4201572825926386,0.631578947368421,0.3119763694951665,0.33,0,0,0,50.63161877893507,25.309892389837394,43.76389553159411
18600,0.06,0,0.4202678831367986,0.631578947368421,0.312921589688507,0.35,0,0,0,50.61998417066904,25.309892389837394,43.76243447093648
18700,0.06,0,0.4202857182791032,0.631578947368421,0.31276047261009665,0.38,0,0,0,50.621702642788996,25.309892389837394,43.75909182376146
18800,0.06,0,0.4203295163512016,0.631578947368421,0.3114822771213749,0.38,0,0,0,50.62461679414319,25.309892389837394,43.752013471469496
18900,0.06,0,0.4204026714882088,0.631578947368421,0.312062298603652,0.33,0,0,0,50.629017151366895,25.309892389837394,43.74059810384838
19000,0.06,0,0.42041601089496566,0.631578947368421,0.31451127819548874,0.33,0,0,0,50.62419454672458,25.309892389837394,43.743376977058894
19100,0.06,0,0.42052708424589624,0.631578947368421,0.3135767991407089,0.29,0,0,0,50.62148373583997,25.309892389837394,43.73416495297717
19200,0.06,0,0.42052542184753705,0.631578947368421,0.305327604726101,0.26,0,0,0,50.62111055056737,25.309892389837394,43.734660255620575
19300,0.06,0,0.4205363256187389,0.631578947368421,0.30671321160042964,0.35,0,0,0,50.62942481509134,25.309892389837394,43.72634445875618
19400,0.06,0,0.4205678752719213,0.631578947368421,0.3090225563909774,0.4,0,0,0,50.62615145737311,25.309892389837394,43.725891270352484
19500,0.06,0,0.42051742701634925,0.631578947368421,0.3071858216970999,0.36,0,0,0,50.62932537322842,25.309892389837394,43.728395465253314
19600,0.06,0,0.4205373944625111,0.631578947368421,0.30465091299677766,0.39,0,0,0,50.62169274352811,25.309892389837394,43.73291216679619
19700,0.06,0,0.420470845422129,0.631578947368421,0.30711063372717506,0.37,0,0,0,50.62889455452391,25.309892389837394,43.733612028836276
19800,0.06,0,0.42040482410077884,0.631578947368421,0.306906552094522,0.47,0,0,0,50.633740312904536,25.309892389837394,43.73629399538795
19900,0.06,0,0.42037641834207845,0.631578947368421,0.31201933404940924,0.5,0,0,0,50.63978389825608,25.309892389837394,43.734029309183725
20000,0.06,0,0.42032869498682646,0.631578947368421,0.31176154672395273,0.25,0,0,0,50.641633043209275,25.309892389837394,43.73739769150904
20100,0.06,0,0.4204179616414255,0.631578947368421,0.3129323308270677,0.37,0,0,0,50.63579594295833,25.309892389837394,43.733151810602386
20200,0.06,0,0.42036238304933315,0.631578947368421,0.3072610096670247,0.32,0,0,0,50.6482288494936,25.309892389837394,43.72819718581559
20300,0.06,0,0.42047730728325383,0.631578947368421,0.30798066595059076,0.32,0,0,0,50.6419779507799,25.309892389837394,43.72164149358043
20400,0.06,0,0.42029189860766847,0.631578947368421,0.3135767991407089,0.44,0,0,0,50.64079472311149,25.309892389837394,43.74195098526757
20500,0.06,0,0.4201835113267092,0.631578947368421,0.3081847475832438,0.4,0,0,0,50.64712766210035,25.309892389837394,43.747763396267736
20600,0.06,0,0.4202007198846743,0.631578947368421,0.31583243823845325,0.43,0,0,0,50.64866464536144,25.309892389837394,43.74464427170907
20700,0.06,0,0.4202379185455157,0.631578947368421,0.31007518796992484,0.38,0,0,0,50.6466610679385,25.309892389837394,43.742502460110344
20800,0.06,0,0.4202307137884785,0.631578947368421,0.310343716433942,0.39,0,0,0,50.64662720654938,25.309892389837394,43.74328166097838
20900,0.06,0,0.42016582252837387,0.631578947368421,0.31353383458646616,0.42,0,0,0,50.65027387213425,25.309892389837394,43.74688759237905
21000,0.06,0,0.42009665011637887,0.631578947368421,0.3149516648764769,0.51,0,0,0,50.65442350194306,25.309892389837394,43.750506529831036
21100,0.06,0,0.4201021613952819,0.631578947368421,0.3156820622986036,0.3,0,0,0,50.65520728724258,25.309892389837394,43.74925563088739
21200,0.06,0,0.42010592738358593,0.631578947368421,0.3128356605800215,0.48,0,0,0,50.653564302676266,25.309892389837394,43.75028247168414
21300,0.06,0,0.4198905043758233,0.631578947368421,0.31509129967776583,0.31,0,0,0,50.665675513422606,25.309892389837394,43.76226485620789
21400,0.06,0,0.4198507164298233,0.631578947368421,0.32031149301825995,0.35,0,0,0,50.677483398813315,25.309892389837394,43.75621446843884
21500,0.06,0,0.419836363827056,0.631578947368421,0.3165091299677766,0.39,0,0,0,50.69325872843058,25.309892389837394,43.744093283004204
21600,0.06,0,0.4199970338428743,0.631578947368421,0.3133404940923738,0.44,0,0,0,50.69172757124585,25.309892389837394,43.72867976101035
21700,0.06,0,0.4200228639904838,0.631578947368421,0.3114715359828142,0.31,0,0,0,50.69098604252253,25.309892389837394,43.72663022011755
21800,0.06,0,0.42007269209874537,0.631578947368421,0.31774436090225566,0.37,0,0,0,50.691412410383265,25.309892389837394,43.72107571930814
21900,0.06,0,0.4201290646730101,0.631578947368421,0.3152201933404941,0.35,0,0,0,50.676923925173085,25.309892389837394,43.72770739861963
22000,0.06,0,0.4201693645874907,0.631578947368421,0.31659505907626206,0.32,0,0,0,50.668448406379284,25.309892389837394,43.730827132213086
22100,0.06,0,0.42002758441366944,0.631578947368421,0.31490870032223417,0.41,0,0,0,50.68029497527943,25.309892389837394,43.7353628841998
22200,0.06,0,0.4200879299794576,0.631578947368421,0.3158968850698174,0.4,0,0,0,50.66932084354739,25.309892389837394,43.73855129724612
22300,0.06,0,0.42022807533675083,0.631578947368421,0.3140816326530612,0.46,0,0,0,50.66783710315038,25.309892389837394,43.72524496215444
22400,0.06,0,0.4202555734449032,0.631578947368421,0.3115359828141783,0.31,0,0,0,50.65924553159594,25.309892389837394,43.72979904981033
22500,0.06,0,0.4202526761489238,0.631578947368421,0.3135660580021482,0.36,0,0,0,50.65526067244425,25.309892389837394,43.73354061355487
22600,0.06,0,0.4201757391971291,0.631578947368421,0.31157894736842107,0.39,0,0,0,50.6535065266601,25.309892389837394,43.743063296215944
22700,0.06,0,0.4201433860447554,0.631578947368421,0.3129860365198711,0.4,0,0,0,50.65929550872696,25.309892389837394,43.7414327025204
22800,0.06,0,0.4201757544146984,0.631578947368421,0.31390977443609025,0.45,0,0,0,50.6584121194698,25.309892389837394,43.73882577878152
22900,0.06,0,0.42018547269869577,0.631578947368421,0.3106122448979592,0.31,0,0,0,50.65851548021312,25.309892389837394,43.73772492268144
23000,0.06,0,0.42018485923545384,0.631578947368421,0.3165413533834586,0.45,0,0,0,50.65951307799596,25.309892389837394,43.73692748533471
23100,0.06,0,0.4203421456249614,0.631578947368421,0.31426423200859294,0.39,0,0,0,50.659151912926355,25.309892389837394,43.72087341173219
23200,0.06,0,0.4203704208448045,0.631578947368421,0.30785177228786254,0.32,0,0,0,50.65659668312134,25.309892389837394,43.72013785920196
23300,0.06,0,0.4203028264676387,0.631578947368421,0.3092373791621912,0.4,0,0,0,50.659276518481256,25.309892389837394,43.72485593216705
23400,0.06,0,0.42032036741339746,0.631578947368421,0.3083888292158969,0.35,0,0,0,50.662705610596674,25.309892389837394,43.720071810263505
23500,0.06,0,0.42026546477080423,0.631578947368421,0.3143609022556391,0.34,0,0,0,50.66451664095107,25.309892389837394,43.72422031169115
23600,0.06,0,0.4202641997628404,0.631578947368421,0.3124812030075188,0.35,0,0,0,50.66334867555289,25.309892389837394,43.725359920443545
23700,0.06,0,0.4202042356992684,0.631578947368421,0.31140708915145004,0.42,0,0,0,50.66610399995022,25.309892389837394,43.729221412811974
23800,0.06,0,0.4203051037547281,0.631578947368421,0.3100966702470462,0.35,0,0,0,50.66448532952306,25.309892389837394,43.720123699165484
23900,0.06,0,0.42034954001661956,0.631578947368421,0.30917293233082704,0.38,0,0,0,50.655279655403575,25.309892389837394,43.72344642519264
24000,0.06,0,0.4201403113411884,0.631578947368421,0.3070569280343716,0.31,0,0,0,50.68065088534368,25.309892389837394,43.723321291032384
24100,0.06,0,0.42016975385663696,0.631578947368421,0.3100107411385607,0.38,0,0,0,50.68101824772405,25.309892389837394,43.71994056370634
24200,0.06,0,0.42015242381016027,0.631578947368421,0.3112137486573577,0.43,0,0,0,50.696205986253894,25.309892389837394,43.70864557621545
24300,0.06,0,0.42013836185483444,0.631578947368421,0.3121052631578947,0.4,0,0,0,50.69304323471324,25.309892389837394,43.712835581223594
24400,0.06,0,0.42009254024149406,0.631578947368421,0.3089151450053706,0.4,0,0,0,50.69064470961629,25.309892389837394,43.71967214307334
24500,0.06,0,0.4200974281446027,0.631578947368421,0.3134801288936627,0.36,0,0,0,50.694431881619195,25.309892389837394,43.71589737899515
24600,0.06,0,0.4200893948402121,0.631578947368421,0.30968850698174005,0.33,0,0,0,50.699500233946495,25.309892389837394,43.712363055638136
24700,0.06,0,0.42009276804504353,0.631578947368421,0.3204940923737916,0.35,0,0,0,50.69732632436024,25.309892389837394,43.71388643811651
24800,0.06,0,0.42005112766800096,0.631578947368421,0.3187647690655209,0.31,0,0,0,50.69692171330233,25.309892389837394,43.71856878362441
24900,0.06,0,0.42009350889886216,0.631578947368421,0.3169924812030075,0.38,0,0,0,50.70238004514181,25.309892389837394,43.709452206343656
25000,0.06,0,0.4199967014468399,0.631578947368421,0.3153813104189044,0.35,0,0,0,50.709914351534216,25.309892389837394,43.71303135058233
25100,0.06,0,0.42003424822056573,0.631578947368421,0.309312567132116,0.26,0,0,0,50.70448723900581,25.309892389837394,43.71380222147825
25200,0.06,0,0.420069060715325,0.631578947368421,0.3133082706766917,0.26,0,0,0,50.70692147817672,25.309892389837394,43.70808116274073
25300,0.06,0,0.41999921876097923,0.631578947368421,0.3198496240601504,0.28,0,0,0,50.71812698549102,25.309892389837394,43.70569107400998
25400,0.06,0,0.4199663771497853,0.631578947368421,0.3135875402792696,0.3,0,0,0,50.72627594099166,25.309892389837394,43.70208720593345
25500,0.06,0,0.4199662186108937,0.631578947368421,0.31799140708915147,0.32,0,0,0,50.73126843072619,25.309892389837394,43.697802957556924
25600,0.06,0,0.419910322342367,0.631578947368421,0.3187432867883996,0.51,0,0,0,50.72280676217605,25.309892389837394,43.71091049614587
25700,0.06,0,0.41986035101409747,0.631578947368421,0.3169924812030075,0.32,0,0,0,50.7253251267924,25.309892389837394,43.71394254414066
25800,0.06,0,0.4199659536468145,0.631578947368421,0.3138560687432868,0.27,0,0,0,50.71910992134575,25.309892389837394,43.70830587835707
25900,0.06,0,0.419929296122616,0.631578947368421,0.31620837808807734,0.36,0,0,0,50.72260374143663,25.309892389837394,43.70911044216659
26000,0.06,0,0.4199468611920952,0.631578947368421,0.31807733619763695,0.38,0,0,0,50.71628643747807,25.309892389837394,43.71272647706717
26100,0.06,0,0.4199668594878108,0.631578947368421,0.31805585392051555,0.46,0,0,0,50.71113821456306,25.309892389837394,43.71508246074458
26200,0.06,0,0.41986916473420993,0.631578947368421,0.31732545649838884,0.46,0,0,0,50.72129512559748,25.309892389837394,43.7164980863919
26300,0.06,0,0.41976282019688155,0.631578947368421,0.31644468313641244,0.36,0,0,0,50.73044853226725,25.309892389837394,43.71968355155321
26400,0.06,0,0.41973964509759415,0.631578947368421,0.32687432867884,0.34,0,0,0,50.72995784578031,25.309892389837394,43.72252035075002
26500,0.06,0,0.4197236704595172,0.631578947368421,0.320515574650913,0.42,0,0,0,50.73054136990518,25.309892389837394,43.7236814911591
26600,0.06,0,0.41971045283271374,0.631578947368421,0.3208378088077336,0.28,0,0,0,50.72255027960578,25.309892389837394,43.731947117903445
26700,0.06,0,0.4197080834464604,0.631578947368421,0.3195810955961332,0.28,0,0,0,50.71198621054082,25.309892389837394,43.74130407214217
26800,0.06,0,0.41969147880254337,0.631578947368421,0.3209989258861439,0.36,0,0,0,50.72166105445799,25.309892389837394,43.73469093601044
26900,0.06,0,0.41966806593054384,0.631578947368421,0.315703544575725,0.33,0,0,0,50.723584773535606,25.309892389837394,43.73547209767673
27000,0.06,0,0.41962696525548415,0.631578947368421,0.31828141783029,0.34,0,0,0,50.7360544005431,25.309892389837394,43.7290056855943
27100,0.06,0,0.41967642292626095,0.631578947368421,0.3240601503759398,0.33,0,0,0,50.73621333006026,25.309892389837394,43.723715383331566
27200,0.06,0,0.4198667947062211,0.631578947368421,0.31758324382384534,0.44,0,0,0,50.73088881887132,25.309892389837394,43.70847760154179
27300,0.06,0,0.419836948497837,0.631578947368421,0.3140708915145005,0.46,0,0,0,50.73448292550376,25.309892389837394,43.70848824315416
27400,0.06,0,0.419758761644677,0.631578947368421,0.3150590762620838,0.47,0,0,0,50.740046167036695,25.309892389837394,43.71183647556368
27500,0.06,0,0.41971954251656635,0.631578947368421,0.31595059076262083,0.35,0,0,0,50.75204443082008,25.309892389837394,43.705586107599906
27600,0.06,0,0.41955617276506874,0.631578947368421,0.3204511278195489,0.51,0,0,0,50.776336643404555,25.309892389837394,43.70168690382923
27700,0.06,0,0.4195587106316426,0.631578947368421,0.3204296455424275,0.32,0,0,0,50.77516778090593,25.309892389837394,43.702428579272095
27800,0.06,0,0.4196833548712485,0.631578947368421,0.32088077336197635,0.39,0,0,0,50.764321990747625,25.309892389837394,43.69878338133813
27900,0.06,0,0.41958091816859217,0.631578947368421,0.3204511278195489,0.47,0,0,0,50.765052618709056,25.309892389837394,43.7088229435939
28000,0.06,0,0.41949099711095106,0.631578947368421,0.3265843179377014,0.41,0,0,0,50.76301080211743,25.309892389837394,43.71995071548384
28100,0.06,0,0.4194130524082875,0.631578947368421,0.32264232008592914,0.46,0,0,0,50.7692698424052,25.309892389837394,43.72268475989751
28200,0.06,0,0.4195555522089802,0.631578947368421,0.3171858216970999,0.38,0,0,0,50.76354772492753,25.309892389837394,43.712761374216264
28300,0.06,0,0.41950093345613887,0.631578947368421,0.3178839957035446,0.37,0,0,0,50.773102451480106,25.309892389837394,43.71022559909839
28400,0.06,0,0.4195796529942748,0.631578947368421,0.31721804511278195,0.33,0,0,0,50.76808962783457,25.309892389837394,43.70634001739749
28500,0.06,0,0.4196623040860169,0.631578947368421,0.32595059076262084,0.36,0,0,0,50.76068439520052,25.309892389837394,43.70410705187187
28600,0.06,0,0.4195849748376574,0.631578947368421,0.3216219119226638,0.37,0,0,0,50.763068105204994,25.309892389837394,43.71010907484177
28700,0.06,0,0.4195676444957549,0.631578947368421,0.3206122448979592,0.42,0,0,0,50.769229100649106,25.309892389837394,43.706609961810614
28800,0.06,0,0.41961660597095435,0.631578947368421,0.32343716433942,0.41,0,0,0,50.76234704122306,25.309892389837394,43.70743500390354
28900,0.06,0,0.41965687538019947,0.631578947368421,0.3214715359828142,0.29,0,0,0,50.75979191864635,25.309892389837394,43.70544084170592
29000,0.06,0,0.4195775750792335,0.631578947368421,0.3252094522019334,0.31,0,0,0,50.768866167104704,25.309892389837394,43.70588795143281
29100,0.06,0,0.41955002505029265,0.631578947368421,0.3164983888292159,0.33,0,0,0,50.77036238098446,25.309892389837394,43.70746982054908
29200,0.06,0,0.4195689328694227,0.631578947368421,0.31992481203007517,0.33,0,0,0,50.78028262142543,25.309892389837394,43.6969620109488
29300,0.06,0,0.4195755211237314,0.631578947368421,0.3212996777658432,0.34,0,0,0,50.78684711670552,25.309892389837394,43.69062787525413
29400,0.06,0,0.4195976300404696,0.631578947368421,0.31903329752953813,0.37,0,0,0,50.791944605778326,25.309892389837394,43.683941214442676
29500,0.06,0,0.4195834617539459,0.631578947368421,0.3180451127819549,0.28,0,0,0,50.78890175766145,25.309892389837394,43.68803357854739
29600,0.06,0,0.41949868433285625,0.631578947368421,0.3237916219119227,0.43,0,0,0,50.793953699026126,25.309892389837394,43.692516522098295
29700,0.06,0,0.41959326694015475,0.631578947368421,0.3248657357679914,0.41,0,0,0,50.79349125212363,25.309892389837394,43.68306528117011
29800,0.06,0,0.4195841829873108,0.631578947368421,0.3210096670247046,0.27,0,0,0,50.79650064377859,25.309892389837394,43.68142299608646
29900,0.06,0,0.4196090078634924,0.631578947368421,0.3239312567132116,0.43,0,0,0,50.789017835994365,25.309892389837394,43.685273975509475
30000,0.06,0,0.4196198051613786,0.631578947368421,0.31969924812030076,0.23,0,0,0,50.78783867863542,25.309892389837394,43.68516413217124
30100,0.06,0,0.41977623398696057,0.631578947368421,0.3162406015037594,0.35,0,0,0,50.780861641647405,25.309892389837394,43.67488482464251
30200,0.06,0,0.41957013370741725,0.631578947368421,0.31929108485499463,0.36,0,0,0,50.80649999048672,25.309892389837394,43.674288334399705
30300,0.06,0,0.41950264278684435,0.631578947368421,0.3241675617615467,0.36,0,0,0,50.804759118226684,25.309892389837394,43.68281157375893
30400,0.06,0,0.41949170219793686,0.631578947368421,0.3216970998925886,0.38,0,0,0,50.794247358036515,25.309892389837394,43.69299114665738
30500,0.06,0,0.4194420644179571,0.631578947368421,0.317422126745435,0.43,0,0,0,50.79710019795836,25.309892389837394,43.69570772693589
30600,0.06,0,0.4194867812203124,0.631578947368421,0.32680988184747584,0.34,0,0,0,50.7946851519457,25.309892389837394,43.69312711727252
30700,0.06,0,0.41953209454019175,0.631578947368421,0.3258216970998926,0.33,0,0,0,50.794140718983506,25.309892389837394,43.68887612892371
30800,0.06,0,0.41967746579989385,0.631578947368421,0.32508055853920514,0.37,0,0,0,50.78310601986936,25.309892389837394,43.68323272450698
30900,0.06,0,0.41963447956375904,0.631578947368421,0.31951664876476904,0.46,0,0,0,50.77730751650729,25.309892389837394,43.69269642634599
31000,0.06,0,0.4196432973518967,0.631578947368421,0.3231793770139635,0.44,0,0,0,50.779771070852775,25.309892389837394,43.689658646048315
31100,0.06,0,0.4196415304168222,0.631578947368421,0.32019334049409237,0.31,0,0,0,50.77671958141135,25.309892389837394,43.692468199788095
31200,0.06,0,0.41962618319428946,0.631578947368421,0.3240386680988185,0.37,0,0,0,50.77597400335059,25.309892389837394,43.69470777841184
31300,0.06,0,0.41972581490444877,0.631578947368421,0.32610096670247046,0.38,0,0,0,50.76906042020274,25.309892389837394,43.69028462649677
31400,0.06,0,0.41968148139291234,0.631578947368421,0.32006444683136415,0.29,0,0,0,50.767663891284045,25.309892389837394,43.69610186707075
31500,0.06,0,0.41985164671256076,0.631578947368421,0.3218796992481203,0.36,0,0,0,50.75930487219481,25.309892389837394,43.68558483209467
31600,0.06,0,0.41984927254583176,0.631578947368421,0.3130719656283566,0.43,0,0,0,50.766534529997614,25.309892389837394,43.679610570111215
31700,0.06,0,0.4199535504601367,0.631578947368421,0.31371643394199783,0.36,0,0,0,50.766782739155374,25.309892389837394,43.668551058707884
31800,0.06,0,0.4198996367515237,0.631578947368421,0.30954887218045113,0.4,0,0,0,50.76984425912579,25.309892389837394,43.671524318234574
31900,0.06,0,0.4200487843369878,0.631578947368421,0.310515574650913,0.47,0,0,0,50.7721491556847,25.309892389837394,43.65403593382596
32000,0.06,0,0.420094789026757,0.631578947368421,0.3101074113856069,0.51,0,0,0,50.77538929875126,25.309892389837394,43.64646996774354
32100,0.06,0,0.4201262604329246,0.631578947368421,0.3144360902255639,0.39,0,0,0,50.77381979836344,25.309892389837394,43.64454951833946
32200,0.06,0,0.42027745443922304,0.631578947368421,0.31577873254564987,0.38,0,0,0,50.760856040104024,25.309892389837394,43.639990798375024
32300,0.06,0,0.4202070241237273,0.631578947368421,0.3168206229860365,0.43,0,0,0,50.76572745304638,25.309892389837394,43.64311689816313
32400,0.06,0,0.42033987329085676,0.631578947368421,0.3145220193340494,0.34,0,0,0,50.761770288125845,25.309892389837394,43.63272456383019
32500,0.06,0,0.4203000374849342,0.631578947368421,0.3172824919441461,0.37,0,0,0,50.763038431526304,25.309892389837394,43.63576992956316
32600,0.06,0,0.42022729131160236,0.631578947368421,0.3099785177228786,0.41,0,0,0,50.761469325409195,25.309892389837394,43.64467285734408
32700,0.06,0,0.4201548409713501,0.631578947368421,0.3086358754027927,0.42,0,0,0,50.75651483880497,25.309892389837394,43.65645983845491
32800,0.06,0,0.4201257085539262,0.631578947368421,0.3112244897959184,0.38,0,0,0,50.76272820975141,25.309892389837394,43.65414313857398
32900,0.06,0,0.42007516483250185,0.631578947368421,0.31559613319011814,0.46,0,0,0,50.779360411370824,25.309892389837394,43.645095495739945
33000,0.06,0,0.4200552382527895,0.631578947368421,0.3143609022556391,0.37,0,0,0,50.77668784763432,25.309892389837394,43.64946324249938
33100,0.06,0,0.4201188803749439,0.631578947368421,0.30953813104189043,0.36,0,0,0,50.772423726138534,25.309892389837394,43.64651630499081
33200,0.06,0,0.4201307270099996,0.631578947368421,0.3120837808807734,0.36,0,0,0,50.768225968693095,25.309892389837394,43.64889438145184
33300,0.06,0,0.42022685753526645,0.631578947368421,0.3101181525241676,0.43,0,0,0,50.760003462880455,25.309892389837394,43.64597829445196
33400,0.06,0,0.42031615030977293,0.631578947368421,0.3105048335123523,0.35,0,0,0,50.765363060303166,25.309892389837394,43.63209907530209
33500,0.06,0,0.4203589068338759,0.631578947368421,0.30809881847475834,0.31,0,0,0,50.7732142192669,25.309892389837394,43.62091483717687
33600,0.06,0,0.4204197022673788,0.631578947368421,0.31018259935553166,0.38,0,0,0,50.75986923758319,25.309892389837394,43.626073430510424
33700,0.06,0,0.4203632621961207,0.631578947368421,0.30843179377013963,0.23,0,0,0,50.760108386457,25.309892389837394,43.631725319535974
33800,0.06,0,0.42040750777476227,0.631578947368421,0.3111063372717508,0.27,0,0,0,50.75563985977727,25.309892389837394,43.63097425329245
33900,0.06,0,0.42026878139472323,0.631578947368421,0.31301825993555316,0.41,0,0,0,50.76187418586751,25.309892389837394,43.64001607434043
34000,0.06,0,0.42035881181280704,0.631578947368421,0.3110955961331901,0.35,0,0,0,50.76067829692766,25.309892389837394,43.63169737719251
34100,0.06,0,0.420239323933601,0.631578947368421,0.3146079484425349,0.42,0,0,0,50.76432846623064,25.309892389837394,43.64096511055917
34200,0.06,0,0.4202021565895856,0.631578947368421,0.31577873254564987,0.33,0,0,0,50.772815108368086,25.309892389837394,43.63752999865162
34300,0.06,0,0.4202567192846865,0.631578947368421,0.31498388829215895,0.28,0,0,0,50.76456325137306,25.309892389837394,43.63895688462712
34400,0.06,0,0.4202591055730108,0.631578947368421,0.3112244897959184,0.41,0,0,0,50.76772321296697,25.309892389837394,43.63599287000895
34500,0.06,0,0.42017804256506125,0.631578947368421,0.31472610096670245,0.4,0,0,0,50.78342718769212,25.309892389837394,43.630915013893485
34600,0.06,0,0.4200946273485588,0.631578947368421,0.313093447905478,0.48,0,0,0,50.78306788594611,25.309892389837394,43.63988725578047
34700,0.06,0,0.420095426021655,0.631578947368421,0.3168206229860365,0.4,0,0,0,50.781689050866625,25.309892389837394,43.64098920603288
34800,0.06,0,0.4199970994488063,0.631578947368421,0.3101611170784103,0.41,0,0,0,50.77786304945682,25.309892389837394,43.65449513064403
34900,0.06,0,0.4202246879543839,0.631578947368421,0.3164339419978518,0.42,0,0,0,50.77464061290697,25.309892389837394,43.63362144741795
35000,0.06,0,0.42027506846696877,0.631578947368421,0.31065520945220193,0.39,0,0,0,50.765346095828605,25.309892389837394,43.63637869045244
35100,0.06,0,0.4201763480465261,0.631578947368421,0.31526315789473686,0.35,0,0,0,50.771376054266106,25.309892389837394,43.64144728169269
35200,0.06,0,0.4201931445769007,0.631578947368421,0.3139205155746509,0.35,0,0,0,50.771648821586716,25.309892389837394,43.63946833514864
35300,0.06,0,0.42017706452547904,0.631578947368421,0.30293233082706766,0.29,0,0,0,50.77504146968573,25.309892389837394,43.638222424245825
35400,0.06,0,0.4200244462197461,0.631578947368421,0.31672395273899034,0.4,0,0,0,50.79149263931961,25.309892389837394,43.63993923550778
35500,0.06,0,0.419905773715813,0.631578947368421,0.3164339419978518,0.47,0,0,0,50.79867492794444,25.309892389837394,43.64610074564008
35600,0.06,0,0.4197759876437994,0.631578947368421,0.3213533834586466,0.29,0,0,0,50.80476246916604,25.309892389837394,43.65436382805253
35700,0.06,0,0.41970696702922067,0.631578947368421,0.31116004296455424,0.37,0,0,0,50.80704584427201,25.309892389837394,43.6595805265579
35800,0.06,0,0.41968763160652933,0.631578947368421,0.31783029001074115,0.38,0,0,0,50.81300832669274,25.309892389837394,43.65646864304944
35900,0.06,0,0.4196992401199267,0.631578947368421,0.31218045112781956,0.36,0,0,0,50.808546599363005,25.309892389837394,43.65909470847621
36000,0.06,0,0.4196516590956562,0.631578947368421,0.3212244897959184,0.4,0,0,0,50.80400741296017,25.309892389837394,43.66794612432465
36100,0.06,0,0.41958184591232345,0.631578947368421,0.3108485499462943,0.35,0,0,0,50.80883589737796,25.309892389837394,43.6710613664621
36200,0.06,0,0.41960542181564425,0.631578947368421,0.31685284640171857,0.26,0,0,0,50.810056030089704,25.309892389837394,43.66755902831217
36300,0.06,0,0.41959875225060805,0.631578947368421,0.3187218045112782,0.36,0,0,0,50.81318158512398,25.309892389837394,43.66556706323446
36400,0.06,0,0.41970809906736595,0.631578947368421,0.3192588614393126,0.37,0,0,0,50.79679396891539,25.309892389837394,43.6682741776296
36500,0.06,0,0.41978732980610645,0.631578947368421,0.31532760472610094,0.43,0,0,0,50.792535508237826,25.309892389837394,43.663692689001245
36600,0.06,0,0.41989656775205975,0.631578947368421,0.3193877551020408,0.35,0,0,0,50.77825349165331,25.309892389837394,43.66461114932498
36700,0.06,0,0.41976197479089933,0.631578947368421,0.31465091299677767,0.28,0,0,0,50.785719518848374,25.309892389837394,43.67219061164349
36800,0.06,0,0.4197433259313644,0.631578947368421,0.31893662728249195,0.34,0,0,0,50.78583038174378,25.309892389837394,43.67403559365215
36900,0.06,0,0.4196492270909825,0.631578947368421,0.3178947368421053,0.44,0,0,0,50.785110290406685,25.309892389837394,43.68444811668529
37000,0.06,0,0.4195892766674584,0.631578947368421,0.3184962406015038,0.33,0,0,0,50.79305830572985,25.309892389837394,43.68385305116368
37100,0.06,0,0.41954960792198787,0.631578947368421,0.3240064446831364,0.37,0,0,0,50.76924093004225,25.309892389837394,43.70847873893777
37200,0.06,0,0.41947591274456836,0.631578947368421,0.32215896885069817,0.37,0,0,0,50.78044435357568,25.309892389837394,43.706512749370305
37300,0.06,0,0.41943324164721485,0.631578947368421,0.32004296455424275,0.33,0,0,0,50.77682458938531,25.309892389837394,43.714075292074476
37400,0.06,0,0.4195088129782425,0.631578947368421,0.32721804511278196,0.39,0,0,0,50.766140544856306,25.309892389837394,43.71539876995353
37500,0.06,0,0.41952013774791913,0.631578947368421,0.32321160042964553,0.35,0,0,0,50.76329588998998,25.309892389837394,43.71666833242575
37600,0.06,0,0.41959137189828233,0.631578947368421,0.31584317937701395,0.38,0,0,0,50.74992017547872,25.309892389837394,43.7207666062857
37700,0.06,0,0.41958351124047105,0.631578947368421,0.3198496240601504,0.33,0,0,0,50.74140209537035,25.309892389837394,43.728925336713
37800,0.06,0,0.4194943030642897,0.631578947368421,0.321374865735768,0.36,0,0,0,50.73500696447006,25.309892389837394,43.74373776424334
37900,0.06,0,0.4194728717582186,0.631578947368421,0.32805585392051556,0.44,0,0,0,50.73238833269984,25.309892389837394,43.7482306943545
38000,0.06,0,0.41949263437805245,0.631578947368421,0.3310418904403867,0.51,0,0,0,50.732317321223164,25.309892389837394,43.746230914409374
38100,0.06,0,0.41945045809624476,0.631578947368421,0.33100966702470463,0.44,0,0,0,50.731703590981446,25.309892389837394,43.75115893028772
38200,0.06,0,0.419515768968177,0.631578947368421,0.3228249194414608,0.3,0,0,0,50.73465073183319,25.309892389837394,43.74180660237396
38300,0.06,0,0.41945005897832033,0.631578947368421,0.32894736842105265,0.45,0,0,0,50.73684445264163,25.309892389837394,43.746767512629326
38400,0.06,0,0.41940678555117133,0.631578947368421,0.3262406015037594,0.38,0,0,0,50.74219761041986,25.309892389837394,43.74666556750111
38500,0.06,0,0.4194133043776527,0.631578947368421,0.3263050483351235,0.33,0,0,0,50.74116123629491,25.309892389837394,43.746879124627945
38600,0.06,0,0.4193885763169043,0.631578947368421,0.32151450053705694,0.39,0,0,0,50.73887999441606,25.309892389837394,43.751425530056665
38700,0.06,0,0.41943378636519185,0.631578947368421,0.32508055853920514,0.43,0,0,0,50.7364236343924,25.309892389837394,43.74882759802711
38800,0.06,0,0.4193906552741019,0.631578947368421,0.3226852846401719,0.43,0,0,0,50.74341889984506,25.309892389837394,43.747295185214256
38900,0.06,0,0.4194203719379598,0.631578947368421,0.3206015037593985,0.34,0,0,0,50.73739160732108,25.309892389837394,43.74939215666783
39000,0.06,0,0.41941310109862623,0.631578947368421,0.3249516648764769,0.3,0,0,0,50.74125882006146,25.309892389837394,43.74681619517716
39100,0.06,0,0.4194948500338254,0.631578947368421,0.3245327604726101,0.41,0,0,0,50.73772375365999,25.309892389837394,43.741338439856094
39200,0.06,0,0.4195228683031317,0.631578947368421,0.3210096670247046,0.39,0,0,0,50.73946603025777,25.309892389837394,43.73691525258451
39300,0.06,0,0.41956817991836803,0.631578947368421,0.3262620837808808,0.38,0,0,0,50.73824883307611,25.309892389837394,43.73324097169973
39400,0.06,0,0.41959686324951206,0.631578947368421,0.3207303974221267,0.33,0,0,0,50.73921871317643,25.309892389837394,43.729415496002645
39500,0.06,0,0.41962799369926934,0.631578947368421,0.3206981740064447,0.28,0,0,0,50.737499292858125,25.309892389837394,43.72765320972571
39600,0.06,0,0.41963312922569335,0.631578947368421,0.316906552094522,0.47,0,0,0,50.736867132212645,25.309892389837394,43.72766288688524
39700,0.06,0,0.4195269192423546,0.631578947368421,0.3258968850698174,0.4,0,0,0,50.75179001138825,25.309892389837394,43.72587246320499
39800,0.06,0,0.41948906472397374,0.631578947368421,0.31945220193340496,0.29,0,0,0,50.75770736533481,25.309892389837394,43.7247202279056
39900,0.06,0,0.41950477152820387,0.631578947368421,0.3185392051557465,0.36,0,0,0,50.747845053699166,25.309892389837394,43.73158024031673
40000,0.06,0,0.41945826857838164,0.631578947368421,0.32004296455424275,0.31,0,0,0,50.75104950262685,25.309892389837394,43.733666969673344
40100,0.06,0,0.41941584543094645,0.631578947368421,0.31995703544575727,0.36,0,0,0,50.7549019846987,25.309892389837394,43.73477066977783
40200,0.06,0,0.41941634853146825,0.631578947368421,0.3262513426423201,0.33,0,0,0,50.74787818898559,25.309892389837394,43.74077134319567
40300,0.06,0,0.41947848462276316,0.631578947368421,0.3176047261009667,0.42,0,0,0,50.73812891969632,25.309892389837394,43.74269564440921
40400,0.06,0,0.41946696182876725,0.631578947368421,0.3245542427497315,0.33,0,0,0,50.73657790542685,25.309892389837394,43.74523450849471
40500,0.06,0,0.41948719575877674,0.631578947368421,0.3233190118152524,0.32,0,0,0,50.737749631467565,25.309892389837394,43.74211426698617
40600,0.06,0,0.41949288766375387,0.631578947368421,0.3227282491944146,0.25,0,0,0,50.739475232191545,25.309892389837394,43.74003314344195
40700,0.06,0,0.41962908910146,0.631578947368421,0.31373791621911923,0.34,0,0,0,50.720832361285915,25.309892389837394,43.741907989094294
40800,0.06,0,0.41955092046605136,0.631578947368421,0.3176906552094522,0.4,0,0,0,50.733145914442154,25.309892389837394,43.73943909076181
40900,0.06,0,0.4195594657715446,0.631578947368421,0.3140601503759399,0.46,0,0,0,50.73788186277991,25.309892389837394,43.73446561496721
41000,0.06,0,0.4195240892045379,0.631578947368421,0.31755102040816324,0.36,0,0,0,50.74209075828989,25.309892389837394,43.734525603310814
41100,0.06,0,0.4195623469977599,0.631578947368421,0.32103114930182597,0.46,0,0,0,50.736308450308336,25.309892389837394,43.73552154587948
41200,0.06,0,0.41958777510446843,0.631578947368421,0.31817400644468313,0.34,0,0,0,50.733974562547104,25.309892389837394,43.73488287967495
41300,0.06,0,0.41965710262615485,0.631578947368421,0.32150375939849624,0.46,0,0,0,50.730605577047044,25.309892389837394,43.73056178391813
41400,0.06,0,0.4196843600775365,0.631578947368421,0.3199785177228786,0.34,0,0,0,50.731000238243226,25.309892389837394,43.727381413834635
41500,0.06,0,0.41974828635874983,0.631578947368421,0.32149301825993554,0.36,0,0,0,50.72422617880871,25.309892389837394,43.72656064135924
41600,0.06,0,0.4197477485070869,0.631578947368421,0.32277121374865736,0.35,0,0,0,50.724723083128985,25.309892389837394,43.72618832101986
41700,0.06,0,0.4197432707857316,0.631578947368421,0.3246509129967777,0.44,0,0,0,50.72439935130837,25.309892389837394,43.72693385260837
41800,0.06,0,0.4197368954018121,0.631578947368421,0.3207303974221267,0.43,0,0,0,50.7238103492739,25.309892389837394,43.72810578343927
41900,0.06,0,0.4198059165081243,0.631578947368421,0.32029001074113855,0.38,0,0,0,50.72154698872393,25.309892389837394,43.722867330235395
42000,0.06,0,0.41993014430902326,0.631578947368421,0.3129752953813104,0.36,0,0,0,50.71811373760978,25.309892389837394,43.7128916560393
42100,0.06,0,0.4199189097016758,0.631578947368421,0.315531686358754,0.43,0,0,0,50.718100720483,25.309892389837394,43.71407238031825
42200,0.06,0,0.41995611591870774,0.631578947368421,0.31931256713211603,0.33,0,0,0,50.70880985980609,25.309892389837394,43.718208087062
42300,0.06,0,0.4198758463225288,0.631578947368421,0.31704618689581093,0.45,0,0,0,50.71995630179361,25.309892389837394,43.71695635435052
42400,0.06,0,0.4199623534498859,0.631578947368421,0.3137486573576799,0.44,0,0,0,50.72029842253072,25.309892389837394,43.70765637330357
42500,0.06,0,0.41999924164327895,0.631578947368421,0.3136627282491944,0.36,0,0,0,50.721297336606625,25.309892389837394,43.70295685462142
42600,0.06,0,0.4199217019179564,0.631578947368421,0.31684210526315787,0.36,0,0,0,50.714022818240174,25.309892389837394,43.7172967236767
42700,0.06,0,0.41988657859848294,0.631578947368421,0.3197207303974221,0.27,0,0,0,50.70838961350106,25.309892389837394,43.72581062460797
42800,0.06,0,0.4200009539736708,0.631578947368421,0.3156605800214823,0.43,0,0,0,50.70731866612235,25.309892389837394,43.71482638260693
42900,0.06,0,0.42009200878120795,0.631578947368421,0.3088721804511278,0.4,0,0,0,50.70797942899921,25.309892389837394,43.70478169467815
43000,0.06,0,0.4201096501974592,0.631578947368421,0.31733619763694954,0.34,0,0,0,50.69630633978526,25.309892389837394,43.71300925719269
43100,0.06,0,0.4201052432417006,0.631578947368421,0.3180128893662728,0.37,0,0,0,50.68811831123629,25.309892389837394,43.7205291734519
43200,0.06,0,0.4201525589730236,0.631578947368421,0.3185499462943072,0.34,0,0,0,50.685507504686605,25.309892389837394,43.717857347393874
43300,0.06,0,0.4200970337068544,0.631578947368421,0.31343716433942,0.42,0,0,0,50.68761738046813,25.309892389837394,43.72181564542328
43400,0.06,0,0.420137642015573,0.631578947368421,0.31390977443609025,0.5,0,0,0,50.67547683883153,25.309892389837394,43.72806333396193
43500,0.06,0,0.42017953986341555,0.631578947368421,0.3084103114930183,0.43,0,0,0,50.6696168931688,25.309892389837394,43.72875967718029
43600,0.06,0,0.4202327739704528,0.631578947368421,0.31118152524167564,0.31,0,0,0,50.660563726328526,25.309892389837394,43.73103366652308
43700,0.06,0,0.42032975939440675,0.631578947368421,0.3113533834586466,0.43,0,0,0,50.65447785274254,25.309892389837394,43.72619616546933
43800,0.06,0,0.4203031202501244,0.631578947368421,0.3116970998925886,0.33,0,0,0,50.665715211951884,25.309892389837394,43.71926873721041
43900,0.06,0,0.42040580264134264,0.631578947368421,0.31380236305048337,0.43,0,0,0,50.664913386332074,25.309892389837394,43.70928221980409
44000,0.06,0,0.42045276322984454,0.631578947368421,0.3092373791621912,0.33,0,0,0,50.66337186333766,25.309892389837394,43.70573009120274
44100,0.06,0,0.4204988827603089,0.631578947368421,0.3132008592910849,0.43,0,0,0,50.66273923155422,25.309892389837394,43.701482227431846
44200,0.06,0,0.42044382947845904,0.631578947368421,0.3101503759398496,0.32,0,0,0,50.67015998569574,25.309892389837394,43.70080352333366
44300,0.06,0,0.4205112103586841,0.631578947368421,0.3091192266380236,0.36,0,0,0,50.66985536233094,25.309892389837394,43.69406378124305
44400,0.06,0,0.4205010958794107,0.631578947368421,0.3063050483351235,0.3,0,0,0,50.67569073140257,25.309892389837394,43.69008322481867
44500,0.06,0,0.42056279538222835,0.631578947368421,0.3097422126745435,0.41,0,0,0,50.6642555181879,25.309892389837394,43.69353323992497
44600,0.06,0,0.42050266597329367,0.631578947368421,0.3059828141783029,0.29,0,0,0,50.66376024682686,25.309892389837394,43.700208352201976
44700,0.06,0,0.42057316961807156,0.631578947368421,0.302610096670247,0.28,0,0,0,50.656655172241436,25.309892389837394,43.699010917933265
44800,0.06,0,0.4205417777090299,0.631578947368421,0.30849624060150377,0.28,0,0,0,50.6533828569595,25.309892389837394,43.705096148558376
44900,0.06,0,0.4204752178837448,0.631578947368421,0.3089151450053706,0.33,0,0,0,50.66739037669644,25.309892389837394,43.699929884838575
45000,0.06,0,0.4204031655471701,0.631578947368421,0.2999140708915145,0.38,0,0,0,50.66932917977502,25.309892389837394,43.70574714371995
45100,0.06,0,0.42037677580976174,0.631578947368421,0.30625134264232007,0.43,0,0,0,50.668328044252654,25.309892389837394,43.7093544516923
45200,0.06,0,0.4204142302049506,0.631578947368421,0.3098388829215897,0.33,0,0,0,50.67128864524763,25.309892389837394,43.70290681290832
45300,0.06,0,0.4204505066390183,0.631578947368421,0.3046079484425349,0.34,0,0,0,50.66815287173347,25.309892389837394,43.70184060167411
45400,0.06,0,0.42038663362765616,0.631578947368421,0.3052201933404941,0.36,0,0,0,50.67097664706109,25.309892389837394,43.70604483218367
45500,0.06,0,0.4203547758658134,0.631578947368421,0.3128356605800215,0.35,0,0,0,50.67385529396386,25.309892389837394,43.70687420468105
45600,0.06,0,0.42036055906214925,0.631578947368421,0.3060794844253491,0.37,0,0,0,50.67188959052511,25.309892389837394,43.70796838622958
45700,0.06,0,0.42032794902969806,0.631578947368421,0.3096348012889366,0.36,0,0,0,50.673456645686535,25.309892389837394,43.71000759812517
45800,0.06,0,0.42040537251040955,0.631578947368421,0.3060794844253491,0.43,0,0,0,50.66223532282992,25.309892389837394,43.7116374650871
45900,0.06,0,0.4204058774515136,0.631578947368421,0.30541353383458647,0.36,0,0,0,50.663533506323,25.309892389837394,43.710464914556646
46000,0.06,0,0.42047810004791547,0.631578947368421,0.2998174006444683,0.42,0,0,0,50.66054494593914,25.309892389837394,43.70553519150639
46100,0.06,0,0.4205066125237823,0.631578947368421,0.3052201933404941,0.43,0,0,0,50.660614074649914,25.309892389837394,43.70251210094815
46200,0.06,0,0.420427008409678,0.631578947368421,0.3075080558539205,0.32,0,0,0,50.66482391536865,25.309892389837394,43.707154766876435
46300,0.06,0,0.4203877479347351,0.631578947368421,0.30799140708915146,0.49,0,0,0,50.66973424853262,25.309892389837394,43.70700063133466
46400,0.06,0,0.42037867609307916,0.631578947368421,0.31279269602577875,0.41,0,0,0,50.66244574283625,25.309892389837394,43.71423183840766
46500,0.06,0,0.42051212295849805,0.631578947368421,0.3113426423200859,0.37,0,0,0,50.66006255114098,25.309892389837394,43.70241519082361
46600,0.06,0,0.42036618296591105,0.631578947368421,0.31312567132116004,0.38,0,0,0,50.66589260930349,25.309892389837394,43.712556984835125
46700,0.06,0,0.4204013646970908,0.631578947368421,0.30919441460794844,0.35,0,0,0,50.66206236728183,25.309892389837394,43.712203410212766
46800,0.06,0,0.42040539865102655,0.631578947368421,0.3110955961331901,0.39,0,0,0,50.66683637972817,25.309892389837394,43.707665292283394
46900,0.06,0,0.42041415708654434,0.631578947368421,0.3085499462943072,0.36,0,0,0,50.67126445284111,25.309892389837394,43.70293527916413
47000,0.06,0,0.420341787437235,0.631578947368421,0.31176154672395273,0.39,0,0,0,50.67296823406061,25.309892389837394,43.70898987130144
47100,0.06,0,0.4203067898182515,0.631578947368421,0.31412459720730396,0.33,0,0,0,50.68398223860713,25.309892389837394,43.703130302884524
47200,0.06,0,0.4203035097227664,0.631578947368421,0.3084425349087003,0.41,0,0,0,50.68864903520862,25.309892389837394,43.699447680907355
47300,0.06,0,0.4203301092432494,0.631578947368421,0.3123845327604726,0.36,0,0,0,50.69160218687368,25.309892389837394,43.69413662555472
47400,0.06,0,0.420407786872058,0.631578947368421,0.308796992481203,0.43,0,0,0,50.68491455553017,25.309892389837394,43.691827542627685
47500,0.06,0,0.42039807436840193,0.631578947368421,0.30895810955961334,0.41,0,0,0,50.6813598065147,25.309892389837394,43.69590153955223
47600,0.06,0,0.4203898249673123,0.631578947368421,0.31030075187969924,0.43,0,0,0,50.67848949504631,25.309892389837394,43.69923387627784
47700,0.06,0,0.42035473185202477,0.631578947368421,0.3101503759398496,0.32,0,0,0,50.68245387859328,25.309892389837394,43.69946364491295
47800,0.06,0,0.4203949811968601,0.631578947368421,0.31079484425349085,0.36,0,0,0,50.67777105180197,25.309892389837394,43.69931739938899
47900,0.06,0,0.4204489931388319,0.631578947368421,0.3104833512352309,0.35,0,0,0,50.690467701833946,25.309892389837394,43.68275953270161
48000,0.06,0,0.4203720525546842,0.631578947368421,0.30745435016111705,0.45,0,0,0,50.68735158153958,25.309892389837394,43.69344076505754
48100,0.06,0,0.42043103063372056,0.631578947368421,0.3063157894736842,0.32,0,0,0,50.6907590511757,25.309892389837394,43.68437475492376
48200,0.06,0,0.420434768968367,0.631578947368421,0.30934479054779807,0.26,0,0,0,50.68896128078724,25.309892389837394,43.68553565827903
48300,0.06,0,0.42041665991033783,0.631578947368421,0.3100107411385607,0.36,0,0,0,50.696150219011194,25.309892389837394,43.68122230332317
48400,0.06,0,0.42049382877338104,0.631578947368421,0.3077013963480129,0.3,0,0,0,50.69027767364479,25.309892389837394,43.67826554947447
48500,0.06,0,0.4205342013520079,0.631578947368421,0.31032223415682064,0.34,0,0,0,50.68653840300487,25.309892389837394,43.677294245210426
48600,0.06,0,0.4205348789353111,0.631578947368421,0.3089795918367347,0.47,0,0,0,50.702232565215226,25.309892389837394,43.663704200855676
48700,0.06,0,0.4205013846781994,0.631578947368421,0.3046079484425349,0.33,0,0,0,50.70230206565464,25.309892389837394,43.66712229513676
48800,0.06,0,0.42048640183224206,0.631578947368421,0.30517722878625136,0.41,0,0,0,50.708118515008785,25.309892389837394,43.66366925589195
48900,0.06,0,0.4204415091662008,0.631578947368421,0.30562835660580023,0.3,0,0,0,50.703317353808124,25.309892389837394,43.6724664561529
49000,0.06,0,0.42049873528796516,0.631578947368421,0.3092910848549946,0.37,0,0,0,50.69966860947323,25.309892389837394,43.66966560779239
49100,0.06,0,0.4205205227902,0.631578947368421,0.30474758324382384,0.53,0,0,0,50.69496940457773,25.309892389837394,43.67145082755861
49200,0.06,0,0.42040942304450446,0.631578947368421,0.3102685284640172,0.38,0,0,0,50.70252847014006,25.309892389837394,43.67647914246114
49300,0.06,0,0.4203589994311925,0.631578947368421,0.3135875402792696,0.38,0,0,0,50.69905847272386,25.309892389837394,43.6847080066812
49400,0.06,0,0.42034769396482574,0.631578947368421,0.30961331901181527,0.38,0,0,0,50.70561288551809,25.309892389837394,43.680235915179296
49500,0.06,0,0.4203635932047703,0.631578947368421,0.3089795918367347,0.26,0,0,0,50.701702240056235,25.309892389837394,43.68195276464253
49600,0.06,0,0.4203433889660355,0.631578947368421,0.30970998925886145,0.28,0,0,0,50.69540326303899,25.309892389837394,43.689480189328556
49700,0.06,0,0.4203547484101267,0.631578947368421,0.3049516648764769,0.39,0,0,0,50.69722531646251,25.309892389837394,43.68672939465239
49800,0.06,0,0.42029956157868886,0.631578947368421,0.3102685284640172,0.38,0,0,0,50.703074452140186,25.309892389837394,43.68742523019948
49900,0.06,0,0.4203669068330498,0.631578947368421,0.31351235230934477,0.31,0,0,0,50.6880295137621,25.309892389837394,43.69339122800436
50000,0.06,0,0.4203952788821798,0.631578947368421,0.31164339419978515,0.39,0,0,0,50.697792031927115,25.309892389837394,43.682029243535055
50100,0.06,0,0.42047630114889095,0.631578947368421,0.30317937701396347,0.4,0,0,0,50.689619399957394,25.309892389837394,43.680653530593744
50200,0.06,0,0.4203943490287484,0.631578947368421,0.3050912996777658,0.35,0,0,0,50.69664183228879,25.309892389837394,43.68311691716543
50300,0.06,0,0.42032904829476125,0.631578947368421,0.3083673469387755,0.4,0,0,0,50.692666418526606,25.309892389837394,43.69332960526259
50400,0.06,0,0.42034489487242604,0.631578947368421,0.31190118152524166,0.38,0,0,0,50.69091793722419,25.309892389837394,43.693189467644956
50500,0.06,0,0.4203284632471007,0.631578947368421,0.30885069817400645,0.39,0,0,0,50.70425070492145,25.309892389837394,43.68340789034969
50600,0.06,0,0.4202974400272808,0.631578947368421,0.30725026852846404,0.37,0,0,0,50.71441538491223,25.309892389837394,43.67787617060954
50700,0.06,0,0.4202306453583261,0.631578947368421,0.3058216970998926,0.36,0,0,0,50.718633976481655,25.309892389837394,43.68118512152179
50800,0.06,0,0.4203564439733988,0.631578947368421,0.3112459720730397,0.34,0,0,0,50.71211042656744,25.309892389837394,43.67373022258382
50900,0.06,0,0.4203140981204588,0.631578947368421,0.3072932330827068,0.5,0,0,0,50.71099676723847,25.309892389837394,43.67908947978615
51000,0.06,0,0.4204032826029671,0.631578947368421,0.3115145005370569,0.26,0,0,0,50.70244024047509,25.309892389837394,43.67719308893076
51100,0.06,0,0.4204954296557391,0.631578947368421,0.3123523093447905,0.36,0,0,0,50.70418495636497,25.309892389837394,43.666119111781654
51200,0.06,0,0.42036554748473626,0.631578947368421,0.3122126745435016,0.36,0,0,0,50.704741069248435,25.309892389837394,43.679131758897796
51300,0.06,0,0.4202882952023411,0.631578947368421,0.3134801288936627,0.27,0,0,0,50.71487945587971,25.309892389837394,43.67842684686866
51400,0.06,0,0.42018887704515745,0.631578947368421,0.31140708915145004,0.32,0,0,0,50.71893266468483,25.309892389837394,43.68526992342251
51500,0.06,0,0.42018980636721803,0.631578947368421,0.31719656283566056,0.31,0,0,0,50.722944401090835,25.309892389837394,43.68171819499008
51600,0.06,0,0.4201170845934193,0.631578947368421,0.3121374865735768,0.39,0,0,0,50.72483018077416,25.309892389837394,43.68765522767609
51700,0.06,0,0.42007227663370134,0.631578947368421,0.31500537056928035,0.37,0,0,0,50.72225826305841,25.309892389837394,43.6945307283905
51800,0.06,0,0.4201750046505304,0.631578947368421,0.31254564983888294,0.33,0,0,0,50.71589323135937,25.309892389837394,43.68933039592294
51900,0.06,0,0.42014286184553623,0.631578947368421,0.31191192266380235,0.28,0,0,0,50.713172221551275,25.309892389837394,43.69501715045118
52000,0.06,0,0.4201739391284891,0.631578947368421,0.3134586466165414,0.3,0,0,0,50.712050952688,25.309892389837394,43.69275138754853
52100,0.06,0,0.4201608606347128,0.631578947368421,0.31441460794844256,0.41,0,0,0,50.70507548336763,25.309892389837394,43.70012240192778
52200,0.06,0,0.420268663960902,0.631578947368421,0.3144468313641246,0.46,0,0,0,50.701082174432905,25.309892389837394,43.69235387936673
52300,0.06,0,0.42027003210137054,0.631578947368421,0.3127175080558539,0.36,0,0,0,50.70086466161609,25.309892389837394,43.69239908881455
52400,0.06,0,0.42012097525274805,0.631578947368421,0.3097529538131042,0.41,0,0,0,50.69930950079332,25.309892389837394,43.709241641328305
52500,0.06,0,0.42005522370847415,0.631578947368421,0.3173684210526316,0.39,0,0,0,50.69275557139189,25.309892389837394,43.72173541446729
52600,0.06,0,0.42008817502089846,0.631578947368421,0.31199785177228784,0.37,0,0,0,50.69305351626941,25.309892389837394,43.718048972305006
52700,0.06,0,0.420192833617174,0.631578947368421,0.31030075187969924,0.53,0,0,0,50.69214143936383,25.309892389837394,43.707946396234675
52800,0.06,0,0.42015803369323285,0.631578947368421,0.30474758324382384,0.43,0,0,0,50.691928726599784,25.309892389837394,43.71174996358901
52900,0.06,0,0.4202541594612267,0.631578947368421,0.3060580021482277,0.36,0,0,0,50.68147416501311,25.309892389837394,43.710766453667325
53000,0.06,0,0.42027833056396585,0.631578947368421,0.3092910848549946,0.26,0,0,0,50.68751040312196,25.309892389837394,43.70304745708109
53100,0.06,0,0.420218612110812,0.631578947368421,0.30882921589688506,0.35,0,0,0,50.689687196009345,25.309892389837394,43.70738119172589
53200,0.06,0,0.42008386918754836,0.631578947368421,0.313093447905478,0.4,0,0,0,50.703010694825764,25.309892389837394,43.7099115365081
53300,0.06,0,0.41994795834688403,0.631578947368421,0.31586466165413535,0.28,0,0,0,50.71914492507719,25.309892389837394,43.710148667912264
53400,0.06,0,0.41990829378952876,0.631578947368421,0.31883995703544576,0.45,0,0,0,50.71841710278698,25.309892389837394,43.71490484172081
53500,0.06,0,0.41993785401828165,0.631578947368421,0.31602577873254567,0.41,0,0,0,50.71435837080138,25.309892389837394,43.71532597686451
53600,0.06,0,0.41996808986938544,0.631578947368421,0.30918367346938774,0.27,0,0,0,50.715575844026205,25.309892389837394,43.7111293157594
53700,0.06,0,0.4198869881905557,0.631578947368421,0.32018259935553167,0.43,0,0,0,50.71405218652589,25.309892389837394,43.720885687892725
53800,0.06,0,0.419879686237242,0.631578947368421,0.31601503759398497,0.31,0,0,0,50.708809985675686,25.309892389837394,43.72616589796661
53900,0.06,0,0.41986768349101194,0.631578947368421,0.31365198711063375,0.42,0,0,0,50.69569088646182,25.309892389837394,43.73873173632115
54000,0.06,0,0.4198631280294256,0.631578947368421,0.31116004296455424,0.41,0,0,0,50.6863127677512,25.309892389837394,43.74729904227966
54100,0.06,0,0.41993396872686506,0.631578947368421,0.312062298603652,0.35,0,0,0,50.680506795287855,25.309892389837394,43.74492995514768
54200,0.06,0,0.42002247681586286,0.631578947368421,0.31819548872180453,0.39,0,0,0,50.66800123733398,25.309892389837394,43.74650649811549
54300,0.06,0,0.42004329424467873,0.631578947368421,0.31583243823845325,0.35,0,0,0,50.65080867124981,25.309892389837394,43.75918669337486
54400,0.06,0,0.4200721367338637,0.631578947368421,0.31790547798066593,0.43,0,0,0,50.64179131838357,25.309892389837394,43.76397344361845
54500,0.06,0,0.4200550494120207,0.631578947368421,0.3115359828141783,0.43,0,0,0,50.63919187094777,25.309892389837394,43.76800032329681
54600,0.06,0,0.4200371011854374,0.631578947368421,0.31515574650913,0.35,0,0,0,50.646835710189855,25.309892389837394,43.763264596299926
54700,0.06,0,0.4199797473959801,0.631578947368421,0.3163050483351235,0.48,0,0,0,50.6510284174138,25.309892389837394,43.7656179909361
54800,0.06,0,0.419947268300344,0.631578947368421,0.31251342642320085,0.42,0,0,0,50.65216678361789,25.309892389837394,43.76801919009912
54900,0.06,0,0.41993292170292673,0.631578947368421,0.3182169709989259,0.32,0,0,0,50.64376089379233,25.309892389837394,43.77677937884792
55000,0.06,0,0.4200826287988526,0.631578947368421,0.3209344790547798,0.34,0,0,0,50.63764336329912,25.309892389837394,43.76646519875776
55100,0.06,0,0.42020008738582826,0.631578947368421,0.31215896885069816,0.39,0,0,0,50.63074675531891,25.309892389837394,43.760191084297155
55200,0.06,0,0.42025110544731786,0.631578947368421,0.3112567132116004,0.37,0,0,0,50.630556666012446,25.309892389837394,43.75504291611274
55300,0.06,0,0.42022947426013724,0.631578947368421,0.3127175080558539,0.37,0,0,0,50.62725990476106,25.309892389837394,43.76014459473854
55400,0.06,0,0.42031334303373225,0.631578947368421,0.30711063372717506,0.33,0,0,0,50.625011713409336,25.309892389837394,43.75335569654339
55500,0.06,0,0.4203894897113484,0.631578947368421,0.31423200859291084,0.47,0,0,0,50.62555907581702,25.309892389837394,43.74495751744276
55600,0.06,0,0.42042147089202675,0.631578947368421,0.3139205155746509,0.33,0,0,0,50.625285606187084,25.309892389837394,43.74186615295376
55700,0.06,0,0.4203804775402318,0.631578947368421,0.3127389903329753,0.4,0,0,0,50.634796912256306,25.309892389837394,43.737914305550355
55800,0.06,0,0.42041926047359024,0.631578947368421,0.3113533834586466,0.43,0,0,0,50.6345031439844,25.309892389837394,43.73413329293794
55900,0.06,0,0.42034914021408654,0.631578947368421,0.31575725026852847,0.43,0,0,0,50.63532191450846,25.309892389837394,43.74072147637963
56000,0.06,0,0.4203640928681667,0.631578947368421,0.31252416756176155,0.37,0,0,0,50.631031542347124,25.309892389837394,43.74287195660719
56100,0.06,0,0.42035732590585617,0.631578947368421,0.3061654135338346,0.3,0,0,0,50.621099419113065,25.309892389837394,43.75215885193312
56200,0.06,0,0.42030494048648265,0.631578947368421,0.3111063372717508,0.34,0,0,0,50.631164536463984,25.309892389837394,43.74891327275961
56300,0.06,0,0.42042022090391384,0.631578947368421,0.31071965628356607,0.32,0,0,0,50.62436825539378,25.309892389837394,43.74278884286897
56400,0.06,0,0.42039899759574695,0.631578947368421,0.31133190118152526,0.37,0,0,0,50.63313041407908,25.309892389837394,43.73742698763782
56500,0.06,0,0.42046181476977806,0.631578947368421,0.3162513426423201,0.36,0,0,0,50.637228753989696,25.309892389837394,43.72735322399714
56600,0.06,0,0.4204364801727795,0.631578947368421,0.31091299677765843,0.29,0,0,0,50.6499799466528,25.309892389837394,43.718979063647865
56700,0.06,0,0.42061007405003165,0.631578947368421,0.3176476906552094,0.34,0,0,0,50.638243063468565,25.309892389837394,43.71106435978985
56800,0.06,0,0.4206949389701509,0.631578947368421,0.3133297529538131,0.45,0,0,0,50.63857634414714,25.309892389837394,43.701959092235455
56900,0.06,0,0.42074671737610303,0.631578947368421,0.30442534908700325,0.29,0,0,0,50.63658215841756,25.309892389837394,43.69830186500402
57000,0.06,0,0.42075396350084554,0.631578947368421,0.3019978517722879,0.38,0,0,0,50.63524086116628,25.309892389837394,43.698706825187315
57100,0.06,0,0.42069535745879705,0.631578947368421,0.3043609022556391,0.33,0,0,0,50.63361106270015,25.309892389837394,43.706201158429295
57200,0.06,0,0.42059089394022375,0.631578947368421,0.3075295381310419,0.39,0,0,0,50.6461002465427,25.309892389837394,43.70627610730672
57300,0.06,0,0.42060432042981677,0.631578947368421,0.3032223415682062,0.4,0,0,0,50.63939118933958,25.309892389837394,43.71067124513948
57400,0.06,0,0.42057498692190276,0.631578947368421,0.3041138560687433,0.31,0,0,0,50.638043035087925,25.309892389837394,43.71488370402315
57500,0.06,0,0.42058803866138705,0.631578947368421,0.3027282491944146,0.35,0,0,0,50.63641011321765,25.309892389837394,43.714936811290706
57600,0.06,0,0.420629200174391,0.631578947368421,0.31044038668098817,0.37,0,0,0,50.634004135971225,25.309892389837394,43.71273599905919
57700,0.06,0,0.4205884004346864,0.631578947368421,0.3081740064446831,0.39,0,0,0,50.63882251694973,25.309892389837394,43.712816657356086
57800,0.06,0,0.42050056011180115,0.631578947368421,0.30603651987110636,0.44,0,0,0,50.63746462018664,25.309892389837394,43.723120481397004
57900,0.06,0,0.42042084502869553,0.631578947368421,0.3080343716433942,0.3,0,0,0,50.64167064847719,25.309892389837394,43.72777862849721
58000,0.06,0,0.42044174140847307,0.631578947368421,0.30934479054779807,0.32,0,0,0,50.6367372616342,25.309892389837394,43.72986536946756
58100,0.06,0,0.42059461970938355,0.631578947368421,0.30995703544575726,0.26,0,0,0,50.62278334481541,25.309892389837394,43.72601991600048
58200,0.06,0,0.42052985372024926,0.631578947368421,0.30448979591836733,0.23,0,0,0,50.62757381723665,25.309892389837394,43.728616107563994
58300,0.06,0,0.4205109853758348,0.631578947368421,0.303093447905478,0.27,0,0,0,50.62404333536379,25.309892389837394,43.73362794919809
58400,0.06,0,0.4205128356792674,0.631578947368421,0.30654135338345867,0.29,0,0,0,50.62116241386281,25.309892389837394,43.73592444763424
58500,0.06,0,0.42042028675557047,0.631578947368421,0.30541353383458647,0.35,0,0,0,50.631489713126875,25.309892389837394,43.736629449187866
58600,0.06,0,0.4204293908387965,0.631578947368421,0.3064232008592911,0.45,0,0,0,50.62557637875126,25.309892389837394,43.74079092368032
58700,0.06,0,0.4203629163456356,0.631578947368421,0.3090655209452202,0.29,0,0,0,50.63135886205351,25.309892389837394,43.74271159721462
58800,0.06,0,0.42047856359987695,0.631578947368421,0.30713211600429646,0.36,0,0,0,50.62434750935399,25.309892389837394,43.73673731963451
58900,0.06,0,0.4204918234986433,0.631578947368421,0.31190118152524166,0.39,0,0,0,50.6359314137123,25.309892389837394,43.72535284317016
59000,0.06,0,0.4205165939037603,0.631578947368421,0.3054350161117078,0.34,0,0,0,50.63147449571572,25.309892389837394,43.72662598290999
59100,0.06,0,0.4204534179892972,0.631578947368421,0.30311493018259933,0.36,0,0,0,50.62955694675428,25.309892389837394,43.7348525539519
59200,0.06,0,0.4204087108437321,0.631578947368421,0.3059505907626208,0.31,0,0,0,50.62254738575844,25.309892389837394,43.74555989541591
59300,0.06,0,0.4204025136994965,0.631578947368421,0.3003544575725027,0.22,0,0,0,50.62096048479347,25.309892389837394,43.74757613411087
59400,0.06,0,0.4202695852732947,0.631578947368421,0.30846401718582167,0.49,0,0,0,50.62883370897303,25.309892389837394,43.75460791590385
59500,0.06,0,0.4202914616740904,0.631578947368421,0.3094092373791622,0.41,0,0,0,50.62447835758662,25.309892389837394,43.75609458778871
59600,0.06,0,0.4202628183274527,0.631578947368421,0.31805585392051555,0.5,0,0,0,50.63482020374687,25.309892389837394,43.75013930075089
59700,0.06,0,0.4203282954755286,0.631578947368421,0.3061761546723953,0.28,0,0,0,50.63303582991585,25.309892389837394,43.74486564139735
59800,0.06,0,0.42023811363277064,0.631578947368421,0.3095166487647691,0.38,0,0,0,50.64291153528262,25.309892389837394,43.74572078771637
59900,0.06,0,0.4202272803329135,0.631578947368421,0.3144253490870032,0.33,0,0,0,50.648804548030824,25.309892389837394,43.74175856895213
60000,0.06,0,0.42026416533489763,0.631578947368421,0.3157250268528464,0.32,0,0,0,50.6517593585812,25.309892389837394,43.73536803342719
60100,0.06,0,0.42024904386050155,0.631578947368421,0.3172932330827068,0.39,0,0,0,50.64644423331125,25.309892389837394,43.74153172993449
60200,0.06,0,0.4203199505279254,0.631578947368421,0.3123093447905478,0.28,0,0,0,50.640516256605835,25.309892389837394,43.739272187749634
60300,0.06,0,0.42029770334016475,0.631578947368421,0.3139312567132116,0.51,0,0,0,50.63969257832136,25.309892389837394,43.74229887121338
60400,0.06,0,0.42031340237958653,0.631578947368421,0.3136842105263158,0.39,0,0,0,50.65012414157833,25.309892389837394,43.73165652466438
60500,0.06,0,0.4202355456079536,0.631578947368421,0.30723952738990334,0.35,0,0,0,50.654164332940226,25.309892389837394,43.736269964500956
60600,0.06,0,0.4202616588452816,0.631578947368421,0.31276047261009665,0.49,0,0,0,50.64649449723049,25.309892389837394,43.74017533154606
60700,0.06,0,0.4201134805154479,0.631578947368421,0.31600429645542427,0.47,0,0,0,50.652278782230916,25.309892389837394,43.7506062270642
60800,0.06,0,0.4201353446404709,0.631578947368421,0.30921589688506984,0.35,0,0,0,50.64721240787233,25.309892389837394,43.75270567706355
60900,0.06,0,0.4202473267394729,0.631578947368421,0.31091299677765843,0.46,0,0,0,50.644674013724895,25.309892389837394,43.7432393921933
61000,0.06,0,0.42019105890052855,0.631578947368421,0.30756176154672393,0.3,0,0,0,50.66020715457204,25.309892389837394,43.73568295894193
61100,0.06,0,0.4200748982715846,0.631578947368421,0.3077013963480129,0.42,0,0,0,50.667082957019666,25.309892389837394,43.74184009357076
61200,0.06,0,0.4200046562390132,0.631578947368421,0.314812030075188,0.34,0,0,0,50.68607966872935,25.309892389837394,43.732758714654835
61300,0.06,0,0.41988851587775106,0.631578947368421,0.31612244897959185,0.35,0,0,0,50.69512304135602,25.309892389837394,43.73705157995568
61400,0.06,0,0.4198782891731659,0.631578947368421,0.3180451127819549,0.3,0,0,0,50.70155134017868,25.309892389837394,43.73257142941672
61500,0.06,0,0.4197652332762133,0.631578947368421,0.31908700322234157,0.34,0,0,0,50.707286097052595,25.309892389837394,43.739402696382534
61600,0.06,0,0.41986422393713524,0.631578947368421,0.3204940923737916,0.31,0,0,0,50.70175718709417,25.309892389837394,43.73385888984219
61700,0.06,0,0.4199403270444373,0.631578947368421,0.31437164339419976,0.35,0,0,0,50.70331141628381,25.309892389837394,43.724592932723176
61800,0.06,0,0.41998471159150347,0.631578947368421,0.3140816326530612,0.35,0,0,0,50.698873371354054,25.309892389837394,43.723799189570464
61900,0.06,0,0.4198554714786294,0.631578947368421,0.3182706766917293,0.42,0,0,0,50.70913863962481,25.309892389837394,43.728404349789564
62000,0.06,0,0.41994568656229136,0.631578947368421,0.32138560687432866,0.39,0,0,0,50.7007166972573,25.309892389837394,43.72627257388324
62100,0.06,0,0.4198749795889246,0.631578947368421,0.3135875402792696,0.37,0,0,0,50.70675845957065,25.309892389837394,43.728425173351
62200,0.06,0,0.4198988442650805,0.631578947368421,0.31796992481203007,0.37,0,0,0,50.71559467055357,25.309892389837394,43.71832149801507
62300,0.06,0,0.4199515720792379,0.631578947368421,0.3141890440386681,0.31,0,0,0,50.7150374548943,25.309892389837394,43.713312642561114
62400,0.06,0,0.4199115161205844,0.631578947368421,0.3162513426423201,0.33,0,0,0,50.720291172432745,25.309892389837394,43.71295416636319
62500,0.06,0,0.4199716442161322,0.631578947368421,0.3136627282491944,0.31,0,0,0,50.7285513831724,25.309892389837394,43.69957887329867
62600,0.06,0,0.4199427296688166,0.631578947368421,0.31771213748657356,0.33,0,0,0,50.73480921318082,25.309892389837394,43.69719729611456
62700,0.06,0,0.4199453462081807,0.631578947368421,0.31489795918367347,0.39,0,0,0,50.73776310761839,25.309892389837394,43.69438104854338
62800,0.06,0,0.4199543990694629,0.631578947368421,0.3146186895810956,0.47,0,0,0,50.74284973995822,25.309892389837394,43.689059162796525
62900,0.06,0,0.41977457143826896,0.631578947368421,0.3151987110633727,0.36,0,0,0,50.76440280235908,25.309892389837394,43.689218133509755
63000,0.06,0,0.4197074856756321,0.631578947368421,0.3240923737916219,0.52,0,0,0,50.77126785574316,25.309892389837394,43.690292992808494
63100,0.06,0,0.41954210786030005,0.631578947368421,0.3161439312567132,0.46,0,0,0,50.781339654776616,25.309892389837394,43.69884631381263
63200,0.06,0,0.4196187366991708,0.631578947368421,0.3171428571428571,0.43,0,0,0,50.77375489961865,25.309892389837394,43.69739292129399
63300,0.06,0,0.4196527901025608,0.631578947368421,0.32002148227712135,0.43,0,0,0,50.77102117532481,25.309892389837394,43.69619968538882
63400,0.06,0,0.4197225570131927,0.631578947368421,0.3155746509129968,0.33,0,0,0,50.765298172670995,25.309892389837394,43.69386169003299
63500,0.06,0,0.41968992291537915,0.631578947368421,0.3185284640171858,0.39,0,0,0,50.75785574548549,25.309892389837394,43.70366638093633
63600,0.06,0,0.41977945948579576,0.631578947368421,0.3173576799140709,0.33,0,0,0,50.743128703666834,25.309892389837394,43.70702592971485
63700,0.06,0,0.4199216178910989,0.631578947368421,0.3164339419978518,0.39,0,0,0,50.74229930990083,25.309892389837394,43.692943705534546
63800,0.06,0,0.41998516923948975,0.631578947368421,0.31288936627282493,0.43,0,0,0,50.738106780329886,25.309892389837394,43.68994200919494
63900,0.06,0,0.4199633321080529,0.631578947368421,0.3107518796992481,0.45,0,0,0,50.742772444854225,25.309892389837394,43.68819640192582
64000,0.06,0,0.4199564822460741,0.631578947368421,0.30969924812030075,0.39,0,0,0,50.74695949068873,25.309892389837394,43.68530429706226
64100,0.06,0,0.4200823575535063,0.631578947368421,0.3125563909774436,0.35,0,0,0,50.74061799733824,25.309892389837394,43.677672336069435
64200,0.06,0,0.42003601152625075,0.631578947368421,0.31524167561761546,0.3,0,0,0,50.74684962831061,25.309892389837394,43.67712751358456
64300,0.06,0,0.4201094262892752,0.631578947368421,0.31806659505907625,0.37,0,0,0,50.74846488858188,25.309892389837394,43.66810492343757
64400,0.06,0,0.42019105476714114,0.631578947368421,0.3142857142857143,0.35,0,0,0,50.74597623177543,25.309892389837394,43.66176286415749
64500,0.06,0,0.42015343423681945,0.631578947368421,0.3184747583243824,0.33,0,0,0,50.75432358734061,25.309892389837394,43.65849082340473
64600,0.06,0,0.4200751481244114,0.631578947368421,0.316906552094522,0.34,0,0,0,50.76179940702168,25.309892389837394,43.66019621854355
64700,0.06,0,0.4200962438478765,0.631578947368421,0.30944146079484425,0.36,0,0,0,50.76152765404184,25.309892389837394,43.65823748451692
64800,0.06,0,0.4200329451400147,0.631578947368421,0.3183673469387755,0.44,0,0,0,50.768995115307206,25.309892389837394,43.65839422550469
64900,0.06,0,0.41993766692707957,0.631578947368421,0.3127067669172932,0.4,0,0,0,50.77814214236663,25.309892389837394,43.66043344771903
65000,0.06,0,0.41993385647473175,0.631578947368421,0.31841031149301824,0.38,0,0,0,50.7676494322231,25.309892389837394,43.669853484931615
65100,0.06,0,0.41993713584560477,0.631578947368421,0.32310418904403865,0.43,0,0,0,50.775072743028126,25.309892389837394,43.66312797997406
65200,0.06,0,0.4201060163338892,0.631578947368421,0.3250483351235231,0.47,0,0,0,50.76013351374729,25.309892389837394,43.65842096566583
65300,0.06,0,0.42000518650473767,0.631578947368421,0.31451127819548874,0.51,0,0,0,50.770260277267546,25.309892389837394,43.66019164919948
65400,0.06,0,0.41990430912841037,0.631578947368421,0.3129967776584318,0.48,0,0,0,50.77139602562449,25.309892389837394,43.66970362198388
65500,0.06,0,0.4197657073681832,0.631578947368421,0.31499462943071965,0.38,0,0,0,50.78312328910306,25.309892389837394,43.67403494788095
65600,0.06,0,0.4198301738332369,0.631578947368421,0.31216970998925886,0.32,0,0,0,50.779721251765956,25.309892389837394,43.670254175021334
65700,0.06,0,0.41981616681419054,0.631578947368421,0.31548872180451126,0.31,0,0,0,50.78089304834558,25.309892389837394,43.67070346936042
65800,0.06,0,0.4198241175456122,0.631578947368421,0.3169924812030075,0.34,0,0,0,50.78921952889431,25.309892389837394,43.66271710094109
65900,0.06,0,0.4198977185560207,0.631578947368421,0.3174436090225564,0.4,0,0,0,50.78741746875775,25.309892389837394,43.656612747740176
66000,0.06,0,0.419954207065751,0.631578947368421,0.31953813104189044,0.33,0,0,0,50.785455062303605,25.309892389837394,43.6524271611172
66100,0.06,0,0.4200258478397013,0.631578947368421,0.3138560687432868,0.45,0,0,0,50.77138761599124,25.309892389837394,43.65707458445773
66200,0.06,0,0.42009458473769995,0.631578947368421,0.31399570354457573,0.36,0,0,0,50.75654861145726,25.309892389837394,43.66269264680543
66300,0.06,0,0.4200513139632343,0.631578947368421,0.31176154672395273,0.32,0,0,0,50.76825761088606,25.309892389837394,43.65711923863044
66400,0.06,0,0.4200206471953185,0.631578947368421,0.31285714285714283,0.32,0,0,0,50.7818882790667,25.309892389837394,43.648587632935964
66500,0.06,0,0.42011254969504275,0.631578947368421,0.31227712137486574,0.43,0,0,0,50.77573745678509,25.309892389837394,43.644325509037294
66600,0.06,0,0.4201218044327708,0.631578947368421,0.3090547798066595,0.26,0,0,0,50.778883398106714,25.309892389837394,43.64066021195657
66700,0.06,0,0.42001681733200796,0.631578947368421,0.3151450053705693,0.37,0,0,0,50.79078713202779,25.309892389837394,43.64133807017974
66800,0.06,0,0.41995792194033377,0.631578947368421,0.30749731471535985,0.28,0,0,0,50.79195107727823,25.309892389837394,43.64645816013945
66900,0.06,0,0.4198488423004127,0.631578947368421,0.31327604726100966,0.33,0,0,0,50.80210557468654,25.309892389837394,43.649071343650164
67000,0.06,0,0.4199462219027217,0.631578947368421,0.3117293233082707,0.38,0,0,0,50.80241981128424,25.309892389837394,43.63867981280609
67100,0.06,0,0.4198816233546888,0.631578947368421,0.3139205155746509,0.35,0,0,0,50.811137010606934,25.309892389837394,43.63790576013174
67200,0.06,0,0.41986446408425876,0.631578947368421,0.316390977443609,0.44,0,0,0,50.81502344387063,25.309892389837394,43.636351530456466
67300,0.06,0,0.41982128761173004,0.631578947368421,0.3223200859291085,0.3,0,0,0,50.804506131108816,25.309892389837394,43.649873629808226
67400,0.06,0,0.41987180153313536,0.631578947368421,0.31918367346938775,0.33,0,0,0,50.802077853209376,25.309892389837394,43.6467083625745
67500,0.06,0,0.419836678301712,0.631578947368421,0.31584317937701395,0.27,0,0,0,50.80342575023558,25.309892389837394,43.64920169985773
67600,0.06,0,0.419803537089659,0.631578947368421,0.3203222341568206,0.34,0,0,0,50.803991401754864,25.309892389837394,43.65216153908527
67700,0.06,0,0.419756661609077,0.631578947368421,0.31895810955961335,0.4,0,0,0,50.808493428733,25.309892389837394,43.653167954035965
67800,0.06,0,0.4197085768937457,0.631578947368421,0.317422126745435,0.4,0,0,0,50.8104537941924,25.309892389837394,43.65648474615805
67900,0.06,0,0.4197355995794854,0.631578947368421,0.316047261009667,0.32,0,0,0,50.80708152417193,25.309892389837394,43.65657160010053
68000,0.06,0,0.41962897120119,0.631578947368421,0.31326530612244896,0.28,0,0,0,50.81421352367514,25.309892389837394,43.66153585346856
68100,0.06,0,0.4197070114825606,0.631578947368421,0.3212889366272825,0.39,0,0,0,50.814850925608205,25.309892389837394,43.65286986002143
68200,0.06,0,0.4196871015376498,0.631578947368421,0.31919441460794845,0.42,0,0,0,50.81013332840191,25.309892389837394,43.6589940059955
68300,0.06,0,0.4198009135783568,0.631578947368421,0.319828141783029,0.4,0,0,0,50.79137076892966,25.309892389837394,43.663281090563466
68400,0.06,0,0.41983654821428296,0.631578947368421,0.31882921589688507,0.32,0,0,0,50.790038787079766,25.309892389837394,43.66072004825708
68500,0.06,0,0.4197225380841386,0.631578947368421,0.3171428571428571,0.43,0,0,0,50.795657510230164,25.309892389837394,43.66774889366689
68600,0.06,0,0.419732168041341,0.631578947368421,0.31723952738990335,0.32,0,0,0,50.79111182144083,25.309892389837394,43.67065509449831
68700,0.06,0,0.41969536080445796,0.631578947368421,0.3188077336197637,0.47,0,0,0,50.80233270330955,25.309892389837394,43.66483847593117
68800,0.06,0,0.4196920103494622,0.631578947368421,0.32,0.35,0,0,0,50.79712661509634,25.309892389837394,43.669662208994176
68900,0.06,0,0.41966741472157926,0.631578947368421,0.31396348012889363,0.37,0,0,0,50.80303842190364,25.309892389837394,43.667139561896384
69000,0.06,0,0.4197157698571428,0.631578947368421,0.31733619763694954,0.27,0,0,0,50.80456091126157,25.309892389837394,43.66080025645721
69100,0.06,0,0.41964676833184333,0.631578947368421,0.3166702470461869,0.34,0,0,0,50.80753093163743,25.309892389837394,43.665426629959974
69200,0.06,0,0.41962628037668165,0.631578947368421,0.32020408163265307,0.38,0,0,0,50.82239753977457,25.309892389837394,43.65478489445728
69300,0.06,0,0.4195104279130013,0.631578947368421,0.31906552094522017,0.42,0,0,0,50.832156489820576,25.309892389837394,43.65845732257288
69400,0.06,0,0.4194192184072396,0.631578947368421,0.32078410311493016,0.39,0,0,0,50.835030933538,25.309892389837394,43.665482377134076
69500,0.06,0,0.41938057791144706,0.631578947368421,0.3213533834586466,0.42,0,0,0,50.82838118262517,25.309892389837394,43.67521875953836
69600,0.06,0,0.4194576174074502,0.631578947368421,0.3193662728249194,0.38,0,0,0,50.82637077635128,25.309892389837394,43.66892439949029
69700,0.06,0,0.41948254336308244,0.631578947368421,0.32249194414607946,0.41,0,0,0,50.8283840094891,25.309892389837394,43.66460000515519
69800,0.06,0,0.419549025829602,0.631578947368421,0.32039742212674543,0.42,0,0,0,50.81333922390394,25.309892389837394,43.6706069790613
69900,0.06,0,0.41950631534601573,0.631578947368421,0.3198603651987111,0.27,0,0,0,50.81045960899793,25.309892389837394,43.67752836563562
70000,0.06,0,0.41946281041117206,0.631578947368421,0.3224489795918367,0.38,0,0,0,50.820512143569836,25.309892389837394,43.6734179017817
70100,0.06,0,0.4194965182748128,0.631578947368421,0.32242749731471537,0.36,0,0,0,50.8224082852372,25.309892389837394,43.668279317526604
70200,0.06,0,0.4195305954596362,0.631578947368421,0.32346938775510203,0.27,0,0,0,50.815761800787904,25.309892389837394,43.67044343734984
70300,0.06,0,0.41952760754391194,0.631578947368421,0.32425349087003225,0.37,0,0,0,50.81900867674733,25.309892389837394,43.66796429538689
70400,0.06,0,0.4195513134012918,0.631578947368421,0.3215896885069817,0.39,0,0,0,50.83551903524877,25.309892389837394,43.65131525073919
70500,0.06,0,0.4195757587432382,0.631578947368421,0.31747583243823846,0.35,0,0,0,50.83547294287172,25.309892389837394,43.64881161203995
70600,0.06,0,0.41959803082937647,0.631578947368421,0.3152846401718582,0.36,0,0,0,50.82937406263846,25.309892389837394,43.651731777381556
70700,0.06,0,0.41958726561653775,0.631578947368421,0.32313641245972075,0.41,0,0,0,50.83294510698179,25.309892389837394,43.64978509699125
70800,0.06,0,0.4195182299291754,0.631578947368421,0.3211922663802363,0.34,0,0,0,50.840283563012,25.309892389837394,43.65066648910555
70900,0.06,0,0.4195859493826561,0.631578947368421,0.3204618689581096,0.48,0,0,0,50.844765614594436,25.309892389837394,43.6397741917245
71000,0.06,0,0.4196419406004734,0.631578947368421,0.3208270676691729,0.43,0,0,0,50.832211151663664,25.309892389837394,43.64472815130683
71100,0.06,0,0.419594821970577,0.631578947368421,0.32218045112781957,0.38,0,0,0,50.83647423208142,25.309892389837394,43.645968858939156
71200,0.06,0,0.4195616373883715,0.631578947368421,0.31372717508055853,0.26,0,0,0,50.83774346861086,25.309892389837394,43.64833119985554
71300,0.06,0,0.41945217535354506,0.631578947368421,0.3173684210526316,0.39,0,0,0,50.854566589749886,25.309892389837394,43.645278849576336
71400,0.06,0,0.4195374672254459,0.631578947368421,0.3174973147153598,0.29,0,0,0,50.858174704593196,25.309892389837394,43.63331000523482
71500,0.06,0,0.4195789490442607,0.631578947368421,0.3191514500537057,0.42,0,0,0,50.84701694386444,25.309892389837394,43.63857003653553
71600,0.06,0,0.41964960910005766,0.631578947368421,0.3209559613319012,0.41,0,0,0,50.83283025931091,25.309892389837394,43.64339905401928
71700,0.06,0,0.4196404807227756,0.631578947368421,0.3171213748657358,0.34,0,0,0,50.84201378323018,25.309892389837394,43.63646500302316
71800,0.06,0,0.4197229124243355,0.631578947368421,0.32192266380236306,0.37,0,0,0,50.83008360889291,25.309892389837394,43.63813476714016
71900,0.06,0,0.41968946241907573,0.631578947368421,0.3193447905477981,0.28,0,0,0,50.83701119918417,25.309892389837394,43.63566573599859
72000,0.06,0,0.41962708431236967,0.631578947368421,0.31918367346938775,0.27,0,0,0,50.841181435240905,25.309892389837394,43.638572496563384
72100,0.06,0,0.4196129170429451,0.631578947368421,0.31747583243823846,0.27,0,0,0,50.838095192700386,25.309892389837394,43.64269512158676
72200,0.06,0,0.41967977141390866,0.631578947368421,0.32446831364124595,0.32,0,0,0,50.833430527532016,25.309892389837394,43.63974708288508
72300,0.06,0,0.41964954492421674,0.631578947368421,0.3199892588614393,0.32,0,0,0,50.83994147060861,25.309892389837394,43.63730112881071
72400,0.06,0,0.4195772005021344,0.631578947368421,0.3206122448979592,0.37,0,0,0,50.82194335766946,25.309892389837394,43.660281572154375
72500,0.06,0,0.4194306553118075,0.631578947368421,0.3213533834586466,0.5,0,0,0,50.82408626239087,25.309892389837394,43.673694571418004
72600,0.06,0,0.419540128538568,0.631578947368421,0.32345864661654133,0.37,0,0,0,50.81847157282543,25.309892389837394,43.667122559722266
72700,0.06,0,0.4194634821619475,0.631578947368421,0.32670247046186895,0.38,0,0,0,50.811137642165754,25.309892389837394,43.68140556165417
72800,0.06,0,0.41949663205907234,0.631578947368421,0.32329752953813107,0.47,0,0,0,50.804790457275324,25.309892389837394,43.683410533603606
72900,0.06,0,0.4196529670024648,0.631578947368421,0.3167883995703545,0.34,0,0,0,50.7873883442263,25.309892389837394,43.68209936860714
73000,0.06,0,0.4196441132147928,0.631578947368421,0.3146831364124597,0.4,0,0,0,50.788515438792054,25.309892389837394,43.682051577698005
73100,0.06,0,0.4197396846450366,0.631578947368421,0.31809881847475835,0.37,0,0,0,50.78236663562854,25.309892389837394,43.67739339991794
73200,0.06,0,0.4198448462644685,0.631578947368421,0.3188936627282492,0.37,0,0,0,50.776104139597166,25.309892389837394,43.67183882639258
73300,0.06,0,0.41987776194734183,0.631578947368421,0.3194092373791622,0.3,0,0,0,50.77077055457174,25.309892389837394,43.67300270499032
73400,0.06,0,0.4199352180464871,0.631578947368421,0.3162513426423201,0.36,0,0,0,50.77467243852048,25.309892389837394,43.66367162388301
73500,0.06,0,0.42001518357859435,0.631578947368421,0.3165198711063373,0.42,0,0,0,50.77115387593148,25.309892389837394,43.65838403882865
73600,0.06,0,0.4200011520891688,0.631578947368421,0.31509129967776583,0.43,0,0,0,50.77038098278147,25.309892389837394,43.66050723480886
73700,0.06,0,0.41993600168004097,0.631578947368421,0.3156498388829216,0.36,0,0,0,50.77345839504309,25.309892389837394,43.6646341835569
73800,0.06,0,0.419922685620815,0.631578947368421,0.3107518796992481,0.36,0,0,0,50.772493018962784,25.309892389837394,43.66684907670518
73900,0.06,0,0.4198460638536992,0.631578947368421,0.31882921589688507,0.41,0,0,0,50.77895711113692,25.309892389837394,43.6692585171876
74000,0.06,0,0.41992422409506797,0.631578947368421,0.31953813104189044,0.37,0,0,0,50.78236033621823,25.309892389837394,43.6582043950449
74100,0.06,0,0.4199745734701899,0.631578947368421,0.3200751879699248,0.33,0,0,0,50.77167562466841,25.309892389837394,43.66215696233972
74200,0.06,0,0.4199762390187854,0.631578947368421,0.3138453276047261,0.31,0,0,0,50.76212783428425,25.309892389837394,43.67019613868794
74300,0.06,0,0.42004776284024337,0.631578947368421,0.31141783029001074,0.36,0,0,0,50.762241208368394,25.309892389837394,43.66266265856226
74400,0.06,0,0.42006888356743743,0.631578947368421,0.32005370569280345,0.28,0,0,0,50.7589341480372,25.309892389837394,43.6633119138645
74500,0.06,0,0.41994070066808964,0.631578947368421,0.31439312567132116,0.3,0,0,0,50.77416634743116,25.309892389837394,43.66353677550761
74600,0.06,0,0.4199261505223022,0.631578947368421,0.31828141783029,0.42,0,0,0,50.77813512083309,25.309892389837394,43.66163686531135
74700,0.06,0,0.41995925335398415,0.631578947368421,0.3198603651987111,0.36,0,0,0,50.772892279284804,25.309892389837394,43.6627034575979
74800,0.06,0,0.4199801164749924,0.631578947368421,0.3166595059076262,0.42,0,0,0,50.76960494119559,25.309892389837394,43.663361474429614
74900,0.06,0,0.4199882202942934,0.631578947368421,0.32214822771213747,0.31,0,0,0,50.768418816371636,25.309892389837394,43.6635390812009
75000,0.06,0,0.4198504100740548,0.631578947368421,0.3175080558539205,0.36,0,0,0,50.772523667631795,25.309892389837394,43.67433978393596
75100,0.06,0,0.4200378473514621,0.631578947368421,0.3187110633727175,0.42,0,0,0,50.7577242279484,25.309892389837394,43.667579042760224
75200,0.06,0,0.4200470421113281,0.631578947368421,0.31156820622986037,0.47,0,0,0,50.757160709567025,25.309892389837394,43.66710796422393
75300,0.06,0,0.42009297205147866,0.631578947368421,0.3163265306122449,0.48,0,0,0,50.75828909409324,25.309892389837394,43.66136307956223
75400,0.06,0,0.4203198960147234,0.631578947368421,0.31242749731471536,0.42,0,0,0,50.74466313897183,25.309892389837394,43.64950862873105
75500,0.06,0,0.42027826408650565,0.631578947368421,0.3029001074113856,0.42,0,0,0,50.756349209735404,25.309892389837394,43.64378166491149
75600,0.06,0,0.42026583102530407,0.631578947368421,0.31,0.25,0,0,0,50.7451738667456,25.309892389837394,43.65468453895784
75700,0.06,0,0.42034407384100325,0.631578947368421,0.31018259935553166,0.28,0,0,0,50.73377416607561,25.309892389837394,43.6563658873797
75800,0.06,0,0.42034355093076836,0.631578947368421,0.312921589688507,0.32,0,0,0,50.72595205533339,25.309892389837394,43.66315216158116
75900,0.06,0,0.4203674270513456,0.631578947368421,0.3112137486573577,0.28,0,0,0,50.72618292587668,25.309892389837394,43.66047345914612
76000,0.06,0,0.4204386491808509,0.631578947368421,0.3152953813104189,0.37,0,0,0,50.723385891331624,25.309892389837394,43.655484550629545
76100,0.06,0,0.42033204321091994,0.631578947368421,0.3103544575725027,0.35,0,0,0,50.72737860094431,25.309892389837394,43.66311963736395
76200,0.06,0,0.4203464083756243,0.631578947368421,0.30893662728249194,0.51,0,0,0,50.72907141188341,25.309892389837394,43.660170495437214
76300,0.06,0,0.4202737568768034,0.631578947368421,0.31279269602577875,0.31,0,0,0,50.73481635192906,25.309892389837394,43.662773202291945
76400,0.06,0,0.42029888421764783,0.631578947368421,0.3121160042964554,0.32,0,0,0,50.72657441668098,25.309892389837394,43.667256648289055
76500,0.06,0,0.42020886105161537,0.631578947368421,0.31216970998925886,0.33,0,0,0,50.739198916243836,25.309892389837394,43.66574442782335
76600,0.06,0,0.42028182790046853,0.631578947368421,0.31587540279269605,0.27,0,0,0,50.734386639248775,25.309892389837394,43.66230451958614
76700,0.06,0,0.42029993700471324,0.631578947368421,0.31450053705692804,0.36,0,0,0,50.73884263986843,25.309892389837394,43.656588921456134
76800,0.06,0,0.42013735534124536,0.631578947368421,0.3154457572502685,0.31,0,0,0,50.74982566883904,25.309892389837394,43.66403122564801
76900,0.06,0,0.4201247220182923,0.631578947368421,0.3115037593984962,0.33,0,0,0,50.752334991832896,25.309892389837394,43.66318529664255
77000,0.06,0,0.4201747865111888,0.631578947368421,0.3145220193340494,0.42,0,0,0,50.74447530146671,25.309892389837394,43.66474483928499
77100,0.06,0,0.4200894002303815,0.631578947368421,0.31328678839957036,0.45,0,0,0,50.753186115819226,25.309892389837394,43.66612427980962
77200,0.06,0,0.41999187490443746,0.631578947368421,0.3184640171858217,0.5,0,0,0,50.76198085839879,25.309892389837394,43.66869677778348
77300,0.06,0,0.41994918034528417,0.631578947368421,0.3151772287862513,0.36,0,0,0,50.76323932347847,25.309892389837394,43.672053704881485
77400,0.06,0,0.41992370084071834,0.631578947368421,0.31634801288936626,0.31,0,0,0,50.762277676756334,25.309892389837394,43.6755309515397
77500,0.06,0,0.4200474787350575,0.631578947368421,0.3081954887218045,0.4,0,0,0,50.75825265370506,25.309892389837394,43.66612317998783
77600,0.06,0,0.4201199342514879,0.631578947368421,0.30866809881847473,0.39,0,0,0,50.7545879154739,25.309892389837394,43.661744722121895
77700,0.06,0,0.4200352608581279,0.631578947368421,0.3080343716433942,0.37,0,0,0,50.762900251316914,25.309892389837394,43.66339536043812
77800,0.06,0,0.4199488738458947,0.631578947368421,0.3108378088077336,0.31,0,0,0,50.77019395697635,25.309892389837394,43.66610326278765
77900,0.06,0,0.41993235357989495,0.631578947368421,0.30960257787325457,0.38,0,0,0,50.75695311752252,25.309892389837394,43.67921261582704
78000,0.06,0,0.4199144075469709,0.631578947368421,0.31290010741138563,0.38,0,0,0,50.76009044339665,25.309892389837394,43.67837955617308
78100,0.06,0,0.4199459417547535,0.631578947368421,0.31977443609022554,0.34,0,0,0,50.75878109256593,25.309892389837394,43.67622632142954
78200,0.06,0,0.4198706006076264,0.631578947368421,0.31440386680988186,0.43,0,0,0,50.76980384247661,25.309892389837394,43.67457918999969
78300,0.06,0,0.41997419378623396,0.631578947368421,0.31904403866809883,0.42,0,0,0,50.760256137935826,25.309892389837394,43.672019078732404
78400,0.06,0,0.41999043291735516,0.631578947368421,0.3145864661654135,0.33,0,0,0,50.76041039983703,25.309892389837394,43.670197764204005
78500,0.06,0,0.420019538872465,0.631578947368421,0.31859291084854996,0.45,0,0,0,50.75274246437473,25.309892389837394,43.673768982883594
78600,0.06,0,0.4200441876949208,0.631578947368421,0.3120945220193341,0.35,0,0,0,50.75589105514691,25.309892389837394,43.668497041213215
78700,0.06,0,0.42009055247128957,0.631578947368421,0.31243823845327606,0.39,0,0,0,50.75061513333632,25.309892389837394,43.668216592850925
78800,0.06,0,0.4202045227456372,0.631578947368421,0.3103329752953813,0.43,0,0,0,50.74611325235636,25.309892389837394,43.66024557244093
78900,0.06,0,0.42027798612854983,0.631578947368421,0.30390977443609024,0.28,0,0,0,50.74198387061701,25.309892389837394,43.65616633605433
79000,0.06,0,0.420217984400966,0.631578947368421,0.3100966702470462,0.28,0,0,0,50.75065437161156,25.309892389837394,43.65494036814937
79100,0.06,0,0.4202549752222947,0.631578947368421,0.310515574650913,0.38,0,0,0,50.75612927239531,25.309892389837394,43.64638935869468
79200,0.06,0,0.4201887397001779,0.631578947368421,0.3118045112781955,0.42,0,0,0,50.76103961044791,25.309892389837394,43.64904668842912
79300,0.06,0,0.4202639739025334,0.631578947368421,0.3121052631578947,0.34,0,0,0,50.758730833037525,25.309892389837394,43.64321782282382
79400,0.06,0,0.42030941217031054,0.631578947368421,0.31501611170784105,0.38,0,0,0,50.76867175269394,25.309892389837394,43.62995492426399
79500,0.06,0,0.4204296855993764,0.631578947368421,0.3056498388829216,0.3,0,0,0,50.758959565313106,25.309892389837394,43.62581932793043
79600,0.06,0,0.4204057972530586,0.631578947368421,0.30842105263157893,0.39,0,0,0,50.75303539414867,25.309892389837394,43.633390772204415
79700,0.06,0,0.42040343790425044,0.631578947368421,0.31252416756176155,0.36,0,0,0,50.75362530059665,25.309892389837394,43.63312849621381
79800,0.06,0,0.4203728281661423,0.631578947368421,0.30979591836734693,0.33,0,0,0,50.752232799185755,25.309892389837394,43.637502932610865
79900,0.06,0,0.42038596475631596,0.631578947368421,0.31226638023630504,0.26,0,0,0,50.75868734221806,25.309892389837394,43.630590479325484
80000,0.06,0,0.4204464649134823,0.631578947368421,0.30660580021482275,0.45,0,0,0,50.75158531317663,25.309892389837394,43.63041691335608
80100,0.06,0,0.4205180603343492,0.631578947368421,0.3097636949516649,0.35,0,0,0,50.74652479627418,25.309892389837394,43.62733875199207
80200,0.06,0,0.42048971148683595,0.631578947368421,0.3045972073039742,0.37,0,0,0,50.754577026790116,25.309892389837394,43.62335808971983
80300,0.06,0,0.4204849685957159,0.631578947368421,0.3103866809881847,0.31,0,0,0,50.749957742391835,25.309892389837394,43.6278208054155
80400,0.06,0,0.42046047695111427,0.631578947368421,0.3100107411385607,0.3,0,0,0,50.754062909059094,25.309892389837394,43.6268331307345
80500,0.06,0,0.4204677289529137,0.631578947368421,0.311203007518797,0.32,0,0,0,50.75433271875762,25.309892389837394,43.62584876256573
80600,0.06,0,0.42045104370837866,0.631578947368421,0.3128464017185822,0.49,0,0,0,50.75082031779444,25.309892389837394,43.630599427913396
80700,0.06,0,0.4204232355765232,0.631578947368421,0.31104189044038666,0.26,0,0,0,50.754811445758676,25.309892389837394,43.6300541555198
80800,0.06,0,0.42039291835591625,0.631578947368421,0.3103974221267454,0.41,0,0,0,50.755871451869,25.309892389837394,43.6322893442433
80900,0.06,0,0.4204830356118141,0.631578947368421,0.3100214822771214,0.32,0,0,0,50.76004625043094,25.309892389837394,43.61935033965394
81000,0.06,0,0.4204900436626917,0.631578947368421,0.3026315789473684,0.4,0,0,0,50.75447744319688,25.309892389837394,43.623409220241626
81100,0.06,0,0.42039626677388126,0.631578947368421,0.3070354457572503,0.45,0,0,0,50.74827253815224,25.309892389837394,43.63847514998441
81200,0.06,0,0.4204682113530627,0.631578947368421,0.3078625134264232,0.3,0,0,0,50.749482965429195,25.309892389837394,43.62996770637274
81300,0.06,0,0.4204223427089164,0.631578947368421,0.31364124597207305,0.3,0,0,0,50.757169350622306,25.309892389837394,43.628119992635405
81400,0.06,0,0.420378602877696,0.631578947368421,0.30745435016111705,0.41,0,0,0,50.757427950559006,25.309892389837394,43.632437139625445
81500,0.06,0,0.420504776140223,0.631578947368421,0.3117078410311493,0.38,0,0,0,50.75390809960306,25.309892389837394,43.62237020292701
81600,0.06,0,0.4203931643955257,0.631578947368421,0.3080236305048335,0.4,0,0,0,50.762158651257245,25.309892389837394,43.626859689051294
81700,0.06,0,0.42028429284518026,0.631578947368421,0.31447905477980664,0.35,0,0,0,50.775091711460426,25.309892389837394,43.62704571235034
81800,0.06,0,0.420165582541813,0.631578947368421,0.3088077336197637,0.42,0,0,0,50.77774835686633,25.309892389837394,43.63708858517657
81900,0.06,0,0.4202047514177729,0.631578947368421,0.3153168635875403,0.46,0,0,0,50.779734508200015,25.309892389837394,43.63131438549535
82000,0.06,0,0.42022306206985666,0.631578947368421,0.3130719656283566,0.34,0,0,0,50.78782732344998,25.309892389837394,43.6224610562509
82100,0.06,0,0.4202298355142408,0.631578947368421,0.30763694951664877,0.36,0,0,0,50.776591962370134,25.309892389837394,43.63141013824001
82200,0.06,0,0.42030456764864266,0.631578947368421,0.307765843179377,0.35,0,0,0,50.77368188277161,25.309892389837394,43.62615254535911
82300,0.06,0,0.4204145643057965,0.631578947368421,0.3109989258861439,0.43,0,0,0,50.77205043292169,25.309892389837394,43.616139727178165
82400,0.06,0,0.420374460872422,0.631578947368421,0.3156390977443609,0.34,0,0,0,50.763413415317864,25.309892389837394,43.62772234684609
82500,0.06,0,0.4203437546008402,0.631578947368421,0.31171858216971,0.34,0,0,0,50.756426423901196,25.309892389837394,43.636915480748556
82600,0.06,0,0.42036233408176,0.631578947368421,0.31167561761546725,0.36,0,0,0,50.75093486204092,25.309892389837394,43.639708357256225
82700,0.06,0,0.42023399544311596,0.631578947368421,0.3121160042964554,0.48,0,0,0,50.763985072016276,25.309892389837394,43.64181368415972
82800,0.06,0,0.42030249117711654,0.631578947368421,0.31290010741138563,0.33,0,0,0,50.760183537442494,25.309892389837394,43.637969370337764
82900,0.06,0,0.42033461917262416,0.631578947368421,0.3134801288936627,0.38,0,0,0,50.766794460226194,25.309892389837394,43.62895176844113
83000,0.06,0,0.4202790091451913,0.631578947368421,0.30764769065520947,0.41,0,0,0,50.76628494975227,25.309892389837394,43.63516255263463
83100,0.06,0,0.42016278190439216,0.631578947368421,0.31056928034371645,0.33,0,0,0,50.772925865963764,25.309892389837394,43.64152419827937
83200,0.06,0,0.4201829869889387,0.631578947368421,0.31619763694951664,0.32,0,0,0,50.7635538686294,25.309892389837394,43.64748237133122
83300,0.06,0,0.4201838372952165,0.631578947368421,0.32263157894736844,0.3,0,0,0,50.76433013677365,25.309892389837394,43.64672660521276
83400,0.06,0,0.4201716186976689,0.631578947368421,0.31807733619763695,0.28,0,0,0,50.76544972004211,25.309892389837394,43.64703323808189
83500,0.06,0,0.4202972823644694,0.631578947368421,0.31587540279269605,0.36,0,0,0,50.74798934632541,25.309892389837394,43.64899604322363
83600,0.06,0,0.4202220343340641,0.631578947368421,0.31465091299677767,0.33,0,0,0,50.73789770618534,25.309892389837394,43.665495381692295
83700,0.06,0,0.42026136484787213,0.631578947368421,0.3154135338345865,0.3,0,0,0,50.73658459870537,25.309892389837394,43.66253890523218
83800,0.06,0,0.42027251025655155,0.631578947368421,0.3154672395273899,0.45,0,0,0,50.742380907685614,25.309892389837394,43.656393551968776
83900,0.06,0,0.4202298069997956,0.631578947368421,0.3113533834586466,0.5,0,0,0,50.739947689134894,25.309892389837394,43.66292360476709
84000,0.06,0,0.42024608185291457,0.631578947368421,0.30843179377013963,0.24,0,0,0,50.743145476995764,25.309892389837394,43.65848118046017
84100,0.06,0,0.42031940516961014,0.631578947368421,0.30498388829215894,0.37,0,0,0,50.73045026418043,25.309892389837394,43.66178866232632
84200,0.06,0,0.42038580585621876,0.631578947368421,0.3078839957035446,0.25,0,0,0,50.73506453856745,25.309892389837394,43.65092186121919
84300,0.06,0,0.42040250639719656,0.631578947368421,0.30428571428571427,0.33,0,0,0,50.730874203513395,25.309892389837394,43.65279321567661
84400,0.06,0,0.4203353542444278,0.631578947368421,0.3041138560687433,0.31,0,0,0,50.731096385244456,25.309892389837394,43.65957590901427
84500,0.06,0,0.42035153653144103,0.631578947368421,0.30725026852846404,0.37,0,0,0,50.72844129205493,25.309892389837394,43.66018017033895
84600,0.06,0,0.420473878689344,0.631578947368421,0.31790547798066593,0.39,0,0,0,50.724690456583296,25.309892389837394,43.65070420351117
84700,0.06,0,0.4204127448752148,0.631578947368421,0.30799140708915146,0.27,0,0,0,50.72153618904932,25.309892389837394,43.65976656004762
84800,0.06,0,0.42042784567529756,0.631578947368421,0.3116219119226638,0.39,0,0,0,50.719232987730585,25.309892389837394,43.66018095580703
84900,0.06,0,0.4204762757295748,0.631578947368421,0.3122986036519871,0.34,0,0,0,50.71510078921354,25.309892389837394,43.65870918138585
85000,0.06,0,0.42048683530935943,0.631578947368421,0.30660580021482275,0.38,0,0,0,50.70875487347626,25.309892389837394,43.66307629616595
85100,0.06,0,0.42046040755482383,0.631578947368421,0.30442534908700325,0.24,0,0,0,50.71037652285121,25.309892389837394,43.66442433530353
85200,0.06,0,0.42039236195609797,0.631578947368421,0.31058002148227715,0.38,0,0,0,50.71619323253582,25.309892389837394,43.666483208329744
85300,0.06,0,0.4203413942540434,0.631578947368421,0.3132116004296455,0.42,0,0,0,50.7158511351438,25.309892389837394,43.67207248778078
85400,0.06,0,0.42026711690377644,0.631578947368421,0.3090440386680988,0.37,0,0,0,50.71943548226771,25.309892389837394,43.676704166482146
85500,0.06,0,0.4201729294217839,0.631578947368421,0.3092910848549946,0.47,0,0,0,50.722173725091935,25.309892389837394,43.68413647346504
85600,0.06,0,0.41991246845109503,0.631578947368421,0.3149624060150376,0.47,0,0,0,50.7325818780405,25.309892389837394,43.702264953894705
85700,0.06,0,0.4199416046140238,0.631578947368421,0.3144468313641246,0.44,0,0,0,50.73049024416598,25.309892389837394,43.7010345597597
85800,0.06,0,0.4199232571256582,0.631578947368421,0.31251342642320085,0.41,0,0,0,50.73538088277921,25.309892389837394,43.698731219684156
85900,0.06,0,0.4198493225919486,0.631578947368421,0.31842105263157894,0.39,0,0,0,50.74765265061259,25.309892389837394,43.69585740663213
86000,0.06,0,0.41989103804039013,0.631578947368421,0.3176691729323308,0.29,0,0,0,50.74740312674785,25.309892389837394,43.691731128993766
86100,0.06,0,0.4198566790609309,0.631578947368421,0.3204618689581096,0.4,0,0,0,50.74569300104542,25.309892389837394,43.69677917091554
86200,0.06,0,0.4199125010895702,0.631578947368421,0.3177873254564984,0.35,0,0,0,50.738933882583844,25.309892389837394,43.69679047316138
86300,0.06,0,0.42001713555886594,0.631578947368421,0.3203651987110634,0.32,0,0,0,50.725756288635736,25.309892389837394,43.69725352288287
86400,0.06,0,0.4200101868605552,0.631578947368421,0.3193233082706767,0.41,0,0,0,50.71391971960981,25.309892389837394,43.7081755115702
86500,0.06,0,0.4199876846579152,0.631578947368421,0.3153061224489796,0.44,0,0,0,50.720128940533584,25.309892389837394,43.70516622326354
86600,0.06,0,0.41992861117928376,0.631578947368421,0.3174328678839957,0.42,0,0,0,50.726919991164266,25.309892389837394,43.70546261111239
86700,0.06,0,0.4199468282047533,0.631578947368421,0.318625134264232,0.3,0,0,0,50.72564151355799,25.309892389837394,43.70466819084899
86800,0.06,0,0.41990126245591364,0.631578947368421,0.31638023630504836,0.26,0,0,0,50.73831017792591,25.309892389837394,43.698497175900314
86900,0.06,0,0.419914982995507,0.631578947368421,0.3160687432867884,0.29,0,0,0,50.74304214208364,25.309892389837394,43.6929944436661
87000,0.06,0,0.41987968192432934,0.631578947368421,0.3161546723952739,0.4,0,0,0,50.74317260650839,25.309892389837394,43.69655555225114
87100,0.06,0,0.4198338588840716,0.631578947368421,0.3165843179377014,0.3,0,0,0,50.744777633082265,25.309892389837394,43.69994259486766
87200,0.06,0,0.41977276432006816,0.631578947368421,0.3171535982814178,0.43,0,0,0,50.74696221746647,25.309892389837394,43.7044212775002
87300,0.06,0,0.4196978982088229,0.631578947368421,0.3198818474758324,0.41,0,0,0,50.74995444538391,25.309892389837394,43.7096400323721
87400,0.06,0,0.41957046223181854,0.631578947368421,0.3192373791621912,0.32,0,0,0,50.7523914090772,25.309892389837394,43.72081651343095
87500,0.06,0,0.4196555507113178,0.631578947368421,0.32437164339419977,0.43,0,0,0,50.74244153177989,25.309892389837394,43.7205230697395
87600,0.06,0,0.41975359883594626,0.631578947368421,0.3188077336197637,0.37,0,0,0,50.73461394993663,25.309892389837394,43.717054451736246
87700,0.06,0,0.4197976853899304,0.631578947368421,0.31966702470461866,0.38,0,0,0,50.72892897104243,25.309892389837394,43.71736202198847
87800,0.06,0,0.41979152666617164,0.631578947368421,0.316530612244898,0.31,0,0,0,50.737291570786546,25.309892389837394,43.7107977257879
87900,0.06,0,0.41970393779766557,0.631578947368421,0.3167669172932331,0.34,0,0,0,50.750622492587986,25.309892389837394,43.70843568938334
88000,0.06,0,0.41969302643797923,0.631578947368421,0.3236842105263158,0.41,0,0,0,50.7484115071541,25.309892389837394,43.71147636031882
88100,0.06,0,0.4197663271966441,0.631578947368421,0.31574650912996777,0.29,0,0,0,50.74390376099303,25.309892389837394,43.70772569592689
88200,0.06,0,0.4197476066076423,0.631578947368421,0.3134801288936627,0.33,0,0,0,50.74736472978719,25.309892389837394,43.70669404586786
88300,0.06,0,0.419717836306032,0.631578947368421,0.32038668098818474,0.48,0,0,0,50.75148858252345,25.309892389837394,43.70624245781859
88400,0.06,0,0.41973259520339007,0.631578947368421,0.3197422126745435,0.34,0,0,0,50.755630626983184,25.309892389837394,43.70113899636768
88500,0.06,0,0.4197282262927505,0.631578947368421,0.31977443609022554,0.33,0,0,0,50.74484767494019,25.309892389837394,43.71088018345882
88600,0.06,0,0.4196916532332192,0.631578947368421,0.31783029001074115,0.4,0,0,0,50.74559975113118,25.309892389837394,43.71404139269018
88700,0.06,0,0.4197438457754178,0.631578947368421,0.3193340494092374,0.42,0,0,0,50.74818765598449,25.309892389837394,43.70637690170634
88800,0.06,0,0.41975474800198026,0.631578947368421,0.3235660580021482,0.26,0,0,0,50.7440820642477,25.309892389837394,43.708777817284336
88900,0.06,0,0.41977417973249853,0.631578947368421,0.3199140708915145,0.45,0,0,0,50.74522196000491,25.309892389837394,43.705772708149496
89000,0.06,0,0.4197720264184432,0.631578947368421,0.3227067669172932,0.44,0,0,0,50.75106519865032,25.309892389837394,43.70096480398043
89100,0.06,0,0.4197643709183158,0.631578947368421,0.32731471535982815,0.44,0,0,0,50.743608433377574,25.309892389837394,43.708183772281174
89200,0.06,0,0.4197093866314299,0.631578947368421,0.319484425349087,0.27,0,0,0,50.745357500669385,25.309892389837394,43.71240307920129
89300,0.06,0,0.41985366617803704,0.631578947368421,0.32088077336197635,0.37,0,0,0,50.73858482317598,25.309892389837394,43.70321444652053
89400,0.06,0,0.4199168721214441,0.631578947368421,0.3228141783029001,0.31,0,0,0,50.728257374079284,25.309892389837394,43.70553215813739
89500,0.06,0,0.41989122673583057,0.631578947368421,0.3212137486573577,0.33,0,0,0,50.73504253636086,25.309892389837394,43.702356116295334
89600,0.06,0,0.41995669832492444,0.631578947368421,0.31526315789473686,0.4,0,0,0,50.73661671588144,25.309892389837394,43.69418716395357
89700,0.06,0,0.4199345394717949,0.631578947368421,0.3151342642320086,0.38,0,0,0,50.73501183303204,25.309892389837394,43.6978750283769
89800,0.06,0,0.4199107396186463,0.631578947368421,0.3176799140708915,0.33,0,0,0,50.74312955178142,25.309892389837394,43.69336071402988
89900,0.06,0,0.41989109830762994,0.631578947368421,0.31647690655209454,0.39,0,0,0,50.74797780526336,25.309892389837394,43.691230085554366
90000,0.06,0,0.4200364196836948,0.631578947368421,0.3183888292158969,0.4,0,0,0,50.75136714515309,25.309892389837394,43.67319725587461
90100,0.06,0,0.4200087816381732,0.631578947368421,0.3154027926960258,0.31,0,0,0,50.754958523981,25.309892389837394,43.672980622249675
90200,0.06,0,0.42012156636337983,0.631578947368421,0.31562835660580024,0.34,0,0,0,50.75565676439742,25.309892389837394,43.66065564584234
90300,0.06,0,0.42014197457520813,0.631578947368421,0.315187969924812,0.4,0,0,0,50.76184158805433,25.309892389837394,43.65321549203542
90400,0.06,0,0.42011103688003837,0.631578947368421,0.3159935553168636,0.42,0,0,0,50.76200063606768,25.309892389837394,43.65629340470553
90500,0.06,0,0.4202711313471434,0.631578947368421,0.3120515574650913,0.31,0,0,0,50.75753213207507,25.309892389837394,43.64350522543519
90600,0.06,0,0.42032374491394825,0.631578947368421,0.3131041890440387,0.41,0,0,0,50.74319560734262,25.309892389837394,43.65037129600404
90700,0.06,0,0.4203215434968934,0.631578947368421,0.30725026852846404,0.38,0,0,0,50.742251831558974,25.309892389837394,43.65141178831997
90800,0.06,0,0.42045471826239283,0.631578947368421,0.31305048335123525,0.35,0,0,0,50.72562498975511,25.309892389837394,43.651889171347854
90900,0.06,0,0.42043963762579395,0.631578947368421,0.3118582169709989,0.33,0,0,0,50.71405183993363,25.309892389837394,43.66341680256579
91000,0.06,0,0.4203388565100423,0.631578947368421,0.31069817400644467,0.37,0,0,0,50.709448087844955,25.309892389837394,43.67785062852362
91100,0.06,0,0.42024377085247117,0.631578947368421,0.31380236305048337,0.29,0,0,0,50.71900281266512,25.309892389837394,43.67950317874332
91200,0.06,0,0.4202568961306406,0.631578947368421,0.3145972073039742,0.36,0,0,0,50.729763537613714,25.309892389837394,43.668874055321524
91300,0.06,0,0.42022741590897034,0.631578947368421,0.3187218045112782,0.41,0,0,0,50.7250521710739,25.309892389837394,43.67599382860976
91400,0.06,0,0.42026759292943233,0.631578947368421,0.3083029001074114,0.37,0,0,0,50.71333026203729,25.309892389837394,43.68191279179545
91500,0.06,0,0.42017558950996425,0.631578947368421,0.3137056928034372,0.3,0,0,0,50.71303295458884,25.309892389837394,43.69173371094239
91600,0.06,0,0.42014966578495566,0.631578947368421,0.3116004296455424,0.32,0,0,0,50.71575831394139,25.309892389837394,43.6920814941832
91700,0.06,0,0.4201187813602494,0.631578947368421,0.3072932330827068,0.4,0,0,0,50.71485619322766,25.309892389837394,43.69607071043426
91800,0.06,0,0.4202228243758311,0.631578947368421,0.3109989258861439,0.34,0,0,0,50.71304256711438,25.309892389837394,43.68681429007672
91900,0.06,0,0.4202616578409472,0.631578947368421,0.31353383458646616,0.3,0,0,0,50.7192048146339,25.309892389837394,43.67747015410479
92000,0.06,0,0.4202793248047288,0.631578947368421,0.3132330827067669,0.36,0,0,0,50.712380071629305,25.309892389837394,43.681511873008795
92100,0.06,0,0.4203237569096827,0.631578947368421,0.3123200859291085,0.38,0,0,0,50.712245559856726,25.309892389837394,43.67701018442527
92200,0.06,0,0.4203740282590449,0.631578947368421,0.31129967776584316,0.39,0,0,0,50.70952638119366,25.309892389837394,43.67412876994853
92300,0.06,0,0.4204616967458172,0.631578947368421,0.30660580021482275,0.34,0,0,0,50.709643748996506,25.309892389837394,43.66492142021207
92400,0.06,0,0.420476959622407,0.631578947368421,0.30799140708915146,0.35,0,0,0,50.70891322524657,25.309892389837394,43.66396545257188
92500,0.06,0,0.42057169375359604,0.631578947368421,0.3133190118152524,0.44,0,0,0,50.6954328253191,25.309892389837394,43.665738157534825
92600,0.06,0,0.4205669150891014,0.631578947368421,0.31219119226638026,0.31,0,0,0,50.70289440225029,25.309892389837394,43.65980826393119
92700,0.06,0,0.42061808626281133,0.631578947368421,0.3098388829215897,0.24,0,0,0,50.692066999916754,25.309892389837394,43.66382097464478
92800,0.06,0,0.4206024571747856,0.631578947368421,0.3058002148227712,0.44,0,0,0,50.69276635635413,25.309892389837394,43.66484106277542
92900,0.06,0,0.42055409495166163,0.631578947368421,0.30267454350161116,0.35,0,0,0,50.6845702589651,25.309892389837394,43.6769241274197
93000,0.06,0,0.4205642151846676,0.631578947368421,0.3054564983888292,0.3,0,0,0,50.68265880835338,25.309892389837394,43.67752030523833
93100,0.06,0,0.42055520439877436,0.631578947368421,0.3043394199785177,0.48,0,0,0,50.681777137011736,25.309892389837394,43.67921597671065
93200,0.06,0,0.4204829975168573,0.631578947368421,0.30783029001074114,0.44,0,0,0,50.69087375975695,25.309892389837394,43.67887702514653
93300,0.06,0,0.42049507037387485,0.631578947368421,0.31139634801288935,0.37,0,0,0,50.690182161650995,25.309892389837394,43.67821887985437
93400,0.06,0,0.42050091653756766,0.631578947368421,0.3075402792696026,0.3,0,0,0,50.688767542148014,25.309892389837394,43.67883058039304
93500,0.06,0,0.4205989801029755,0.631578947368421,0.30730397422126743,0.21,0,0,0,50.683163763271466,25.309892389837394,43.6734749857226
93600,0.06,0,0.4205325730459767,0.631578947368421,0.3098496240601504,0.35,0,0,0,50.68020146489359,25.309892389837394,43.68292469562946
93700,0.06,0,0.42061367373413994,0.631578947368421,0.30736842105263157,0.35,0,0,0,50.67002006131101,25.309892389837394,43.68327772196117
93800,0.06,0,0.42076660184035836,0.631578947368421,0.3015359828141783,0.39,0,0,0,50.64955151213762,25.309892389837394,43.68504789962052
93900,0.06,0,0.42081814245075766,0.631578947368421,0.30320085929108487,0.42,0,0,0,50.64307934787778,25.309892389837394,43.68527972606102
94000,0.06,0,0.4208358338398843,0.631578947368421,0.30377013963480126,0.37,0,0,0,50.650466971641265,25.309892389837394,43.67707180539244
94100,0.06,0,0.4207578450655767,0.631578947368421,0.30156820622986036,0.36,0,0,0,50.66036639454987,25.309892389837394,43.676631070686604
94200,0.06,0,0.4207424827584739,0.631578947368421,0.3052201933404941,0.43,0,0,0,50.650613592461895,25.309892389837394,43.68663607337797
94300,0.06,0,0.4206473469460995,0.631578947368421,0.3059720730397422,0.41,0,0,0,50.654097725831996,25.309892389837394,43.693510901266364
94400,0.06,0,0.4207550783372237,0.631578947368421,0.3049409237379162,0.35,0,0,0,50.645304278435766,25.309892389837394,43.68990796214736
94500,0.06,0,0.4207895767134155,0.631578947368421,0.3062083780880773,0.41,0,0,0,50.64673291835022,25.309892389837394,43.6850937498004
94600,0.06,0,0.4207116534068065,0.631578947368421,0.3070998925886144,0.41,0,0,0,50.65569173224022,25.309892389837394,43.68545756299774
94700,0.06,0,0.420757573287538,0.631578947368421,0.30191192266380235,0.43,0,0,0,50.65451376294774,25.309892389837394,43.68170569158001
94800,0.06,0,0.42071160539334795,0.631578947368421,0.30725026852846404,0.31,0,0,0,50.66496440710565,25.309892389837394,43.67746725843049
94900,0.06,0,0.42062455861505055,0.631578947368421,0.3045757250268529,0.27,0,0,0,50.66757227774156,25.309892389837394,43.684257603519214
95000,0.06,0,0.42049638909049775,0.631578947368421,0.30821697099892587,0.35,0,0,0,50.68424246285258,25.309892389837394,43.683200545935314
95100,0.06,0,0.42051004634756983,0.631578947368421,0.30687432867883996,0.37,0,0,0,50.68880392817777,25.309892389837394,43.677850903845176
95200,0.06,0,0.4205831783655612,0.631578947368421,0.30832438238453275,0.42,0,0,0,50.681649023912264,25.309892389837394,43.67642117532307
95300,0.06,0,0.42045759515414727,0.631578947368421,0.3090010741138561,0.4,0,0,0,50.69421507083044,25.309892389837394,43.67863683141686
95400,0.06,0,0.4204975215871325,0.631578947368421,0.307905477980666,0.46,0,0,0,50.69455210668237,25.309892389837394,43.674199160851565
95500,0.06,0,0.42045538692037654,0.631578947368421,0.3112459720730397,0.34,0,0,0,50.690385868262915,25.309892389837394,43.68216577717831
95600,0.06,0,0.4203649704322821,0.631578947368421,0.31081632653061225,0.4,0,0,0,50.699838543757465,25.309892389837394,43.6834153686175
95700,0.06,0,0.42046013933825876,0.631578947368421,0.30919441460794844,0.29,0,0,0,50.69089035248115,25.309892389837394,43.68123731482801
95800,0.06,0,0.42044258820499614,0.631578947368421,0.31261009667024703,0.4,0,0,0,50.687253162328716,25.309892389837394,43.686195349750896
95900,0.06,0,0.42051052324153876,0.631578947368421,0.30524167561761545,0.28,0,0,0,50.676919475894735,25.309892389837394,43.688044429905915
96000,0.06,0,0.4204341808153148,0.631578947368421,0.310687432867884,0.55,0,0,0,50.692585655509866,25.309892389837394,43.682473375691515
96100,0.06,0,0.42050540721021457,0.631578947368421,0.31104189044038666,0.33,0,0,0,50.677773548156296,25.309892389837394,43.687839672191565
96200,0.06,0,0.42059840184877456,0.631578947368421,0.3081525241675618,0.28,0,0,0,50.67496805972137,25.309892389837394,43.68059838575351
96300,0.06,0,0.4206041675336594,0.631578947368421,0.30599355531686356,0.42,0,0,0,50.66861831346926,25.309892389837394,43.68547354641169
96400,0.06,0,0.42063513874625286,0.631578947368421,0.3099140708915145,0.26,0,0,0,50.67147555772288,25.309892389837394,43.67979386204448
96500,0.06,0,0.42069098419776874,0.631578947368421,0.30774436090225565,0.27,0,0,0,50.66026305091923,25.309892389837394,43.683661755987444
96600,0.06,0,0.42061386217263697,0.631578947368421,0.30772287862513426,0.4,0,0,0,50.67056961556832,25.309892389837394,43.682784379029165
96700,0.06,0,0.42067016070863333,0.631578947368421,0.3042212674543502,0.48,0,0,0,50.66043531938469,25.309892389837394,43.68567557845455
96800,0.06,0,0.42067473332268207,0.631578947368421,0.3000214822771214,0.26,0,0,0,50.65712383052755,25.309892389837394,43.688056457401245
96900,0.06,0,0.42059631280261356,0.631578947368421,0.3059828141783029,0.37,0,0,0,50.66615763999528,25.309892389837394,43.68841106880565
97000,0.06,0,0.4206052181361289,0.631578947368421,0.3035875402792696,0.37,0,0,0,50.65708515783624,25.309892389837394,43.69531032342534
97100,0.06,0,0.42059514026874506,0.631578947368421,0.30748657357679915,0.33,0,0,0,50.668034793383974,25.309892389837394,43.686914286981505
97200,0.06,0,0.4206532108926841,0.631578947368421,0.3066702470461869,0.25,0,0,0,50.65647379788038,25.309892389837394,43.69085236792356
97300,0.06,0,0.42072099360725307,0.631578947368421,0.30867883995703543,0.3,0,0,0,50.65622707378246,25.309892389837394,43.684026062354086
97400,0.06,0,0.42071928646955703,0.631578947368421,0.3054564983888292,0.36,0,0,0,50.64845108592878,25.309892389837394,43.6909100938337
97500,0.06,0,0.42066545830158136,0.631578947368421,0.30513426423200857,0.38,0,0,0,50.64070941039232,25.309892389837394,43.70318084635347
97600,0.06,0,0.42061940115248386,0.631578947368421,0.3074436090225564,0.46,0,0,0,50.65060515151137,25.309892389837394,43.699426934873195
97700,0.06,0,0.42056430776383785,0.631578947368421,0.3034908700322234,0.33,0,0,0,50.65041245333411,25.309892389837394,43.70531777925444
97800,0.06,0,0.4205240405759652,0.631578947368421,0.30613319011815254,0.44,0,0,0,50.644177154052855,25.309892389837394,43.71488427622347
97900,0.06,0,0.4205632817373421,0.631578947368421,0.3104296455424275,0.35,0,0,0,50.6421753669865,25.309892389837394,43.71253320996183
98000,0.06,0,0.42071076249157296,0.631578947368421,0.31165413533834585,0.44,0,0,0,50.63268409594584,25.309892389837394,43.70540091195324
98100,0.06,0,0.4207626083339182,0.631578947368421,0.30828141783029,0.33,0,0,0,50.63233485853632,25.309892389837394,43.7003170087327
98200,0.06,0,0.4208317789697908,0.631578947368421,0.3021160042964554,0.35,0,0,0,50.6253917644435,25.309892389837394,43.69912650107777
98300,0.06,0,0.42079567841288434,0.631578947368421,0.3070354457572503,0.31,0,0,0,50.62460745312175,25.309892389837394,43.703552575691674
98400,0.06,0,0.4207541767009655,0.631578947368421,0.30685284640171856,0.37,0,0,0,50.63485416763455,25.309892389837394,43.69901840530904
98500,0.06,0,0.42070460918045754,0.631578947368421,0.3106015037593985,0.46,0,0,0,50.63372801052466,25.309892389837394,43.70513906945541
98600,0.06,0,0.42071710039154375,0.631578947368421,0.30671321160042964,0.3,0,0,0,50.62799183340216,25.309892389837394,43.70879311874802
98700,0.06,0,0.420721354953794,0.631578947368421,0.3079269602577873,0.32,0,0,0,50.6294303471577,25.309892389837394,43.70710924385525
98800,0.06,0,0.42071347359107863,0.631578947368421,0.30392051557465094,0.31,0,0,0,50.626093062653005,25.309892389837394,43.71080926075166
98900,0.06,0,0.42073414758662514,0.631578947368421,0.30857142857142855,0.4,0,0,0,50.62479372835949,25.309892389837394,43.709783228126085
99000,0.06,0,0.4207269116581713,0.631578947368421,0.3065950590762621,0.36,0,0,0,50.6310984950616,25.309892389837394,43.70509198350724
99100,0.06,0,0.4206500830027215,0.631578947368421,0.3027389903329753,0.28,0,0,0,50.635244120725474,25.309892389837394,43.70949550685345
99200,0.06,0,0.4206763237674683,0.631578947368421,0.3061654135338346,0.36,0,0,0,50.634158899307195,25.309892389837394,43.70770576443142
99300,0.06,0,0.4207581190566649,0.631578947368421,0.3088936627282492,0.43,0,0,0,50.62310854635192,25.309892389837394,43.708747953237335
99400,0.06,0,0.42068647513324064,0.631578947368421,0.3029967776584318,0.25,0,0,0,50.62481138041909,25.309892389837394,43.714721205358586
99500,0.06,0,0.4206860786327438,0.631578947368421,0.30355531686358755,0.29,0,0,0,50.62373194157668,25.309892389837394,43.71569452727064
99600,0.06,0,0.4207262691592492,0.631578947368421,0.3053168635875403,0.27,0,0,0,50.62491447549222,25.309892389837394,43.71049747231176
99700,0.06,0,0.42064070483823524,0.631578947368421,0.30933404940923737,0.45,0,0,0,50.62541357985592,25.309892389837394,43.71895779170725
99800,0.06,0,0.4205999152995168,0.631578947368421,0.3040923737916219,0.41,0,0,0,50.63303126736959,25.309892389837394,43.716619521031305
99900,0.06,0,0.4207206021672324,0.631578947368421,0.30501611170784104,0.32,0,0,0,50.6277696362254,25.309892389837394,43.708621147491414
100000,0.06,0,0.42066181332756003,0.631578947368421,0.30339419978517723,0.39,0,0,0,50.62658513682183,25.309892389837394,43.71575235189315
100100,0.06,0,0.42078088966591426,0.631578947368421,0.2995381310418904,0.31,0,0,0,50.62005478093382,25.309892389837394,43.70901933204132
100200,0.06,0,0.4207548962885809,0.631578947368421,0.3076799140708915,0.29,0,0,0,50.62198738756698,25.309892389837394,43.71005079406536
100300,0.06,0,0.42072799401208244,0.631578947368421,0.30644468313641243,0.35,0,0,0,50.624589078760785,25.309892389837394,43.71059922725443
100400,0.06,0,0.4206160224852482,0.631578947368421,0.3045972073039742,0.36,0,0,0,50.63400872183301,25.309892389837394,43.714101538031805
100500,0.06,0,0.42065168551529175,0.631578947368421,0.30847475832438237,0.43,0,0,0,50.622727188750844,25.309892389837394,43.72013652246048
100600,0.06,0,0.42057810535314527,0.631578947368421,0.30671321160042964,0.45,0,0,0,50.63909194563602,25.309892389837394,43.71365409475467
100700,0.06,0,0.42057694292481645,0.631578947368421,0.3143394199785177,0.37,0,0,0,50.645494084506346,25.309892389837394,43.70824901997132
100800,0.06,0,0.4205947851200476,0.631578947368421,0.30588614393125674,0.41,0,0,0,50.64434196491571,25.309892389837394,43.70738914405316
100900,0.06,0,0.4206467437904904,0.631578947368421,0.3016219119226638,0.3,0,0,0,50.643568589883756,25.309892389837394,43.70265773796793
101000,0.06,0,0.42062279827382637,0.631578947368421,0.30867883995703543,0.38,0,0,0,50.655752112960826,25.309892389837394,43.6946338838035
101100,0.06,0,0.4205602577812509,0.631578947368421,0.3116326530612245,0.37,0,0,0,50.651583012250754,25.309892389837394,43.70472861980592
101200,0.06,0,0.4205951925217618,0.631578947368421,0.3071858216970999,0.45,0,0,0,50.65419382817418,25.309892389837394,43.69884605442697
101300,0.06,0,0.4206090631189498,0.631578947368421,0.3032330827067669,0.34,0,0,0,50.65573062741313,25.309892389837394,43.69607928292426
101400,0.06,0,0.42059243027027615,0.631578947368421,0.3082706766917293,0.42,0,0,0,50.65187985572483,25.309892389837394,43.70112939197654
101500,0.06,0,0.42052383217072875,0.631578947368421,0.30542427497314717,0.3,0,0,0,50.658296791361465,25.309892389837394,43.702721586741944
101600,0.06,0,0.42044091362877256,0.631578947368421,0.31139634801288935,0.33,0,0,0,50.66702082291036,25.309892389837394,43.70381417550175
101700,0.06,0,0.4204952440063285,0.631578947368421,0.3087540279269603,0.35,0,0,0,50.66573947826938,25.309892389837394,43.69927252772714
101800,0.06,0,0.42044551589979656,0.631578947368421,0.30534908700322233,0.35,0,0,0,50.67400979008994,25.309892389837394,43.69730821506253
101900,0.06,0,0.4206111300604818,0.631578947368421,0.3016433941997852,0.36,0,0,0,50.66310953251872,25.309892389837394,43.68950040413168
102000,0.06,0,0.42055080089802527,0.631578947368421,0.3075295381310419,0.24,0,0,0,50.66320763921814,25.309892389837394,43.695683167831014
102100,0.06,0,0.42056588029027453,0.631578947368421,0.3062083780880773,0.3,0,0,0,50.65878382051992,25.309892389837394,43.69793208240615
102200,0.06,0,0.4205517195248826,0.631578947368421,0.3057894736842105,0.36,0,0,0,50.66647187972635,25.309892389837394,43.69277258771876
102300,0.06,0,0.42061007008160367,0.631578947368421,0.3055853920515575,0.32,0,0,0,50.65714058737212,25.309892389837394,43.694758465097735
102400,0.06,0,0.4205682355227182,0.631578947368421,0.3078625134264232,0.35,0,0,0,50.669484320700064,25.309892389837394,43.688459188960074
102500,0.06,0,0.4206022834827716,0.631578947368421,0.3066595059076262,0.29,0,0,0,50.67021139868849,25.309892389837394,43.6842957423282
102600,0.06,0,0.4205989092068651,0.631578947368421,0.31166487647690655,0.27,0,0,0,50.67249114501979,25.309892389837394,43.68268083735358
102700,0.06,0,0.4206391707405578,0.631578947368421,0.3058968850698174,0.31,0,0,0,50.66785737378436,25.309892389837394,43.68249431128462
102800,0.06,0,0.4207726350091228,0.631578947368421,0.3103329752953813,0.32,0,0,0,50.66370701243484,25.309892389837394,43.67221605024077
102900,0.06,0,0.420780495834648,0.631578947368421,0.3036842105263158,0.41,0,0,0,50.6624246261361,25.309892389837394,43.67250561307709
103000,0.06,0,0.42084876378502367,0.631578947368421,0.30254564983888294,0.33,0,0,0,50.65880941799778,25.309892389837394,43.668537413855915
103100,0.06,0,0.4207601058818865,0.631578947368421,0.3041138560687433,0.38,0,0,0,50.66900568874513,25.309892389837394,43.66894936590267
103200,0.06,0,0.42073718997286746,0.631578947368421,0.30251342642320084,0.36,0,0,0,50.67990432140851,25.309892389837394,43.66193639330283
103300,0.06,0,0.42080292297644745,0.631578947368421,0.3023630504833512,0.38,0,0,0,50.668463668542124,25.309892389837394,43.66497310524261
103400,0.06,0,0.420850991238637,0.631578947368421,0.29588614393125673,0.4,0,0,0,50.657824881148436,25.309892389837394,43.66915498304855
103500,0.06,0,0.42080745534438246,0.631578947368421,0.297078410311493,0.37,0,0,0,50.66266471911056,25.309892389837394,43.66950073118682
103600,0.06,0,0.42075370899726255,0.631578947368421,0.30388829215896884,0.3,0,0,0,50.66787075158352,25.309892389837394,43.670591461558
103700,0.06,0,0.4207631552568743,0.631578947368421,0.3035123523093448,0.37,0,0,0,50.66606089856136,25.309892389837394,43.671170974986445
103800,0.06,0,0.4207100500479728,0.631578947368421,0.3080343716433942,0.45,0,0,0,50.669563807767695,25.309892389837394,43.673664006428474
103900,0.06,0,0.4207561677716277,0.631578947368421,0.3094951664876477,0.32,0,0,0,50.662305302307175,25.309892389837394,43.675133618121926
104000,0.06,0,0.4206826136902183,0.631578947368421,0.30425349087003223,0.31,0,0,0,50.66348184713511,25.309892389837394,43.681755545614706
104100,0.06,0,0.4207009261904554,0.631578947368421,0.3083995703544576,0.43,0,0,0,50.66694491458691,25.309892389837394,43.67686863993289
104200,0.06,0,0.420549538079188,0.631578947368421,0.3075080558539205,0.26,0,0,0,50.67548317132688,25.309892389837394,43.68522958597738
104300,0.06,0,0.42053908408608637,0.631578947368421,0.3090118152524168,0.33,0,0,0,50.67653931423625,25.309892389837394,43.68540507697142
104400,0.06,0,0.4206636927644076,0.631578947368421,0.3144253490870032,0.42,0,0,0,50.68246468249175,25.309892389837394,43.667358801686895
104500,0.06,0,0.4206133371447691,0.631578947368421,0.3125671321160043,0.42,0,0,0,50.68168721154278,25.309892389837394,43.67325658560421
104600,0.06,0,0.42068946996003936,0.631578947368421,0.30663802363050485,0.41,0,0,0,50.680276979860714,25.309892389837394,43.666568003811804
104700,0.06,0,0.4206554961176572,0.631578947368421,0.3117293233082707,0.49,0,0,0,50.67369278012582,25.309892389837394,43.67576889196037
104800,0.06,0,0.42066894925805565,0.631578947368421,0.30748657357679915,0.28,0,0,0,50.67188054313559,25.309892389837394,43.675934102581856
104900,0.06,0,0.4206744610038291,0.631578947368421,0.30671321160042964,0.54,0,0,0,50.67471810475212,25.309892389837394,43.67291622491863
105000,0.06,0,0.4207667361105165,0.631578947368421,0.30439312567132115,0.36,0,0,0,50.66875872236048,25.309892389837394,43.668474097779566
105100,0.06,0,0.4206903876631609,0.631578947368421,0.30639097744360905,0.39,0,0,0,50.67420123428309,25.309892389837394,43.671708280152146
105200,0.06,0,0.4206649315765081,0.631578947368421,0.3041890440386681,0.36,0,0,0,50.67601285485915,25.309892389837394,43.67278970904362
105300,0.06,0,0.42051154567914456,0.631578947368421,0.3089903329752954,0.26,0,0,0,50.68172893903523,25.309892389837394,43.683792421644846
105400,0.06,0,0.42052769255849426,0.631578947368421,0.31070891514500537,0.43,0,0,0,50.68513305142523,25.309892389837394,43.67918133174185
105500,0.06,0,0.42043462343448523,0.631578947368421,0.30859291084854995,0.42,0,0,0,50.681147425496846,25.309892389837394,43.692286076912076
105600,0.06,0,0.4203703112300993,0.631578947368421,0.31511278195488723,0.42,0,0,0,50.68064604070011,25.309892389837394,43.699402848743915
105700,0.06,0,0.4203895934048547,0.631578947368421,0.31021482277121376,0.39,0,0,0,50.68237279527268,25.309892389837394,43.695909695400864
105800,0.06,0,0.42043157783048457,0.631578947368421,0.31251342642320085,0.23,0,0,0,50.68427641497392,25.309892389837394,43.68990522449825
105900,0.06,0,0.42044225844978367,0.631578947368421,0.3121160042964554,0.5,0,0,0,50.67349662888152,25.309892389837394,43.69808928566495
106000,0.06,0,0.42049837763564096,0.631578947368421,0.3091299677765843,0.39,0,0,0,50.66388021027288,25.309892389837394,43.700550541108704
106100,0.06,0,0.4204998232294248,0.631578947368421,0.30215896885069815,0.31,0,0,0,50.66711753418415,25.309892389837394,43.69760811480485
106200,0.06,0,0.42055313026570756,0.631578947368421,0.30576799140708916,0.4,0,0,0,50.66325535112172,25.309892389837394,43.69539999535501
106300,0.06,0,0.42051739781192654,0.631578947368421,0.3060902255639098,0.31,0,0,0,50.66624244819571,25.309892389837394,43.69653656630587
106400,0.06,0,0.4204574984354818,0.631578947368421,0.31240601503759396,0.39,0,0,0,50.67378388721502,25.309892389837394,43.69625769036856
106500,0.06,0,0.4205135045742923,0.631578947368421,0.31288936627282493,0.42,0,0,0,50.67052732899015,25.309892389837394,43.69324595225195
106600,0.06,0,0.42051058730706437,0.631578947368421,0.307046186895811,0.31,0,0,0,50.66698272236673,25.309892389837394,43.696605824393224
106700,0.06,0,0.42048860862027765,0.631578947368421,0.30842105263157893,0.29,0,0,0,50.66448248265178,25.309892389837394,43.70104631464488
106800,0.06,0,0.42050633772407425,0.631578947368421,0.3068098818474758,0.41,0,0,0,50.660928107644374,25.309892389837394,43.7022697605296
106900,0.06,0,0.42055059048451987,0.631578947368421,0.307422126745435,0.33,0,0,0,50.660662993632094,25.309892389837394,43.6978998312131
107000,0.06,0,0.42043042166562017,0.631578947368421,0.3101396348012889,0.32,0,0,0,50.67260019032681,25.309892389837394,43.70009263590343
107100,0.06,0,0.4204545127588387,0.631578947368421,0.3118582169709989,0.28,0,0,0,50.672219058108475,25.309892389837394,43.697917391753386
107200,0.06,0,0.4203998683789818,0.631578947368421,0.3133082706766917,0.45,0,0,0,50.68326010248382,25.309892389837394,43.69407676404453
107300,0.06,0,0.420362300639845,0.631578947368421,0.31171858216971,0.29,0,0,0,50.68530371305956,25.309892389837394,43.696219814932114
107400,0.06,0,0.420327451615792,0.631578947368421,0.31532760472610094,0.41,0,0,0,50.69356559203076,25.309892389837394,43.69272057088531
107500,0.06,0,0.42037705806895886,0.631578947368421,0.31361976369495165,0.34,0,0,0,50.68091713387036,25.309892389837394,43.69846775029342
107600,0.06,0,0.4203096079862237,0.631578947368421,0.3140386680988185,0.41,0,0,0,50.69354436446285,25.309892389837394,43.69459377822094
107700,0.06,0,0.42020218506781293,0.631578947368421,0.3151450053705693,0.37,0,0,0,50.69619131118751,25.309892389837394,43.70348215411815
107800,0.06,0,0.4202670355078936,0.631578947368421,0.31154672395273897,0.51,0,0,0,50.69247878165528,25.309892389837394,43.69993855765446
107900,0.06,0,0.42020524147943417,0.631578947368421,0.31139634801288935,0.41,0,0,0,50.701369626900615,25.309892389837394,43.69870070827748
108000,0.06,0,0.42018332238200956,0.631578947368421,0.3124704618689581,0.34,0,0,0,50.704925507835334,25.309892389837394,43.69791557345798
108100,0.06,0,0.42015435789929095,0.631578947368421,0.31328678839957036,0.37,0,0,0,50.703188240733944,25.309892389837394,43.70242535342436
108200,0.06,0,0.42009020467402686,0.631578947368421,0.3135875402792696,0.42,0,0,0,50.69192701146929,25.309892389837394,43.718809272499165
108300,0.06,0,0.4200780893477307,0.631578947368421,0.3123845327604726,0.42,0,0,0,50.70010800592848,25.309892389837394,43.71301545939049
108400,0.06,0,0.42016472139277466,0.631578947368421,0.3159291084854995,0.31,0,0,0,50.70986843072686,25.309892389837394,43.69559048673834
108500,0.06,0,0.4200864970016388,0.631578947368421,0.31386680988184745,0.37,0,0,0,50.726808065101416,25.309892389837394,43.68913269422462
108600,0.06,0,0.41996152743463866,0.631578947368421,0.3167561761546724,0.4,0,0,0,50.73491648376142,25.309892389837394,43.69514899325905
108700,0.06,0,0.41996321029708455,0.631578947368421,0.3138453276047261,0.34,0,0,0,50.733401950794125,25.309892389837394,43.696278315867964
108800,0.06,0,0.4200380496869991,0.631578947368421,0.3148012889366273,0.35,0,0,0,50.72934443306619,25.309892389837394,43.691987188795245
108900,0.06,0,0.4199374565587739,0.631578947368421,0.31634801288936626,0.22,0,0,0,50.7344786349193,25.309892389837394,43.69803072514608
109000,0.06,0,0.41998255872117796,0.631578947368421,0.31339419978517724,0.26,0,0,0,50.7355923947087,25.309892389837394,43.69237880258582
109100,0.06,0,0.4199415621532228,0.631578947368421,0.31574650912996777,0.36,0,0,0,50.733567057782636,25.309892389837394,43.69838866306926
109200,0.06,0,0.41990928430288105,0.631578947368421,0.31780880773361975,0.42,0,0,0,50.75295953641785,25.309892389837394,43.685049456070274
109300,0.06,0,0.4198839547999699,0.631578947368421,0.3150375939849624,0.46,0,0,0,50.736203315048684,25.309892389837394,43.70211312314453
109400,0.06,0,0.4199367756240831,0.631578947368421,0.3141890440386681,0.36,0,0,0,50.73837913789985,25.309892389837394,43.69474229923375
109500,0.06,0,0.420023842426103,0.631578947368421,0.3158109559613319,0.39,0,0,0,50.7310351683163,25.309892389837394,43.692008874427486
109600,0.06,0,0.42009899518222676,0.631578947368421,0.3117937701396348,0.37,0,0,0,50.72710801291354,25.309892389837394,43.687574593240164
109700,0.06,0,0.4202242248287192,0.631578947368421,0.3200859291084855,0.46,0,0,0,50.70576780445714,25.309892389837394,43.69293642963882
109800,0.06,0,0.4202850963274945,0.631578947368421,0.31597207303974223,0.32,0,0,0,50.69967921752829,25.309892389837394,43.69185459305258
109900,0.06,0,0.4201365812314161,0.631578947368421,0.31398496240601503,0.44,0,0,0,50.70630923588152,25.309892389837394,43.70158445782761
110000,0.06,0,0.4202119040066501,0.631578947368421,0.31466165413533836,0.31,0,0,0,50.69175161043539,25.309892389837394,43.706298914513255
110100,0.06,0,0.4202712712328394,0.631578947368421,0.31133190118152526,0.3,0,0,0,50.68563555664734,25.309892389837394,43.705398130551714
110200,0.06,0,0.42025494892971726,0.631578947368421,0.3151772287862513,0.4,0,0,0,50.685912872241666,25.309892389837394,43.706856474010415
110300,0.06,0,0.42033839958364694,0.631578947368421,0.31647690655209454,0.4,0,0,0,50.67366403833129,25.309892389837394,43.70874198148286
110400,0.06,0,0.420365817841607,0.631578947368421,0.314672395273899,0.28,0,0,0,50.66915745914407,25.309892389837394,43.70977834688242
110500,0.06,0,0.4203560187643242,0.631578947368421,0.3149624060150376,0.34,0,0,0,50.66228837650531,25.309892389837394,43.71672384171031
110600,0.06,0,0.4203147202483198,0.631578947368421,0.3089151450053706,0.43,0,0,0,50.66168480247838,25.309892389837394,43.721540163915414
110700,0.06,0,0.4202612668717421,0.631578947368421,0.31387755102040815,0.41,0,0,0,50.67825193637121,25.309892389837394,43.712806396604954
110800,0.06,0,0.4203855069581041,0.631578947368421,0.30967776584317935,0.44,0,0,0,50.67505882799037,25.309892389837394,43.70264117381612
110900,0.06,0,0.420281581533819,0.631578947368421,0.31437164339419976,0.34,0,0,0,50.680840437063026,25.309892389837394,43.70846099788175
111000,0.06,0,0.4202837883375319,0.631578947368421,0.3112459720730397,0.41,0,0,0,50.68094822543942,25.309892389837394,43.7081385370408
111100,0.06,0,0.4201763310052949,0.631578947368421,0.31474758324382385,0.34,0,0,0,50.68742981478369,25.309892389837394,43.713726055002184
111200,0.06,0,0.42013668445498537,0.631578947368421,0.31895810955961335,0.47,0,0,0,50.69791862450837,25.309892389837394,43.70880642245133
111300,0.06,0,0.4200892612958103,0.631578947368421,0.31448979591836734,0.35,0,0,0,50.70729204050008,25.309892389837394,43.705660000805395
111400,0.06,0,0.4200136881856542,0.631578947368421,0.32396348012889364,0.45,0,0,0,50.715724476457034,25.309892389837394,43.70625577572047
111500,0.06,0,0.42008367409227726,0.631578947368421,0.3137056928034372,0.36,0,0,0,50.716030157102864,25.309892389837394,43.698710930235016
111600,0.06,0,0.4202540681829975,0.631578947368421,0.31560687432867884,0.43,0,0,0,50.70083571660354,25.309892389837394,43.69408374846135
111700,0.06,0,0.4203748999891653,0.631578947368421,0.3095166487647691,0.41,0,0,0,50.68780534363119,25.309892389837394,43.692753659707996
111800,0.06,0,0.4204169975476697,0.631578947368421,0.3054564983888292,0.37,0,0,0,50.681293502479775,25.309892389837394,43.69399192796679
111900,0.06,0,0.4204288010636633,0.631578947368421,0.3135767991407089,0.42,0,0,0,50.686302647758595,25.309892389837394,43.688447222403376
112000,0.06,0,0.4204202187597093,0.631578947368421,0.31339419978517724,0.31,0,0,0,50.688230037542446,25.309892389837394,43.68767780120179
112100,0.06,0,0.4203681857568369,0.631578947368421,0.3072824919441461,0.47,0,0,0,50.69043397391519,25.309892389837394,43.69118574095959
112200,0.06,0,0.4205086980193251,0.631578947368421,0.30781954887218044,0.32,0,0,0,50.68144847683541,25.309892389837394,43.68432998572342
112300,0.06,0,0.4205542595019438,0.631578947368421,0.3119763694951665,0.38,0,0,0,50.68125359015375,25.309892389837394,43.6797653302174
112400,0.06,0,0.4205198537085635,0.631578947368421,0.3101288936627282,0.43,0,0,0,50.672889044809,25.309892389837394,43.690549874352804
112500,0.06,0,0.42058633474840745,0.631578947368421,0.31032223415682064,0.44,0,0,0,50.6523387169264,25.309892389837394,43.70136685301123
112600,0.06,0,0.4206253434392417,0.631578947368421,0.3114715359828142,0.46,0,0,0,50.64927503433153,25.309892389837394,43.699957170110835
112700,0.06,0,0.4205368729506247,0.631578947368421,0.30493018259935556,0.33,0,0,0,50.64989345575373,25.309892389837394,43.708616876330375
112800,0.06,0,0.4205355513126139,0.631578947368421,0.3077765843179377,0.37,0,0,0,50.659133565236885,25.309892389837394,43.70078186530105
112900,0.06,0,0.42054465904131494,0.631578947368421,0.30725026852846404,0.38,0,0,0,50.653720030783674,25.309892389837394,43.704505787470914
113000,0.06,0,0.42052982488065144,0.631578947368421,0.31156820622986037,0.4,0,0,0,50.66093433042673,25.309892389837394,43.699823562222406
113100,0.06,0,0.42047503479638104,0.631578947368421,0.31114930182599354,0.39,0,0,0,50.6567457050613,25.309892389837394,43.70913172971613
113200,0.06,0,0.4206178333863425,0.631578947368421,0.3104189044038668,0.4,0,0,0,50.649261529985495,25.309892389837394,43.70074907638635
113300,0.06,0,0.4206130671589862,0.631578947368421,0.3048227712137487,0.39,0,0,0,50.64505071326128,25.309892389837394,43.70487775964898
113400,0.06,0,0.4206281778229934,0.631578947368421,0.3059183673469388,0.45,0,0,0,50.649562242704405,25.309892389837394,43.699414900983356
113500,0.06,0,0.4206981399679101,0.631578947368421,0.30406015037593986,0.33,0,0,0,50.64510579221466,25.309892389837394,43.695992317636254
113600,0.06,0,0.4205977098037734,0.631578947368421,0.31142857142857144,0.42,0,0,0,50.65084735663692,25.309892389837394,43.70147165598506
113700,0.06,0,0.4204762114025498,0.631578947368421,0.30825993555316866,0.33,0,0,0,50.65231433185851,25.309892389837394,43.71283335031021
113800,0.06,0,0.42040618605957825,0.631578947368421,0.31312567132116004,0.43,0,0,0,50.65936098788085,25.309892389837394,43.714033003401255
113900,0.06,0,0.4203432341619733,0.631578947368421,0.313609022556391,0.35,0,0,0,50.66193227667028,25.309892389837394,43.71836076331215
114000,0.06,0,0.42034022470537097,0.631578947368421,0.30895810955961334,0.37,0,0,0,50.65925145584505,25.309892389837394,43.72098730271636
114100,0.06,0,0.420250945411305,0.631578947368421,0.3104081632653061,0.22,0,0,0,50.66296016188599,25.309892389837394,43.72707430310088
114200,0.06,0,0.4202785485557668,0.631578947368421,0.31240601503759396,0.36,0,0,0,50.67015946956574,25.309892389837394,43.71798997339102
114300,0.06,0,0.4202725171867606,0.631578947368421,0.3049731471535983,0.27,0,0,0,50.675671118596455,25.309892389837394,43.713862396747245
114400,0.06,0,0.4202308403961712,0.631578947368421,0.3144575725026853,0.34,0,0,0,50.68030494901894,25.309892389837394,43.71420049326269
114500,0.06,0,0.42014086397334194,0.631578947368421,0.3117400644468314,0.45,0,0,0,50.6907413532524,25.309892389837394,43.71456025348263
114600,0.06,0,0.4201976748245671,0.631578947368421,0.31583243823845325,0.36,0,0,0,50.68727195570785,25.309892389837394,43.71164176287647
114700,0.06,0,0.4202038199790616,0.631578947368421,0.3184747583243824,0.42,0,0,0,50.68710797576048,25.309892389837394,43.71114392532828
114800,0.06,0,0.4202363452788741,0.631578947368421,0.31439312567132116,0.38,0,0,0,50.68346830174546,25.309892389837394,43.710899521607764
114900,0.06,0,0.42028723227324394,0.631578947368421,0.31265306122448977,0.38,0,0,0,50.67612649752821,25.309892389837394,43.71193908622124
115000,0.06,0,0.4201609376285719,0.631578947368421,0.3125886143931257,0.35,0,0,0,50.67415095160227,25.309892389837394,43.7267829330405
115100,0.06,0,0.42023367725436583,0.631578947368421,0.3073254564983888,0.35,0,0,0,50.67510415797332,25.309892389837394,43.718391755706925
115200,0.06,0,0.4202304081449164,0.631578947368421,0.31240601503759396,0.33,0,0,0,50.693120444053605,25.309892389837394,43.703194260232905
115300,0.06,0,0.42028060078448065,0.631578947368421,0.31191192266380235,0.35,0,0,0,50.6842766107622,25.309892389837394,43.70559974349949
115400,0.06,0,0.4202622968592401,0.631578947368421,0.3113426423200859,0.43,0,0,0,50.68905569086592,25.309892389837394,43.703382435217925
115500,0.06,0,0.42019373010002337,0.631578947368421,0.30870032223415683,0.44,0,0,0,50.69010396479669,25.309892389837394,43.70960997032647
115600,0.06,0,0.4203035508368916,0.631578947368421,0.30645542427497313,0.37,0,0,0,50.68482053249319,25.309892389837394,43.70274426506082
115700,0.06,0,0.42035091518231665,0.631578947368421,0.3101181525241676,0.47,0,0,0,50.67689767503307,25.309892389837394,43.7046516667004
115800,0.06,0,0.42036651817556464,0.631578947368421,0.30825993555316866,0.33,0,0,0,50.675987848293936,25.309892389837394,43.70381409084921
115900,0.06,0,0.42032073429666567,0.631578947368421,0.30961331901181527,0.28,0,0,0,50.676970393383876,25.309892389837394,43.70772713576889
116000,0.06,0,0.4204861186700257,0.631578947368421,0.31056928034371645,0.36,0,0,0,50.67925697959164,25.309892389837394,43.68856487640108
116100,0.06,0,0.4204448833376777,0.631578947368421,0.3083029001074114,0.47,0,0,0,50.678039659251276,25.309892389837394,43.69389918464027
116200,0.06,0,0.4204890884814684,0.631578947368421,0.3067561761546724,0.35,0,0,0,50.67569598121611,25.309892389837394,43.69132630338381
116300,0.06,0,0.42042971612669877,0.631578947368421,0.31489795918367347,0.43,0,0,0,50.67946527671534,25.309892389837394,43.69424630650608
116400,0.06,0,0.42044736299229823,0.631578947368421,0.3093877551020408,0.42,0,0,0,50.683136523017986,25.309892389837394,43.68924751594077
116500,0.06,0,0.4204928058727595,0.631578947368421,0.31071965628356607,0.36,0,0,0,50.67164513385209,25.309892389837394,43.69443283595447
116600,0.06,0,0.42040670285212467,0.631578947368421,0.31353383458646616,0.38,0,0,0,50.67748633085603,25.309892389837394,43.69834449666033
116700,0.06,0,0.4204339814283686,0.631578947368421,0.310687432867884,0.34,0,0,0,50.673629980497616,25.309892389837394,43.6988345662658
116800,0.06,0,0.42044802334351355,0.631578947368421,0.3058324382384533,0.28,0,0,0,50.66132498168622,25.309892389837394,43.70798867716053
116900,0.06,0,0.42049248839458575,0.631578947368421,0.31294307196562837,0.46,0,0,0,50.65417405307616,25.309892389837394,43.70953644064622
117000,0.06,0,0.42051818918290046,0.631578947368421,0.3058002148227712,0.31,0,0,0,50.654950668737264,25.309892389837394,43.706194955994604
117100,0.06,0,0.42035022486774626,0.631578947368421,0.30860365198711065,0.31,0,0,0,50.655981068538594,25.309892389837394,43.72276976912257
117200,0.06,0,0.4202457387122671,0.631578947368421,0.31387755102040815,0.44,0,0,0,50.677076627117266,25.309892389837394,43.715435423529684
117300,0.06,0,0.42028063065739524,0.631578947368421,0.31979591836734694,0.38,0,0,0,50.67747003299332,25.309892389837394,43.71146681048724
117400,0.06,0,0.42025831373421696,0.631578947368421,0.31067669172932333,0.41,0,0,0,50.66532969036223,25.309892389837394,43.724262640581536
117500,0.06,0,0.4202726206385455,0.631578947368421,0.311203007518797,0.42,0,0,0,50.66044006860943,25.309892389837394,43.72699419613238
117600,0.06,0,0.42017397033458637,0.631578947368421,0.3142749731471536,0.29,0,0,0,50.666108024351466,25.309892389837394,43.732367779286335
117700,0.06,0,0.4201238846616282,0.631578947368421,0.31182599355531687,0.4,0,0,0,50.66790281269653,25.309892389837394,43.73603209797762
117800,0.06,0,0.4201111627909312,0.631578947368421,0.31720730397422126,0.34,0,0,0,50.66664427367586,25.309892389837394,43.7384429375188
117900,0.06,0,0.42023197310342164,0.631578947368421,0.31867883995703544,0.42,0,0,0,50.65445446447618,25.309892389837394,43.736391269592474
118000,0.06,0,0.4202412806791833,0.631578947368421,0.31171858216971,0.35,0,0,0,50.665537796487406,25.309892389837394,43.725855252804635
118100,0.06,0,0.4201543590487776,0.631578947368421,0.31745435016111706,0.29,0,0,0,50.668667712696426,25.309892389837394,43.73219966574684
118200,0.06,0,0.420083631216822,0.631578947368421,0.3164983888292159,0.51,0,0,0,50.676896348756614,25.309892389837394,43.732460494607764
118300,0.06,0,0.4201106255706413,0.631578947368421,0.31466165413533836,0.34,0,0,0,50.67934845009938,25.309892389837394,43.72753460740367
118400,0.06,0,0.4199863047457502,0.631578947368421,0.3160365198711063,0.42,0,0,0,50.69219864557834,25.309892389837394,43.72939049321636
118500,0.06,0,0.42002258536074516,0.631578947368421,0.3180128893662728,0.47,0,0,0,50.68611618215374,25.309892389837394,43.7308604311979
118600,0.06,0,0.4200420032734428,0.631578947368421,0.31722878625134265,0.3,0,0,0,50.684750371934584,25.309892389837394,43.730017187155816
118700,0.06,0,0.41993815701911297,0.631578947368421,0.3192158968850698,0.32,0,0,0,50.690300652069936,25.309892389837394,43.73604180138801
118800,0.06,0,0.41991958730533696,0.631578947368421,0.31612244897959185,0.31,0,0,0,50.69139367109549,25.309892389837394,43.737032811834986
118900,0.06,0,0.41998526682160237,0.631578947368421,0.31818474758324383,0.39,0,0,0,50.689963665501324,25.309892389837394,43.73142664816447
119000,0.06,0,0.4200524207259405,0.631578947368421,0.3188077336197637,0.42,0,0,0,50.68867340284147,25.309892389837394,43.72554828247975
119100,0.06,0,0.41995057931267255,0.631578947368421,0.31757250268528464,0.35,0,0,0,50.68985987022013,25.309892389837394,43.73512837563856
119200,0.06,0,0.42006928916941605,0.631578947368421,0.32214822771213747,0.42,0,0,0,50.68549000669092,25.309892389837394,43.72653857850537
119300,0.06,0,0.42010563567896286,0.631578947368421,0.3229752953813104,0.44,0,0,0,50.66851360912274,25.309892389837394,43.73740469895415
119400,0.06,0,0.4200774371990497,0.631578947368421,0.3176476906552094,0.43,0,0,0,50.668248105412296,25.309892389837394,43.74056985484789
119500,0.06,0,0.41991009724053274,0.631578947368421,0.31757250268528464,0.35,0,0,0,50.681577462580044,25.309892389837394,43.746492631910776
119600,0.06,0,0.4199257451507914,0.631578947368421,0.31832438238453276,0.44,0,0,0,50.677124028449626,25.309892389837394,43.74870672049742
119700,0.06,0,0.419758793577675,0.631578947368421,0.3132330827067669,0.4,0,0,0,50.68564307494662,25.309892389837394,43.75875095058895
119800,0.06,0,0.4198181008204517,0.631578947368421,0.31819548872180453,0.33,0,0,0,50.67474341695901,25.309892389837394,43.76197996361203
119900,0.06,0,0.4198615521455251,0.631578947368421,0.31609022556390975,0.36,0,0,0,50.67743930708325,25.309892389837394,43.75512328443968
120000,0.06,0,0.41974306903960457,0.631578947368421,0.32124597207303973,0.44,0,0,0,50.68393042109869,25.309892389837394,43.761868955199866
120100,0.06,0,0.41963432683123575,0.631578947368421,0.3239205155746509,0.45,0,0,0,50.689199686967385,25.309892389837394,43.76865888316422
120200,0.06,0,0.41975372920569154,0.631578947368421,0.3203544575725027,0.4,0,0,0,50.67947769278586,25.309892389837394,43.76460241385931
120300,0.06,0,0.41972138011033855,0.631578947368421,0.3180021482277121,0.41,0,0,0,50.685669925472574,25.309892389837394,43.76262837080131
120400,0.06,0,0.4198054521842588,0.631578947368421,0.3146186895810956,0.43,0,0,0,50.68295475023147,25.309892389837394,43.756208247299796
120500,0.06,0,0.41978928876462673,0.631578947368421,0.3165735767991407,0.42,0,0,0,50.68822397402298,25.309892389837394,43.753344230124206
120600,0.06,0,0.41983431935092375,0.631578947368421,0.3166702470461869,0.36,0,0,0,50.697041667983584,25.309892389837394,43.741042168000426
120700,0.06,0,0.4196588128542341,0.631578947368421,0.3138560687432868,0.42,0,0,0,50.698323886766154,25.309892389837394,43.758228488069655
120800,0.06,0,0.4197099728580429,0.631578947368421,0.31466165413533836,0.37,0,0,0,50.70068097324787,25.309892389837394,43.75086055318036
120900,0.06,0,0.4197034012542311,0.631578947368421,0.31796992481203007,0.36,0,0,0,50.70627469738517,25.309892389837394,43.74671908770647
121000,0.06,0,0.4196746923034426,0.631578947368421,0.32016111707841033,0.33,0,0,0,50.70641674612955,25.309892389837394,43.749589136790156
121100,0.06,0,0.4196504063022024,0.631578947368421,0.31945220193340496,0.32,0,0,0,50.70575145459543,25.309892389837394,43.75269506777932
121200,0.06,0,0.4197006054479813,0.631578947368421,0.31618689581095594,0.32,0,0,0,50.70205105646278,25.309892389837394,43.750654767505004
121300,0.06,0,0.41974217254566215,0.631578947368421,0.3165520945220193,0.43,0,0,0,50.69363714499527,25.309892389837394,43.7535829630583
121400,0.06,0,0.41976943189444643,0.631578947368421,0.3193340494092374,0.37,0,0,0,50.69273031402113,25.309892389837394,43.751524302500115
121500,0.06,0,0.41983820549546175,0.631578947368421,0.3194951664876477,0.37,0,0,0,50.690504236830236,25.309892389837394,43.74627841189342
121600,0.06,0,0.4199591982757658,0.631578947368421,0.30979591836734693,0.39,0,0,0,50.684490052779466,25.309892389837394,43.73886425045427
121700,0.06,0,0.4199346981220999,0.631578947368421,0.3108807733619764,0.33,0,0,0,50.696331428886445,25.309892389837394,43.73119921253341
121800,0.06,0,0.42003768040895656,0.631578947368421,0.311890440386681,0.46,0,0,0,50.67271028179557,25.309892389837394,43.74085781785908
121900,0.06,0,0.42010092799645826,0.631578947368421,0.3136842105263158,0.39,0,0,0,50.65811508260063,25.309892389837394,43.74687284534758
122000,0.06,0,0.4200931027107434,0.631578947368421,0.3102577873254565,0.39,0,0,0,50.66192251090257,25.309892389837394,43.74439994203753
122100,0.06,0,0.42009976303872754,0.631578947368421,0.30448979591836733,0.38,0,0,0,50.662308823045315,25.309892389837394,43.743372855257455
122200,0.06,0,0.42007656861163906,0.631578947368421,0.3102792696025779,0.39,0,0,0,50.66737834402757,25.309892389837394,43.7414111533491
122300,0.06,0,0.42012675227224633,0.631578947368421,0.31916219119226635,0.37,0,0,0,50.6770592524277,25.309892389837394,43.727831307874496
122400,0.06,0,0.42022778557163387,0.631578947368421,0.31143931256713214,0.4,0,0,0,50.66813097473383,25.309892389837394,43.725021509080406
122500,0.06,0,0.42030251045638434,0.631578947368421,0.3103759398496241,0.44,0,0,0,50.65492884176354,25.309892389837394,43.72864168369135
122600,0.06,0,0.4202931644426701,0.631578947368421,0.3089903329752954,0.39,0,0,0,50.65435181932131,25.309892389837394,43.73011221296997
122700,0.06,0,0.42037230210018106,0.631578947368421,0.30423200859291083,0.31,0,0,0,50.6474119521827,25.309892389837394,43.727870660834185
122800,0.06,0,0.42043763387465255,0.631578947368421,0.302406015037594,0.36,0,0,0,50.64380209431966,25.309892389837394,43.72419220043
122900,0.06,0,0.42046951929488185,0.631578947368421,0.3042105263157895,0.34,0,0,0,50.64161902820307,25.309892389837394,43.7227611941863
123000,0.06,0,0.42039078179280176,0.631578947368421,0.30416756176154675,0.41,0,0,0,50.64508618401272,25.309892389837394,43.727956476455574
123100,0.06,0,0.4203306233397452,0.631578947368421,0.30526315789473685,0.43,0,0,0,50.64090008745661,25.309892389837394,43.73783007159711
123200,0.06,0,0.4203289072817646,0.631578947368421,0.31113856068743284,0.29,0,0,0,50.641935553939696,25.309892389837394,43.73711433493456
123300,0.06,0,0.4203553897734927,0.631578947368421,0.3115037593984962,0.34,0,0,0,50.63639535378311,25.309892389837394,43.73914392461407
123400,0.06,0,0.4202527739003597,0.631578947368421,0.31549946294307196,0.34,0,0,0,50.64263351994941,25.309892389837394,43.74443488895243
123500,0.06,0,0.42027626031567444,0.631578947368421,0.3118689581095596,0.38,0,0,0,50.64237525848246,25.309892389837394,43.742213378012835
123600,0.06,0,0.42030613452831533,0.631578947368421,0.3119763694951665,0.33,0,0,0,50.635280240422226,25.309892389837394,43.74523302643304
123700,0.06,0,0.42035296843903613,0.631578947368421,0.30946294307196565,0.33,0,0,0,50.62986681296435,25.309892389837394,43.745035911786815
123800,0.06,0,0.42029391207544003,0.631578947368421,0.30738990332975297,0.42,0,0,0,50.640953573681614,25.309892389837394,43.74160422515212
123900,0.06,0,0.42021972269254226,0.631578947368421,0.3095059076262084,0.47,0,0,0,50.647252787611826,25.309892389837394,43.74388547321468
124000,0.06,0,0.4202298266785762,0.631578947368421,0.3121052631578947,0.37,0,0,0,50.652641605654836,25.309892389837394,43.7381799978341
124100,0.06,0,0.4201435120803877,0.631578947368421,0.30639097744360905,0.41,0,0,0,50.66511480517948,25.309892389837394,43.736395526565246
124200,0.06,0,0.4200978135551532,0.631578947368421,0.3154672395273899,0.44,0,0,0,50.65882263533992,25.309892389837394,43.74658614966182
124300,0.06,0,0.42008299864079085,0.631578947368421,0.3119548872180451,0.3,0,0,0,50.660065208525346,25.309892389837394,43.74705590509069
124400,0.06,0,0.4200494043214513,0.631578947368421,0.30760472610096673,0.31,0,0,0,50.66327334765117,25.309892389837394,43.74778425972348
124500,0.06,0,0.42006170199963383,0.631578947368421,0.3175295381310419,0.35,0,0,0,50.65860588605972,25.309892389837394,43.750534115429076
124600,0.06,0,0.42005987659748123,0.631578947368421,0.3171428571428571,0.41,0,0,0,50.65613442570005,25.309892389837394,43.75285878924867
124700,0.06,0,0.4199679466878178,0.631578947368421,0.31448979591836734,0.37,0,0,0,50.667289226727604,25.309892389837394,43.75280153467575
124800,0.06,0,0.4200381119642684,0.631578947368421,0.3154027926960258,0.39,0,0,0,50.66753347986138,25.309892389837394,43.745281962866535
124900,0.06,0,0.4201293901523134,0.631578947368421,0.31508055853920514,0.36,0,0,0,50.660551823040535,25.309892389837394,43.74180510808024
125000,0.06,0,0.42019161022961843,0.631578947368421,0.3115145005370569,0.31,0,0,0,50.659613389018226,25.309892389837394,43.73613818545083
125100,0.06,0,0.42022892204520207,0.631578947368421,0.3132223415682062,0.43,0,0,0,50.64405391341819,25.309892389837394,43.74569083558637
125200,0.06,0,0.4203000625225109,0.631578947368421,0.31583243823845325,0.4,0,0,0,50.63342795387485,25.309892389837394,43.74746533036143
125300,0.06,0,0.4201838301106309,0.631578947368421,0.317389903329753,0.31,0,0,0,50.63759842308774,25.309892389837394,43.75596287464871
125400,0.06,0,0.4201322304052248,0.631578947368421,0.3198174006444683,0.4,0,0,0,50.63415436960549,25.309892389837394,43.76431346014293
125500,0.06,0,0.42015557128918257,0.631578947368421,0.30979591836734693,0.41,0,0,0,50.64004232448178,25.309892389837394,43.756793997008934
125600,0.06,0,0.4200535262740028,0.631578947368421,0.31400644468313643,0.35,0,0,0,50.640251309624425,25.309892389837394,43.76724336010846
125700,0.06,0,0.42004273885335375,0.631578947368421,0.31269602577873257,0.32,0,0,0,50.65066170667589,25.309892389837394,43.75937152179688
125800,0.06,0,0.420123150329056,0.631578947368421,0.31214822771213746,0.3,0,0,0,50.636662663968394,25.309892389837394,43.763091415100824
125900,0.06,0,0.4201585588132497,0.631578947368421,0.31113856068743284,0.27,0,0,0,50.63235354099127,25.309892389837394,43.76312751285541
126000,0.06,0,0.42013915077396896,0.631578947368421,0.3132545649838883,0.3,0,0,0,50.62623469761203,25.309892389837394,43.77043871179559
126100,0.06,0,0.42016308071742303,0.631578947368421,0.31082706766917295,0.26,0,0,0,50.62017662914455,25.309892389837394,43.77318382716304
126200,0.06,0,0.4201605426029012,0.631578947368421,0.31535982814178304,0.38,0,0,0,50.62593341530193,25.309892389837394,43.76847067811118
126300,0.06,0,0.4201467688060678,0.631578947368421,0.31294307196562837,0.38,0,0,0,50.6249939613175,25.309892389837394,43.7707177962399
126400,0.06,0,0.42011446742888925,0.631578947368421,0.3122126745435016,0.32,0,0,0,50.622305850590344,25.309892389837394,43.77640766031958
126500,0.06,0,0.4199980919084535,0.631578947368421,0.3170354457572503,0.47,0,0,0,50.63747762839742,25.309892389837394,43.77541775407215
126600,0.06,0,0.42001766316034095,0.631578947368421,0.31473684210526315,0.38,0,0,0,50.64582113478834,25.309892389837394,43.766166658699724
126700,0.06,0,0.41993088282845115,0.631578947368421,0.3162620837808808,0.35,0,0,0,50.6488510016095,25.309892389837394,43.77259242680357
126800,0.06,0,0.41985502292600013,0.631578947368421,0.3235767991407089,0.42,0,0,0,50.64921660443579,25.309892389837394,43.78018528844559
126900,0.06,0,0.419819556964168,0.631578947368421,0.31535982814178304,0.37,0,0,0,50.65753402665689,25.309892389837394,43.77669495459008
127000,0.06,0,0.41986418420127175,0.631578947368421,0.31439312567132116,0.26,0,0,0,50.64806395877481,25.309892389837394,43.78022634675636
127100,0.06,0,0.41989459016109104,0.631578947368421,0.3163050483351235,0.34,0,0,0,50.64530594493062,25.309892389837394,43.77944006189387
127200,0.06,0,0.4198372165487256,0.631578947368421,0.314672395273899,0.24,0,0,0,50.648653449183925,25.309892389837394,43.78252892518751
127300,0.06,0,0.41992489870514216,0.631578947368421,0.31698174006444685,0.33,0,0,0,50.64593546998895,25.309892389837394,43.775736096606735
127400,0.06,0,0.4199175319148106,0.631578947368421,0.3204296455424275,0.32,0,0,0,50.658258109738384,25.309892389837394,43.76585542223262
127500,0.06,0,0.4199987257467618,0.631578947368421,0.31633727175080556,0.4,0,0,0,50.65901877939292,25.309892389837394,43.75673760215413
127600,0.06,0,0.4199817633507038,0.631578947368421,0.31892588614393125,0.38,0,0,0,50.6695155646923,25.309892389837394,43.749439778996525
127700,0.06,0,0.420000662612668,0.631578947368421,0.31527389903329756,0.4,0,0,0,50.677049076662655,25.309892389837394,43.74096775438662
127800,0.06,0,0.4200113679377068,0.631578947368421,0.3097314715359828,0.35,0,0,0,50.67514917704804,25.309892389837394,43.74149276003492
127900,0.06,0,0.4200758497921997,0.631578947368421,0.3118796992481203,0.41,0,0,0,50.681832280379,25.309892389837394,43.72901138105239
128000,0.06,0,0.42010652374121393,0.631578947368421,0.31635875402792696,0.43,0,0,0,50.67855531563436,25.309892389837394,43.728645909219175
128100,0.06,0,0.42013306279320634,0.631578947368421,0.31390977443609025,0.26,0,0,0,50.6707210995731,25.309892389837394,43.73264412165993
128200,0.06,0,0.4202309398661376,0.631578947368421,0.3141138560687433,0.45,0,0,0,50.66897563580614,25.309892389837394,43.72396440617739
128300,0.06,0,0.4203777391263333,0.631578947368421,0.31141783029001074,0.31,0,0,0,50.665758240222004,25.309892389837394,43.71147125462622
128400,0.06,0,0.4202257789585322,0.631578947368421,0.31252416756176155,0.38,0,0,0,50.67391914032177,25.309892389837394,43.7202358394805
128500,0.06,0,0.42022233746013665,0.631578947368421,0.3109989258861439,0.28,0,0,0,50.672947535262544,25.309892389837394,43.7214321958232
128600,0.06,0,0.42008749550485663,0.631578947368421,0.31612244897959185,0.4,0,0,0,50.685978799398356,25.309892389837394,43.72422183630307
128700,0.06,0,0.4200414408930212,0.631578947368421,0.31326530612244896,0.34,0,0,0,50.69444538722654,25.309892389837394,43.72171261546463
128800,0.06,0,0.4201210057041461,0.631578947368421,0.3117400644468314,0.34,0,0,0,50.686472929335416,25.309892389837394,43.720308029422135
128900,0.06,0,0.4200673091609487,0.631578947368421,0.3132116004296455,0.42,0,0,0,50.68283508262011,25.309892389837394,43.72903522823709
129000,0.06,0,0.4200832859614847,0.631578947368421,0.3131793770139635,0.33,0,0,0,50.68200895925662,25.309892389837394,43.72808486735301
129100,0.06,0,0.4200134167233213,0.631578947368421,0.3188829215896885,0.42,0,0,0,50.687250015225445,25.309892389837394,43.73083680370485
129200,0.06,0,0.4199789238387788,0.631578947368421,0.3144468313641246,0.39,0,0,0,50.68770653155922,25.309892389837394,43.73403452697164
129300,0.06,0,0.42008950178253707,0.631578947368421,0.3152201933404941,0.31,0,0,0,50.68179307098366,25.309892389837394,43.727624113145346
129400,0.06,0,0.42017905319434423,0.631578947368421,0.3151664876476907,0.43,0,0,0,50.669286836786775,25.309892389837394,43.729095172248215
129500,0.06,0,0.42021286208461844,0.631578947368421,0.3167669172932331,0.33,0,0,0,50.66145414182141,25.309892389837394,43.73233722765205
129600,0.06,0,0.42024453783277377,0.631578947368421,0.3139312567132116,0.32,0,0,0,50.66645240201649,25.309892389837394,43.72472703932471
129700,0.06,0,0.42023621797398136,0.631578947368421,0.31139634801288935,0.35,0,0,0,50.65091688516346,25.309892389837394,43.739004103294334
129800,0.06,0,0.4202116235052083,0.631578947368421,0.31214822771213746,0.42,0,0,0,50.66024562717236,25.309892389837394,43.733509379791705
129900,0.06,0,0.4200628750487688,0.631578947368421,0.3157250268528464,0.39,0,0,0,50.6699519333035,25.309892389837394,43.74061532007697
130000,0.06,0,0.420069936430892,0.631578947368421,0.3127067669172932,0.37,0,0,0,50.670426998151854,25.309892389837394,43.7394699527348
130100,0.06,0,0.4201074211271785,0.631578947368421,0.31488721804511277,0.45,0,0,0,50.67259655600407,25.309892389837394,43.73369468736126
130200,0.06,0,0.4199700116477692,0.631578947368421,0.3143609022556391,0.46,0,0,0,50.688953360314784,25.309892389837394,43.733886830711356
130300,0.06,0,0.41998299612378737,0.631578947368421,0.3158861439312567,0.33,0,0,0,50.67954873593823,25.309892389837394,43.74065018870488
130400,0.06,0,0.41999306557461485,0.631578947368421,0.3185177228786251,0.29,0,0,0,50.68053634794546,25.309892389837394,43.738749140467554
130500,0.06,0,0.4200224001052984,0.631578947368421,0.31386680988184745,0.46,0,0,0,50.67165132127135,25.309892389837394,43.7433632494059
130600,0.06,0,0.42003064637128584,0.631578947368421,0.3210848549946294,0.37,0,0,0,50.66253288404997,25.309892389837394,43.75037740026615
130700,0.06,0,0.42000041624853107,0.631578947368421,0.3187325456498389,0.31,0,0,0,50.66583860017487,25.309892389837394,43.750671676318525
130800,0.06,0,0.41998416939211136,0.631578947368421,0.3116004296455424,0.45,0,0,0,50.661152634808715,25.309892389837394,43.75641107548312
130900,0.06,0,0.41991854340675444,0.631578947368421,0.31747583243823846,0.36,0,0,0,50.666326588444804,25.309892389837394,43.75878041974941
131000,0.06,0,0.41977964423099196,0.631578947368421,0.3210096670247046,0.35,0,0,0,50.6729307677469,25.309892389837394,43.76755463588088
131100,0.06,0,0.41974646121346443,0.631578947368421,0.31978517722878624,0.3,0,0,0,50.67589822891837,25.309892389837394,43.768451548386345
131200,0.06,0,0.41978037199320434,0.631578947368421,0.3187540279269603,0.33,0,0,0,50.67510746159193,25.309892389837394,43.76559877301506
131300,0.06,0,0.4199263541052409,0.631578947368421,0.3154672395273899,0.31,0,0,0,50.66221441545948,25.309892389837394,43.76151826525881
131400,0.06,0,0.41985872500860305,0.631578947368421,0.31397422126745433,0.48,0,0,0,50.64973681425523,25.309892389837394,43.77934960838588
131500,0.06,0,0.4199103702809978,0.631578947368421,0.31930182599355533,0.42,0,0,0,50.64107838818057,25.309892389837394,43.781449446676106
131600,0.06,0,0.41989897451916763,0.631578947368421,0.3214822771213749,0.28,0,0,0,50.632930184190904,25.309892389837394,43.78968345148988
131700,0.06,0,0.4197910831953153,0.631578947368421,0.3219548872180451,0.43,0,0,0,50.64265262623319,25.309892389837394,43.79252896252354
131800,0.06,0,0.41959796996113635,0.631578947368421,0.3218152524167562,0.36,0,0,0,50.64850908657563,25.309892389837394,43.807617733953585
131900,0.06,0,0.4195776359895636,0.631578947368421,0.32647690655209455,0.33,0,0,0,50.64595750975015,25.309892389837394,43.81194794421295
132000,0.06,0,0.41968760485817835,0.631578947368421,0.3200859291084855,0.47,0,0,0,50.638178368648276,25.309892389837394,43.80719681316158
132100,0.06,0,0.41961244637717116,0.631578947368421,0.3221911922663802,0.4,0,0,0,50.6404393331555,25.309892389837394,43.813087068971015
132200,0.06,0,0.41960741648109967,0.631578947368421,0.32126745435016113,0.42,0,0,0,50.64390908371188,25.309892389837394,43.81061047438382
132300,0.06,0,0.4195812632104879,0.631578947368421,0.32346938775510203,0.4,0,0,0,50.64394056513216,25.309892389837394,43.813314034818916
132400,0.06,0,0.4196815885449986,0.631578947368421,0.3223952738990333,0.44,0,0,0,50.643032103321666,25.309892389837394,43.80362617383176
132500,0.06,0,0.41970005395537274,0.631578947368421,0.3216970998925886,0.41,0,0,0,50.649099456796385,25.309892389837394,43.79645186942116
132600,0.06,0,0.4196814743235582,0.631578947368421,0.3169280343716434,0.26,0,0,0,50.644038527062925,25.309892389837394,43.80276760765164
132700,0.06,0,0.419727354499541,0.631578947368421,0.32149301825993554,0.41,0,0,0,50.63699762622268,25.309892389837394,43.80406950903627
132800,0.06,0,0.41964749924311723,0.631578947368421,0.31943071965628356,0.46,0,0,0,50.64269154963398,25.309892389837394,43.807479069177774
132900,0.06,0,0.41971927357826305,0.631578947368421,0.3173469387755102,0.42,0,0,0,50.634950529005856,25.309892389837394,43.806683844439135
133000,0.06,0,0.4197173134383923,0.631578947368421,0.31894736842105265,0.39,0,0,0,50.64068990068196,25.309892389837394,43.80192356635674
133100,0.06,0,0.41975744674471877,0.631578947368421,0.31399570354457573,0.35,0,0,0,50.63258486822985,25.309892389837394,43.80474657453694
133200,0.06,0,0.4196339776660239,0.631578947368421,0.3198496240601504,0.35,0,0,0,50.63836406317251,25.309892389837394,43.81263449630287
133300,0.06,0,0.41957431352124025,0.631578947368421,0.3176047261009667,0.35,0,0,0,50.635337402387975,25.309892389837394,43.82148393874704
133400,0.06,0,0.41962229954614066,0.631578947368421,0.3163265306122449,0.32,0,0,0,50.63699998585426,25.309892389837394,43.815034078193804
133500,0.06,0,0.4196337989943661,0.631578947368421,0.3179484425349087,0.47,0,0,0,50.620588586764526,25.309892389837394,43.828038013094826
133600,0.06,0,0.4196557691311349,0.631578947368421,0.3213641245972073,0.43,0,0,0,50.62116313389587,25.309892389837394,43.825246074912805
133700,0.06,0,0.41960995468846995,0.631578947368421,0.3203651987110634,0.39,0,0,0,50.63634510461267,25.309892389837394,43.81688978718972
133800,0.06,0,0.41965520547112434,0.631578947368421,0.31842105263157894,0.31,0,0,0,50.640697994388724,25.309892389837394,43.80839914461266
133900,0.06,0,0.41962245947221494,0.631578947368421,0.31400644468313643,0.21,0,0,0,50.64515187077196,25.309892389837394,43.807964878549846
134000,0.06,0,0.41965944608465144,0.631578947368421,0.32459720730397423,0.43,0,0,0,50.645518716682396,25.309892389837394,43.803786580384916
134100,0.06,0,0.4197009142145882,0.631578947368421,0.3204618689581096,0.34,0,0,0,50.63688350882207,25.309892389837394,43.806927799241855
134200,0.06,0,0.41959689022219465,0.631578947368421,0.3206766917293233,0.33,0,0,0,50.64687848946625,25.309892389837394,43.809140871002135
134300,0.06,0,0.4195798119697307,0.631578947368421,0.3197314715359828,0.32,0,0,0,50.64723813608823,25.309892389837394,43.81061294254475
134400,0.06,0,0.41955852692316076,0.631578947368421,0.31845327604726104,0.33,0,0,0,50.6464055516736,25.309892389837394,43.813555789170806
134500,0.06,0,0.41949851484516143,0.631578947368421,0.3164124597207304,0.36,0,0,0,50.649883450577846,25.309892389837394,43.816814702859226
134600,0.06,0,0.4194782381498772,0.631578947368421,0.31659505907626206,0.36,0,0,0,50.65276785142044,25.309892389837394,43.816437464537
134700,0.06,0,0.4193993077745447,0.631578947368421,0.3236627282491944,0.34,0,0,0,50.66206845589606,25.309892389837394,43.81663826904496
134800,0.06,0,0.4194234764992092,0.631578947368421,0.3256390977443609,0.33,0,0,0,50.65548945800044,25.309892389837394,43.819803851538815
134900,0.06,0,0.41960183904134457,0.631578947368421,0.3254135338345865,0.42,0,0,0,50.64448338280705,25.309892389837394,43.81069600379431
135000,0.06,0,0.4195268148076736,0.631578947368421,0.3200859291084855,0.35,0,0,0,50.653050349085305,25.309892389837394,43.811119655192904
135100,0.06,0,0.4195259133846623,0.631578947368421,0.32142857142857145,0.35,0,0,0,50.64384598304996,25.309892389837394,43.81917634663196
135200,0.06,0,0.4195229677877057,0.631578947368421,0.3218474758324382,0.36,0,0,0,50.6410699247411,25.309892389837394,43.821886124689236
135300,0.06,0,0.419392777077442,0.631578947368421,0.3229860365198711,0.5,0,0,0,50.65535550901188,25.309892389837394,43.82312732973048
135400,0.06,0,0.4192171928767514,0.631578947368421,0.3235123523093448,0.33,0,0,0,50.67783655104059,25.309892389837394,43.82203374474994
135500,0.06,0,0.419152516052036,0.631578947368421,0.32697099892588616,0.42,0,0,0,50.67694469697087,25.309892389837394,43.82956698572123
135600,0.06,0,0.4190865398204879,0.631578947368421,0.3315682062298604,0.38,0,0,0,50.68341788370454,25.309892389837394,43.83086830803555
135700,0.06,0,0.41913132691640187,0.631578947368421,0.330515574650913,0.48,0,0,0,50.679648753873884,25.309892389837394,43.8294441013622
135800,0.06,0,0.4192209010717319,0.631578947368421,0.32236305048335123,0.37,0,0,0,50.672392008938786,25.309892389837394,43.826354576770186
135900,0.06,0,0.41920780795388857,0.631578947368421,0.324672395273899,0.33,0,0,0,50.66389902032172,25.309892389837394,43.83507041895916
136000,0.06,0,0.4191680731362849,0.631578947368421,0.32438238453276047,0.36,0,0,0,50.66867919316852,25.309892389837394,43.83508987133998
136100,0.06,0,0.41919152725930703,0.631578947368421,0.32499462943071966,0.3,0,0,0,50.667678010913,25.309892389837394,43.83350338406502
136200,0.06,0,0.4191598073866473,0.631578947368421,0.31865735767991404,0.34,0,0,0,50.678087140955434,25.309892389837394,43.82781652565583
136300,0.06,0,0.4191621905887637,0.631578947368421,0.32447905477980665,0.38,0,0,0,50.67964417666089,25.309892389837394,43.82622081813073
136400,0.06,0,0.4191726848683907,0.631578947368421,0.32345864661654133,0.32,0,0,0,50.686440116932964,25.309892389837394,43.81924761005137
136500,0.06,0,0.41910474082310334,0.631578947368421,0.3304403866809882,0.43,0,0,0,50.6980390326296,25.309892389837394,43.81632467798818
136600,0.06,0,0.4192297878849533,0.631578947368421,0.3293555316863587,0.38,0,0,0,50.69432581830954,25.309892389837394,43.80646369131702
136700,0.06,0,0.419267639671468,0.631578947368421,0.3288829215896885,0.37,0,0,0,50.69382857229565,25.309892389837394,43.80293846239535
136800,0.06,0,0.41934848769093486,0.631578947368421,0.3308270676691729,0.36,0,0,0,50.68948877820005,25.309892389837394,43.798242980545844
136900,0.06,0,0.41938979448216857,0.631578947368421,0.3244146079484425,0.3,0,0,0,50.69126014221866,25.309892389837394,43.79239883521132
137000,0.06,0,0.4194025774312031,0.631578947368421,0.32165413533834586,0.3,0,0,0,50.699390907667734,25.309892389837394,43.78404122610876
137100,0.06,0,0.41937975035644703,0.631578947368421,0.32570354457572503,0.43,0,0,0,50.696074523342546,25.309892389837394,43.789288791852
137200,0.06,0,0.4193024649585144,0.631578947368421,0.32662728249194417,0.47,0,0,0,50.69311322776454,25.309892389837394,43.79991846075279
137300,0.06,0,0.4193535869947652,0.631578947368421,0.32471535982814176,0.45,0,0,0,50.69348530579926,25.309892389837394,43.794257512976856
137400,0.06,0,0.4193584402141892,0.631578947368421,0.32526315789473687,0.35,0,0,0,50.68584301551564,25.309892389837394,43.80035380075733
137500,0.06,0,0.41949041880647225,0.631578947368421,0.3212996777658432,0.32,0,0,0,50.674588088288026,25.309892389837394,43.796298573746206
137600,0.06,0,0.41957668227408046,0.631578947368421,0.3191192266380236,0.46,0,0,0,50.6728647845519,25.309892389837394,43.788783347557
137700,0.06,0,0.41967056906708833,0.631578947368421,0.32412459720730397,0.37,0,0,0,50.670818995267226,25.309892389837394,43.78075465759121
137800,0.06,0,0.4197234975917547,0.631578947368421,0.32141783029001075,0.36,0,0,0,50.68015070422176,25.309892389837394,43.76717344896841
137900,0.06,0,0.4197247199704469,0.631578947368421,0.32926960257787324,0.37,0,0,0,50.67927874018103,25.309892389837394,43.76779901971538
138000,0.06,0,0.41971860878769,0.631578947368421,0.31482277121374863,0.28,0,0,0,50.68388729779316,25.309892389837394,43.76445653404004
138100,0.06,0,0.41966453225308853,0.631578947368421,0.31515574650913,0.36,0,0,0,50.68652719514423,25.309892389837394,43.76781620195711
138200,0.06,0,0.4196244104663166,0.631578947368421,0.3178839957035446,0.41,0,0,0,50.678051453125896,25.309892389837394,43.77932172616105
138300,0.06,0,0.41959307657569817,0.631578947368421,0.3235016111707841,0.39,0,0,0,50.673922142721665,25.309892389837394,43.786158778599
138400,0.06,0,0.41963839914130546,0.631578947368421,0.32398496240601504,0.36,0,0,0,50.67538648661384,25.309892389837394,43.78016457225428
138500,0.06,0,0.4195660388591038,0.631578947368421,0.32088077336197635,0.35,0,0,0,50.68071145911135,25.309892389837394,43.78311436795813
138600,0.06,0,0.4195152968472648,0.631578947368421,0.32411385606874327,0.36,0,0,0,50.68635653633208,25.309892389837394,43.783533272267114
138700,0.06,0,0.4195474321337088,0.631578947368421,0.3207411385606874,0.33,0,0,0,50.68385591992687,25.309892389837394,43.78233967327784
138800,0.06,0,0.41955884388839887,0.631578947368421,0.32569280343716434,0.4,0,0,0,50.68503187329259,25.309892389837394,43.78013304427454
138900,0.06,0,0.4194796320247343,0.631578947368421,0.3240494092373792,0.44,0,0,0,50.68609343653105,25.309892389837394,43.787483107122775
139000,0.06,0,0.41952021181519433,0.631578947368421,0.32243823845327607,0.3,0,0,0,50.68820796636289,25.309892389837394,43.78142110588772
139100,0.06,0,0.4195608078066682,0.631578947368421,0.31093447905477983,0.32,0,0,0,50.69034529952675,25.309892389837394,43.77533904671116
139200,0.06,0,0.41968283773434384,0.631578947368421,0.31955961331901184,0.45,0,0,0,50.687622297227094,25.309892389837394,43.76496160390243
139300,0.06,0,0.4195292878879044,0.631578947368421,0.3216004296455424,0.44,0,0,0,50.692426992095726,25.309892389837394,43.77683018292556
139400,0.06,0,0.4194845988795451,0.631578947368421,0.3168206229860365,0.39,0,0,0,50.701637772315266,25.309892389837394,43.77354024267074
139500,0.06,0,0.41952376006858755,0.631578947368421,0.3231901181525242,0.36,0,0,0,50.69524973752829,25.309892389837394,43.774969449303754
139600,0.06,0,0.419526041176563,0.631578947368421,0.31946294307196565,0.36,0,0,0,50.696216179530026,25.309892389837394,43.773896934673616
139700,0.06,0,0.41940944737742175,0.631578947368421,0.3234049409237379,0.33,0,0,0,50.70300649282486,25.309892389837394,43.7802018925693
139800,0.06,0,0.4194573578449213,0.631578947368421,0.3194736842105263,0.36,0,0,0,50.70529894601381,25.309892389837394,43.77322217852094
139900,0.06,0,0.41937356931998876,0.631578947368421,0.3240386680988185,0.43,0,0,0,50.713497933520465,25.309892389837394,43.774889478354275
140000,0.06,0,0.4194372471190341,0.631578947368421,0.32055853920515576,0.41,0,0,0,50.7048874340456,25.309892389837394,43.77567624270885
140100,0.06,0,0.41949054667688146,0.631578947368421,0.3163157894736842,0.32,0,0,0,50.700392779303314,25.309892389837394,43.773994477025646
140200,0.06,0,0.41955248236702436,0.631578947368421,0.3152846401718582,0.24,0,0,0,50.702876570644555,25.309892389837394,43.76538837049329
140300,0.06,0,0.4194953885070808,0.631578947368421,0.31774436090225566,0.38,0,0,0,50.71365643346344,25.309892389837394,43.76204071385469
140400,0.06,0,0.4194292856913328,0.631578947368421,0.32398496240601504,0.38,0,0,0,50.723982216189114,25.309892389837394,43.76002773300633
140500,0.06,0,0.41946331224744865,0.631578947368421,0.3225563909774436,0.41,0,0,0,50.71795686921235,25.309892389837394,43.76167626757524
140600,0.06,0,0.4195149552799749,0.631578947368421,0.3270139634801289,0.27,0,0,0,50.715973759246914,25.309892389837394,43.75800009833526
140700,0.06,0,0.41949133904141717,0.631578947368421,0.32249194414607946,0.3,0,0,0,50.71109941133784,25.309892389837394,43.764669809709034
140800,0.06,0,0.4196084464772261,0.631578947368421,0.3265843179377014,0.26,0,0,0,50.70334263410576,25.309892389837394,43.75914904711098
140900,0.06,0,0.41960085587961665,0.631578947368421,0.32940923737916217,0.33,0,0,0,50.6985389913561,25.309892389837394,43.764086868561805
141000,0.06,0,0.41955789578147373,0.631578947368421,0.32596133190118154,0.54,0,0,0,50.69541983652833,25.309892389837394,43.77126100067596
141100,0.06,0,0.41951033729039633,0.631578947368421,0.3178732545649839,0.31,0,0,0,50.7000693642462,25.309892389837394,43.77220863711981
141200,0.06,0,0.4195624695036616,0.631578947368421,0.32399570354457574,0.44,0,0,0,50.6956331246088,25.309892389837394,43.77059968901722
141300,0.06,0,0.4196811869934214,0.631578947368421,0.3245220193340494,0.4,0,0,0,50.675400482943864,25.309892389837394,43.77568895245267
141400,0.06,0,0.4197092669873037,0.631578947368421,0.32013963480128893,0.39,0,0,0,50.66188046299438,25.309892389837394,43.78444174447401
141500,0.06,0,0.4199079076874063,0.631578947368421,0.3192158968850698,0.4,0,0,0,50.640217469109146,25.309892389837394,43.78245052712828
141600,0.06,0,0.4199228061678264,0.631578947368421,0.3133297529538131,0.41,0,0,0,50.63901617379181,25.309892389837394,43.781935767545725
141700,0.06,0,0.419939498503331,0.631578947368421,0.3133190118152524,0.35,0,0,0,50.6404279016343,25.309892389837394,43.77897498085454
141800,0.06,0,0.4199978437983175,0.631578947368421,0.31268528464017187,0.44,0,0,0,50.621565680853614,25.309892389837394,43.789203610445
141900,0.06,0,0.4199846382792741,0.631578947368421,0.3122448979591837,0.28,0,0,0,50.62176331526028,25.309892389837394,43.79040950381483
142000,0.06,0,0.4199877988673583,0.631578947368421,0.3073361976369495,0.35,0,0,0,50.62414630022374,25.309892389837394,43.788018671128384
142100,0.06,0,0.42005507209086884,0.631578947368421,0.31380236305048337,0.39,0,0,0,50.622201017012216,25.309892389837394,43.78268826698679
142200,0.06,0,0.4199740942775505,0.631578947368421,0.3150590762620838,0.35,0,0,0,50.62614388452981,25.309892389837394,43.78771973632517
142300,0.06,0,0.419989515061486,0.631578947368421,0.31601503759398497,0.39,0,0,0,50.63236391889181,25.309892389837394,43.78073298680292
142400,0.06,0,0.42002314602828167,0.631578947368421,0.31251342642320085,0.37,0,0,0,50.63861794804598,25.309892389837394,43.77182086760097
142500,0.06,0,0.42007410958196295,0.631578947368421,0.30784103114930184,0.34,0,0,0,50.640870088485265,25.309892389837394,43.76456403480601
142600,0.06,0,0.4200582227756243,0.631578947368421,0.31141783029001074,0.34,0,0,0,50.634435017783794,25.309892389837394,43.77178142915641
142700,0.06,0,0.4200610785519581,0.631578947368421,0.3086466165413534,0.39,0,0,0,50.62819342392133,25.309892389837394,43.776880125995696
142800,0.06,0,0.4201891220071885,0.631578947368421,0.3125993555316864,0.34,0,0,0,50.620223189537306,25.309892389837394,43.77043071691202
142900,0.06,0,0.4201355653132257,0.631578947368421,0.30859291084854995,0.36,0,0,0,50.623052314239125,25.309892389837394,43.773563873215366
143000,0.06,0,0.42013140505496616,0.631578947368421,0.3134586466165414,0.35,0,0,0,50.625563284312314,25.309892389837394,43.77182619101077
143100,0.06,0,0.42024632896284647,0.631578947368421,0.31377013963480127,0.32,0,0,0,50.632272271486315,25.309892389837394,43.75405763546492
143200,0.06,0,0.42020865103841665,0.631578947368421,0.3140171858216971,0.34,0,0,0,50.63224815638594,25.309892389837394,43.758001675296654
143300,0.06,0,0.42031406404540816,0.631578947368421,0.3088721804511278,0.45,0,0,0,50.629572507453794,25.309892389837394,43.749339275008275
143400,0.06,0,0.4201810971826494,0.631578947368421,0.3141890440386681,0.35,0,0,0,50.63218482124619,25.309892389837394,43.76092589618046
143500,0.06,0,0.4201291632274163,0.631578947368421,0.32104189044038667,0.34,0,0,0,50.63924215554923,25.309892389837394,43.760235878463654
143600,0.06,0,0.4201597669454715,0.631578947368421,0.3097314715359828,0.3,0,0,0,50.63128744401072,25.309892389837394,43.76392315358817
143700,0.06,0,0.4201278787770838,0.631578947368421,0.31266380236305047,0.3,0,0,0,50.632586140403596,25.309892389837394,43.76612227913999
143800,0.06,0,0.42013993490822527,0.631578947368421,0.3089903329752954,0.35,0,0,0,50.638783685961776,25.309892389837394,43.75951012262113
143900,0.06,0,0.4202018721121575,0.631578947368421,0.31203007518796994,0.36,0,0,0,50.63178881286613,25.309892389837394,43.75910459260269
144000,0.06,0,0.4201053574107799,0.631578947368421,0.3094736842105263,0.46,0,0,0,50.6417313517976,25.309892389837394,43.760564537612744
144100,0.06,0,0.4201890494000801,0.631578947368421,0.3154135338345865,0.44,0,0,0,50.631900589645646,25.309892389837394,43.76034336156742
144200,0.06,0,0.42019927627438963,0.631578947368421,0.3151987110633727,0.37,0,0,0,50.62721234750546,25.309892389837394,43.76333056506676
144300,0.06,0,0.4201408225298046,0.631578947368421,0.31423200859291084,0.38,0,0,0,50.63173474374912,25.309892389837394,43.76550985224113
144400,0.06,0,0.4201518887667827,0.631578947368421,0.31671321160042964,0.33,0,0,0,50.64188917947867,25.309892389837394,43.755581736967315
144500,0.06,0,0.42012808416232233,0.631578947368421,0.31485499462943073,0.39,0,0,0,50.644759800518315,25.309892389837394,43.755580670953805
144600,0.06,0,0.42019557728855067,0.631578947368421,0.3135660580021482,0.39,0,0,0,50.64286692328524,25.309892389837394,43.7501877015103
144700,0.06,0,0.4202648841431194,0.631578947368421,0.3134156820622986,0.44,0,0,0,50.647688063377444,25.309892389837394,43.738808874755144
144800,0.06,0,0.42032559070200043,0.631578947368421,0.3129108485499463,0.34,0,0,0,50.64152685264625,25.309892389837394,43.737812424881156
144900,0.06,0,0.42027694996550685,0.631578947368421,0.31175080558539203,0.42,0,0,0,50.64840593825016,25.309892389837394,43.736933245197186
145000,0.06,0,0.42028035486222065,0.631578947368421,0.31472610096670245,0.34,0,0,0,50.65630901583923,25.309892389837394,43.72975540593367
145100,0.06,0,0.4202358216785503,0.631578947368421,0.3176906552094522,0.42,0,0,0,50.646225989494866,25.309892389837394,43.74309649737377
145200,0.06,0,0.42022853521819736,0.631578947368421,0.30892588614393124,0.36,0,0,0,50.65109669591023,25.309892389837394,43.73964847835499
145300,0.06,0,0.4202503107726682,0.631578947368421,0.3112781954887218,0.29,0,0,0,50.649464672106156,25.309892389837394,43.738791381967836
145400,0.06,0,0.4201640181439638,0.631578947368421,0.3134586466165414,0.33,0,0,0,50.65088837171257,25.309892389837394,43.74654472023907
145500,0.06,0,0.4202110358966055,0.631578947368421,0.3127067669172932,0.44,0,0,0,50.651145491427705,25.309892389837394,43.74142783883404
145600,0.06,0,0.4203507911293603,0.631578947368421,0.3135016111707841,0.39,0,0,0,50.655304767896865,25.309892389837394,43.72329461279707
145700,0.06,0,0.42038445774444777,0.631578947368421,0.3068421052631579,0.27,0,0,0,50.66237457864741,25.309892389837394,43.71369202923028
145800,0.06,0,0.4202804518611682,0.631578947368421,0.3103974221267454,0.44,0,0,0,50.6605968399514,25.309892389837394,43.72604410430317
145900,0.06,0,0.420445263542192,0.631578947368421,0.30645542427497313,0.48,0,0,0,50.66205750072392,25.309892389837394,43.70764360144779
146000,0.06,0,0.4204670958590466,0.631578947368421,0.31140708915145004,0.44,0,0,0,50.663577001087916,25.309892389837394,43.70406331732191
146100,0.06,0,0.42048893792857006,0.631578947368421,0.30954887218045113,0.32,0,0,0,50.66364741839374,25.309892389837394,43.70173239244952
146200,0.06,0,0.4205899290885223,0.631578947368421,0.3107626208378088,0.3,0,0,0,50.658089234718794,25.309892389837394,43.69603260919713
146300,0.06,0,0.42056724073464896,0.631578947368421,0.3129645542427497,0.41,0,0,0,50.65795577601371,25.309892389837394,43.69850500409716
146400,0.06,0,0.42049775913104637,0.631578947368421,0.3119548872180451,0.35,0,0,0,50.66346178716099,25.309892389837394,43.700975737511705
146500,0.06,0,0.42045166204140727,0.631578947368421,0.3087540279269603,0.33,0,0,0,50.65620276088175,25.309892389837394,43.712030014458634
146600,0.06,0,0.4204726570616244,0.631578947368421,0.304468313641246,0.21,0,0,0,50.65476640957125,25.309892389837394,43.711086810783584
146700,0.06,0,0.4204143040878237,0.631578947368421,0.31064446831364123,0.4,0,0,0,50.65376171893878,25.309892389837394,43.718020961037084
146800,0.06,0,0.42030997262113096,0.631578947368421,0.3151450053705693,0.42,0,0,0,50.65726704860959,25.309892389837394,43.72584696351132
146900,0.06,0,0.4203602020208484,0.631578947368421,0.31155746509129967,0.39,0,0,0,50.64588924734591,25.309892389837394,43.730444116237216
147000,0.06,0,0.42029418252918055,0.631578947368421,0.3157250268528464,0.26,0,0,0,50.64522604481358,25.309892389837394,43.73788600422217
147100,0.06,0,0.4202538403778671,0.631578947368421,0.3083780880773362,0.39,0,0,0,50.6402945021172,25.309892389837394,43.74634437953068
147200,0.06,0,0.42016111915736204,0.631578947368421,0.3141675617615467,0.39,0,0,0,50.646850300246115,25.309892389837394,43.75033449279835
147300,0.06,0,0.42017348305774355,0.631578947368421,0.312062298603652,0.37,0,0,0,50.636913879248986,25.309892389837394,43.75763193156788
147400,0.06,0,0.4202358675796893,0.631578947368421,0.3144575725026853,0.45,0,0,0,50.627502389705036,25.309892389837394,43.75926925347602
147500,0.06,0,0.4202507167711582,0.631578947368421,0.31070891514500537,0.3,0,0,0,50.62836208067766,25.309892389837394,43.756980033354736
147600,0.06,0,0.42029272447341404,0.631578947368421,0.3092481203007519,0.41,0,0,0,50.625606196674454,25.309892389837394,43.75498832256602
147700,0.06,0,0.4202862172152337,0.631578947368421,0.3100966702470462,0.25,0,0,0,50.620572995293955,25.309892389837394,43.76001640153444
147800,0.06,0,0.42030399905355703,0.631578947368421,0.31140708915145004,0.31,0,0,0,50.62161061490762,25.309892389837394,43.757268106953646
147900,0.06,0,0.4203531981522046,0.631578947368421,0.3111063372717508,0.34,0,0,0,50.62374049187292,25.309892389837394,43.7503058858022
148000,0.06,0,0.4202840847363373,0.631578947368421,0.31686358754027927,0.38,0,0,0,50.63444127018061,25.309892389837394,43.74825293700963
148100,0.06,0,0.42027475096585987,0.631578947368421,0.31066595059076263,0.42,0,0,0,50.62339745098658,25.309892389837394,43.7587687045901
148200,0.06,0,0.4203319947476302,0.631578947368421,0.3112674543501611,0.28,0,0,0,50.62274122631055,25.309892389837394,43.753376495666096
148300,0.06,0,0.4203500699546577,0.631578947368421,0.31090225563909774,0.34,0,0,0,50.633076825082966,25.309892389837394,43.74256420512204
148400,0.06,0,0.4203629057625433,0.631578947368421,0.31279269602577875,0.37,0,0,0,50.638233795904064,25.309892389837394,43.73677393969129
148500,0.06,0,0.42043034232468035,0.631578947368421,0.31106337271750806,0.36,0,0,0,50.64627479721431,25.309892389837394,43.722815728752366
148600,0.06,0,0.42035782786845827,0.631578947368421,0.3058002148227712,0.32,0,0,0,50.65017781259149,25.309892389837394,43.72698841250905
148700,0.06,0,0.42040854429755664,0.631578947368421,0.3110204081632653,0.39,0,0,0,50.64971100698741,25.309892389837394,43.72211631577783
148800,0.06,0,0.4204465177372988,0.631578947368421,0.3154027926960258,0.44,0,0,0,50.65328289575183,25.309892389837394,43.715084619180935
148900,0.06,0,0.4205692378902433,0.631578947368421,0.30626208378088077,0.31,0,0,0,50.6407076667385,25.309892389837394,43.7131810334063
149000,0.06,0,0.4205660090182135,0.631578947368421,0.30576799140708916,0.28,0,0,0,50.647490702198084,25.309892389837394,43.70766224554756
149100,0.06,0,0.42043981815366394,0.631578947368421,0.3112459720730397,0.36,0,0,0,50.65478396721952,25.309892389837394,43.71448576057302
149200,0.06,0,0.42038104421394257,0.631578947368421,0.3082706766917293,0.41,0,0,0,50.6616249299237,25.309892389837394,43.714693832422725
149300,0.06,0,0.4204862404904569,0.631578947368421,0.30361976369495164,0.34,0,0,0,50.656816460361995,25.309892389837394,43.707905859381036
149400,0.06,0,0.4205065759046916,0.631578947368421,0.3113533834586466,0.39,0,0,0,50.65707884916205,25.309892389837394,43.705565791374305
149500,0.06,0,0.42063309606984156,0.631578947368421,0.3071965628356606,0.43,0,0,0,50.65676845151041,25.309892389837394,43.69268753251791
149600,0.06,0,0.42065601375103806,0.631578947368421,0.3094199785177229,0.4,0,0,0,50.659712830604334,25.309892389837394,43.68776780722224
149700,0.06,0,0.42072291720889604,0.631578947368421,0.30736842105263157,0.3,0,0,0,50.65678493130393,25.309892389837394,43.68334526526475
149800,0.06,0,0.4207206570730958,0.631578947368421,0.30378088077336196,0.19,0,0,0,50.652325157430525,25.309892389837394,43.68742613306328
149900,0.06,0,0.42075131320795306,0.631578947368421,0.3047153598281418,0.38,0,0,0,50.63965808753526,25.309892389837394,43.69517028036987
150000,0.06,0,0.4206840395403253,0.631578947368421,0.3061439312567132,0.4,0,0,0,50.645453281023094,25.309892389837394,43.69715709648419
150100,0.06,0,0.42053753714702213,0.631578947368421,0.3029645542427497,0.39,0,0,0,50.65668141193573,25.309892389837394,43.70269093135157
150200,0.06,0,0.4204765281809805,0.631578947368421,0.31371643394199783,0.44,0,0,0,50.66868000043891,25.309892389837394,43.698681455226954
150300,0.06,0,0.42046429082184456,0.631578947368421,0.3106122448979592,0.4,0,0,0,50.67480154117779,25.309892389837394,43.6946743032802
150400,0.06,0,0.42051115446056003,0.631578947368421,0.3123952738990333,0.38,0,0,0,50.6622096506251,25.309892389837394,43.70066370095217
150500,0.06,0,0.42046029981398547,0.631578947368421,0.3111922663802363,0.33,0,0,0,50.66977233302829,25.309892389837394,43.69942599172066
150600,0.06,0,0.42047506106168253,0.631578947368421,0.31131041890440386,0.38,0,0,0,50.66193022720703,25.309892389837394,43.704655996758845
150700,0.06,0,0.42048929027807397,0.631578947368421,0.3146938775510204,0.33,0,0,0,50.67042625668621,25.309892389837394,43.69584923144863
150800,0.06,0,0.4204557784855505,0.631578947368421,0.30644468313641243,0.37,0,0,0,50.66295534679376,25.309892389837394,43.70577597638756
150900,0.06,0,0.420448301753427,0.631578947368421,0.3085499462943072,0.37,0,0,0,50.658412094509025,25.309892389837394,43.71047296712769
151000,0.06,0,0.42053305438338245,0.631578947368421,0.3133190118152524,0.33,0,0,0,50.64640209905986,25.309892389837394,43.71202688517861
151100,0.06,0,0.4205904571413449,0.631578947368421,0.3108700322234157,0.34,0,0,0,50.63634820785004,25.309892389837394,43.714738884889584
151200,0.06,0,0.4206444141384328,0.631578947368421,0.30613319011815254,0.44,0,0,0,50.63634173947977,25.309892389837394,43.709137081320776
151300,0.06,0,0.42057608828750154,0.631578947368421,0.2999033297529538,0.36,0,0,0,50.64772360378509,25.309892389837394,43.70641379127978
151400,0.06,0,0.4205523946514076,0.631578947368421,0.3019871106337272,0.3,0,0,0,50.64365286051567,25.309892389837394,43.71238950596487
151500,0.06,0,0.4206197159567074,0.631578947368421,0.3046938775510204,0.28,0,0,0,50.62938230027809,25.309892389837394,43.71771216410151
151600,0.06,0,0.42062453757677704,0.631578947368421,0.30516648764769067,0.38,0,0,0,50.628914377651185,25.309892389837394,43.71761507113556
151700,0.06,0,0.4206604029154106,0.631578947368421,0.30354457572502686,0.33,0,0,0,50.62133915869364,25.309892389837394,43.72042927959861
151800,0.06,0,0.42071613911939193,0.631578947368421,0.3076691729323308,0.25,0,0,0,50.620490485868814,25.309892389837394,43.71537011862448
151900,0.06,0,0.42070114871037845,0.631578947368421,0.3059291084854995,0.25,0,0,0,50.62029690936678,25.309892389837394,43.71709496061145
152000,0.06,0,0.42068521651105334,0.631578947368421,0.30402792696025777,0.32,0,0,0,50.62541844925918,25.309892389837394,43.71432779115731
152100,0.06,0,0.4206920250906306,0.631578947368421,0.3034479054779807,0.39,0,0,0,50.63139427267096,25.309892389837394,43.7084609622174
152200,0.06,0,0.4206755247709545,0.631578947368421,0.30541353383458647,0.3,0,0,0,50.63059291925723,25.309892389837394,43.71086717699509
152300,0.06,0,0.42073524865187123,0.631578947368421,0.307765843179377,0.36,0,0,0,50.6320257458527,25.309892389837394,43.70342557578391
152400,0.06,0,0.4207422746521024,0.631578947368421,0.2996777658431794,0.41,0,0,0,50.628321709974934,25.309892389837394,43.705893117485765
152500,0.06,0,0.42062861361739934,0.631578947368421,0.30919441460794844,0.38,0,0,0,50.620728275568986,25.309892389837394,43.72426113249755
152600,0.06,0,0.42062429655861056,0.631578947368421,0.30306122448979594,0.31,0,0,0,50.62105309752243,25.309892389837394,43.72442932457293
152700,0.06,0,0.42057835728935783,0.631578947368421,0.3055639097744361,0.31,0,0,0,50.62919607085889,25.309892389837394,43.722172081820524
152800,0.06,0,0.42055907517437396,0.631578947368421,0.30169709989258864,0.31,0,0,0,50.625954128374914,25.309892389837394,43.726976661730546
152900,0.06,0,0.42054647049738025,0.631578947368421,0.30799140708915146,0.32,0,0,0,50.627906195209036,25.309892389837394,43.7266012154048
153000,0.06,0,0.42035943229002426,0.631578947368421,0.3045327604726101,0.31,0,0,0,50.63085198361726,25.309892389837394,43.74351207207253
153100,0.06,0,0.42039248390239564,0.631578947368421,0.3076906552094522,0.5,0,0,0,50.6381743765928,25.309892389837394,43.73374800806734
153200,0.06,0,0.4204383693596709,0.631578947368421,0.30685284640171856,0.3,0,0,0,50.63024638888393,25.309892389837394,43.73582237545286
153300,0.06,0,0.4204862263997707,0.631578947368421,0.30500537056928034,0.33,0,0,0,50.63709609172518,25.309892389837394,43.72492915412028
153400,0.06,0,0.4204901715486391,0.631578947368421,0.3133512352309345,0.35,0,0,0,50.63946123099657,25.309892389837394,43.72247674167053
153500,0.06,0,0.4204282003547927,0.631578947368421,0.31396348012889363,0.48,0,0,0,50.64524452053542,25.309892389837394,43.72392794304979
153600,0.06,0,0.4204639522486908,0.631578947368421,0.31527389903329756,0.38,0,0,0,50.64410617641098,25.309892389837394,43.72119282712518
153700,0.06,0,0.4204504060487585,0.631578947368421,0.3108807733619764,0.35,0,0,0,50.649137416506655,25.309892389837394,43.718258258356755
153800,0.06,0,0.42031884262239744,0.631578947368421,0.30920515574650914,0.38,0,0,0,50.660411118936395,25.309892389837394,43.72221057329465
153900,0.06,0,0.42044663925767245,0.631578947368421,0.31175080558539203,0.54,0,0,0,50.66838104389744,25.309892389837394,43.702045781034165
154000,0.06,0,0.4204739999457765,0.631578947368421,0.31192266380236305,0.33,0,0,0,50.668247697948345,25.309892389837394,43.699317047863886
154100,0.06,0,0.42043781404361474,0.631578947368421,0.3075402792696026,0.34,0,0,0,50.67026564978883,25.309892389837394,43.70133764295747
154200,0.06,0,0.4204894939221037,0.631578947368421,0.3070998925886144,0.42,0,0,0,50.66693707728667,25.309892389837394,43.69883718331899
154300,0.06,0,0.42042168109105366,0.631578947368421,0.3071858216970999,0.39,0,0,0,50.666223648552055,25.309892389837394,43.70650110301181
154400,0.06,0,0.42041586973152306,0.631578947368421,0.30909774436090226,0.33,0,0,0,50.675894314704315,25.309892389837394,43.698764466216744
154500,0.06,0,0.4204624478047251,0.631578947368421,0.31149301825993553,0.37,0,0,0,50.68582647700256,25.309892389837394,43.68536153469133
154600,0.06,0,0.4204680477373322,0.631578947368421,0.30431793770139637,0.27,0,0,0,50.68644012390428,25.309892389837394,43.68425083887995
154700,0.06,0,0.4204307727394543,0.631578947368421,0.3120730397422127,0.42,0,0,0,50.68664504425096,25.309892389837394,43.68794721745566
154800,0.06,0,0.42046605232540685,0.631578947368421,0.3128249194414608,0.34,0,0,0,50.69358620205186,25.309892389837394,43.67830012330842
154900,0.06,0,0.42052066060579296,0.631578947368421,0.3055746509129968,0.51,0,0,0,50.686597903259084,25.309892389837394,43.67864937831944
155000,0.06,0,0.4204895970261337,0.631578947368421,0.30651987110633727,0.4,0,0,0,50.695501609711044,25.309892389837394,43.67420423353406
155100,0.06,0,0.42051938020248,0.631578947368421,0.3107841031149302,0.34,0,0,0,50.68965787228196,25.309892389837394,43.676145626308156
155200,0.06,0,0.42064871993682573,0.631578947368421,0.3064017185821697,0.37,0,0,0,50.6819048117568,25.309892389837394,43.66939552425302
155300,0.06,0,0.42065179595580976,0.631578947368421,0.2987110633727175,0.39,0,0,0,50.67254879391323,25.309892389837394,43.677139110507575
155400,0.06,0,0.42069842636048704,0.631578947368421,0.31003222341568204,0.44,0,0,0,50.683236171739075,25.309892389837394,43.66308890815445
155500,0.06,0,0.42068755069547864,0.631578947368421,0.3038238453276047,0.34,0,0,0,50.69058559905002,25.309892389837394,43.65788698951792
155600,0.06,0,0.42089652399359756,0.631578947368421,0.30448979591836733,0.46,0,0,0,50.68218676565457,25.309892389837394,43.64344224272333
155700,0.06,0,0.42086143639957263,0.631578947368421,0.3013533834586466,0.27,0,0,0,50.67449696322067,25.309892389837394,43.65370423481625
155800,0.06,0,0.42081061625978194,0.631578947368421,0.3093984962406015,0.4,0,0,0,50.68243593047909,25.309892389837394,43.652137369761306
155900,0.06,0,0.4207754641817937,0.631578947368421,0.3080128893662728,0.42,0,0,0,50.67864003291844,25.309892389837394,43.65905399705295
156000,0.06,0,0.42064509380015136,0.631578947368421,0.3029752953813104,0.37,0,0,0,50.68565508540034,25.309892389837394,43.666540810075254
156100,0.06,0,0.4207072728765632,0.631578947368421,0.30993555316863586,0.3,0,0,0,50.68978034491124,25.309892389837394,43.65653388101852
156200,0.06,0,0.42062819112898425,0.631578947368421,0.30955961331901183,0.21,0,0,0,50.69859037192476,25.309892389837394,43.65715395129296
156300,0.06,0,0.4207827042998689,0.631578947368421,0.31029001074113854,0.34,0,0,0,50.69193517784991,25.309892389837394,43.646852375367224
156400,0.06,0,0.42071923451961546,0.631578947368421,0.30780880773361974,0.35,0,0,0,50.69507001161318,25.309892389837394,43.65073754753464
156500,0.06,0,0.4206845860848687,0.631578947368421,0.31063372717508053,0.46,0,0,0,50.69989652105666,25.309892389837394,43.6501769221655
156600,0.06,0,0.42070099776983205,0.631578947368421,0.30634801288936625,0.37,0,0,0,50.69834686877985,25.309892389837394,43.649808279285054
156700,0.06,0,0.42077622495920086,0.631578947368421,0.30731471535982813,0.39,0,0,0,50.69182050920097,25.309892389837394,43.6476232072174
156800,0.06,0,0.42074314301564486,0.631578947368421,0.3035767991407089,0.35,0,0,0,50.69816117536169,25.309892389837394,43.645595800925086
156900,0.06,0,0.4206740914213955,0.631578947368421,0.3091514500537057,0.39,0,0,0,50.70439018876853,25.309892389837394,43.64739728841975
157000,0.06,0,0.42078285023108397,0.631578947368421,0.31193340494092375,0.39,0,0,0,50.69178164177247,25.309892389837394,43.64696943649006
157100,0.06,0,0.4207968128387103,0.631578947368421,0.31022556390977446,0.34,0,0,0,50.68932907834616,25.309892389837394,43.64763292529177
157200,0.06,0,0.42085448184021873,0.631578947368421,0.30452201933404943,0.24,0,0,0,50.683341965681166,25.309892389837394,43.64680725470025
157300,0.06,0,0.4208170217951032,0.631578947368421,0.30858216970998925,0.4,0,0,0,50.68877794489939,25.309892389837394,43.64601138180416
157400,0.06,0,0.42074669330035225,0.631578947368421,0.30772287862513426,0.37,0,0,0,50.68182902163926,25.309892389837394,43.65929213489319
157500,0.06,0,0.4207282302610395,0.631578947368421,0.30711063372717506,0.36,0,0,0,50.67941994004709,25.309892389837394,43.663283524679834
157600,0.06,0,0.42070775176667985,0.631578947368421,0.30380236305048336,0.36,0,0,0,50.68235385160906,25.309892389837394,43.66288117845572
157700,0.06,0,0.420753835600474,0.631578947368421,0.3060902255639098,0.33,0,0,0,50.67232854831844,25.309892389837394,43.66673648947935
157800,0.06,0,0.42082338648951195,0.631578947368421,0.30535982814178303,0.37,0,0,0,50.66748843647603,25.309892389837394,43.663690203624654
157900,0.06,0,0.42086296792012057,0.631578947368421,0.30415682062298605,0.44,0,0,0,50.66261761458377,25.309892389837394,43.663781243379646
158000,0.06,0,0.4209928398598305,0.631578947368421,0.30549946294307195,0.47,0,0,0,50.65604567857811,25.309892389837394,43.65597445502371
158100,0.06,0,0.42100490862525314,0.631578947368421,0.3016433941997852,0.4,0,0,0,50.6676489112425,25.309892389837394,43.64472576268557
158200,0.06,0,0.4210208727094199,0.631578947368421,0.3001396348012889,0.3,0,0,0,50.67212135121328,25.309892389837394,43.6392188216504
158300,0.06,0,0.4211282546501976,0.631578947368421,0.30378088077336196,0.49,0,0,0,50.66471976268747,25.309892389837394,43.63446502848114
158400,0.06,0,0.42121085844497447,0.631578947368421,0.2988829215896885,0.36,0,0,0,50.66289924492032,25.309892389837394,43.62747551064781
158500,0.06,0,0.42133082514353,0.631578947368421,0.2980343716433942,0.4,0,0,0,50.653242807714705,25.309892389837394,43.623368028358584
158600,0.06,0,0.4212060486182065,0.631578947368421,0.29800214822771215,0.36,0,0,0,50.661514609630856,25.309892389837394,43.629166101376995
158700,0.06,0,0.42126925696754314,0.631578947368421,0.3012674543501611,0.49,0,0,0,50.6672381029618,25.309892389837394,43.61769215005825
158800,0.06,0,0.42117406363214677,0.631578947368421,0.29946294307196564,0.38,0,0,0,50.67126180121207,25.309892389837394,43.62408620470525
158900,0.06,0,0.4211029748840138,0.631578947368421,0.2986788399570354,0.31,0,0,0,50.686980723185236,25.309892389837394,43.617919752347866
159000,0.06,0,0.42100987413326385,0.631578947368421,0.302234156820623,0.47,0,0,0,50.70011337286768,25.309892389837394,43.616264601349776
159100,0.06,0,0.42088830962318735,0.631578947368421,0.3035982814178303,0.38,0,0,0,50.70771179106989,25.309892389837394,43.62232454754047
159200,0.06,0,0.4208883202230777,0.631578947368421,0.2982169709989259,0.41,0,0,0,50.693047562571735,25.309892389837394,43.63494229410678
159300,0.06,0,0.420821730795508,0.631578947368421,0.30639097744360905,0.31,0,0,0,50.697640786707495,25.309892389837394,43.63789297516206
159400,0.06,0,0.4207524351446294,0.631578947368421,0.30526315789473685,0.41,0,0,0,50.712887160300916,25.309892389837394,43.63195839928281
159500,0.06,0,0.4207247733341091,0.631578947368421,0.3081417830290011,0.32,0,0,0,50.71388168128319,25.309892389837394,43.63397141540459
159600,0.06,0,0.42081085707083465,0.631578947368421,0.30403866809881847,0.41,0,0,0,50.71140808964901,25.309892389837394,43.62717330793805
159700,0.06,0,0.420779227399703,0.631578947368421,0.3071643394199785,0.23,0,0,0,50.71260341141564,25.309892389837394,43.629424339213934
159800,0.06,0,0.4207313453897153,0.631578947368421,0.30871106337271753,0.28,0,0,0,50.71716914616481,25.309892389837394,43.63046153781109
159900,0.06,0,0.4207416798578478,0.631578947368421,0.30474758324382384,0.48,0,0,0,50.72112921208723,25.309892389837394,43.625983488086106
160000,0.06,0,0.42070823828888154,0.631578947368421,0.30209452201933407,0.33,0,0,0,50.721770210790375,25.309892389837394,43.62889989347261
160100,0.06,0,0.42068479993631136,0.631578947368421,0.3047046186895811,0.39,0,0,0,50.718101706109906,25.309892389837394,43.634486576684424
160200,0.06,0,0.4205972145692136,0.631578947368421,0.3064124597207304,0.43,0,0,0,50.7241480925622,25.309892389837394,43.63837067082894
160300,0.06,0,0.4206595338920616,0.631578947368421,0.30936627282491946,0.27,0,0,0,50.71483022229622,25.309892389837394,43.63992230984925
160400,0.06,0,0.42072655815900395,0.631578947368421,0.30892588614393124,0.3,0,0,0,50.69245367591043,25.309892389837394,43.65223057361156
160500,0.06,0,0.42069495962294023,0.631578947368421,0.30533834586466163,0.31,0,0,0,50.69105999729522,25.309892389837394,43.65670955308551
160600,0.06,0,0.42075497832582986,0.631578947368421,0.3028786251342642,0.34,0,0,0,50.681187925774495,25.309892389837394,43.65898470702106
160700,0.06,0,0.4207343610435287,0.631578947368421,0.3043716433941998,0.28,0,0,0,50.67290975952235,25.309892389837394,43.66825681980857
160800,0.06,0,0.4207557225064763,0.631578947368421,0.30661654135338345,0.31,0,0,0,50.667102820412666,25.309892389837394,43.671044363775856
160900,0.06,0,0.42074298366066154,0.631578947368421,0.3057357679914071,0.41,0,0,0,50.675835481779465,25.309892389837394,43.664840797301125
161000,0.06,0,0.4207649391919054,0.631578947368421,0.3118582169709989,0.44,0,0,0,50.66369587774549,25.309892389837394,43.6730244161227
161100,0.06,0,0.4206358668410179,0.631578947368421,0.30301825993555315,0.42,0,0,0,50.68073678284383,25.309892389837394,43.671736372158456
161200,0.06,0,0.4206217039236556,0.631578947368421,0.31194414607948445,0.31,0,0,0,50.6735227956248,25.309892389837394,43.67942426802259
161300,0.06,0,0.42060853197406894,0.631578947368421,0.31219119226638026,0.51,0,0,0,50.675267481701326,25.309892389837394,43.679288275778546
161400,0.06,0,0.42059738234874927,0.631578947368421,0.3102470461868958,0.43,0,0,0,50.68251798473663,25.309892389837394,43.67419736529302
161500,0.06,0,0.42047597108086743,0.631578947368421,0.3034479054779807,0.39,0,0,0,50.68353390971348,25.309892389837394,43.68593248912197
161600,0.06,0,0.4204310341167026,0.631578947368421,0.3100859291084855,0.32,0,0,0,50.678071819542076,25.309892389837394,43.695310755774905
161700,0.06,0,0.4204678190904213,0.631578947368421,0.3098603651987111,0.32,0,0,0,50.684414100477184,25.309892389837394,43.68602079874471
161800,0.06,0,0.4204332544289045,0.631578947368421,0.31140708915145004,0.35,0,0,0,50.683206232755786,25.309892389837394,43.69065351256291
161900,0.06,0,0.42046591239116443,0.631578947368421,0.3109881847475832,0.3,0,0,0,50.66704780079556,25.309892389837394,43.70119250032605
162000,0.06,0,0.42038494581043595,0.631578947368421,0.311203007518797,0.37,0,0,0,50.677477972523626,25.309892389837394,43.70061331405961
162100,0.06,0,0.42028076364042855,0.631578947368421,0.31053705692803435,0.37,0,0,0,50.66583742007522,25.309892389837394,43.72148890193275
162200,0.06,0,0.42035692653136353,0.631578947368421,0.31089151450053704,0.36,0,0,0,50.66393696387192,25.309892389837394,43.71520691046426
162300,0.06,0,0.42032507981844225,0.631578947368421,0.30783029001074114,0.28,0,0,0,50.656422072891175,25.309892389837394,43.72500472617272
162400,0.06,0,0.42031928420090464,0.631578947368421,0.3111170784103115,0.36,0,0,0,50.64936541292813,25.309892389837394,43.73169964909586
162500,0.06,0,0.42038251929004594,0.631578947368421,0.30883995703544576,0.41,0,0,0,50.65159180023483,25.309892389837394,43.723199472373686
162600,0.06,0,0.420254438523302,0.631578947368421,0.30748657357679915,0.35,0,0,0,50.66396599585643,25.309892389837394,43.725842739787126
162700,0.06,0,0.4201939664161823,0.631578947368421,0.31279269602577875,0.41,0,0,0,50.6643636012285,25.309892389837394,43.73179233083598
162800,0.06,0,0.42018255398215115,0.631578947368421,0.31508055853920514,0.33,0,0,0,50.66914479333937,25.309892389837394,43.72885342648007
162900,0.06,0,0.4201433760441987,0.631578947368421,0.3151342642320086,0.29,0,0,0,50.66797675568684,25.309892389837394,43.733939262693454
163000,0.06,0,0.420202943978971,0.631578947368421,0.3133512352309345,0.43,0,0,0,50.65917464368993,25.309892389837394,43.735337307208255
163100,0.06,0,0.42022351445295,0.631578947368421,0.3119871106337272,0.34,0,0,0,50.65046983932693,25.309892389837394,43.7407124067347
163200,0.06,0,0.420137064321142,0.631578947368421,0.314296455424275,0.41,0,0,0,50.64855786906565,25.309892389837394,43.751364320486886
163300,0.06,0,0.4201045497249474,0.631578947368421,0.31780880773361975,0.37,0,0,0,50.63951169713743,25.309892389837394,43.7625668080592
163400,0.06,0,0.4202129053554369,0.631578947368421,0.31559613319011814,0.36,0,0,0,50.62771044387198,25.309892389837394,43.761480608276344
163500,0.06,0,0.42021123378978126,0.631578947368421,0.31636949516648766,0.37,0,0,0,50.629852049817174,25.309892389837394,43.75980360165112
163600,0.06,0,0.42028756677165924,0.631578947368421,0.312749731471536,0.33,0,0,0,50.6334994753337,25.309892389837394,43.74870420856486
163700,0.06,0,0.42017620506870296,0.631578947368421,0.3115252416756176,0.33,0,0,0,50.63759913359632,25.309892389837394,43.7567563110103
163800,0.06,0,0.42024415817128546,0.631578947368421,0.3101611170784103,0.37,0,0,0,50.630384722671536,25.309892389837394,43.755914850407706
163900,0.06,0,0.42026679956869034,0.631578947368421,0.31155746509129967,0.43,0,0,0,50.63340200951683,25.309892389837394,43.75095023894744
164000,0.06,0,0.4202528523686602,0.631578947368421,0.31388829215896885,0.32,0,0,0,50.626262647997045,25.309892389837394,43.758572233181035
164100,0.06,0,0.42019620736425745,0.631578947368421,0.3116326530612245,0.33,0,0,0,50.625350881814654,25.309892389837394,43.76525935610832
164200,0.06,0,0.4202546061543821,0.631578947368421,0.3110096670247046,0.41,0,0,0,50.624279181925466,25.309892389837394,43.76010408166781
164300,0.06,0,0.42033992935487824,0.631578947368421,0.31611170784103115,0.32,0,0,0,50.6210561877759,25.309892389837394,43.75400698324359
164400,0.06,0,0.4203021522931387,0.631578947368421,0.31032223415682064,0.31,0,0,0,50.621851002263305,25.309892389837394,43.757252580962636
164500,0.06,0,0.4202433403565321,0.631578947368421,0.31485499462943073,0.39,0,0,0,50.631133560141805,25.309892389837394,43.75535284778981
164600,0.06,0,0.4203204771642544,0.631578947368421,0.3104940923737916,0.39,0,0,0,50.62170995133243,25.309892389837394,43.75546679812223
164700,0.06,0,0.4203130200071592,0.631578947368421,0.3109559613319012,0.29,0,0,0,50.620058782420394,25.309892389837394,43.757670382842306
164800,0.06,0,0.42035113311433936,0.631578947368421,0.31532760472610094,0.4,0,0,0,50.624462957280734,25.309892389837394,43.74989644885148
164900,0.06,0,0.42033151614147923,0.631578947368421,0.3134908700322234,0.28,0,0,0,50.621785719221094,25.309892389837394,43.7542521789697
165000,0.06,0,0.42040300618516957,0.631578947368421,0.3145435016111708,0.4,0,0,0,50.62506029734901,25.309892389837394,43.74398204231389
165100,0.06,0,0.42037665141118474,0.631578947368421,0.3115252416756176,0.16,0,0,0,50.6229330939335,25.309892389837394,43.748562755604624
165200,0.06,0,0.420268397933032,0.631578947368421,0.30876476906552097,0.48,0,0,0,50.630842747864214,25.309892389837394,43.752995337371814
165300,0.06,0,0.4202404676983924,0.631578947368421,0.31487647690655207,0.33,0,0,0,50.62576625082259,25.309892389837394,43.76029089284829
165400,0.06,0,0.42025312065864634,0.631578947368421,0.31267454350161117,0.36,0,0,0,50.62539843809677,25.309892389837394,43.75929128570851
165500,0.06,0,0.4203231210982892,0.631578947368421,0.30933404940923737,0.39,0,0,0,50.637369713026935,25.309892389837394,43.74166013863805
165600,0.06,0,0.4202573987730613,0.631578947368421,0.313609022556391,0.41,0,0,0,50.64175874658048,25.309892389837394,43.744709110054934
165700,0.06,0,0.4202472349933486,0.631578947368421,0.3112781954887218,0.36,0,0,0,50.64351566294779,25.309892389837394,43.744249465460435
165800,0.06,0,0.42021765768150104,0.631578947368421,0.31339419978517724,0.3,0,0,0,50.654839630281856,25.309892389837394,43.73754865227837
165900,0.06,0,0.4202361701164306,0.631578947368421,0.3134264232008593,0.41,0,0,0,50.642065258782736,25.309892389837394,43.746654139253145
166000,0.06,0,0.42029441591584427,0.631578947368421,0.31387755102040815,0.32,0,0,0,50.64193914125895,25.309892389837394,43.74070051284603
166100,0.06,0,0.42026919741549473,0.631578947368421,0.30960257787325457,0.27,0,0,0,50.63676631240608,25.309892389837394,43.747793824597274
166200,0.06,0,0.4202666920780344,0.631578947368421,0.3102470461868958,0.33,0,0,0,50.634679481166856,25.309892389837394,43.74985762796842
166300,0.06,0,0.42021568149775934,0.631578947368421,0.31154672395273897,0.37,0,0,0,50.63321543245353,25.309892389837394,43.75643365695887
166400,0.06,0,0.4200611561142717,0.631578947368421,0.3123630504833512,0.41,0,0,0,50.64295648471364,25.309892389837394,43.764110532254925
166500,0.06,0,0.4199724849390073,0.631578947368421,0.3140601503759399,0.36,0,0,0,50.65443125414884,25.309892389837394,43.763434702008176
166600,0.06,0,0.419988019892276,0.631578947368421,0.31705692803437163,0.35,0,0,0,50.65385775333684,25.309892389837394,43.76231140402216
166700,0.06,0,0.4198692903486269,0.631578947368421,0.31645542427497314,0.36,0,0,0,50.65646640514267,25.309892389837394,43.77243213502899
166800,0.06,0,0.4198534824743108,0.631578947368421,0.3147905477980666,0.31,0,0,0,50.65922879427758,25.309892389837394,43.77169325788357
166900,0.06,0,0.4198094676191452,0.631578947368421,0.32508055853920514,0.41,0,0,0,50.656645744484706,25.309892389837394,43.778514704837086
167000,0.06,0,0.4198001617804843,0.631578947368421,0.32004296455424275,0.42,0,0,0,50.656001389921,25.309892389837394,43.78004204045947
167100,0.06,0,0.4198271256295253,0.631578947368421,0.31770139634801287,0.4,0,0,0,50.65016343660989,25.309892389837394,43.782275997063984
167200,0.06,0,0.41983836327091784,0.631578947368421,0.31783029001074115,0.34,0,0,0,50.649047918032615,25.309892389837394,43.782068350562675
167300,0.06,0,0.41985057796426073,0.631578947368421,0.3219656283566058,0.29,0,0,0,50.6624997950101,25.309892389837394,43.76916995019886
167400,0.06,0,0.41987175025660445,0.631578947368421,0.31808807733619765,0.32,0,0,0,50.67091131922465,25.309892389837394,43.75969741483655
167500,0.06,0,0.4198719007706442,0.631578947368421,0.32065520945220194,0.37,0,0,0,50.66623230026965,25.309892389837394,43.76372292807643
167600,0.06,0,0.41992024597462685,0.631578947368421,0.3203329752953813,0.41,0,0,0,50.65163336580812,25.309892389837394,43.771296665247554
167700,0.06,0,0.4200005567060024,0.631578947368421,0.32056928034371646,0.4,0,0,0,50.64207090008383,25.309892389837394,43.7711904174188
167800,0.06,0,0.4200301245660172,0.631578947368421,0.31091299677765843,0.28,0,0,0,50.63010052969,25.309892389837394,43.77845716511295
167900,0.06,0,0.4200600559326232,0.631578947368421,0.3132223415682062,0.26,0,0,0,50.627592733426546,25.309892389837394,43.777506107903704
168000,0.06,0,0.420116802545132,0.631578947368421,0.3147905477980666,0.44,0,0,0,50.624139147292446,25.309892389837394,43.774579034953824
168100,0.06,0,0.4200851722250375,0.631578947368421,0.31329752953813106,0.3,0,0,0,50.62396773019611,25.309892389837394,43.778023278256455
168200,0.06,0,0.42005540558181953,0.631578947368421,0.3134479054779807,0.44,0,0,0,50.63497849765088,25.309892389837394,43.77160517587996
168300,0.06,0,0.41999336583546953,0.631578947368421,0.31512352309344793,0.37,0,0,0,50.6465362035382,25.309892389837394,43.76808064341053
168400,0.06,0,0.4199758772812213,0.631578947368421,0.32079484425349086,0.36,0,0,0,50.6362729835803,25.309892389837394,43.77877473421743
168500,0.06,0,0.4199283299462018,0.631578947368421,0.3194736842105263,0.39,0,0,0,50.640328984585274,25.309892389837394,43.78022485827435
168600,0.06,0,0.4200215345185049,0.631578947368421,0.31843179377013964,0.36,0,0,0,50.64314973190543,25.309892389837394,43.76807188779714
168700,0.06,0,0.4200581436055163,0.631578947368421,0.31952738990332974,0.36,0,0,0,50.64571259323992,25.309892389837394,43.76204275995483
168800,0.06,0,0.42003275989250305,0.631578947368421,0.3171858216970999,0.33,0,0,0,50.653225134775646,25.309892389837394,43.75819653776304
168900,0.06,0,0.42001018555376457,0.631578947368421,0.31704618689581093,0.33,0,0,0,50.66284320510313,25.309892389837394,43.752240708388214
169000,0.06,0,0.42004718727049045,0.631578947368421,0.3111922663802363,0.39,0,0,0,50.65243256951478,25.309892389837394,43.75737823991762
169100,0.06,0,0.42002200381545046,0.631578947368421,0.3182062298603652,0.38,0,0,0,50.64851710135748,25.309892389837394,43.763384761423744
169200,0.06,0,0.42005725095806823,0.631578947368421,0.3166595059076262,0.45,0,0,0,50.65050671224522,25.309892389837394,43.75799362889015
169300,0.06,0,0.41999100013077323,0.631578947368421,0.31462943071965627,0.3,0,0,0,50.65625244319625,25.309892389837394,43.75993209288532
169400,0.06,0,0.4200496351516528,0.631578947368421,0.31673469387755104,0.36,0,0,0,50.65711235085142,25.309892389837394,43.75308088961588
169500,0.06,0,0.42016206022099933,0.631578947368421,0.31611170784103115,0.38,0,0,0,50.64324113497877,25.309892389837394,43.753354427523504
169600,0.06,0,0.42020120706913167,0.631578947368421,0.3075295381310419,0.38,0,0,0,50.646301286261824,25.309892389837394,43.74663485163452
169700,0.06,0,0.42016576534507716,0.631578947368421,0.3134156820622986,0.36,0,0,0,50.650837252081914,25.309892389837394,43.74640695754734
169800,0.06,0,0.42009195229085894,0.631578947368421,0.3125886143931257,0.35,0,0,0,50.664057620916005,25.309892389837394,43.74267623248325
169900,0.06,0,0.42009019684717547,0.631578947368421,0.3101503759398496,0.45,0,0,0,50.64953407765961,25.309892389837394,43.75540210424229
170000,0.06,0,0.42009390478899034,0.631578947368421,0.3130827067669173,0.41,0,0,0,50.648657070943955,25.309892389837394,43.755773538846356
170100,0.06,0,0.4200681512110022,0.631578947368421,0.31158968850698177,0.34,0,0,0,50.66032316272545,25.309892389837394,43.74837939655049
170200,0.06,0,0.4200644659162059,0.631578947368421,0.3128034371643394,0.23,0,0,0,50.65787426088304,25.309892389837394,43.750878110041725
170300,0.06,0,0.4201965562343636,0.631578947368421,0.308625134264232,0.42,0,0,0,50.665979937050686,25.309892389837394,43.730127682345085
170400,0.06,0,0.4202112019960227,0.631578947368421,0.3087862513426423,0.34,0,0,0,50.657846675814206,25.309892389837394,43.73562429313009
170500,0.06,0,0.4202405504212672,0.631578947368421,0.3155424274973147,0.44,0,0,0,50.65801670334522,25.309892389837394,43.73242313629081
170600,0.06,0,0.4203244015106312,0.631578947368421,0.31142857142857144,0.32,0,0,0,50.651762774282155,25.309892389837394,43.729097422471156
170700,0.06,0,0.42019050749336234,0.631578947368421,0.30799140708915146,0.36,0,0,0,50.66000569113822,25.309892389837394,43.73591427954884
170800,0.06,0,0.42007231963990477,0.631578947368421,0.31191192266380235,0.37,0,0,0,50.66237096386446,25.309892389837394,43.74617695982476
170900,0.06,0,0.4200413943161135,0.631578947368421,0.31656283566058,0.38,0,0,0,50.67648550989367,25.309892389837394,43.73721255318814
171000,0.06,0,0.41988996464426687,0.631578947368421,0.32440386680988187,0.38,0,0,0,50.67514560311699,25.309892389837394,43.754142876571
171100,0.06,0,0.41990843665671346,0.631578947368421,0.31634801288936626,0.22,0,0,0,50.67930622323883,25.309892389837394,43.74862617996907
171200,0.06,0,0.4198501574593355,0.631578947368421,0.31490870032223417,0.37,0,0,0,50.670793986661835,25.309892389837394,43.7620493005727
171300,0.06,0,0.41992036230909596,0.631578947368421,0.316906552094522,0.2,0,0,0,50.666986982572766,25.309892389837394,43.758020526781415
171400,0.06,0,0.4198523914508978,0.631578947368421,0.31276047261009665,0.46,0,0,0,50.670528290079226,25.309892389837394,43.76204591717097
171500,0.06,0,0.4198771935908744,0.631578947368421,0.31633727175080556,0.42,0,0,0,50.6584950763387,25.309892389837394,43.769855338831896
171600,0.06,0,0.4197384126400783,0.631578947368421,0.3155531686358754,0.35,0,0,0,50.66341134467339,25.309892389837394,43.78007852536541
171700,0.06,0,0.4196695151904023,0.631578947368421,0.3173791621911923,0.49,0,0,0,50.66488852247557,25.309892389837394,43.78598927783141
171800,0.06,0,0.4195843062857404,0.631578947368421,0.322062298603652,0.37,0,0,0,50.67411982960547,25.309892389837394,43.78690319182577
171900,0.06,0,0.41953909122374206,0.631578947368421,0.31486573576799143,0.39,0,0,0,50.68405934751677,25.309892389837394,43.783034385472156
172000,0.06,0,0.41945864429461743,0.631578947368421,0.31833512352309346,0.31,0,0,0,50.69658132348796,25.309892389837394,43.78061500984649
172100,0.06,0,0.4194284934100107,0.631578947368421,0.32738990332975293,0.35,0,0,0,50.706429724446316,25.309892389837394,43.7752583538466
172200,0.06,0,0.41940061153886604,0.631578947368421,0.32201933404940924,0.25,0,0,0,50.706146165404505,25.309892389837394,43.778413361776835
172300,0.06,0,0.41951401652072196,0.631578947368421,0.32224489795918365,0.4,0,0,0,50.69113116785578,25.309892389837394,43.779542883607625
172400,0.06,0,0.4195183255750113,0.631578947368421,0.3203222341568206,0.34,0,0,0,50.693109583244365,25.309892389837394,43.77738462500403
172500,0.06,0,0.41967157051161563,0.631578947368421,0.321374865735768,0.4,0,0,0,50.68188099198986,25.309892389837394,43.77109447440409
172600,0.06,0,0.41971336133794696,0.631578947368421,0.3248657357679914,0.43,0,0,0,50.68823010717329,25.309892389837394,43.76125404848577
172700,0.06,0,0.4197454883504434,0.631578947368421,0.3214393125671321,0.35,0,0,0,50.68035467297685,25.309892389837394,43.764704319590855
172800,0.06,0,0.41972644679638366,0.631578947368421,0.32171858216971,0.41,0,0,0,50.68745578031838,25.309892389837394,43.760558238573
172900,0.06,0,0.4197367967909897,0.631578947368421,0.3202363050483351,0.25,0,0,0,50.68897021686975,25.309892389837394,43.758171773881685
173000,0.06,0,0.4198554182077612,0.631578947368421,0.3195810955961332,0.39,0,0,0,50.67217215650095,25.309892389837394,43.76031075123361
173100,0.06,0,0.41974870368496947,0.631578947368421,0.3192373791621912,0.38,0,0,0,50.68013899724424,25.309892389837394,43.76455532055688
173200,0.06,0,0.4196767239864606,0.631578947368421,0.3199033297529538,0.48,0,0,0,50.68646582329142,25.309892389837394,43.76659772702774
173300,0.06,0,0.419664867564326,0.631578947368421,0.31584317937701395,0.33,0,0,0,50.68444163729463,25.309892389837394,43.76958218344066
173400,0.06,0,0.4196608167620407,0.631578947368421,0.3178839957035446,0.31,0,0,0,50.69120412992404,25.309892389837394,43.764165506498166
173500,0.06,0,0.4198364080906356,0.631578947368421,0.3188077336197637,0.43,0,0,0,50.67815873183613,25.309892389837394,43.757122601366774
173600,0.06,0,0.4197221376923285,0.631578947368421,0.3229430719656284,0.33,0,0,0,50.677450094724,25.309892389837394,43.769647621875535
173700,0.06,0,0.41984112180262323,0.631578947368421,0.3215896885069817,0.39,0,0,0,50.67031110642116,25.309892389837394,43.76340818486038
173800,0.06,0,0.41974455225508156,0.631578947368421,0.3158002148227712,0.48,0,0,0,50.68436043101425,25.309892389837394,43.761343039954234
173900,0.06,0,0.41980644970137576,0.631578947368421,0.31389903329752955,0.47,0,0,0,50.69336519089018,25.309892389837394,43.747118478855626
174000,0.06,0,0.419664624627048,0.631578947368421,0.32104189044038667,0.42,0,0,0,50.70323133365007,25.309892389837394,43.75338729962562
174100,0.06,0,0.41975036788739284,0.631578947368421,0.32103114930182597,0.43,0,0,0,50.692265280817736,25.309892389837394,43.753912766294285
174200,0.06,0,0.41977509493395804,0.631578947368421,0.3220730397422127,0.37,0,0,0,50.68351207446239,25.309892389837394,43.7588914188206
174300,0.06,0,0.41971171381816624,0.631578947368421,0.318968850698174,0.33,0,0,0,50.68740594834514,25.309892389837394,43.76213737208818
174400,0.06,0,0.4196830061286551,0.631578947368421,0.321374865735768,0.32,0,0,0,50.69826734125711,25.309892389837394,43.75575477970674
174500,0.06,0,0.41968444056409887,0.631578947368421,0.3204726100966703,0.32,0,0,0,50.70427911269177,25.309892389837394,43.750417327961145
174600,0.06,0,0.41951200706914743,0.631578947368421,0.3188829215896885,0.39,0,0,0,50.71801744083169,25.309892389837394,43.75654437688443
174700,0.06,0,0.4195584476778663,0.631578947368421,0.3240923737916219,0.52,0,0,0,50.726713284231316,25.309892389837394,43.74420084828904
174800,0.06,0,0.4195111141781306,0.631578947368421,0.3195918367346939,0.42,0,0,0,50.72082741683258,25.309892389837394,43.75421335459399
174900,0.06,0,0.4194694407032052,0.631578947368421,0.3231793770139635,0.37,0,0,0,50.71921270837688,25.309892389837394,43.759953358314895
175000,0.06,0,0.4196015878762323,0.631578947368421,0.32721804511278196,0.36,0,0,0,50.70957293398638,25.309892389837394,43.75448787062587
175100,0.06,0,0.419706356626265,0.631578947368421,0.31841031149301824,0.37,0,0,0,50.69822465494988,25.309892389837394,43.75335725318853
175200,0.06,0,0.419691642689438,0.631578947368421,0.3198388829215897,0.33,0,0,0,50.69370441588862,25.309892389837394,43.758792720070076
175300,0.06,0,0.4195993801481712,0.631578947368421,0.31756176154672394,0.51,0,0,0,50.68963321398805,25.309892389837394,43.7719298262637
175400,0.06,0,0.4196547406675536,0.631578947368421,0.3151664876476907,0.24,0,0,0,50.6900297273338,25.309892389837394,43.76581311549451
175500,0.06,0,0.4195682989668992,0.631578947368421,0.3204296455424275,0.37,0,0,0,50.68983241085546,25.309892389837394,43.77500038091042
175600,0.06,0,0.4194653251756727,0.631578947368421,0.32004296455424275,0.35,0,0,0,50.69619942561412,25.309892389837394,43.78024750712001
175700,0.06,0,0.4195595978250003,0.631578947368421,0.3206122448979592,0.45,0,0,0,50.68246176130678,25.309892389837394,43.78227446294192
175800,0.06,0,0.41964012249608795,0.631578947368421,0.31824919441460797,0.25,0,0,0,50.684531784198086,25.309892389837394,43.77208530730134
175900,0.06,0,0.41958034984330506,0.631578947368421,0.32679914070891514,0.4,0,0,0,50.67063975524121,25.309892389837394,43.79032340710393
176000,0.06,0,0.4196309480254455,0.631578947368421,0.31868958109559614,0.47,0,0,0,50.657514691762266,25.309892389837394,43.7963877122993
176100,0.06,0,0.41960930910825345,0.631578947368421,0.32236305048335123,0.29,0,0,0,50.659498465088774,25.309892389837394,43.79693114757871
176200,0.06,0,0.41970075612372476,0.631578947368421,0.31770139634801287,0.37,0,0,0,50.65809186020356,25.309892389837394,43.788604227917496
176300,0.06,0,0.41971391189823426,0.631578947368421,0.3174006444683136,0.48,0,0,0,50.654311863260894,25.309892389837394,43.790499242684824
176400,0.06,0,0.4197289728088342,0.631578947368421,0.32483351235230934,0.31,0,0,0,50.6604539815916,25.309892389837394,43.78361892316064
176500,0.06,0,0.41966008977497166,0.631578947368421,0.31532760472610094,0.37,0,0,0,50.66113345948088,25.309892389837394,43.79021823756771
176600,0.06,0,0.41990277116329033,0.631578947368421,0.3208485499462943,0.42,0,0,0,50.64286332284331,25.309892389837394,43.780698645472015
176700,0.06,0,0.4199858806358772,0.631578947368421,0.31361976369495165,0.35,0,0,0,50.64266141106859,25.309892389837394,43.772209561514046
176800,0.06,0,0.42000320960897247,0.631578947368421,0.3087325456498389,0.31,0,0,0,50.64263558837326,25.309892389837394,43.77042587613892
176900,0.06,0,0.4200471587256601,0.631578947368421,0.3133404940923738,0.28,0,0,0,50.64535969081157,25.309892389837394,43.76349215143858
177000,0.06,0,0.42004503120067066,0.631578947368421,0.31337271750805584,0.32,0,0,0,50.65130558386,25.309892389837394,43.758576445889666
177100,0.06,0,0.42012832120623544,0.631578947368421,0.320859291084855,0.42,0,0,0,50.641013538725446,25.309892389837394,43.75879288072293
177200,0.06,0,0.4201912850636172,0.631578947368421,0.31439312567132116,0.34,0,0,0,50.6315734030379,25.309892389837394,43.760393313416174
177300,0.06,0,0.42024227251373125,0.631578947368421,0.3155746509129968,0.51,0,0,0,50.632756994041976,25.309892389837394,43.754061103064984
177400,0.06,0,0.42015883923012043,0.631578947368421,0.31583243823845325,0.38,0,0,0,50.62876282124908,25.309892389837394,43.766202094518825
177500,0.06,0,0.4202630170766397,0.631578947368421,0.3111063372717508,0.35,0,0,0,50.62465773782694,25.309892389837394,43.758901071742756
177600,0.06,0,0.42029968595046235,0.631578947368421,0.3119763694951665,0.26,0,0,0,50.621721473462046,25.309892389837394,43.75762131596638
177700,0.06,0,0.4202376513688383,0.631578947368421,0.3123415682062299,0.4,0,0,0,50.63367135591502,25.309892389837394,43.75375210878695
177800,0.06,0,0.4201325766983003,0.631578947368421,0.3113533834586466,0.45,0,0,0,50.641820178165155,25.309892389837394,43.75765265384368
177900,0.06,0,0.42001960978041986,0.631578947368421,0.3119763694951665,0.4,0,0,0,50.65072895570877,25.309892389837394,43.761723101233166
178000,0.06,0,0.42000006756247693,0.631578947368421,0.3129752953813104,0.4,0,0,0,50.6452858883822,25.309892389837394,43.768462774054115
178100,0.06,0,0.4200147352154676,0.631578947368421,0.31377013963480127,0.34,0,0,0,50.63733286716065,25.309892389837394,43.773808269427455
178200,0.06,0,0.41997736101335864,0.631578947368421,0.3162513426423201,0.42,0,0,0,50.63603345274556,25.309892389837394,43.77882716103363
178300,0.06,0,0.41994553272340024,0.631578947368421,0.3191299677765843,0.25,0,0,0,50.63825186782161,25.309892389837394,43.7802271674014
178400,0.06,0,0.41998008581075646,0.631578947368421,0.3140816326530612,0.34,0,0,0,50.6312454040172,25.309892389837394,43.782683136209926
178500,0.06,0,0.42001114893105285,0.631578947368421,0.3174973147153598,0.27,0,0,0,50.62693693517927,25.309892389837394,43.783170794750625
178600,0.06,0,0.42001310278440024,0.631578947368421,0.31171858216971,0.36,0,0,0,50.62686541767667,25.309892389837394,43.78302896994524
178700,0.06,0,0.4200061524705654,0.631578947368421,0.31721804511278195,0.44,0,0,0,50.63209187670532,25.309892389837394,43.779233952404
178800,0.06,0,0.42003737323891416,0.631578947368421,0.3240279269602578,0.38,0,0,0,50.631669936708406,25.309892389837394,43.77634471345347
178900,0.06,0,0.42004224882396757,0.631578947368421,0.3184962406015038,0.26,0,0,0,50.62022525309035,25.309892389837394,43.78573382691371
179000,0.06,0,0.42008740602781375,0.631578947368421,0.3193877551020408,0.31,0,0,0,50.62325999557062,25.309892389837394,43.77840252192991
179100,0.06,0,0.42005394128318463,0.631578947368421,0.31670247046186895,0.44,0,0,0,50.624186247470334,25.309892389837394,43.78108918699389
179200,0.06,0,0.4200292312659602,0.631578947368421,0.3165843179377014,0.39,0,0,0,50.6262201243845,25.309892389837394,43.78190581543668
179300,0.06,0,0.4200396838327177,0.631578947368421,0.3196455424274973,0.32,0,0,0,50.62630003347412,25.309892389837394,43.78074721119372
179400,0.06,0,0.41998759008050285,0.631578947368421,0.3151987110633727,0.45,0,0,0,50.637492256936724,25.309892389837394,43.776499715893145
179500,0.06,0,0.4199655085207499,0.631578947368421,0.3196455424274973,0.36,0,0,0,50.6432173396259,25.309892389837394,43.77385238211324
179600,0.06,0,0.41997999877845393,0.631578947368421,0.32002148227712135,0.4,0,0,0,50.65172605364592,25.309892389837394,43.764989002522164
179700,0.06,0,0.41996634799348814,0.631578947368421,0.31412459720730396,0.37,0,0,0,50.66312123234522,25.309892389837394,43.75656759369288
179800,0.06,0,0.4198308738803729,0.631578947368421,0.3159291084854995,0.3,0,0,0,50.67593464966786,25.309892389837394,43.75961986009739
179900,0.06,0,0.41985727195098294,0.631578947368421,0.31363050483351235,0.33,0,0,0,50.67924678705538,25.309892389837394,43.75400879544924
180000,0.06,0,0.41987469911156977,0.631578947368421,0.3240923737916219,0.55,0,0,0,50.68400617338601,25.309892389837394,43.74808429067385
180100,0.06,0,0.41980305172593646,0.631578947368421,0.3140601503759399,0.29,0,0,0,50.69045473695083,25.309892389837394,43.749984391561064
180200,0.06,0,0.4197955589236261,0.631578947368421,0.3216863587540279,0.41,0,0,0,50.69022514347796,25.309892389837394,43.75096343389909
180300,0.06,0,0.4198671918062137,0.631578947368421,0.31600429645542427,0.4,0,0,0,50.687979888772674,25.309892389837394,43.74543679543107
180400,0.06,0,0.4198623178397053,0.631578947368421,0.32117078410311495,0.37,0,0,0,50.69000292331872,25.309892389837394,43.744198716137106
180500,0.06,0,0.41978005831513704,0.631578947368421,0.32744360902255637,0.48,0,0,0,50.68547232966281,25.309892389837394,43.75668167351107
180600,0.06,0,0.41984625221959754,0.631578947368421,0.32595059076262084,0.42,0,0,0,50.681330883036345,25.309892389837394,43.75335792887764
180700,0.06,0,0.4198120613395677,0.631578947368421,0.3209559613319012,0.35,0,0,0,50.68614641621682,25.309892389837394,43.75276413772189
180800,0.06,0,0.419898602362125,0.631578947368421,0.3193447905477981,0.28,0,0,0,50.68609942621472,25.309892389837394,43.74378725520028
180900,0.06,0,0.419889359217048,0.631578947368421,0.31865735767991404,0.45,0,0,0,50.69031901832762,25.309892389837394,43.74110877459679
181000,0.06,0,0.41989655165795337,0.631578947368421,0.3185177228786251,0.36,0,0,0,50.690963944375305,25.309892389837394,43.739803034143925
181100,0.06,0,0.4199226105667006,0.631578947368421,0.3185499462943072,0.27,0,0,0,50.69703813925847,25.309892389837394,43.73184839875596
181200,0.06,0,0.4199072675916787,0.631578947368421,0.31228786251342644,0.32,0,0,0,50.7014357436816,25.309892389837394,43.72965308128836
181300,0.06,0,0.42000972357067695,0.631578947368421,0.3174113856068743,0.4,0,0,0,50.69860808291203,25.309892389837394,43.72142417370648
181400,0.06,0,0.41997955655804786,0.631578947368421,0.31834586466165415,0.38,0,0,0,50.68754569418281,25.309892389837394,43.73410741244054
181500,0.06,0,0.4201146884899835,0.631578947368421,0.3229001074113856,0.38,0,0,0,50.67751575116945,25.309892389837394,43.72869306433322
181600,0.06,0,0.4200811481899409,0.631578947368421,0.31268528464017187,0.35,0,0,0,50.67731052294685,25.309892389837394,43.732361571989145
181700,0.06,0,0.4200533796352228,0.631578947368421,0.31242749731471536,0.3,0,0,0,50.67564137873129,25.309892389837394,43.73669313923166
181800,0.06,0,0.42007916165523845,0.631578947368421,0.31621911922663803,0.35,0,0,0,50.66980114416449,25.309892389837394,43.73904964552538
181900,0.06,0,0.420149400460377,0.631578947368421,0.3167669172932331,0.46,0,0,0,50.66858716301042,25.309892389837394,43.732785315104714
182000,0.06,0,0.4200108081528447,0.631578947368421,0.31327604726100966,0.31,0,0,0,50.681482102754785,25.309892389837394,43.73608531438686
182100,0.06,0,0.4200318240586453,0.631578947368421,0.31462943071965627,0.31,0,0,0,50.68123358914628,25.309892389837394,43.73411146719758
182200,0.06,0,0.41997038309903484,0.631578947368421,0.3123737916219119,0.46,0,0,0,50.68498587778998,25.309892389837394,43.73727151580669
182300,0.06,0,0.4201164980624398,0.631578947368421,0.3144360902255639,0.36,0,0,0,50.67789550934791,25.309892389837394,43.72817702879151
182400,0.06,0,0.42014508184301214,0.631578947368421,0.31487647690655207,0.31,0,0,0,50.678981857234206,25.309892389837394,43.72426477690552
182500,0.06,0,0.4201445899097999,0.631578947368421,0.3152953813104189,0.39,0,0,0,50.686991399378456,25.309892389837394,43.71740666977739
182600,0.06,0,0.42007614922555714,0.631578947368421,0.3162835660580022,0.32,0,0,0,50.68487064171355,25.309892389837394,43.72635882800014
182700,0.06,0,0.420104514168837,0.631578947368421,0.3158861439312567,0.3,0,0,0,50.69154831941871,25.309892389837394,43.71764672432398
182800,0.06,0,0.42024193657155057,0.631578947368421,0.3182169709989259,0.45,0,0,0,50.67598189563371,25.309892389837394,43.71677531344862
182900,0.06,0,0.4202421991235892,0.631578947368421,0.3128464017185822,0.42,0,0,0,50.669259080676675,25.309892389837394,43.722548354161184
183000,0.06,0,0.420366895413092,0.631578947368421,0.3119763694951665,0.4,0,0,0,50.664785225473246,25.309892389837394,43.71343832668117
183100,0.06,0,0.42038207532167193,0.631578947368421,0.3143609022556391,0.34,0,0,0,50.65733934652047,25.309892389837394,43.71828483987722
183200,0.06,0,0.42045128588770536,0.631578947368421,0.3084103114930183,0.41,0,0,0,50.65603445138651,25.309892389837394,43.712214358619725
183300,0.06,0,0.42047273378849,0.631578947368421,0.3121374865735768,0.32,0,0,0,50.656900875987084,25.309892389837394,43.70923703548049
183400,0.06,0,0.4204546374896464,0.631578947368421,0.31219119226638026,0.37,0,0,0,50.65608002854114,25.309892389837394,43.71182658294252
183500,0.06,0,0.4203647405452579,0.631578947368421,0.31396348012889363,0.4,0,0,0,50.65887216029396,25.309892389837394,43.718764808034706
183600,0.06,0,0.42023238232832577,0.631578947368421,0.3072824919441461,0.33,0,0,0,50.67145383400254,25.309892389837394,43.72167591345571
183700,0.06,0,0.4201982403191995,0.631578947368421,0.307422126745435,0.42,0,0,0,50.663840843488366,25.309892389837394,43.73179875498081
183800,0.06,0,0.4201077233073154,0.631578947368421,0.3104833512352309,0.33,0,0,0,50.6661795927272,25.309892389837394,43.739202177605115
183900,0.06,0,0.4201288855147483,0.631578947368421,0.3173791621911923,0.4,0,0,0,50.665758393989904,25.309892389837394,43.73736259915475
184000,0.06,0,0.4201745078089549,0.631578947368421,0.310859291084855,0.43,0,0,0,50.66580245162649,25.309892389837394,43.732575594028305
184100,0.06,0,0.4201015781267185,0.631578947368421,0.30933404940923737,0.36,0,0,0,50.6771552653215,25.309892389837394,43.730368800530904
184200,0.06,0,0.4200313181876107,0.631578947368421,0.31091299677765843,0.39,0,0,0,50.683279415257275,25.309892389837394,43.73239881334768
184300,0.06,0,0.42012739303208385,0.631578947368421,0.3172610096670247,0.27,0,0,0,50.67190655222188,25.309892389837394,43.73221118378342
184400,0.06,0,0.4201884366204986,0.631578947368421,0.3161546723952739,0.36,0,0,0,50.653754720678904,25.309892389837394,43.74152712428217
184500,0.06,0,0.42027632545959326,0.631578947368421,0.3101611170784103,0.38,0,0,0,50.648380384124856,25.309892389837394,43.737020302766624
184600,0.06,0,0.42032803175934674,0.631578947368421,0.3089044038668099,0.37,0,0,0,50.65043652674473,25.309892389837394,43.72986475425804
184700,0.06,0,0.4203950780873978,0.631578947368421,0.3090655209452202,0.33,0,0,0,50.65176219951199,25.309892389837394,43.72174620810023
184800,0.06,0,0.4202951727130476,0.631578947368421,0.31073039742212677,0.35,0,0,0,50.66721851701968,25.309892389837394,43.71879826040069
184900,0.06,0,0.420258429041806,0.631578947368421,0.31007518796992484,0.36,0,0,0,50.68007821291845,25.309892389837394,43.711526352155275
185000,0.06,0,0.42018735469911406,0.631578947368421,0.3098818474758324,0.33,0,0,0,50.689749523620634,25.309892389837394,43.71057880378378
185100,0.06,0,0.42020593740648854,0.631578947368421,0.31242749731471536,0.42,0,0,0,50.690063970109634,25.309892389837394,43.708374658532
185200,0.06,0,0.4202693933550226,0.631578947368421,0.31092373791621913,0.38,0,0,0,50.69584261864797,25.309892389837394,43.69679376754568
185300,0.06,0,0.42037235995354494,0.631578947368421,0.3105263157894737,0.3,0,0,0,50.701666197493786,25.309892389837394,43.68107284142772
185400,0.06,0,0.4204644433372835,0.631578947368421,0.31029001074113854,0.34,0,0,0,50.69307839741564,25.309892389837394,43.67890480433739
185500,0.06,0,0.4204387460393402,0.631578947368421,0.3098711063372718,0.42,0,0,0,50.68289661859415,25.309892389837394,43.690349738040034
185600,0.06,0,0.42038355973281616,0.631578947368421,0.3059505907626208,0.36,0,0,0,50.68633162247795,25.309892389837394,43.69312395985961
185700,0.06,0,0.42034884603636136,0.631578947368421,0.30402792696025777,0.38,0,0,0,50.68244606287321,25.309892389837394,43.70008227324733
185800,0.06,0,0.420296253412324,0.631578947368421,0.30895810955961334,0.39,0,0,0,50.69062269100469,25.309892389837394,43.698500659509506
185900,0.06,0,0.4203114822002914,0.631578947368421,0.30576799140708916,0.26,0,0,0,50.693326532010445,25.309892389837394,43.694586696946494
186000,0.06,0,0.4203150807037149,0.631578947368421,0.3104296455424275,0.34,0,0,0,50.682841231937054,25.309892389837394,43.703252096164114
186100,0.06,0,0.4204411054637456,0.631578947368421,0.30834586466165415,0.39,0,0,0,50.6727365147928,25.309892389837394,43.69886461302201
186200,0.06,0,0.42032424688255593,0.631578947368421,0.31091299677765843,0.34,0,0,0,50.674750408446975,25.309892389837394,43.70927663100981
186300,0.06,0,0.4204121910394812,0.631578947368421,0.3103651987110634,0.43,0,0,0,50.66490932479046,25.309892389837394,43.70862153673121
186400,0.06,0,0.4204951067017763,0.631578947368421,0.31079484425349085,0.33,0,0,0,50.661269906294265,25.309892389837394,43.70314215044638
186500,0.06,0,0.4204742521209941,0.631578947368421,0.3103974221267454,0.34,0,0,0,50.65317339712898,25.309892389837394,43.71229567648152
186600,0.06,0,0.42044164674548934,0.631578947368421,0.31276047261009665,0.4,0,0,0,50.64711017551798,25.309892389837394,43.7209190038202
186700,0.06,0,0.4204181745805643,0.631578947368421,0.3056820622986037,0.41,0,0,0,50.64608634020756,25.309892389837394,43.724243854447586
186800,0.06,0,0.4202826411147231,0.631578947368421,0.3125671321160043,0.42,0,0,0,50.66010965747525,25.309892389837394,43.72623683274628
186900,0.06,0,0.42029047545560094,0.631578947368421,0.3129108485499463,0.3,0,0,0,50.66273943014831,25.309892389837394,43.72315208820778
187000,0.06,0,0.4203033445926479,0.631578947368421,0.3131041890440387,0.39,0,0,0,50.66125219365037,25.309892389837394,43.7230968615849
187100,0.06,0,0.4203930288361067,0.631578947368421,0.30967776584317935,0.39,0,0,0,50.65124799453587,25.309892389837394,43.72240319420728
187200,0.06,0,0.42041356693818427,0.631578947368421,0.3071643394199785,0.31,0,0,0,50.65327890673911,25.309892389837394,43.71851432393562
187300,0.06,0,0.42042008020317406,0.631578947368421,0.3112352309344791,0.43,0,0,0,50.66026045341446,25.309892389837394,43.71181222093054
187400,0.06,0,0.4203524811853805,0.631578947368421,0.3099248120300752,0.4,0,0,0,50.66386485935643,25.309892389837394,43.71573142698453
187500,0.06,0,0.4202644269651395,0.631578947368421,0.3059613319011815,0.33,0,0,0,50.665369194733294,25.309892389837394,43.72359252892498
187600,0.06,0,0.42020858152923185,0.631578947368421,0.31141783029001074,0.41,0,0,0,50.66265893972226,25.309892389837394,43.73174271759182
187700,0.06,0,0.42013397722188084,0.631578947368421,0.3142857142857143,0.41,0,0,0,50.66052750257121,25.309892389837394,43.74134852896587
187800,0.06,0,0.42018969002588646,0.631578947368421,0.31485499462943073,0.34,0,0,0,50.66335020480423,25.309892389837394,43.7331121582196
187900,0.06,0,0.4201118097107374,0.631578947368421,0.316906552094522,0.41,0,0,0,50.65969007674086,25.309892389837394,43.744379674562985
188000,0.06,0,0.42018109549382476,0.631578947368421,0.3157250268528464,0.34,0,0,0,50.64981202725667,25.309892389837394,43.745696344094334
188100,0.06,0,0.42013255470824346,0.631578947368421,0.3141138560687433,0.35,0,0,0,50.65452098595939,25.309892389837394,43.74668341477747
188200,0.06,0,0.42014759154062725,0.631578947368421,0.3131041890440387,0.38,0,0,0,50.660316591019445,25.309892389837394,43.74011324953872
188300,0.06,0,0.4201349509778529,0.631578947368421,0.3102577873254565,0.32,0,0,0,50.65922193826678,25.309892389837394,43.74237442637938
188400,0.06,0,0.4201198944433781,0.631578947368421,0.31685284640171857,0.35,0,0,0,50.660338970874506,25.309892389837394,43.74297756464655
188500,0.06,0,0.4200436201344125,0.631578947368421,0.3164232008592911,0.42,0,0,0,50.66896428503493,25.309892389837394,43.743473040607114
188600,0.06,0,0.42001833357677004,0.631578947368421,0.3128034371643394,0.43,0,0,0,50.65880319443826,25.309892389837394,43.754881098128706
188700,0.06,0,0.4199467567807897,0.631578947368421,0.3144575725026853,0.35,0,0,0,50.66858155756743,25.309892389837394,43.75389324160464
188800,0.06,0,0.41996748539622814,0.631578947368421,0.3141031149301826,0.37,0,0,0,50.65815595933036,25.309892389837394,43.76073788760852
188900,0.06,0,0.4199530677319203,0.631578947368421,0.31475832438238455,0.42,0,0,0,50.65075327798798,25.309892389837394,43.768636179264426
189000,0.06,0,0.41991015207289883,0.631578947368421,0.3125563909774436,0.4,0,0,0,50.65770394458499,25.309892389837394,43.76710337975032
189100,0.06,0,0.4198705974911177,0.631578947368421,0.3211278195488722,0.4,0,0,0,50.658905933557946,25.309892389837394,43.77018796547949
189200,0.06,0,0.4198594699734732,0.631578947368421,0.31791621911922663,0.33,0,0,0,50.656152737835974,25.309892389837394,43.77372700689439
189300,0.06,0,0.4198276109669788,0.631578947368421,0.31424274973147154,0.41,0,0,0,50.65513046532628,25.309892389837394,43.777932282412586
189400,0.06,0,0.4198855083572989,0.631578947368421,0.3112781954887218,0.39,0,0,0,50.64733235282808,25.309892389837394,43.77863531753253
189500,0.06,0,0.4199001143096769,0.631578947368421,0.31473684210526315,0.23,0,0,0,50.64774865536149,25.309892389837394,43.77675267729282
189600,0.06,0,0.41993578354177785,0.631578947368421,0.3171643394199785,0.42,0,0,0,50.63964154970967,25.309892389837394,43.780042094376306
189700,0.06,0,0.4199406696383156,0.631578947368421,0.3185177228786251,0.34,0,0,0,50.64906149685936,25.309892389837394,43.77139038417898
189800,0.06,0,0.4198791136878667,0.631578947368421,0.31593984962406013,0.34,0,0,0,50.66252157607195,25.309892389837394,43.76617650420795
189900,0.06,0,0.41988224403420765,0.631578947368421,0.3159183673469388,0.28,0,0,0,50.667990158034065,25.309892389837394,43.761126578480486
190000,0.06,0,0.41975201843097587,0.631578947368421,0.3237593984962406,0.36,0,0,0,50.67449390101396,25.309892389837394,43.76908501193657
190100,0.06,0,0.41972598310089243,0.631578947368421,0.3254027926960258,0.43,0,0,0,50.672031604763944,25.309892389837394,43.77392697447474
190200,0.06,0,0.41970835035410836,0.631578947368421,0.3188721804511278,0.37,0,0,0,50.6741614621221,25.309892389837394,43.773926085723915
190300,0.06,0,0.4197500452140689,0.631578947368421,0.32312567132116005,0.31,0,0,0,50.679529386397,25.309892389837394,43.76494187895306
190400,0.06,0,0.4197764908241562,0.631578947368421,0.3140923737916219,0.36,0,0,0,50.68392909124643,25.309892389837394,43.7583858687811
190500,0.06,0,0.41972156582543696,0.631578947368421,0.32460794844253493,0.5,0,0,0,50.68247082540302,25.309892389837394,43.76537132237565
190600,0.06,0,0.4196671637806375,0.631578947368421,0.32485499462943074,0.39,0,0,0,50.69014734314228,25.309892389837394,43.764416000442125
190700,0.06,0,0.41971287948878894,0.631578947368421,0.3163050483351235,0.27,0,0,0,50.68468649653719,25.309892389837394,43.76436385199119
190800,0.06,0,0.4197259394868778,0.631578947368421,0.3212889366272825,0.38,0,0,0,50.68006586973079,25.309892389837394,43.76699208131368
190900,0.06,0,0.41964635978104636,0.631578947368421,0.31620837808807734,0.26,0,0,0,50.68017214629955,25.309892389837394,43.77520004498921
191000,0.06,0,0.41965297498262316,0.631578947368421,0.32422126745435015,0.25,0,0,0,50.68270115284147,25.309892389837394,43.77232569840976
191100,0.06,0,0.4196125591567754,0.631578947368421,0.3215359828141783,0.34,0,0,0,50.68316978299886,25.309892389837394,43.776136948190526
191200,0.06,0,0.41962469787224677,0.631578947368421,0.32348012889366273,0.32,0,0,0,50.68852888799326,25.309892389837394,43.77024246143984
191300,0.06,0,0.41960931347594693,0.631578947368421,0.31815252416756173,0.37,0,0,0,50.6842891367877,25.309892389837394,43.775508760984096
191400,0.06,0,0.4196965021820859,0.631578947368421,0.32634801288936627,0.45,0,0,0,50.67640454532182,25.309892389837394,43.773224223856516
191500,0.06,0,0.41974752502465096,0.631578947368421,0.3257357679914071,0.33,0,0,0,50.68058317312636,25.309892389837394,43.76429464903887
191600,0.06,0,0.4198283692026314,0.631578947368421,0.32178302900107414,0.43,0,0,0,50.68117014448723,25.309892389837394,43.75536042018352
191700,0.06,0,0.4198941334080507,0.631578947368421,0.32030075187969925,0.3,0,0,0,50.676464264884785,25.309892389837394,43.752569956284404
191800,0.06,0,0.42003172464246474,0.631578947368421,0.31892588614393125,0.43,0,0,0,50.66224363371495,25.309892389837394,43.750514875043606
191900,0.06,0,0.42010656032077004,0.631578947368421,0.31795918367346937,0.41,0,0,0,50.65935110464175,25.309892389837394,43.74521898335645
192000,0.06,0,0.4202246235576836,0.631578947368421,0.3093770139634801,0.32,0,0,0,50.650724804884774,25.309892389837394,43.740376779895335
192100,0.06,0,0.4201253629930062,0.631578947368421,0.3087862513426423,0.4,0,0,0,50.66891788014178,25.309892389837394,43.735002024692996
192200,0.06,0,0.41999229062109233,0.631578947368421,0.31945220193340496,0.37,0,0,0,50.677701020551225,25.309892389837394,43.74127695538685
192300,0.06,0,0.42008116410883733,0.631578947368421,0.31883995703544576,0.33,0,0,0,50.67108438895401,25.309892389837394,43.73773346332154
192400,0.06,0,0.42015133512333075,0.631578947368421,0.3156928034371643,0.36,0,0,0,50.67106000323973,25.309892389837394,43.73044970963932
192500,0.06,0,0.42005995915356203,0.631578947368421,0.3151450053705693,0.36,0,0,0,50.67602806049768,25.309892389837394,43.73567435282398
192600,0.06,0,0.42010689967589676,0.631578947368421,0.31261009667024703,0.36,0,0,0,50.66896000933586,25.309892389837394,43.736887772868315
192700,0.06,0,0.42020695345964765,0.631578947368421,0.31191192266380235,0.39,0,0,0,50.67763128724737,25.309892389837394,43.71899186995158
192800,0.06,0,0.420164065818208,0.631578947368421,0.3125671321160043,0.39,0,0,0,50.6825172650345,25.309892389837394,43.71923932404978
192900,0.06,0,0.4202986038824585,0.631578947368421,0.3140816326530612,0.46,0,0,0,50.67407893654524,25.309892389837394,43.71252261259245
193000,0.06,0,0.42037679453882193,0.631578947368421,0.3203222341568206,0.37,0,0,0,50.67617526019212,25.309892389837394,43.702584102274706
193100,0.06,0,0.42033745597707695,0.631578947368421,0.31415682062298605,0.41,0,0,0,50.67426650554982,25.309892389837394,43.70832044715819
193200,0.06,0,0.42025202375069093,0.631578947368421,0.30645542427497313,0.37,0,0,0,50.68402157480462,25.309892389837394,43.70879164980936
193300,0.06,0,0.420209660487883,0.631578947368421,0.313469387755102,0.36,0,0,0,50.6810792132442,25.309892389837394,43.71573596492202
193400,0.06,0,0.4202568710309509,0.631578947368421,0.3122986036519871,0.43,0,0,0,50.67658575810652,25.309892389837394,43.71470086132645
193500,0.06,0,0.4202407131618389,0.631578947368421,0.3129860365198711,0.27,0,0,0,50.680016227688235,25.309892389837394,43.71342254188957
193600,0.06,0,0.4202188359628498,0.631578947368421,0.3112781954887218,0.44,0,0,0,50.68407259387248,25.309892389837394,43.71219965503374
193700,0.06,0,0.4202033177556151,0.631578947368421,0.3112244897959184,0.36,0,0,0,50.67486179212804,25.309892389837394,43.721759499449874
193800,0.06,0,0.42028811775057867,0.631578947368421,0.3154242749731472,0.38,0,0,0,50.6667801162549,25.309892389837394,43.71991041360251
193900,0.06,0,0.42034115959957136,0.631578947368421,0.31192266380236305,0.38,0,0,0,50.665648511021,25.309892389837394,43.71536985292262
194000,0.06,0,0.4202554333978667,0.631578947368421,0.3128356605800215,0.34,0,0,0,50.67549357500201,25.309892389837394,43.715792566905776
194100,0.06,0,0.42021225256446715,0.631578947368421,0.31482277121374863,0.31,0,0,0,50.681756813052694,25.309892389837394,43.7148818420805
194200,0.06,0,0.42013241485693237,0.631578947368421,0.310687432867884,0.36,0,0,0,50.67594746882573,25.309892389837394,43.72820127540523
194300,0.06,0,0.42012187501430953,0.631578947368421,0.31633727175080556,0.35,0,0,0,50.67671692404635,25.309892389837394,43.72863434194139
194400,0.06,0,0.42018254820884754,0.631578947368421,0.31781954887218045,0.25,0,0,0,50.675047856123456,25.309892389837394,43.723760116568606
194500,0.06,0,0.42019899240454966,0.631578947368421,0.31396348012889363,0.44,0,0,0,50.67393895016158,25.309892389837394,43.72300579422209
194600,0.06,0,0.42024203581821057,0.631578947368421,0.31080558539205155,0.47,0,0,0,50.66966194319685,25.309892389837394,43.722217716877914
194700,0.06,0,0.420163010746023,0.631578947368421,0.3140171858216971,0.42,0,0,0,50.68438694910025,25.309892389837394,43.71773635504702
194800,0.06,0,0.4202279121071065,0.631578947368421,0.31551020408163266,0.41,0,0,0,50.681298451877375,25.309892389837394,43.713648175305686
194900,0.06,0,0.4202205250221669,0.631578947368421,0.3118796992481203,0.26,0,0,0,50.68184927552023,25.309892389837394,43.71394152071836
195000,0.06,0,0.42016149154561233,0.631578947368421,0.32018259935553167,0.41,0,0,0,50.675663570052066,25.309892389837394,43.72542008662098
195100,0.06,0,0.42008275417249363,0.631578947368421,0.31597207303974223,0.42,0,0,0,50.699049949211386,25.309892389837394,43.7134422990834
195200,0.06,0,0.41998340733965256,0.631578947368421,0.31771213748657356,0.37,0,0,0,50.70148620564408,25.309892389837394,43.721681717759076
195300,0.06,0,0.4199402697487234,0.631578947368421,0.3171106337271751,0.36,0,0,0,50.70377361517334,25.309892389837394,43.724200319376145
195400,0.06,0,0.4198281365638192,0.631578947368421,0.3209559613319012,0.51,0,0,0,50.71440673932079,25.309892389837394,43.72670879121308
195500,0.06,0,0.4199048944284201,0.631578947368421,0.31707841031149303,0.43,0,0,0,50.70230366168316,25.309892389837394,43.72915166183645
195600,0.06,0,0.4199522797325044,0.631578947368421,0.31216970998925886,0.55,0,0,0,50.69486888698273,25.309892389837394,43.730629961692614
195700,0.06,0,0.41997686390786915,0.631578947368421,0.31218045112781956,0.32,0,0,0,50.6912439190866,25.309892389837394,43.73119712912897
195800,0.06,0,0.41989341102362693,0.631578947368421,0.3135875402792696,0.39,0,0,0,50.705081322563956,25.309892389837394,43.72795200337478
195900,0.06,0,0.41999518052150286,0.631578947368421,0.3136949516648765,0.5,0,0,0,50.69129962399869,25.309892389837394,43.729241892342735
196000,0.06,0,0.4200231399459151,0.631578947368421,0.3140816326530612,0.39,0,0,0,50.68675176944784,25.309892389837394,43.73025432729835
196100,0.06,0,0.41998132891277046,0.631578947368421,0.3155746509129968,0.38,0,0,0,50.6836494669897,25.309892389837394,43.73728482872143
196200,0.06,0,0.4199157778793857,0.631578947368421,0.3128249194414608,0.35,0,0,0,50.69513902883828,25.309892389837394,43.734198266940524
196300,0.06,0,0.4199214485603298,0.631578947368421,0.31621911922663803,0.29,0,0,0,50.68891147960625,25.309892389837394,43.73898070691606
196400,0.06,0,0.42000005076751273,0.631578947368421,0.3168313641245972,0.39,0,0,0,50.6765650446814,25.309892389837394,43.74144926303942
196500,0.06,0,0.42000339726177277,0.631578947368421,0.3118689581095596,0.42,0,0,0,50.673544963835525,25.309892389837394,43.743707656548885
196600,0.06,0,0.4199895665745626,0.631578947368421,0.3145864661654135,0.31,0,0,0,50.681093412719434,25.309892389837394,43.73863277344355
196700,0.06,0,0.4199462938642219,0.631578947368421,0.3128464017185822,0.38,0,0,0,50.688214191087816,25.309892389837394,43.73699463170594
196800,0.06,0,0.41980959233625686,0.631578947368421,0.3167883995703545,0.4,0,0,0,50.69897458390549,25.309892389837394,43.74195079874518
196900,0.06,0,0.4197845720366731,0.631578947368421,0.3182921589688507,0.29,0,0,0,50.704635476500705,25.309892389837394,43.73967409934037
197000,0.06,0,0.41975508917084636,0.631578947368421,0.32583243823845326,0.34,0,0,0,50.71233285016213,25.309892389837394,43.73610680314898
197100,0.06,0,0.41978498444801426,0.631578947368421,0.3228356605800215,0.34,0,0,0,50.71328085735624,25.309892389837394,43.73217458476506
197200,0.06,0,0.41981243356841186,0.631578947368421,0.3199892588614393,0.45,0,0,0,50.70782793966409,25.309892389837394,43.73401766565088
197300,0.06,0,0.4198312434763845,0.631578947368421,0.322921589688507,0.47,0,0,0,50.7117485968754,25.309892389837394,43.72867718951843
197400,0.06,0,0.4197736160230211,0.631578947368421,0.3208485499462943,0.34,0,0,0,50.715864250618026,25.309892389837394,43.7311312371206
197500,0.06,0,0.41983883597915156,0.631578947368421,0.32020408163265307,0.42,0,0,0,50.70410351589716,25.309892389837394,43.734479604306244
197600,0.06,0,0.4198193795305786,0.631578947368421,0.3145972073039742,0.38,0,0,0,50.70408909734539,25.309892389837394,43.73651890757369
197700,0.06,0,0.41992184286083356,0.631578947368421,0.31951664876476904,0.29,0,0,0,50.70904137724085,25.309892389837394,43.72157665060931
197800,0.06,0,0.41996464425941094,0.631578947368421,0.31770139634801287,0.28,0,0,0,50.703243629563296,25.309892389837394,43.7221196007556
197900,0.06,0,0.41992681717235575,0.631578947368421,0.3198388829215897,0.4,0,0,0,50.70109703557243,25.309892389837394,43.727909380839165
198000,0.06,0,0.4199943264406028,0.631578947368421,0.3187540279269603,0.38,0,0,0,50.694135277547495,25.309892389837394,43.726884751472475
198100,0.06,0,0.4200217038879268,0.631578947368421,0.31748657357679916,0.42,0,0,0,50.69329950959356,25.309892389837394,43.724755455479524
198200,0.06,0,0.420041964265657,0.631578947368421,0.3166595059076262,0.43,0,0,0,50.69293232087746,25.309892389837394,43.722963128172594
198300,0.06,0,0.42016467065230606,0.631578947368421,0.31635875402792696,0.32,0,0,0,50.69036432447833,25.309892389837394,43.712408496192865
198400,0.06,0,0.42017166325272365,0.631578947368421,0.3161654135338346,0.32,0,0,0,50.69143981362162,25.309892389837394,43.71075361962484
198500,0.06,0,0.4202727330865234,0.631578947368421,0.31525241675617616,0.33,0,0,0,50.68042967366894,25.309892389837394,43.70973550168887
198600,0.06,0,0.42023593690964683,0.631578947368421,0.3161439312567132,0.43,0,0,0,50.674704164025044,25.309892389837394,43.71850176043967
198700,0.06,0,0.4202151847601486,0.631578947368421,0.31343716433942,0.43,0,0,0,50.6758886675372,25.309892389837394,43.71963884890317
198800,0.06,0,0.4203386263975326,0.631578947368421,0.3080451127819549,0.44,0,0,0,50.66934274308615,25.309892389837394,43.71244606017742
198900,0.06,0,0.4202305991237047,0.631578947368421,0.31165413533834585,0.37,0,0,0,50.670117982102944,25.309892389837394,43.72301411195081
199000,0.06,0,0.4202065783110536,0.631578947368421,0.30894736842105264,0.45,0,0,0,50.67042349379671,25.309892389837394,43.725249869082006
199100,0.06,0,0.4202120332864443,0.631578947368421,0.31118152524167564,0.35,0,0,0,50.67178100738613,25.309892389837394,43.72351085195052
199200,0.06,0,0.42017233454696734,0.631578947368421,0.3160687432867884,0.3,0,0,0,50.68001694134573,25.309892389837394,43.72053582460022
199300,0.06,0,0.42016399370857416,0.631578947368421,0.3156390977443609,0.5,0,0,0,50.675284632633904,25.309892389837394,43.72548665883417
199400,0.06,0,0.4202223780279361,0.631578947368421,0.3176369495166488,0.32,0,0,0,50.67083112260309,25.309892389837394,43.72325412590093
199500,0.06,0,0.42018383956409017,0.631578947368421,0.3114715359828142,0.39,0,0,0,50.67804213066328,25.309892389837394,43.72104236189025
199600,0.06,0,0.42018399055052164,0.631578947368421,0.31149301825993553,0.34,0,0,0,50.679938890110385,25.309892389837394,43.71939033788683
199700,0.06,0,0.4200813016308913,0.631578947368421,0.3149624060150376,0.31,0,0,0,50.68994020356182,25.309892389837394,43.72144944088244
199800,0.06,0,0.4201013152270836,0.631578947368421,0.31573576799140707,0.26,0,0,0,50.69241380104396,25.309892389837394,43.71723321497161
199900,0.06,0,0.41995802743480654,0.631578947368421,0.32166487647690656,0.35,0,0,0,50.71756719183922,25.309892389837394,43.71046036756988
200000,0.06,0,0.4199231215228694,0.631578947368421,0.31602577873254567,0.36,0,0,0,50.714332222301735,25.309892389837394,43.7168822168408
