sweep,T,tuning,density,e_per_N,acc_part,acc_box,flip_cand,flip_prop,flip_acc,a,b,c
100,0.06,1,0.4424894999920423,0.631578947368421,,,0,0,0,49.419503609766856,-24.234972448222212,42.57438003520985
200,0.06,1,0.4424894999920423,0.631578947368421,,,0,0,0,49.419503609766856,-24.234972448222212,42.57438003520985
300,0.06,1,0.4424894999920423,0.631578947368421,,,0,0,0,49.419503609766856,-24.234972448222212,42.57438003520985
400,0.06,1,0.4424894999920423,0.631578947368421,,,0,0,0,49.419503609766856,-24.234972448222212,42.57438003520985
500,0.06,1,0.4424894999920423,0.631578947368421,,,0,0,0,49.419503609766856,-24.234972448222212,42.57438003520985
600,0.06,1,0.4424894999920423,0.631578947368421,,,0,0,0,49.419503609766856,-24.234972448222212,42.57438003520985
700,0.06,1,0.4424894999920423,0.631578947368421,,,0,0,0,49.419503609766856,-24.234972448222212,42.57438003520985
800,0.06,1,0.4424894999920423,0.631578947368421,,,0,0,0,49.419503609766856,-24.234972448222212,42.57438003520985
900,0.06,1,0.44242478057064266,0.631578947368421,,,0,0,0,49.419690884897044,-24.234972448222212,42.58044660368871
1000,0.06,1,0.44242478057064266,0.631578947368421,,,0,0,0,49.419690884897044,-24.234972448222212,42.58044660368871
1100,0.06,1,0.44242478057064266,0.631578947368421,,,0,0,0,49.419690884897044,-24.234972448222212,42.58044660368871
1200,0.06,1,0.44242478057064266,0.631578947368421,,,0,0,0,49.419690884897044,-24.234972448222212,42.58044660368871
1300,0.06,1,0.44242478057064266,0.631578947368421,,,0,0,0,49.419690884897044,-24.234972448222212,42.58044660368871
1400,0.06,1,0.44242478057064266,0.631578947368421,,,0,0,0,49.419690884897044,-24.234972448222212,42.58044660368871
1500,0.06,1,0.44242478057064266,0.631578947368421,,,0,0,0,49.419690884897044,-24.234972448222212,42.58044660368871
1600,0.06,1,0.44242478057064266,0.631578947368421,,,0,0,0,49.419690884897044,-24.234972448222212,42.58044660368871
1700,0.06,1,0.44242478057064266,0.631578947368421,,,0,0,0,49.419690884897044,-24.234972448222212,42.58044660368871
1800,0.06,1,0.44242478057064266,0.631578947368421,,,0,0,0,49.419690884897044,-24.234972448222212,42.58044660368871
1900,0.06,1,0.44242366527279053,0.631578947368421,,,0,0,0,49.41925763053111,-24.234972448222212,42.58092724401092
2000,0.06,1,0.44242366527279053,0.631578947368421,,,0,0,0,49.41925763053111,-24.234972448222212,42.58092724401092
2100,0.06,1,0.44242366527279053,0.631578947368421,,,0,0,0,49.41925763053111,-24.234972448222212,42.58092724401092
2200,0.06,1,0.44234740765355435,0.631578947368421,,,0,0,0,49.42175365084188,-24.234972448222212,42.586117001356655
2300,0.06,1,0.44222740250555526,0.631578947368421,,,0,0,0,49.426834281465446,-24.234972448222212,42.59329473871053
2400,0.06,1,0.4422030853126397,0.631578947368421,,,0,0,0,49.428310761931506,-24.234972448222212,42.59436460622995
2500,0.06,1,0.4421995095766518,0.631578947368421,,,0,0,0,49.42852734030372,-24.234972448222212,42.59452239993952
2600,0.06,1,0.4421217292428298,0.631578947368421,,,0,0,0,49.430086431148716,-24.234972448222212,42.600672123509185
2700,0.06,1,0.4419651307369324,0.631578947368421,,,0,0,0,49.44424211425418,-24.234972448222212,42.603565811965375
2800,0.06,1,0.4419376323280543,0.631578947368421,,,0,0,0,49.44513830965009,-24.234972448222212,42.605444467364975
2900,0.06,1,0.44182091672426954,0.631578947368421,,,0,0,0,49.45286082769404,-24.234972448222212,42.61004453694252
3000,0.06,1,0.4416726655414181,0.631578947368421,,,0,0,0,49.46053406628749,-24.234972448222212,42.61773427841078
3100,0.06,1,0.44154274670063465,0.631578947368421,,,0,0,0,49.467361709837604,-24.234972448222212,42.62439008643555
3200,0.06,1,0.44144355571176963,0.631578947368421,,,0,0,0,49.47090314408969,-24.234972448222212,42.63091564984143
3300,0.06,1,0.44132078452341167,0.631578947368421,,,0,0,0,49.477791131076266,-24.234972448222212,42.63683870061667
3400,0.06,1,0.4411149389991583,0.631578947368421,,,0,0,0,49.48887056128372,-24.234972448222212,42.6471852369487
3500,0.06,1,0.441005946104137,0.631578947368421,,,0,0,0,49.496749265015865,-24.234972448222212,42.65093522801794
3600,0.06,1,0.44091441665526493,0.631578947368421,,,0,0,0,49.49946372585595,-24.234972448222212,42.657449752604585
3700,0.06,1,0.44082586284304115,0.631578947368421,,,0,0,0,49.50558673679425,-24.234972448222212,42.66074177901485
3800,0.06,1,0.44068890806430244,0.631578947368421,,,0,0,0,49.51265796909811,-24.234972448222212,42.66790508240545
3900,0.06,1,0.4405568604611117,0.631578947368421,,,0,0,0,49.519181302747185,-24.234972448222212,42.67507140876274
4000,0.06,1,0.44049320131228614,0.631578947368421,,,0,0,0,49.5242511973535,-24.234972448222212,42.676869358102564
4100,0.06,1,0.44038243155629353,0.631578947368421,,,0,0,0,49.52706731401805,-24.234972448222212,42.68517668250513
4200,0.06,1,0.44024470468380617,0.631578947368421,,,0,0,0,49.53114841019191,-24.234972448222212,42.69501225714177
4300,0.06,1,0.44006964430964324,0.631578947368421,,,0,0,0,49.537371143780504,-24.234972448222212,42.706631047172266
4400,0.06,1,0.43988398007808455,0.631578947368421,,,0,0,0,49.54929380071581,-24.234972448222212,42.714375969833895
4500,0.06,1,0.43970834353182553,0.631578947368421,,,0,0,0,49.55873187872192,-24.234972448222212,42.72329987377787
4600,0.06,1,0.4396028106258156,0.631578947368421,,,0,0,0,49.565415290947676,-24.234972448222212,42.72779400670967
4700,0.06,1,0.43940375551309085,0.631578947368421,,,0,0,0,49.570653326378036,-24.234972448222212,42.742633195158696
4800,0.06,1,0.43933969710359594,0.631578947368421,,,0,0,0,49.572021106199905,-24.234972448222212,42.747685815097825
4900,0.06,1,0.439179610702018,0.631578947368421,,,0,0,0,49.57878549566358,-24.234972448222212,42.75743337595745
5000,0.06,1,0.4390265917046708,0.631578947368421,,,0,0,0,49.589901498290175,-24.234972448222212,42.76274833019636
5100,0.06,0,0.4388953413574435,0.631578947368421,0.3956498388829216,0.3,0,0,0,49.59377536764937,-24.234972448222212,42.772195119948016
5200,0.06,0,0.43871849586431244,0.631578947368421,0.39824919441460793,0.39,0,0,0,49.60971874403095,-24.234972448222212,42.77568490253445
5300,0.06,0,0.4386482844645202,0.631578947368421,0.40422126745435016,0.26,0,0,0,49.61745203269688,-24.234972448222212,42.775863700807484
5400,0.06,0,0.43852269656213516,0.631578947368421,0.39917293233082707,0.31,0,0,0,49.62238190096601,-24.234972448222212,42.783863320983464
5500,0.06,0,0.4384095176700534,0.631578947368421,0.4082277121374866,0.4,0,0,0,49.62738108149603,-24.234972448222212,42.790597398404245
5600,0.06,0,0.4382924496767594,0.631578947368421,0.42,0.31,0,0,0,49.63400599285189,-24.234972448222212,42.79631376355627
5700,0.06,0,0.4381760514157323,0.631578947368421,0.4238560687432868,0.45,0,0,0,49.64064391683829,-24.234972448222212,42.80195806756684
5800,0.06,0,0.43801777120931606,0.631578947368421,0.4239742212674544,0.32,0,0,0,49.64732321334357,-24.234972448222212,42.81166436095742
5900,0.06,0,0.4378547604515467,0.631578947368421,0.4466487647690655,0.34,0,0,0,49.65352775764025,-24.234972448222212,42.82225129356513
6000,0.06,0,0.4377550822833336,0.631578947368421,0.45201933404940925,0.37,0,0,0,49.65792589802469,-24.234972448222212,42.82820847402596
6100,0.06,0,0.43757121064416515,0.631578947368421,0.45176154672395274,0.42,0,0,0,49.67072630459947,-24.234972448222212,42.83516360818797
6200,0.06,0,0.43750100045029056,0.631578947368421,0.45531686358754025,0.45,0,0,0,49.6751912154655,-24.234972448222212,42.838187065868816
6300,0.06,0,0.43735546103861256,0.631578947368421,0.45901181525241674,0.29,0,0,0,49.685732533847194,-24.234972448222212,42.843350823109546
6400,0.06,0,0.4373247844310291,0.631578947368421,0.4625349087003222,0.38,0,0,0,49.68548260662866,-24.234972448222212,42.84657164021485
6500,0.06,0,0.4372239168527698,0.631578947368421,0.46251342642320087,0.33,0,0,0,49.68970153271447,-24.234972448222212,42.85281759993404
6600,0.06,0,0.43714828518732907,0.631578947368421,0.46551020408163263,0.37,0,0,0,49.694045454080225,-24.234972448222212,42.8564850736767
6700,0.06,0,0.43699098461964836,0.631578947368421,0.4699355531686359,0.33,0,0,0,49.70000234821581,-24.234972448222212,42.86677332127845
6800,0.06,0,0.43692533416010026,0.631578947368421,0.47722878625134263,0.32,0,0,0,49.70149435813259,-24.234972448222212,42.87192726326442
6900,0.06,0,0.43679474727584966,0.631578947368421,0.4791944146079484,0.33,0,0,0,49.71008161943564,-24.234972448222212,42.87733631661639
7000,0.06,0,0.4366798333172778,0.631578947368421,0.4917400644468314,0.39,0,0,0,49.7106857958625,-24.234972448222212,42.88809838867554
7100,0.06,0,0.43657525488708504,0.631578947368421,0.5021160042964554,0.39,0,0,0,49.71851681280596,-24.234972448222212,42.89161512498671
7200,0.06,0,0.43652370064181384,0.631578947368421,0.4998711063372718,0.28,0,0,0,49.71967693208403,-24.234972448222212,42.89567978604084
7300,0.06,0,0.43633409435923687,0.631578947368421,0.4999785177228786,0.36,0,0,0,49.73112143730238,-24.234972448222212,42.90444406763316
7400,0.06,0,0.436206548305233,0.631578947368421,0.5030290010741139,0.42,0,0,0,49.73726992389439,-24.234972448222212,42.911683885966575
7500,0.06,0,0.4359919864335388,0.631578947368421,0.5111707841031149,0.39,0,0,0,49.7448089593487,-24.234972448222212,42.926295083966906
7600,0.06,0,0.4359124139057451,0.631578947368421,0.510891514500537,0.39,0,0,0,49.751641479102965,-24.234972448222212,42.92823470215202
7700,0.06,0,0.43582929700729806,0.631578947368421,0.5184317937701396,0.43,0,0,0,49.75384619679997,-24.234972448222212,42.93451891476034
7800,0.06,0,0.4357132583384041,0.631578947368421,0.5226423200859291,0.36,0,0,0,49.762682252477475,-24.234972448222212,42.93832753722659
7900,0.06,0,0.4356135335145977,0.631578947368421,0.5260042964554242,0.37,0,0,0,49.766119387883485,-24.234972448222212,42.94519114296457
8000,0.06,0,0.4355235320891252,0.631578947368421,0.5290010741138561,0.3,0,0,0,49.77293440618552,-24.234972448222212,42.94818445078949
8100,0.06,0,0.43541607005634064,0.631578947368421,0.5331901181525242,0.32,0,0,0,49.776726914683735,-24.234972448222212,42.95551114879842
8200,0.06,0,0.43534353514949964,0.631578947368421,0.5427604726100966,0.39,0,0,0,49.778962473326196,-24.234972448222212,42.960738754610105
8300,0.06,0,0.4352283937071837,0.631578947368421,0.538625134264232,0.4,0,0,0,49.783116671988545,-24.234972448222212,42.96851834547143
8400,0.06,0,0.43503895803898146,0.631578947368421,0.5461761546723952,0.41,0,0,0,49.787178855381704,-24.234972448222212,42.98372141571199
8500,0.06,0,0.43491396260621,0.631578947368421,0.5472180451127819,0.43,0,0,0,49.80066125425266,-24.234972448222212,42.984434840306506
8600,0.06,0,0.4348209485753863,0.631578947368421,0.5500107411385606,0.39,0,0,0,49.80702551943179,-24.234972448222212,42.98813612729568
8700,0.06,0,0.4347443476797073,0.631578947368421,0.5545112781954887,0.4,0,0,0,49.8089089025337,-24.234972448222212,42.99408477096348
8800,0.06,0,0.4346334056328582,0.631578947368421,0.558453276047261,0.45,0,0,0,49.81719643287342,-24.234972448222212,42.99790492490555
8900,0.06,0,0.4345047324390443,0.631578947368421,0.5620515574650913,0.3,0,0,0,49.82271506196186,-24.234972448222212,43.005874134583586
9000,0.06,0,0.4344350408600361,0.631578947368421,0.5700751879699248,0.42,0,0,0,49.82201630001437,-24.234972448222212,43.01337634957645
9100,0.06,0,0.43432497436119755,0.631578947368421,0.5626638023630505,0.37,0,0,0,49.83014283391332,-24.234972448222212,43.017260184650205
9200,0.06,0,0.43425805885150326,0.631578947368421,0.5704726100966703,0.43,0,0,0,49.8315215307814,-24.234972448222212,43.02269843319002
9300,0.06,0,0.4342244290079729,0.631578947368421,0.5748657357679914,0.36,0,0,0,49.83276055469898,-24.234972448222212,43.024960674288586
9400,0.06,0,0.4341009796937348,0.631578947368421,0.5757572502685284,0.35,0,0,0,49.838502113681166,-24.234972448222212,43.03223805444487
9500,0.06,0,0.4340687247209195,0.631578947368421,0.5767883995703544,0.39,0,0,0,49.84180835267455,-24.234972448222212,43.032580972589116
9600,0.06,0,0.43401003775632424,0.631578947368421,0.5740171858216971,0.34,0,0,0,49.843351179982356,-24.234972448222212,43.03706766071756
9700,0.06,0,0.4340172767603042,0.631578947368421,0.5746616541353383,0.47,0,0,0,49.847381130174284,-24.234972448222212,43.032870535424564
9800,0.06,0,0.43392678271923185,0.631578947368421,0.5749946294307197,0.42,0,0,0,49.85082231692487,-24.234972448222212,43.038873737621785
9900,0.06,0,0.433802040355848,0.631578947368421,0.5783780880773361,0.41,0,0,0,49.85707322191702,-24.234972448222212,43.04585220767541
10000,0.06,0,0.43374327206989277,0.631578947368421,0.5803007518796992,0.39,0,0,0,49.86247980464299,-24.234972448222212,43.04701644187435
10100,0.06,0,0.43367016094687216,0.631578947368421,0.5883243823845328,0.53,0,0,0,49.86423489265105,-24.234972448222212,43.05275821087308
10200,0.06,0,0.43355635413603516,0.631578947368421,0.5905477980665951,0.37,0,0,0,49.86743709716809,-24.234972448222212,43.06129405778748
10300,0.06,0,0.4334500154544878,0.631578947368421,0.5930719656283566,0.56,0,0,0,49.86965465863029,-24.234972448222212,43.06994304090313
10400,0.06,0,0.433326382623737,0.631578947368421,0.5962191192266381,0.45,0,0,0,49.87478280019223,-24.234972448222212,43.07780164492174
10500,0.06,0,0.43330633127443696,0.631578947368421,0.5955209452201934,0.42,0,0,0,49.877440203172796,-24.234972448222212,43.07749984643304
10600,0.06,0,0.4332095346190496,0.631578947368421,0.596702470461869,0.38,0,0,0,49.88458055457037,-24.234972448222212,43.08095773352334
10700,0.06,0,0.43313196387263486,0.631578947368421,0.6035230934479054,0.43,0,0,0,49.89134939487325,-24.234972448222212,43.08282730574063
10800,0.06,0,0.43306029629243203,0.631578947368421,0.5975617615467239,0.32,0,0,0,49.891982487524736,-24.234972448222212,43.089410345845494
10900,0.06,0,0.4329336131461766,0.631578947368421,0.6051450053705693,0.42,0,0,0,49.89958913830139,-24.234972448222212,43.09544854624385
11000,0.06,0,0.4328213521255643,0.631578947368421,0.6041783029001074,0.41,0,0,0,49.91138367559621,-24.234972448222212,43.0964397192894
11100,0.06,0,0.4327587386191741,0.631578947368421,0.6086036519871106,0.38,0,0,0,49.91720238050433,-24.234972448222212,43.09765075354211
11200,0.06,0,0.4326887387370443,0.631578947368421,0.6012889366272824,0.44,0,0,0,49.92337640585478,-24.234972448222212,43.09929229154539
11300,0.06,0,0.43264889899247916,0.631578947368421,0.6094951664876477,0.42,0,0,0,49.92504059741473,-24.234972448222212,43.10182422153458
11400,0.06,0,0.4326623218846393,0.631578947368421,0.612921589688507,0.52,0,0,0,49.91778932110419,-24.234972448222212,43.106747998078156
11500,0.06,0,0.4325960738076418,0.631578947368421,0.6171428571428571,0.52,0,0,0,49.92222114732987,-24.234972448222212,43.109522025559485
11600,0.06,0,0.43250248896211113,0.631578947368421,0.6246831364124598,0.43,0,0,0,49.925790015008026,-24.234972448222212,43.11576777551515
11700,0.06,0,0.43247801864824953,0.631578947368421,0.6203651987110633,0.44,0,0,0,49.91981551526236,-24.234972448222212,43.12336780636463
11800,0.06,0,0.4323804324724741,0.631578947368421,0.6185284640171859,0.44,0,0,0,49.922188220913206,-24.234972448222212,43.13105050888613
11900,0.06,0,0.43233735517076494,0.631578947368421,0.6229108485499463,0.44,0,0,0,49.92477664284752,-24.234972448222212,43.133111593480756
12000,0.06,0,0.43221266859115537,0.631578947368421,0.6185069817400645,0.45,0,0,0,49.93397008304384,-24.234972448222212,43.137611208149316
12100,0.06,0,0.4321671440693446,0.631578947368421,0.6164876476906552,0.49,0,0,0,49.93566623436761,-24.234972448222212,43.14068992962429
12200,0.06,0,0.432057224853181,0.631578947368421,0.6289581095596133,0.44,0,0,0,49.93873730614271,-24.234972448222212,43.149011617708
12300,0.06,0,0.4319898273454317,0.631578947368421,0.6231686358754028,0.34,0,0,0,49.93843455479005,-24.234972448222212,43.15600520351185
12400,0.06,0,0.4319163249251016,0.631578947368421,0.626186895810956,0.39,0,0,0,49.939716131229176,-24.234972448222212,43.162241704449016
12500,0.06,0,0.43192239375024805,0.631578947368421,0.6287325456498389,0.51,0,0,0,49.93535774053742,-24.234972448222212,43.16540241918434
12600,0.06,0,0.43185293169443006,0.631578947368421,0.6307626208378088,0.41,0,0,0,49.940250757018,-24.234972448222212,43.16811551077012
12700,0.06,0,0.43178947909257326,0.631578947368421,0.6351235230934479,0.4,0,0,0,49.93674002138931,-24.234972448222212,43.17749450163685
12800,0.06,0,0.4316997562681943,0.631578947368421,0.6341138560687433,0.38,0,0,0,49.93931746640427,-24.234972448222212,43.18423942668747
12900,0.06,0,0.43160920765978045,0.631578947368421,0.6341675617615468,0.43,0,0,0,49.94491197243708,-24.234972448222212,43.18846094558946
13000,0.06,0,0.43158190427179083,0.631578947368421,0.6420515574650913,0.42,0,0,0,49.947817829546246,-24.234972448222212,43.188680428254514
13100,0.06,0,0.4315148475407128,0.631578947368421,0.6357357679914071,0.42,0,0,0,49.945143256555895,-24.234972448222212,43.197705003887684
13200,0.06,0,0.43140919563079205,0.631578947368421,0.6419011815252417,0.41,0,0,0,49.948031665241515,-24.234972448222212,43.20578544092112
13300,0.06,0,0.4313560521627123,0.631578947368421,0.639344790547798,0.39,0,0,0,49.95377270537147,-24.234972448222212,43.20614230843567
13400,0.06,0,0.4311867355327994,0.631578947368421,0.6413641245972073,0.54,0,0,0,49.96177930375157,-24.234972448222212,43.21618162205323
13500,0.06,0,0.4311093893737008,0.631578947368421,0.6415359828141783,0.45,0,0,0,49.9694318707387,-24.234972448222212,43.21731559164335
13600,0.06,0,0.43101221760471903,0.631578947368421,0.65343716433942,0.5,0,0,0,49.97066919309308,-24.234972448222212,43.22598859790522
13700,0.06,0,0.43094068918585715,0.631578947368421,0.6401611170784103,0.46,0,0,0,49.97925340588196,-24.234972448222212,43.22573780152686
13800,0.06,0,0.4309130905517022,0.631578947368421,0.6518796992481203,0.43,0,0,0,49.97644802265546,-24.234972448222212,43.23093286823236
13900,0.06,0,0.4308528766207142,0.631578947368421,0.6546938775510204,0.46,0,0,0,49.97950833939483,-24.234972448222212,43.23432715424512
14000,0.06,0,0.43081467183252325,0.631578947368421,0.6564661654135339,0.53,0,0,0,49.97344422856844,-24.234972448222212,43.24340799542476
14100,0.06,0,0.43074455707315445,0.631578947368421,0.6549624060150376,0.54,0,0,0,49.979831605658354,-24.234972448222212,43.244919604848405
14200,0.06,0,0.4306987976499569,0.631578947368421,0.6602148227712138,0.43,0,0,0,49.97967927758203,-24.234972448222212,43.24964596008434
14300,0.06,0,0.4306939718763525,0.631578947368421,0.6617078410311493,0.46,0,0,0,49.97494165806407,-24.234972448222212,43.25423066516036
14400,0.06,0,0.4305643409121467,0.631578947368421,0.656358754027927,0.57,0,0,0,49.98625101041115,-24.234972448222212,43.257464128551725
14500,0.06,0,0.43061789593783084,0.631578947368421,0.6556068743286788,0.44,0,0,0,49.98416587227176,-24.234972448222212,43.253888593162856
14600,0.06,0,0.43055299752652487,0.631578947368421,0.6521374865735768,0.39,0,0,0,49.98832338098045,-24.234972448222212,43.25681041739487
14700,0.06,0,0.43055241610642625,0.631578947368421,0.6546509129967777,0.62,0,0,0,49.992072073298026,-24.234972448222212,43.25362518345871
14800,0.06,0,0.43039545402150925,0.631578947368421,0.6604296455424274,0.56,0,0,0,50.00137958061141,-24.234972448222212,43.26134508248024
14900,0.06,0,0.4302845072417151,0.631578947368421,0.6610204081632653,0.39,0,0,0,50.00520105849231,-24.234972448222212,43.269192857119556
15000,0.06,0,0.4301877287574283,0.631578947368421,0.6592051557465092,0.48,0,0,0,50.00982783448216,-24.234972448222212,43.27492299105012
15100,0.06,0,0.43017277299418044,0.631578947368421,0.6619763694951665,0.47,0,0,0,50.009260863187244,-24.234972448222212,43.27691816387885
15200,0.06,0,0.4301465414916039,0.631578947368421,0.653952738990333,0.43,0,0,0,50.01375588323315,-24.234972448222212,43.27566752830082
15300,0.06,0,0.42991477577530635,0.631578947368421,0.6676047261009667,0.42,0,0,0,50.020692157910595,-24.234972448222212,43.29299311586922
15400,0.06,0,0.42984167232171716,0.631578947368421,0.6702255639097744,0.45,0,0,0,50.02726394742478,-24.234972448222212,43.29466786854868
15500,0.06,0,0.4297679967101698,0.631578947368421,0.6686466165413534,0.53,0,0,0,50.03026958570363,-24.234972448222212,43.29948848871219
15600,0.06,0,0.4297454510442203,0.631578947368421,0.6723093447905478,0.47,0,0,0,50.036734513180896,-24.234972448222212,43.29616535838942
15700,0.06,0,0.42973590514774956,0.631578947368421,0.6669172932330827,0.45,0,0,0,50.03366562484648,-24.234972448222212,43.29978280637628
15800,0.06,0,0.4297923888053066,0.631578947368421,0.6684747583243824,0.5,0,0,0,50.02642882802638,-24.234972448222212,43.30035521505227
15900,0.06,0,0.4297029254637612,0.631578947368421,0.6611600429645542,0.48,0,0,0,50.0272060835105,-24.234972448222212,43.30869738485317
16000,0.06,0,0.42965808148174367,0.631578947368421,0.6645649838882921,0.44,0,0,0,50.02184051943067,-24.234972448222212,43.31786353833863
16100,0.06,0,0.4295408401904431,0.631578947368421,0.6689366272824919,0.45,0,0,0,50.030674911346914,-24.234972448222212,43.32203582472887
16200,0.06,0,0.42953115385784507,0.631578947368421,0.6720730397422127,0.56,0,0,0,50.0304377608845,-24.234972448222212,43.32321813393095
16300,0.06,0,0.4295115708780753,0.631578947368421,0.6691299677765843,0.45,0,0,0,50.031366618529155,-24.234972448222212,43.324389041366885
16400,0.06,0,0.4294790172088766,0.631578947368421,0.6672932330827067,0.51,0,0,0,50.0339273120511,-24.234972448222212,43.32545547211846
16500,0.06,0,0.42945608454092904,0.631578947368421,0.6674973147153598,0.43,0,0,0,50.036147368610585,-24.234972448222212,43.325846610336455
16600,0.06,0,0.42941330367393543,0.631578947368421,0.6817400644468313,0.46,0,0,0,50.03954237467251,-24.234972448222212,43.32722320658476
16700,0.06,0,0.4294032448826828,0.631578947368421,0.6789903329752954,0.51,0,0,0,50.040379972376456,-24.234972448222212,43.32751290188398
16800,0.06,0,0.42940652236950466,0.631578947368421,0.6751127819548872,0.38,0,0,0,50.03792788294485,-24.234972448222212,43.32930543236801
16900,0.06,0,0.4293478909052461,0.631578947368421,0.6783458646616541,0.46,0,0,0,50.0435219954255,-24.234972448222212,43.330378228116466
17000,0.06,0,0.4292611327017798,0.631578947368421,0.6758539205155747,0.47,0,0,0,50.046010290833365,-24.234972448222212,43.33698092611213
17100,0.06,0,0.4292663735266371,0.631578947368421,0.6813426423200859,0.52,0,0,0,50.04371331627741,-24.234972448222212,43.338440949353554
17200,0.06,0,0.42908567030507977,0.631578947368421,0.6794522019334049,0.48,0,0,0,50.0518338180454,-24.234972448222212,43.34965803702078
17300,0.06,0,0.4289850639085814,0.631578947368421,0.6838560687432867,0.42,0,0,0,50.05372634491174,-24.234972448222212,43.35818505057406
17400,0.06,0,0.42890856879538913,0.631578947368421,0.6889795918367347,0.46,0,0,0,50.05755417919864,-24.234972448222212,43.362601775275216
17500,0.06,0,0.4288027796739123,0.631578947368421,0.6955316863587541,0.53,0,0,0,50.06337533226961,-24.234972448222212,43.3682564206487
17600,0.06,0,0.4287375785001784,0.631578947368421,0.7006766917293233,0.56,0,0,0,50.06434326932103,-24.234972448222212,43.37401313658538
17700,0.06,0,0.42866668468532604,0.631578947368421,0.6936627282491944,0.48,0,0,0,50.06986694720293,-24.234972448222212,43.376400637186194
17800,0.06,0,0.428672973753494,0.631578947368421,0.6877765843179378,0.41,0,0,0,50.06974824541669,-24.234972448222212,43.37586709347386
17900,0.06,0,0.42858319842223275,0.631578947368421,0.6889795918367347,0.54,0,0,0,50.0728517717973,-24.234972448222212,43.38226402828905
18000,0.06,0,0.42842737091965827,0.631578947368421,0.6904618689581096,0.49,0,0,0,50.081620869217545,-24.234972448222212,43.390444186276284
18100,0.06,0,0.4283305669298777,0.631578947368421,0.6959291084854995,0.42,0,0,0,50.09343412883113,-24.234972448222212,43.390015713625814
18200,0.06,0,0.4282739842286033,0.631578947368421,0.694156820622986,0.49,0,0,0,50.099995417695695,-24.234972448222212,43.39006504084804
18300,0.06,0,0.428257165493234,0.631578947368421,0.6964661654135338,0.5,0,0,0,50.10244422850041,-24.234972448222212,43.38964825842376
18400,0.06,0,0.4282770347154251,0.631578947368421,0.7032545649838883,0.51,0,0,0,50.09384122948478,-24.234972448222212,43.39508655658635
18500,0.06,0,0.4282039338957281,0.631578947368421,0.6956283566058002,0.5,0,0,0,50.09120927254949,-24.234972448222212,43.404775257148344
18600,0.06,0,0.42817403653162445,0.631578947368421,0.7003866809881848,0.53,0,0,0,50.10067183991527,-24.234972448222212,43.39960752828238
18700,0.06,0,0.42815145603059895,0.631578947368421,0.693609022556391,0.54,0,0,0,50.10062360873234,-24.234972448222212,43.40193818503477
18800,0.06,0,0.42812074935093436,0.631578947368421,0.697218045112782,0.48,0,0,0,50.0974432943173,-24.234972448222212,43.40780662472327
18900,0.06,0,0.42817359833160873,0.631578947368421,0.6966917293233083,0.51,0,0,0,50.09152598098497,-24.234972448222212,43.40757598094729
19000,0.06,0,0.42815600563563283,0.631578947368421,0.692406015037594,0.5,0,0,0,50.09994236141228,-24.234972448222212,43.40206715723316
19100,0.06,0,0.4281062783243651,0.631578947368421,0.6980665950590763,0.58,0,0,0,50.098193028587076,-24.234972448222212,43.40862428084855
19200,0.06,0,0.4280305755446544,0.631578947368421,0.7011063372717508,0.49,0,0,0,50.0999060792781,-24.234972448222212,43.41481714091963
19300,0.06,0,0.42802500831394263,0.631578947368421,0.7010204081632653,0.52,0,0,0,50.09935462448671,-24.234972448222212,43.41585971106872
19400,0.06,0,0.4279110852080571,0.631578947368421,0.6927926960257788,0.52,0,0,0,50.111140279954334,-24.234972448222212,43.417204640938245
19500,0.06,0,0.4278017575300991,0.631578947368421,0.6972073039742213,0.51,0,0,0,50.12073479520993,-24.234972448222212,43.41998681038744
19600,0.06,0,0.42771612007773985,0.631578947368421,0.709312567132116,0.57,0,0,0,50.12631227267536,-24.234972448222212,43.423848131132026
19700,0.06,0,0.42761363344402326,0.631578947368421,0.7024812030075188,0.51,0,0,0,50.130303704532174,-24.234972448222212,43.43079728808636
19800,0.06,0,0.4275919870163606,0.631578947368421,0.6971965628356606,0.54,0,0,0,50.1325791446973,-24.234972448222212,43.431024573423045
19900,0.06,0,0.42747380150352704,0.631578947368421,0.7019871106337272,0.56,0,0,0,50.13568579772625,-24.234972448222212,43.44034019143052
20000,0.06,0,0.42742949991346985,0.631578947368421,0.703093447905478,0.55,0,0,0,50.14839146448323,-24.234972448222212,43.43383538629142
20100,0.06,0,0.42735624311728965,0.631578947368421,0.7000751879699249,0.46,0,0,0,50.14989538816905,-24.234972448222212,43.439978010332375
20200,0.06,0,0.4273427316987441,0.631578947368421,0.7112567132116004,0.51,0,0,0,50.15198031007641,-24.234972448222212,43.43954551752169
20300,0.06,0,0.42731661365957485,0.631578947368421,0.7077013963480129,0.45,0,0,0,50.14832543959249,-24.234972448222212,43.44536670807055
20400,0.06,0,0.42730170213614516,0.631578947368421,0.7042212674543502,0.51,0,0,0,50.14602103359387,-24.234972448222212,43.448879372954416
20500,0.06,0,0.4272320500835583,0.631578947368421,0.6952309344790548,0.54,0,0,0,50.14706436515345,-24.234972448222212,43.45505876533052
20600,0.06,0,0.42719191213349905,0.631578947368421,0.7041675617615467,0.45,0,0,0,50.15033742014177,-24.234972448222212,43.45630534572086
20700,0.06,0,0.42711643365503826,0.631578947368421,0.7115682062298604,0.5,0,0,0,50.15586996383072,-24.234972448222212,43.45919040565914
20800,0.06,0,0.4270694274249896,0.631578947368421,0.7121267454350161,0.55,0,0,0,50.15841199646505,-24.234972448222212,43.46177106833918
20900,0.06,0,0.4270200435738948,0.631578947368421,0.7121589688506982,0.57,0,0,0,50.16585992504467,-24.234972448222212,43.46034397364553
21000,0.06,0,0.42695745462310064,0.631578947368421,0.7026745435016112,0.48,0,0,0,50.169980489833506,-24.234972448222212,43.46314494181683
21100,0.06,0,0.4268655747772068,0.631578947368421,0.7137916219119227,0.58,0,0,0,50.17907449895599,-24.234972448222212,43.46462151222666
21200,0.06,0,0.42685630787136797,0.631578947368421,0.7079484425349087,0.46,0,0,0,50.18207053762443,-24.234972448222212,43.46297007376771
21300,0.06,0,0.42683470140394536,0.631578947368421,0.7100429645542428,0.59,0,0,0,50.184558966529906,-24.234972448222212,43.463014934646004
21400,0.06,0,0.4267289698313056,0.631578947368421,0.7146509129967776,0.52,0,0,0,50.19332152874612,-24.234972448222212,43.466194370688385
21500,0.06,0,0.4265926536867489,0.631578947368421,0.7181310418904404,0.47,0,0,0,50.20765054421743,-24.234972448222212,43.467674835234725
21600,0.06,0,0.42662343264940505,0.631578947368421,0.7154887218045113,0.48,0,0,0,50.20138104361605,-24.234972448222212,43.46996699440819
21700,0.06,0,0.42658543858030723,0.631578947368421,0.7147475832438238,0.53,0,0,0,50.200959199681705,-24.234972448222212,43.47420398640422
21800,0.06,0,0.4266244609891861,0.631578947368421,0.7232975295381311,0.48,0,0,0,50.19808552166725,-24.234972448222212,43.472716025698865
21900,0.06,0,0.4266613862227151,0.631578947368421,0.7192696025778732,0.53,0,0,0,50.19406978420476,-24.234972448222212,43.472431397224994
22000,0.06,0,0.4267029274922723,0.631578947368421,0.7200537056928035,0.59,0,0,0,50.19144478125063,-24.234972448222212,43.47047255729789
22100,0.06,0,0.4265708307732123,0.631578947368421,0.7216219119226638,0.47,0,0,0,50.20043325991454,-24.234972448222212,43.47614823523008
22200,0.06,0,0.4265561227822889,0.631578947368421,0.7183888292158969,0.49,0,0,0,50.198551540636224,-24.234972448222212,43.479277109674186
22300,0.06,0,0.4265419249644811,0.631578947368421,0.718796992481203,0.52,0,0,0,50.198316243031414,-24.234972448222212,43.48092816494164
22400,0.06,0,0.4265551072175595,0.631578947368421,0.7178947368421053,0.54,0,0,0,50.1985711533872,-24.234972448222212,43.47936363987268
22500,0.06,0,0.4265766998840218,0.631578947368421,0.7129752953813104,0.58,0,0,0,50.193615564464494,-24.234972448222212,43.481455257456034
22600,0.06,0,0.426558161044882,0.631578947368421,0.7160042964554243,0.56,0,0,0,50.18845879261914,-24.234972448222212,43.48781285858678
22700,0.06,0,0.4265013681326081,0.631578947368421,0.7208055853920515,0.57,0,0,0,50.190369656457236,-24.234972448222212,43.491947792318626
22800,0.06,0,0.4264701500952453,0.631578947368421,0.7196992481203007,0.54,0,0,0,50.19134866379277,-24.234972448222212,43.49428305169872
22900,0.06,0,0.4263572107141991,0.631578947368421,0.719452201933405,0.47,0,0,0,50.206041886126016,-24.234972448222212,43.493072076317674
23000,0.06,0,0.4262216701659678,0.631578947368421,0.7194307196562836,0.53,0,0,0,50.216079410272094,-24.234972448222212,43.49820663382163
23100,0.06,0,0.4261828934550601,0.631578947368421,0.7222019334049409,0.57,0,0,0,50.21396642663378,-24.234972448222212,43.50399491882738
23200,0.06,0,0.42614758472223235,0.631578947368421,0.7226315789473684,0.56,0,0,0,50.21977830719599,-24.234972448222212,43.50256438299534
23300,0.06,0,0.42618728764176356,0.631578947368421,0.7234479054779807,0.51,0,0,0,50.21750076450327,-24.234972448222212,43.50048456693003
23400,0.06,0,0.4260518456414889,0.631578947368421,0.7272395273899034,0.59,0,0,0,50.22541703684962,-24.234972448222212,43.507454880430274
23500,0.06,0,0.4259269572850975,0.631578947368421,0.7209344790547798,0.51,0,0,0,50.23170521606869,-24.234972448222212,43.51476392637439
23600,0.06,0,0.4258883652956162,0.631578947368421,0.7270676691729323,0.4,0,0,0,50.23013602835895,-24.234972448222212,43.52006655138442
23700,0.06,0,0.42585537039377885,0.631578947368421,0.7329538131041891,0.53,0,0,0,50.233150592652926,-24.234972448222212,43.52082654337058
23800,0.06,0,0.4258034087768948,0.631578947368421,0.7300214822771214,0.55,0,0,0,50.230740531142544,-24.234972448222212,43.5282258502643
23900,0.06,0,0.42568644187261306,0.631578947368421,0.7300644468313642,0.49,0,0,0,50.23874798458432,-24.234972448222212,43.53324642419837
24000,0.06,0,0.42564440618429933,0.631578947368421,0.7330075187969924,0.52,0,0,0,50.254563418039936,-24.234972448222212,43.52384412523609
24100,0.06,0,0.42560477728809243,0.631578947368421,0.7353383458646616,0.48,0,0,0,50.25685938012535,-24.234972448222212,43.5259081633495
24200,0.06,0,0.42545014770705,0.631578947368421,0.7374113856068744,0.52,0,0,0,50.271306677935925,-24.234972448222212,43.52921431927519
24300,0.06,0,0.4254276522962381,0.631578947368421,0.7353061224489796,0.55,0,0,0,50.27683672125265,-24.234972448222212,43.5267279081184
24400,0.06,0,0.425414641978761,0.631578947368421,0.7332760472610097,0.6,0,0,0,50.28170557292082,-24.234972448222212,43.523844185743066
24500,0.06,0,0.42541842013396464,0.631578947368421,0.7268528464017185,0.41,0,0,0,50.28249308830174,-24.234972448222212,43.522775992447464
24600,0.06,0,0.4253994628157989,0.631578947368421,0.727905477980666,0.53,0,0,0,50.28419834032402,-24.234972448222212,43.52323950014306
24700,0.06,0,0.42531780178577816,0.631578947368421,0.727078410311493,0.45,0,0,0,50.29099641148275,-24.234972448222212,43.5257115922404
24800,0.06,0,0.42533282046229043,0.631578947368421,0.7291514500537057,0.57,0,0,0,50.296216784894874,-24.234972448222212,43.519657195710906
24900,0.06,0,0.4253034935217469,0.631578947368421,0.7311815252416756,0.53,0,0,0,50.30328935369835,-24.234972448222212,43.51653888582702
25000,0.06,0,0.42527247879840013,0.631578947368421,0.7361546723952739,0.45,0,0,0,50.30247566096079,-24.234972448222212,43.520416481003096
25100,0.06,0,0.42524931773271146,0.631578947368421,0.7451772287862514,0.56,0,0,0,50.30509359100402,-24.234972448222212,43.5205218346664
25200,0.06,0,0.4252215854634305,0.631578947368421,0.7389044038668099,0.57,0,0,0,50.30752258442506,-24.234972448222212,43.52125873890562
25300,0.06,0,0.42526366978996855,0.631578947368421,0.7324919441460794,0.49,0,0,0,50.30892809639219,-24.234972448222212,43.51573609093454
25400,0.06,0,0.4251675514704336,0.631578947368421,0.7326423200859291,0.56,0,0,0,50.31248810906177,-24.234972448222212,43.52249398017034
25500,0.06,0,0.42507250913888384,0.631578947368421,0.7353705692803437,0.53,0,0,0,50.32095302615644,-24.234972448222212,43.52490228517011
25600,0.06,0,0.4250222907245551,0.631578947368421,0.7416326530612245,0.5,0,0,0,50.323206114344764,-24.234972448222212,43.52809601792847
25700,0.06,0,0.42492386696381584,0.631578947368421,0.7445112781954887,0.46,0,0,0,50.33214999600727,-24.234972448222212,43.530441680074766
25800,0.06,0,0.4249304109071168,0.631578947368421,0.7411278195488722,0.56,0,0,0,50.32732442885862,-24.234972448222212,43.533945102739246
25900,0.06,0,0.42493846089029325,0.631578947368421,0.73968850698174,0.44,0,0,0,50.32568852814422,-24.234972448222212,43.53453550053181
26000,0.06,0,0.4249042048949388,0.631578947368421,0.7367561761546724,0.55,0,0,0,50.329353474708675,-24.234972448222212,43.53487486866781
26100,0.06,0,0.4248227649205714,0.631578947368421,0.7346616541353383,0.5,0,0,0,50.34097780164124,-24.234972448222212,43.533166008366734
26200,0.06,0,0.42479570504974873,0.631578947368421,0.7370569280343716,0.54,0,0,0,50.344569819230955,-24.234972448222212,43.53283287952309
26300,0.06,0,0.42470722485684326,0.631578947368421,0.7420515574650913,0.59,0,0,0,50.35192572628399,-24.234972448222212,43.5355411391216
26400,0.06,0,0.4246924535309456,0.631578947368421,0.7406015037593985,0.63,0,0,0,50.35933641972005,-24.234972448222212,43.53064860696811
26500,0.06,0,0.42461410133131844,0.631578947368421,0.7385499462943071,0.47,0,0,0,50.3653862881328,-24.234972448222212,43.53345128132951
26600,0.06,0,0.4245631832231009,0.631578947368421,0.7396455424274974,0.46,0,0,0,50.37057930917303,-24.234972448222212,43.53418359672024
26700,0.06,0,0.4244382133867284,0.631578947368421,0.7506015037593985,0.6,0,0,0,50.38148867319524,-24.234972448222212,43.5375721648892
26800,0.06,0,0.42436738611887137,0.631578947368421,0.7524812030075188,0.55,0,0,0,50.382105301008274,-24.234972448222212,43.544305675365976
26900,0.06,0,0.42437915957134026,0.631578947368421,0.7496133190118153,0.59,0,0,0,50.38755724913887,-24.234972448222212,43.538386260166604
27000,0.06,0,0.42434483638826936,0.631578947368421,0.7431578947368421,0.58,0,0,0,50.386654418300765,-24.234972448222212,43.542688054063746
27100,0.06,0,0.42436318017958613,0.631578947368421,0.737733619763695,0.43,0,0,0,50.3904356876252,-24.234972448222212,43.5375385732416
27200,0.06,0,0.424365503750211,0.631578947368421,0.7412674543501612,0.55,0,0,0,50.38330510053028,-24.234972448222212,43.543461881871245
27300,0.06,0,0.42434758385699956,0.631578947368421,0.7483029001074114,0.48,0,0,0,50.38685999520496,-24.234972448222212,43.542228482086884
27400,0.06,0,0.42426998898083484,0.631578947368421,0.7402900107411385,0.55,0,0,0,50.38849157527909,-24.234972448222212,43.54878177856993
27500,0.06,0,0.42425847564004165,0.631578947368421,0.742921589688507,0.57,0,0,0,50.38619055718081,-24.234972448222212,43.551952410134895
27600,0.06,0,0.42425285079288644,0.631578947368421,0.7443609022556391,0.55,0,0,0,50.38907192251261,-24.234972448222212,43.55003939666065
27700,0.06,0,0.4243086641445832,0.631578947368421,0.7483243823845328,0.54,0,0,0,50.39543270508341,-24.234972448222212,43.53881479453126
27800,0.06,0,0.42432950137588454,0.631578947368421,0.7392051557465091,0.43,0,0,0,50.39032043500503,-24.234972448222212,43.54109371105768
27900,0.06,0,0.42425952055297655,0.631578947368421,0.7416756176154672,0.46,0,0,0,50.391924301878326,-24.234972448222212,43.54688968568407
28000,0.06,0,0.4241931594250527,0.631578947368421,0.7426423200859291,0.51,0,0,0,50.40091614375702,-24.234972448222212,43.54593194139423
28100,0.06,0,0.42409174533646626,0.631578947368421,0.744983888292159,0.56,0,0,0,50.404683422415964,-24.234972448222212,43.55308975638422
28200,0.06,0,0.42408369868084883,0.631578947368421,0.743813104189044,0.57,0,0,0,50.40107888929729,-24.234972448222212,43.557030986802786
28300,0.06,0,0.4240523874469517,0.631578947368421,0.741578947368421,0.56,0,0,0,50.4009535136976,-24.234972448222212,43.56035551527849
28400,0.06,0,0.4239437111253291,0.631578947368421,0.7427712137486574,0.56,0,0,0,50.39861399919466,-24.234972448222212,43.573544642433646
28500,0.06,0,0.42383622808782956,0.631578947368421,0.7515145005370569,0.5,0,0,0,50.41058738972462,-24.234972448222212,43.574242606576355
28600,0.06,0,0.423772507582971,0.631578947368421,0.7463694951664877,0.47,0,0,0,50.40887320548898,-24.234972448222212,43.582276633897656
28700,0.06,0,0.4236466832585728,0.631578947368421,0.7465735767991407,0.55,0,0,0,50.41590726615473,-24.234972448222212,43.58913826565177
28800,0.06,0,0.4236590712618437,0.631578947368421,0.7510955961331901,0.59,0,0,0,50.42325838493702,-24.234972448222212,43.581509098906054
28900,0.06,0,0.423743210301857,0.631578947368421,0.7562835660580022,0.47,0,0,0,50.416442707658184,-24.234972448222212,43.578746003197175
29000,0.06,0,0.42372507417355565,0.631578947368421,0.7498388829215897,0.57,0,0,0,50.425020605398224,-24.234972448222212,43.57319766298594
29100,0.06,0,0.4237487939160089,0.631578947368421,0.7484854994629431,0.55,0,0,0,50.42501793851073,-24.234972448222212,43.5707609161119
29200,0.06,0,0.42373982401178173,0.631578947368421,0.7526745435016112,0.55,0,0,0,50.426601306596545,-24.234972448222212,43.57031511309414
29300,0.06,0,0.42362619229224435,0.631578947368421,0.7585821697099893,0.6,0,0,0,50.432196979992376,-24.234972448222212,43.5771666180939
29400,0.06,0,0.42361761859967817,0.631578947368421,0.7531901181525241,0.59,0,0,0,50.433815209636414,-24.234972448222212,43.57665033207873
29500,0.06,0,0.423665708529938,0.631578947368421,0.7516111707841031,0.47,0,0,0,50.427092242202804,-24.234972448222212,43.577512987304694
29600,0.06,0,0.423665616058436,0.631578947368421,0.7605907626208378,0.55,0,0,0,50.429723778233075,-24.234972448222212,43.57524852595598
29700,0.06,0,0.423648474142209,0.631578947368421,0.7547690655209452,0.45,0,0,0,50.430204133211966,-24.234972448222212,43.57659661621652
29800,0.06,0,0.423561451283077,0.631578947368421,0.7541997851772287,0.52,0,0,0,50.434567509469346,-24.234972448222212,43.58177882065786
29900,0.06,0,0.4234925325059435,0.631578947368421,0.7547368421052632,0.57,0,0,0,50.436403476075455,-24.234972448222212,43.58728457305874
30000,0.06,0,0.4235152336519007,0.631578947368421,0.7553383458646616,0.49,0,0,0,50.432990058380845,-24.234972448222212,43.587898146423
30100,0.06,0,0.42352023339119976,0.631578947368421,0.7562835660580022,0.61,0,0,0,50.42789711759544,-24.234972448222212,43.59178566921827
30200,0.06,0,0.4235196722716195,0.631578947368421,0.753641245972073,0.48,0,0,0,50.426288944373105,-24.234972448222212,43.593233635872416
30300,0.06,0,0.42348472357836725,0.631578947368421,0.7492481203007518,0.49,0,0,0,50.425428467521755,-24.234972448222212,43.597575182253955
30400,0.06,0,0.42347918343944246,0.631578947368421,0.7509667024704618,0.46,0,0,0,50.42724293497906,-24.234972448222212,43.59657680106778
30500,0.06,0,0.4234780046604465,0.631578947368421,0.7617830290010741,0.62,0,0,0,50.4226156685833,-24.234972448222212,43.60069900927167
30600,0.06,0,0.42346344704942185,0.631578947368421,0.7577980665950591,0.59,0,0,0,50.42616194702775,-24.234972448222212,43.59913151668706
30700,0.06,0,0.423420667835045,0.631578947368421,0.7463265306122449,0.49,0,0,0,50.429466701259884,-24.234972448222212,43.60067900645576
30800,0.06,0,0.4234963187980323,0.631578947368421,0.7469495166487647,0.61,0,0,0,50.42638676089293,-24.234972448222212,43.595552994660096
30900,0.06,0,0.4234998817468433,0.631578947368421,0.745671321160043,0.55,0,0,0,50.429444807053926,-24.234972448222212,43.59254260461872
31000,0.06,0,0.42352604964027096,0.631578947368421,0.7576154672395274,0.49,0,0,0,50.42400869685812,-24.234972448222212,43.59454853805387
31100,0.06,0,0.4234329640358415,0.631578947368421,0.7626745435016111,0.53,0,0,0,50.42454800729978,-24.234972448222212,43.6036658047538
31200,0.06,0,0.4234019653131411,0.631578947368421,0.7636412459720731,0.52,0,0,0,50.42460004528581,-24.234972448222212,43.60681317787688
31300,0.06,0,0.42345551478076254,0.631578947368421,0.7588829215896885,0.6,0,0,0,50.42209071959634,-24.234972448222212,43.6034686135556
31400,0.06,0,0.4234663363689602,0.631578947368421,0.759656283566058,0.45,0,0,0,50.418071159135145,-24.234972448222212,43.605830516773686
31500,0.06,0,0.42345764118193524,0.631578947368421,0.7484747583243824,0.48,0,0,0,50.41800704166208,-24.234972448222212,43.60678136485146
31600,0.06,0,0.4235022446565646,0.631578947368421,0.7562298603651987,0.55,0,0,0,50.40975770164657,-24.234972448222212,43.60932398679496
31700,0.06,0,0.4235513514354123,0.631578947368421,0.7563265306122449,0.41,0,0,0,50.40516484644408,-24.234972448222212,43.60824106358856
31800,0.06,0,0.42350168158268353,0.631578947368421,0.7586251342642321,0.55,0,0,0,50.4061318622456,-24.234972448222212,43.61251890046113
31900,0.06,0,0.4233788801458947,0.631578947368421,0.753265306122449,0.51,0,0,0,50.41130012769006,-24.234972448222212,43.62069621407552
32000,0.06,0,0.4233603382443684,0.631578947368421,0.7458431793770139,0.46,0,0,0,50.418942410635424,-24.234972448222212,43.6159945444773
32100,0.06,0,0.42334935744267405,0.631578947368421,0.7492051557465091,0.47,0,0,0,50.419911773358855,-24.234972448222212,43.616287278869144
32200,0.06,0,0.42327126906028095,0.631578947368421,0.7563157894736842,0.57,0,0,0,50.42489377512219,-24.234972448222212,43.620023848009964
32300,0.06,0,0.42321555586657866,0.631578947368421,0.7547583243823845,0.57,0,0,0,50.42020702828755,-24.234972448222212,43.62982127924725
32400,0.06,0,0.42326102362387424,0.631578947368421,0.7483243823845328,0.56,0,0,0,50.412263062037006,-24.234972448222212,43.63200890504966
32500,0.06,0,0.4233138776338379,0.631578947368421,0.7518474758324383,0.52,0,0,0,50.40917878667084,-24.234972448222212,43.6292303937308
32600,0.06,0,0.4233129764057982,0.631578947368421,0.7505692803437164,0.54,0,0,0,50.4109742759516,-24.234972448222212,43.62776933281675
32700,0.06,0,0.4232617954656212,0.631578947368421,0.7478410311493018,0.47,0,0,0,50.422624784863004,-24.234972448222212,43.622963087663976
32800,0.06,0,0.42333513670853684,0.631578947368421,0.7582599355531686,0.64,0,0,0,50.41516180075064,-24.234972448222212,43.62186198350176
32900,0.06,0,0.4233153697735873,0.631578947368421,0.7550590762620838,0.49,0,0,0,50.414497067353004,-24.234972448222212,43.624474126307405
33000,0.06,0,0.4232098412089431,0.631578947368421,0.7601288936627283,0.52,0,0,0,50.42513588807747,-24.234972448222212,43.62614571645598
33100,0.06,0,0.42328911542263553,0.631578947368421,0.7587218045112782,0.65,0,0,0,50.419012011474464,-24.234972448222212,43.62327317207391
33200,0.06,0,0.4232887895427004,0.631578947368421,0.7541997851772287,0.59,0,0,0,50.41712881441004,-24.234972448222212,43.62493618859432
33300,0.06,0,0.42333095037681995,0.631578947368421,0.7554887218045113,0.63,0,0,0,50.41348189351463,-24.234972448222212,43.62374696864539
33400,0.06,0,0.42336857983385073,0.631578947368421,0.763297529538131,0.6,0,0,0,50.411101545631624,-24.234972448222212,43.62192931743737
33500,0.06,0,0.4232421999867436,0.631578947368421,0.7543071965628356,0.57,0,0,0,50.4160719859271,-24.234972448222212,43.63065289656653
33600,0.06,0,0.4232785346340221,0.631578947368421,0.7590655209452202,0.45,0,0,0,50.42132874223674,-24.234972448222212,43.62235920518802
33700,0.06,0,0.42321117698479055,0.631578947368421,0.7535338345864662,0.58,0,0,0,50.428330096913285,-24.234972448222212,43.62324468064955
33800,0.06,0,0.4232549918243697,0.631578947368421,0.7550912996777659,0.5,0,0,0,50.41931427622173,-24.234972448222212,43.62652861739757
33900,0.06,0,0.42322890546396413,0.631578947368421,0.7547905477980666,0.58,0,0,0,50.424233848124196,-24.234972448222212,43.624960979793045
34000,0.06,0,0.42324574321239583,0.631578947368421,0.7554672395273899,0.44,0,0,0,50.423791517140835,-24.234972448222212,43.62360814699495
34100,0.06,0,0.42333717738379834,0.631578947368421,0.7504296455424275,0.58,0,0,0,50.415382905810006,-24.234972448222212,43.62146039652244
34200,0.06,0,0.42339690114716383,0.631578947368421,0.7519548872180452,0.6,0,0,0,50.41354270865915,-24.234972448222212,43.616899263184145
34300,0.06,0,0.42341287955727275,0.631578947368421,0.7502470461868959,0.51,0,0,0,50.41262633944928,-24.234972448222212,43.616046095004876
34400,0.06,0,0.4233783447307193,0.631578947368421,0.7527712137486574,0.6,0,0,0,50.414606775505604,-24.234972448222212,43.61789033286143
34500,0.06,0,0.42338382909218186,0.631578947368421,0.753576799140709,0.38,0,0,0,50.41377168757773,-24.234972448222212,43.61804782941518
34600,0.06,0,0.42331979532148245,0.631578947368421,0.7533727175080559,0.59,0,0,0,50.416087577663234,-24.234972448222212,43.62264182296921
34700,0.06,0,0.42332441519174946,0.631578947368421,0.7491407089151451,0.49,0,0,0,50.416666077093936,-24.234972448222212,43.621665218760775
34800,0.06,0,0.423335296002893,0.631578947368421,0.7545542427497315,0.56,0,0,0,50.41796970077294,-24.234972448222212,43.61941616203659
34900,0.06,0,0.4233634869247241,0.631578947368421,0.7502255639097745,0.53,0,0,0,50.423426463107425,-24.234972448222212,43.61179150674541
35000,0.06,0,0.42335301977792716,0.631578947368421,0.7504618689581095,0.61,0,0,0,50.421348338880165,-24.234972448222212,43.61466729351024
35100,0.06,0,0.42336621661900664,0.631578947368421,0.7590118152524168,0.54,0,0,0,50.42073300151398,-24.234972448222212,43.61384003034059
35200,0.06,0,0.42341599735699015,0.631578947368421,0.7573469387755102,0.53,0,0,0,50.42009732675141,-24.234972448222212,43.609262179864096
35300,0.06,0,0.4234291298115274,0.631578947368421,0.7546294307196563,0.49,0,0,0,50.409924275886944,-24.234972448222212,43.61671001922468
35400,0.06,0,0.4234692595832258,0.631578947368421,0.7647368421052632,0.49,0,0,0,50.406985691278486,-24.234972448222212,43.61511920163983
35500,0.06,0,0.4235033914798692,0.631578947368421,0.7606015037593985,0.61,0,0,0,50.40783774077369,-24.234972448222212,43.61086690612604
35600,0.06,0,0.4235212760780375,0.631578947368421,0.7548764769065521,0.54,0,0,0,50.41384105944653,-24.234972448222212,43.6038322958276
35700,0.06,0,0.4235976899671755,0.631578947368421,0.7548335123523093,0.57,0,0,0,50.41225614789076,-24.234972448222212,43.597337101238566
35800,0.06,0,0.42357390879400886,0.631578947368421,0.7575832438238453,0.48,0,0,0,50.417206303083695,-24.234972448222212,43.59550403967503
35900,0.06,0,0.42358404167599867,0.631578947368421,0.7567132116004296,0.59,0,0,0,50.421648387711315,-24.234972448222212,43.590620539943494
36000,0.06,0,0.4235636926545949,0.631578947368421,0.7517508055853921,0.58,0,0,0,50.417288867532996,-24.234972448222212,43.596484146244784
36100,0.06,0,0.42357748114368965,0.631578947368421,0.7536734693877551,0.57,0,0,0,50.41824001189774,-24.234972448222212,43.59424254883975
36200,0.06,0,0.42359360213624814,0.631578947368421,0.7564017185821698,0.48,0,0,0,50.41561680510895,-24.234972448222212,43.59485164605158
36300,0.06,0,0.42350097147964666,0.631578947368421,0.7572824919441461,0.55,0,0,0,50.42612964685325,-24.234972448222212,43.59529632730546
36400,0.06,0,0.4233910922362115,0.631578947368421,0.7601933404940924,0.61,0,0,0,50.42806529649435,-24.234972448222212,43.60493644729144
36500,0.06,0,0.42334845245621955,0.631578947368421,0.7582062298603652,0.54,0,0,0,50.428686148726406,-24.234972448222212,43.60879145346688
36600,0.06,0,0.42331049266169557,0.631578947368421,0.7650268528464017,0.51,0,0,0,50.436316796938065,-24.234972448222212,43.606103727835745
36700,0.06,0,0.42328720871645076,0.631578947368421,0.7654457572502685,0.59,0,0,0,50.43284740814366,-24.234972448222212,43.61150231469944
36800,0.06,0,0.4233328941518038,0.631578947368421,0.767110633727175,0.57,0,0,0,50.436585074519265,-24.234972448222212,43.60356429211223
36900,0.06,0,0.42335063866308476,0.631578947368421,0.754983888292159,0.64,0,0,0,50.42660482734223,-24.234972448222212,43.610366166986665
37000,0.06,0,0.423282487151742,0.631578947368421,0.7533404940923738,0.5,0,0,0,50.43167151334984,-24.234972448222212,43.61300566842767
37100,0.06,0,0.42318452635360865,0.631578947368421,0.7525134264232008,0.49,0,0,0,50.434070372471,-24.234972448222212,43.62102651719131
37200,0.06,0,0.42311953020318194,0.631578947368421,0.7577443609022556,0.49,0,0,0,50.445805416969016,-24.234972448222212,43.6175782443362
37300,0.06,0,0.4230087879719886,0.631578947368421,0.7615574650912996,0.55,0,0,0,50.44872983977292,-24.234972448222212,43.62646807972026
37400,0.06,0,0.4229568130346264,0.631578947368421,0.7592373791621911,0.57,0,0,0,50.45143267161667,-24.234972448222212,43.629491621246586
37500,0.06,0,0.4229638684833066,0.631578947368421,0.7729538131041891,0.62,0,0,0,50.450678891740765,-24.234972448222212,43.629415693040215
37600,0.06,0,0.42292076545435264,0.631578947368421,0.7590547798066595,0.62,0,0,0,50.446816662491756,-24.234972448222212,43.637202920835165
37700,0.06,0,0.42291598003699893,0.631578947368421,0.7613533834586467,0.61,0,0,0,50.44129350146389,-24.234972448222212,43.64247487732189
37800,0.06,0,0.4229359674430692,0.631578947368421,0.7574650912996778,0.52,0,0,0,50.43992884703265,-24.234972448222212,43.64159308370407
37900,0.06,0,0.42281672079865307,0.631578947368421,0.7604296455424275,0.58,0,0,0,50.44794495707949,-24.234972448222212,43.646964739803394
38000,0.06,0,0.4228183326807446,0.631578947368421,0.7602040816326531,0.54,0,0,0,50.43850274456711,-24.234972448222212,43.65496913603941
38100,0.06,0,0.4227996972366437,0.631578947368421,0.7585069817400645,0.54,0,0,0,50.433445695647855,-24.234972448222212,43.66127083760527
38200,0.06,0,0.4227062672588968,0.631578947368421,0.7591514500537057,0.59,0,0,0,50.42876351051861,-24.234972448222212,43.674975943151615
38300,0.06,0,0.4227070085643315,0.631578947368421,0.764500537056928,0.61,0,0,0,50.43398989454295,-24.234972448222212,43.67037339833756
38400,0.06,0,0.4226927853960824,0.631578947368421,0.7540064446831364,0.56,0,0,0,50.44050349160853,-24.234972448222212,43.666203329445416
38500,0.06,0,0.42272729222272654,0.631578947368421,0.7634156820622986,0.48,0,0,0,50.43616919550984,-24.234972448222212,43.66639110300659
38600,0.06,0,0.4228032225285777,0.631578947368421,0.7573254564983888,0.56,0,0,0,50.42548418008331,-24.234972448222212,43.667800272657054
38700,0.06,0,0.4227661484404682,0.631578947368421,0.761374865735768,0.64,0,0,0,50.428945458926734,-24.234972448222212,43.668632201532965
38800,0.06,0,0.42274697441035564,0.631578947368421,0.7584640171858217,0.48,0,0,0,50.4323569474603,-24.234972448222212,43.66765873612098
38900,0.06,0,0.4227116018895129,0.631578947368421,0.7657679914070892,0.64,0,0,0,50.43229653169173,-24.234972448222212,43.6713651636446
39000,0.06,0,0.4227532304431379,0.631578947368421,0.7631901181525241,0.55,0,0,0,50.43206021819489,-24.234972448222212,43.667269454095006
39100,0.06,0,0.42279582997381737,0.631578947368421,0.7542749731471536,0.47,0,0,0,50.431112634022625,-24.234972448222212,43.6636900933525
39200,0.06,0,0.4227519639722267,0.631578947368421,0.7581203007518797,0.5,0,0,0,50.430714878927525,-24.234972448222212,43.668565185973655
39300,0.06,0,0.4226933902652905,0.631578947368421,0.760139634801289,0.55,0,0,0,50.427415737152465,-24.234972448222212,43.67747380053393
39400,0.06,0,0.4227764524928855,0.631578947368421,0.7600107411385607,0.55,0,0,0,50.41987519725548,-24.234972448222212,43.67542345294662
39500,0.06,0,0.4227371401372044,0.631578947368421,0.7583029001074114,0.59,0,0,0,50.425219779667366,-24.234972448222212,43.67485544000469
39600,0.06,0,0.42269298474551065,0.631578947368421,0.7697851772287863,0.48,0,0,0,50.43023596881906,-24.234972448222212,43.67507310707426
39700,0.06,0,0.4226615875052504,0.631578947368421,0.7626745435016111,0.58,0,0,0,50.43515895204607,-24.234972448222212,43.67405404477154
39800,0.06,0,0.4226437213537161,0.631578947368421,0.7657894736842106,0.51,0,0,0,50.438892868510166,-24.234972448222212,43.672666988372825
39900,0.06,0,0.42262834034077523,0.631578947368421,0.7667776584317938,0.62,0,0,0,50.442628225292,-24.234972448222212,43.67102225062553
40000,0.06,0,0.4225661149048685,0.631578947368421,0.7654994629430719,0.56,0,0,0,50.448623828282656,-24.234972448222212,43.67226219648988
40100,0.06,0,0.4225354736476263,0.631578947368421,0.762094522019334,0.58,0,0,0,50.448989839302676,-24.234972448222212,43.67511233565026
40200,0.06,0,0.4225404622444049,0.631578947368421,0.7625241675617616,0.56,0,0,0,50.448991010425424,-24.234972448222212,43.67459568472113
40300,0.06,0,0.422546238399278,0.631578947368421,0.7623415682062299,0.55,0,0,0,50.44470676737616,-24.234972448222212,43.677707868679555
40400,0.06,0,0.42251288513777563,0.631578947368421,0.7613641245972073,0.6,0,0,0,50.44752542395347,-24.234972448222212,43.678715197751885
40500,0.06,0,0.4224521837359799,0.631578947368421,0.7638345864661654,0.56,0,0,0,50.44232232690424,-24.234972448222212,43.689497396709776
40600,0.06,0,0.4224325327020508,0.631578947368421,0.7611600429645542,0.49,0,0,0,50.442553829520406,-24.234972448222212,43.69132925831588
40700,0.06,0,0.4224570830031501,0.631578947368421,0.7632760472610096,0.46,0,0,0,50.44052430030936,-24.234972448222212,43.69054808452136
40800,0.06,0,0.42250711433793087,0.631578947368421,0.7708700322234157,0.64,0,0,0,50.440263135159,-24.234972448222212,43.68560064254152
40900,0.06,0,0.4224917131717671,0.631578947368421,0.773609022556391,0.61,0,0,0,50.439165584734624,-24.234972448222212,43.68814374985611
41000,0.06,0,0.42249726947235,0.631578947368421,0.7644253490870032,0.5,0,0,0,50.43559261618069,-24.234972448222212,43.69066412674667
41100,0.06,0,0.4225028819418819,0.631578947368421,0.7654994629430719,0.48,0,0,0,50.42738263141315,-24.234972448222212,43.697196844188746
41200,0.06,0,0.4223848544954625,0.631578947368421,0.7605048335123523,0.54,0,0,0,50.44112565394959,-24.234972448222212,43.69749827734334
41300,0.06,0,0.4223386705706079,0.631578947368421,0.767422126745435,0.41,0,0,0,50.44816315128865,-24.234972448222212,43.69618027298446
41400,0.06,0,0.42232148939060055,0.631578947368421,0.7668421052631579,0.61,0,0,0,50.44290136781272,-24.234972448222212,43.70251615887625
41500,0.06,0,0.42239647049681,0.631578947368421,0.7685069817400645,0.46,0,0,0,50.44149806918874,-24.234972448222212,43.695973971300305
41600,0.06,0,0.42233012475396503,0.631578947368421,0.7733082706766917,0.61,0,0,0,50.448866031327356,-24.234972448222212,43.69645565133228
41700,0.06,0,0.4224104565592951,0.631578947368421,0.7685392051557465,0.6,0,0,0,50.441744480913506,-24.234972448222212,43.69431374113563
41800,0.06,0,0.4223915939617834,0.631578947368421,0.7584317937701396,0.53,0,0,0,50.444909866388485,-24.234972448222212,43.69352307084622
41900,0.06,0,0.42235841964335313,0.631578947368421,0.7666058002148227,0.58,0,0,0,50.44740700117955,-24.234972448222212,43.69479200785717
42000,0.06,0,0.42233504748813,0.631578947368421,0.7677765843179377,0.54,0,0,0,50.44810662988676,-24.234972448222212,43.6966040861272
42100,0.06,0,0.42231254033116455,0.631578947368421,0.7705585392051557,0.56,0,0,0,50.45542302623074,-24.234972448222212,43.69259624062295
42200,0.06,0,0.4223136263514151,0.631578947368421,0.7672073039742213,0.63,0,0,0,50.449012343698904,-24.234972448222212,43.69803599440837
42300,0.06,0,0.422252688740479,0.631578947368421,0.7648227712137486,0.57,0,0,0,50.451242010558204,-24.234972448222212,43.70241080756163
42400,0.06,0,0.4222903454407544,0.631578947368421,0.7665735767991407,0.55,0,0,0,50.443638929729495,-24.234972448222212,43.7051001795758
42500,0.06,0,0.4222389055727063,0.631578947368421,0.7690010741138561,0.54,0,0,0,50.452264607809774,-24.234972448222212,43.70295157174132
42600,0.06,0,0.4221757967982057,0.631578947368421,0.7579484425349087,0.47,0,0,0,50.45576224724642,-24.234972448222212,43.70645450808247
42700,0.06,0,0.42214527053705425,0.631578947368421,0.7593984962406015,0.54,0,0,0,50.463632915934525,-24.234972448222212,43.70279775497409
42800,0.06,0,0.42212372860801733,0.631578947368421,0.7690118152524168,0.58,0,0,0,50.46433262031437,-24.234972448222212,43.70442202320895
42900,0.06,0,0.4221565999283428,0.631578947368421,0.7632438238453276,0.53,0,0,0,50.46139170943333,-24.234972448222212,43.703565881928
43000,0.06,0,0.4220984103859286,0.631578947368421,0.7607411385606875,0.47,0,0,0,50.457917824849005,-24.234972448222212,43.71260003913269
43100,0.06,0,0.4220495350195854,0.631578947368421,0.7646616541353384,0.48,0,0,0,50.463007143067664,-24.234972448222212,43.713253134878336
43200,0.06,0,0.42205904747062867,0.631578947368421,0.7675510204081633,0.61,0,0,0,50.45744917483334,-24.234972448222212,43.71708289265177
43300,0.06,0,0.4219942902806724,0.631578947368421,0.7678732545649839,0.62,0,0,0,50.45957049734945,-24.234972448222212,43.721953353345874
43400,0.06,0,0.42204008048453945,0.631578947368421,0.764500537056928,0.63,0,0,0,50.457420725385965,-24.234972448222212,43.71907224079936
43500,0.06,0,0.42200386757611913,0.631578947368421,0.7697207303974222,0.45,0,0,0,50.460713613028,-24.234972448222212,43.719970655970606
43600,0.06,0,0.42199566253585236,0.631578947368421,0.7676584317937701,0.47,0,0,0,50.45501964014083,-24.234972448222212,43.72575472386317
43700,0.06,0,0.4220486134406911,0.631578947368421,0.7584103114930183,0.55,0,0,0,50.451326854197646,-24.234972448222212,43.72346892563157
43800,0.06,0,0.42208605657369014,0.631578947368421,0.759624060150376,0.52,0,0,0,50.45167917313839,-24.234972448222212,43.71928492246558
43900,0.06,0,0.42207531113476315,0.631578947368421,0.7671321160042964,0.51,0,0,0,50.448253874551156,-24.234972448222212,43.723366449020816
44000,0.06,0,0.4221179762555712,0.631578947368421,0.775327604726101,0.57,0,0,0,50.4402564618348,-24.234972448222212,43.72587889120661
44100,0.06,0,0.4220505483657491,0.631578947368421,0.7691836734693878,0.57,0,0,0,50.44751659468398,-24.234972448222212,43.7265708544061
44200,0.06,0,0.4220541858012982,0.631578947368421,0.768968850698174,0.47,0,0,0,50.44621572288936,-24.234972448222212,43.7273215815046
44300,0.06,0,0.4220862332489275,0.631578947368421,0.7716648764769065,0.54,0,0,0,50.44583600017648,-24.234972448222212,43.72433065280846
44400,0.06,0,0.4220764805664127,0.631578947368421,0.7629645542427498,0.46,0,0,0,50.443975038960716,-24.234972448222212,43.726954065940035
44500,0.06,0,0.4220475174432469,0.631578947368421,0.7721911922663802,0.46,0,0,0,50.44728606503904,-24.234972448222212,43.727084694894714
44600,0.06,0,0.42212008628948533,0.631578947368421,0.7685606874328679,0.65,0,0,0,50.448327967186245,-24.234972448222212,43.71866441170153
44700,0.06,0,0.4220907597473115,0.631578947368421,0.7725134264232009,0.55,0,0,0,50.45114433668519,-24.234972448222212,43.71926124383309
44800,0.06,0,0.42213348018717967,0.631578947368421,0.7672395273899033,0.46,0,0,0,50.44926019566676,-24.234972448222212,43.71646942837073
44900,0.06,0,0.422158782726272,0.631578947368421,0.771514500537057,0.47,0,0,0,50.447262357865846,-24.234972448222212,43.71558041271756
45000,0.06,0,0.42211709565508304,0.631578947368421,0.7686895810955962,0.51,0,0,0,50.450123307071216,-24.234972448222212,43.71741834938108
45100,0.06,0,0.422158969644751,0.631578947368421,0.7669495166487648,0.58,0,0,0,50.45548489687589,-24.234972448222212,43.70843689767334
45200,0.06,0,0.42205251825784446,0.631578947368421,0.768657357679914,0.5,0,0,0,50.46064869662673,-24.234972448222212,43.714987221888485
45300,0.06,0,0.4220635767233769,0.631578947368421,0.7638023630504833,0.58,0,0,0,50.45797369533731,-24.234972448222212,43.71615931271874
45400,0.06,0,0.4221291608297988,0.631578947368421,0.7680236305048335,0.47,0,0,0,50.453107005003325,-24.234972448222212,43.713583542053556
45500,0.06,0,0.4220605475857418,0.631578947368421,0.7694522019334049,0.61,0,0,0,50.46285624985182,-24.234972448222212,43.71224325911424
45600,0.06,0,0.42199864157795225,0.631578947368421,0.7654564983888292,0.58,0,0,0,50.464174484071556,-24.234972448222212,43.71751369506368
45700,0.06,0,0.42209973543457874,0.631578947368421,0.7645864661654135,0.49,0,0,0,50.45520237330949,-24.234972448222212,43.714815380884964
45800,0.06,0,0.42211359289453365,0.631578947368421,0.7754027926960257,0.6,0,0,0,50.46073326582167,-24.234972448222212,43.70858894865713
45900,0.06,0,0.42214877457395167,0.631578947368421,0.7689473684210526,0.54,0,0,0,50.46065013867636,-24.234972448222212,43.70501829353577
46000,0.06,0,0.4221551393714712,0.631578947368421,0.7756498388829216,0.52,0,0,0,50.4531749771544,-24.234972448222212,43.71083461109436
46100,0.06,0,0.4220115901161714,0.631578947368421,0.768796992481203,0.54,0,0,0,50.46128239482824,-24.234972448222212,43.71867782160029
46200,0.06,0,0.422041403737493,0.631578947368421,0.7654887218045113,0.59,0,0,0,50.458785808999814,-24.234972448222212,43.7177524181579
46300,0.06,0,0.42206514530925976,0.631578947368421,0.7670676691729323,0.58,0,0,0,50.46046943195162,-24.234972448222212,43.71383468349804
46400,0.06,0,0.4220091999472083,0.631578947368421,0.771750805585392,0.47,0,0,0,50.466470227244834,-24.234972448222212,43.71443123379614
46500,0.06,0,0.42213040273065155,0.631578947368421,0.7714715359828141,0.63,0,0,0,50.458442382683565,-24.234972448222212,43.70883276158398
46600,0.06,0,0.42231420013977816,0.631578947368421,0.7632116004296455,0.61,0,0,0,50.44571001407743,-24.234972448222212,43.700837225384134
46700,0.06,0,0.4222615822222507,0.631578947368421,0.7654135338345864,0.52,0,0,0,50.45115958474716,-24.234972448222212,43.70156176559713
46800,0.06,0,0.42231996349806206,0.631578947368421,0.7591944146079485,0.6,0,0,0,50.45272081497658,-24.234972448222212,43.69416835353572
46900,0.06,0,0.4221808192296837,0.631578947368421,0.767593984962406,0.53,0,0,0,50.460703066711375,-24.234972448222212,43.70165512696264
47000,0.06,0,0.4222741760098085,0.631578947368421,0.7635875402792696,0.6,0,0,0,50.45811603931174,-24.234972448222212,43.69423364606556
47100,0.06,0,0.42221394616411384,0.631578947368421,0.7608807733619763,0.46,0,0,0,50.45627374610471,-24.234972448222212,43.70206235536647
47200,0.06,0,0.42223597328927115,0.631578947368421,0.7647583243823846,0.64,0,0,0,50.459617494505316,-24.234972448222212,43.69688671224163
47300,0.06,0,0.42219839372231077,0.631578947368421,0.7667776584317938,0.5,0,0,0,50.4528565078376,-24.234972448222212,43.70663230705785
47400,0.06,0,0.42213707624760777,0.631578947368421,0.7666917293233083,0.59,0,0,0,50.45711542709643,-24.234972448222212,43.70929124010673
47500,0.06,0,0.4221049140301168,0.631578947368421,0.7735982814178303,0.51,0,0,0,50.45784706521265,-24.234972448222212,43.71198783023658
47600,0.06,0,0.4220358293962441,0.631578947368421,0.7712244897959184,0.58,0,0,0,50.46743462922219,-24.234972448222212,43.71083765450612
47700,0.06,0,0.42210579317969804,0.631578947368421,0.7694629430719656,0.54,0,0,0,50.468917880253976,-24.234972448222212,43.70230818703043
47800,0.06,0,0.42205796257570777,0.631578947368421,0.7636412459720731,0.4,0,0,0,50.46897805687159,-24.234972448222212,43.70720872848995
47900,0.06,0,0.4220356241166565,0.631578947368421,0.7677443609022556,0.66,0,0,0,50.465065391816005,-24.234972448222212,43.71291105605871
48000,0.06,0,0.4222019551969036,0.631578947368421,0.7641138560687433,0.55,0,0,0,50.45603083564869,-24.234972448222212,43.70351393942353
48100,0.06,0,0.4222462819818586,0.631578947368421,0.7649409237379162,0.53,0,0,0,50.453999234070345,-24.234972448222212,43.700685608717514
48200,0.06,0,0.422225159248532,0.631578947368421,0.7629967776584318,0.57,0,0,0,50.455816378760225,-24.234972448222212,43.70129789043405
48300,0.06,0,0.4221936528353241,0.631578947368421,0.7651987110633727,0.55,0,0,0,50.45480408579461,-24.234972448222212,43.70543598208107
48400,0.06,0,0.4221997808157517,0.631578947368421,0.7671428571428571,0.58,0,0,0,50.45043416863449,-24.234972448222212,43.70858724726034
48500,0.06,0,0.4222479573633042,0.631578947368421,0.7597744360902255,0.49,0,0,0,50.44378998055066,-24.234972448222212,43.709356704825794
48600,0.06,0,0.4221848008678965,0.631578947368421,0.7658646616541354,0.57,0,0,0,50.44673575765051,-24.234972448222212,43.713342643520974
48700,0.06,0,0.4221676218409119,0.631578947368421,0.7677551020408163,0.45,0,0,0,50.44562459079268,-24.234972448222212,43.716084359637385
48800,0.06,0,0.42223065432175916,0.631578947368421,0.7601288936627283,0.54,0,0,0,50.430885998342475,-24.234972448222212,43.72233248929101
48900,0.06,0,0.4221849932912014,0.631578947368421,0.7710741138560687,0.53,0,0,0,50.43589691392445,-24.234972448222212,43.72271685981336
49000,0.06,0,0.42214250634572986,0.631578947368421,0.761546723952739,0.58,0,0,0,50.44445746150999,-24.234972448222212,43.71969677684594
49100,0.06,0,0.4221932115085464,0.631578947368421,0.7625349087003223,0.52,0,0,0,50.44063371764123,-24.234972448222212,43.71775991930637
49200,0.06,0,0.422136396153726,0.631578947368421,0.7605370569280344,0.54,0,0,0,50.43908942345781,-24.234972448222212,43.72498258171171
49300,0.06,0,0.42209364836287616,0.631578947368421,0.7571321160042964,0.59,0,0,0,50.448843011539516,-24.234972448222212,43.72095637736657
49400,0.06,0,0.4221162557645612,0.631578947368421,0.7701074113856069,0.48,0,0,0,50.45083430663989,-24.234972448222212,43.716889227227306
49500,0.06,0,0.4221077657753904,0.631578947368421,0.7661654135338346,0.48,0,0,0,50.44994499184185,-24.234972448222212,43.71853916130953
49600,0.06,0,0.4221626559851209,0.631578947368421,0.7574328678839957,0.47,0,0,0,50.44167658627568,-24.234972448222212,43.72002022882591
49700,0.06,0,0.42210201714637446,0.631578947368421,0.772921589688507,0.52,0,0,0,50.43833264800938,-24.234972448222212,43.72919995898475
49800,0.06,0,0.42212552356381206,0.631578947368421,0.7649409237379162,0.57,0,0,0,50.433332636573844,-24.234972448222212,43.73109997698015
49900,0.06,0,0.4221487557092886,0.631578947368421,0.762749731471536,0.46,0,0,0,50.423772853329055,-24.234972448222212,43.73698379099899
50000,0.06,0,0.42213212475625495,0.631578947368421,0.7626960257787325,0.52,0,0,0,50.42230394315579,-24.234972448222212,43.73998112170772
50100,0.06,0,0.42200937646319353,0.631578947368421,0.7621267454350161,0.57,0,0,0,50.42717751571461,-24.234972448222212,43.74847509384839
50200,0.06,0,0.422080235250343,0.631578947368421,0.7598711063372717,0.52,0,0,0,50.425342427467136,-24.234972448222212,43.74272243947324
50300,0.06,0,0.4219794874233769,0.631578947368421,0.7688936627282492,0.54,0,0,0,50.43573223499391,-24.234972448222212,43.74415284500697
50400,0.06,0,0.4219258287351063,0.631578947368421,0.7658002148227712,0.54,0,0,0,50.44261446486092,-24.234972448222212,43.74374696364725
50500,0.06,0,0.42181298915887794,0.631578947368421,0.767937701396348,0.54,0,0,0,50.448816597511524,-24.234972448222212,43.75006963719072
50600,0.06,0,0.4217515171788397,0.631578947368421,0.7668421052631579,0.62,0,0,0,50.44649120429303,-24.234972448222212,43.75846339316904
50700,0.06,0,0.42169632303749294,0.631578947368421,0.7709022556390978,0.49,0,0,0,50.44288316634668,-24.234972448222212,43.76732109284787
50800,0.06,0,0.42165743440987463,0.631578947368421,0.7689473684210526,0.46,0,0,0,50.44405479155212,-24.234972448222212,43.77034102232621
50900,0.06,0,0.42165488938765117,0.631578947368421,0.769656283566058,0.6,0,0,0,50.44461498042141,-24.234972448222212,43.77011913730285
51000,0.06,0,0.4216633880179517,0.631578947368421,0.7681525241675617,0.59,0,0,0,50.44010082684403,-24.234972448222212,43.77315409246117
51100,0.06,0,0.4216902205878704,0.631578947368421,0.7690547798066595,0.56,0,0,0,50.43853531196703,-24.234972448222212,43.771727310791135
51200,0.06,0,0.421655177706587,0.631578947368421,0.7681203007518796,0.47,0,0,0,50.438119396652716,-24.234972448222212,43.77572606154138
51300,0.06,0,0.4216501165502659,0.631578947368421,0.7611170784103115,0.66,0,0,0,50.43993709637728,-24.234972448222212,43.77467394986851
51400,0.06,0,0.4217020160255087,0.631578947368421,0.7641353383458647,0.51,0,0,0,50.43614396321771,-24.234972448222212,43.77257827880049
51500,0.06,0,0.4216591292232785,0.631578947368421,0.7668635875402793,0.49,0,0,0,50.438190128024836,-24.234972448222212,43.77525443597174
51600,0.06,0,0.42155644340014875,0.631578947368421,0.7663050483351235,0.52,0,0,0,50.443784142655026,-24.234972448222212,43.781061851083194
51700,0.06,0,0.42155771089546834,0.631578947368421,0.7687862513426423,0.5,0,0,0,50.44817452287803,-24.234972448222212,43.777120068405814
51800,0.06,0,0.4215627304737171,0.631578947368421,0.7766165413533834,0.48,0,0,0,50.450792177129884,-24.234972448222212,43.77432744927902
51900,0.06,0,0.42159033211176905,0.631578947368421,0.7679699248120301,0.56,0,0,0,50.443964307116026,-24.234972448222212,43.777386241503564
52000,0.06,0,0.42157344247312967,0.631578947368421,0.7708807733619764,0.55,0,0,0,50.448583165275416,-24.234972448222212,43.77513187739503
52100,0.06,0,0.4215114518480605,0.631578947368421,0.7723523093447906,0.53,0,0,0,50.45734027551714,-24.234972448222212,43.77397127685281
52200,0.06,0,0.4214837699659877,0.631578947368421,0.7753061224489796,0.59,0,0,0,50.46060853928358,-24.234972448222212,43.774010863839
52300,0.06,0,0.4215505828359764,0.631578947368421,0.7673039742212675,0.5,0,0,0,50.457193247077086,-24.234972448222212,43.77003544252795
52400,0.06,0,0.42151139783288855,0.631578947368421,0.7744468313641246,0.56,0,0,0,50.45891227891081,-24.234972448222212,43.77261314626685
52500,0.06,0,0.4215558637918184,0.631578947368421,0.772234156820623,0.51,0,0,0,50.45477486139393,-24.234972448222212,43.77158507039839
52600,0.06,0,0.4215577435796332,0.631578947368421,0.7733082706766917,0.48,0,0,0,50.46171067911204,-24.234972448222212,43.76537363420795
52700,0.06,0,0.42147139257613775,0.631578947368421,0.780687432867884,0.61,0,0,0,50.467139057571345,-24.234972448222212,43.76963179481692
52800,0.06,0,0.42144235939688296,0.631578947368421,0.7691621911922664,0.57,0,0,0,50.45975077895595,-24.234972448222212,43.77905624426217
52900,0.06,0,0.42147921741415845,0.631578947368421,0.7675187969924812,0.5,0,0,0,50.46977164020378,-24.234972448222212,43.76653615325518
53000,0.06,0,0.42156201397774173,0.631578947368421,0.7693662728249194,0.53,0,0,0,50.46397652583877,-24.234972448222212,43.762965235909704
53100,0.06,0,0.4215896891156009,0.631578947368421,0.7716756176154672,0.55,0,0,0,50.45907038614144,-24.234972448222212,43.76434722573307
53200,0.06,0,0.4215765300689944,0.631578947368421,0.7709129967776585,0.55,0,0,0,50.46346260126099,-24.234972448222212,43.761904022017475
53300,0.06,0,0.4216186616887049,0.631578947368421,0.7689151450053706,0.71,0,0,0,50.45794730301034,-24.234972448222212,43.76231388130931
53400,0.06,0,0.42166025630058784,0.631578947368421,0.7668528464017186,0.66,0,0,0,50.46368094152972,-24.234972448222212,43.753025209836764
53500,0.06,0,0.4216862652976124,0.631578947368421,0.7751127819548872,0.59,0,0,0,50.46032193717268,-24.234972448222212,43.75323892520916
53600,0.06,0,0.42170836973120324,0.631578947368421,0.7728141783029001,0.57,0,0,0,50.4643276685341,-24.234972448222212,43.747472698061294
53700,0.06,0,0.42165127954157755,0.631578947368421,0.7688506981740064,0.64,0,0,0,50.467763009758684,-24.234972448222212,43.75041766709205
53800,0.06,0,0.4216300642229187,0.631578947368421,0.7707196562835661,0.57,0,0,0,50.46541070494602,-24.234972448222212,43.75465848002122
53900,0.06,0,0.4216600484770151,0.631578947368421,0.7718689581095596,0.38,0,0,0,50.46392220861954,-24.234972448222212,43.75283759187169
54000,0.06,0,0.42181282256509284,0.631578947368421,0.7715682062298603,0.58,0,0,0,50.454468837926036,-24.234972448222212,43.74518574456443
54100,0.06,0,0.4218070238422904,0.631578947368421,0.76859291084855,0.6,0,0,0,50.45087128706127,-24.234972448222212,43.748906549028135
54200,0.06,0,0.42184199180439624,0.631578947368421,0.770343716433942,0.49,0,0,0,50.453099396816405,-24.234972448222212,43.74334816969652
54300,0.06,0,0.42182241977378226,0.631578947368421,0.7710955961331901,0.58,0,0,0,50.45348131820943,-24.234972448222212,43.74504666355184
54400,0.06,0,0.4218949747248157,0.631578947368421,0.7680128893662729,0.54,0,0,0,50.450031113311624,-24.234972448222212,43.74051480067813
54500,0.06,0,0.4218742680379626,0.631578947368421,0.7732760472610096,0.51,0,0,0,50.44999113214772,-24.234972448222212,43.74269636462937
54600,0.06,0,0.4218497464717254,0.631578947368421,0.7733941997851772,0.54,0,0,0,50.441486777690635,-24.234972448222212,43.7526144472925
54700,0.06,0,0.42176741358852016,0.631578947368421,0.7693877551020408,0.52,0,0,0,50.44980183195672,-24.234972448222212,43.7539427181164
54800,0.06,0,0.4218556823225987,0.631578947368421,0.7695918367346939,0.47,0,0,0,50.44139034116659,-24.234972448222212,43.75208245998736
54900,0.06,0,0.42182911466435025,0.631578947368421,0.7655531686358754,0.53,0,0,0,50.44195590791165,-24.234972448222212,43.75434746615233
55000,0.06,0,0.4217578724186157,0.631578947368421,0.7674436090225564,0.53,0,0,0,50.45380354525777,-24.234972448222212,43.751462140404065
55100,0.06,0,0.42176497072954333,0.631578947368421,0.7714822771213748,0.65,0,0,0,50.45905990172105,-24.234972448222212,43.746168258136635
55200,0.06,0,0.42174136280672087,0.631578947368421,0.7708485499462943,0.58,0,0,0,50.45762670501764,-24.234972448222212,43.74985968267263
55300,0.06,0,0.4217817599037161,0.631578947368421,0.7710848549946294,0.45,0,0,0,50.4588450995988,-24.234972448222212,43.74461314522626
55400,0.06,0,0.42170991180723927,0.631578947368421,0.7706766917293233,0.63,0,0,0,50.46077099015899,-24.234972448222212,43.75039621250009
55500,0.06,0,0.42160724320400006,0.631578947368421,0.7731793770139634,0.67,0,0,0,50.46004285828688,-24.234972448222212,43.761681651503295
55600,0.06,0,0.42157305598926087,0.631578947368421,0.7692588614393125,0.62,0,0,0,50.456249340330636,-24.234972448222212,43.76852093725772
55700,0.06,0,0.42156117693344114,0.631578947368421,0.7702148227712138,0.5,0,0,0,50.45299883595114,-24.234972448222212,43.772574205390455
55800,0.06,0,0.42152936620042275,0.631578947368421,0.7649409237379162,0.47,0,0,0,50.45047292491739,-24.234972448222212,43.778069237828724
55900,0.06,0,0.421548872422768,0.631578947368421,0.7777121374865735,0.52,0,0,0,50.44243518678075,-24.234972448222212,43.783018990012366
56000,0.06,0,0.42153960380388905,0.631578947368421,0.769344790547798,0.6,0,0,0,50.4453797706754,-24.234972448222212,43.781425924302674
56100,0.06,0,0.4214869217723997,0.631578947368421,0.7720837808807733,0.6,0,0,0,50.44527855475864,-24.234972448222212,43.78698606053023
56200,0.06,0,0.4215372198269586,0.631578947368421,0.7701181525241676,0.53,0,0,0,50.444093896375506,-24.234972448222212,43.78278956939868
56300,0.06,0,0.4215870166151781,0.631578947368421,0.7700751879699248,0.61,0,0,0,50.43942774892379,-24.234972448222212,43.78166792140242
56400,0.06,0,0.42166161439496314,0.631578947368421,0.7718259935553169,0.67,0,0,0,50.42733144575974,-24.234972448222212,43.78442264840048
56500,0.06,0,0.4216301694765368,0.631578947368421,0.7726745435016111,0.51,0,0,0,50.43155872241679,-24.234972448222212,43.784017689886085
56600,0.06,0,0.421594133796007,0.631578947368421,0.763952738990333,0.61,0,0,0,50.43860734623996,-24.234972448222212,43.78164093014722
56700,0.06,0,0.4216156917580615,0.631578947368421,0.7752201933404941,0.56,0,0,0,50.43918488135199,-24.234972448222212,43.77890101703395
56800,0.06,0,0.42161460781451354,0.631578947368421,0.774328678839957,0.55,0,0,0,50.440845458157604,-24.234972448222212,43.77757230889732
56900,0.06,0,0.42167464850077746,0.631578947368421,0.7697314715359829,0.58,0,0,0,50.43199033154146,-24.234972448222212,43.779024595821895
57000,0.06,0,0.4217162137280948,0.631578947368421,0.7704403866809881,0.58,0,0,0,50.42839062699159,-24.234972448222212,43.77783439225756
57100,0.06,0,0.4217727932197449,0.631578947368421,0.7615252416756176,0.59,0,0,0,50.431903108997005,-24.234972448222212,43.768913103371
57200,0.06,0,0.4218044227594477,0.631578947368421,0.7709989258861439,0.46,0,0,0,50.42432891198083,-24.234972448222212,43.77220503537988
57300,0.06,0,0.42179775467767344,0.631578947368421,0.7656283566058002,0.59,0,0,0,50.43042502896303,-24.234972448222212,43.76760567434338
57400,0.06,0,0.42168733370161854,0.631578947368421,0.7667776584317938,0.53,0,0,0,50.43414841919546,-24.234972448222212,43.77583437777319
57500,0.06,0,0.42168391801336547,0.631578947368421,0.7748657357679914,0.57,0,0,0,50.440532623052604,-24.234972448222212,43.770648262005906
57600,0.06,0,0.42171284755069227,0.631578947368421,0.767765843179377,0.5,0,0,0,50.44129953780773,-24.234972448222212,43.766980143972525
57700,0.06,0,0.42173134837286624,0.631578947368421,0.7661009667024704,0.61,0,0,0,50.440642290513495,-24.234972448222212,43.76563040547354
57800,0.06,0,0.4217069011660585,0.631578947368421,0.7649516648764769,0.53,0,0,0,50.44385858585736,-24.234972448222212,43.765376934128874
57900,0.06,0,0.4217859000170285,0.631578947368421,0.7677873254564984,0.44,0,0,0,50.43468277740331,-24.234972448222212,43.765140790382404
58000,0.06,0,0.42182375043215853,0.631578947368421,0.7706766917293233,0.59,0,0,0,50.42267762195473,-24.234972448222212,43.77163285151087
58100,0.06,0,0.4218083749104911,0.631578947368421,0.768453276047261,0.53,0,0,0,50.42211943911142,-24.234972448222212,43.773712968758716
58200,0.06,0,0.42183634173899487,0.631578947368421,0.7719226638023631,0.54,0,0,0,50.411568333013165,-24.234972448222212,43.7799720673472
58300,0.06,0,0.42174516244264615,0.631578947368421,0.7679269602577873,0.47,0,0,0,50.41410028614008,-24.234972448222212,43.787237846978854
58400,0.06,0,0.42176610251374047,0.631578947368421,0.7703651987110633,0.49,0,0,0,50.412977115011465,-24.234972448222212,43.78603937972726
58500,0.06,0,0.42180842026213483,0.631578947368421,0.7618474758324383,0.58,0,0,0,50.41316608244577,-24.234972448222212,43.781482454138946
58600,0.06,0,0.42180976881152565,0.631578947368421,0.7687647690655209,0.52,0,0,0,50.41578770255892,-24.234972448222212,43.77906585322094
58700,0.06,0,0.4217315677279907,0.631578947368421,0.7769817400644469,0.63,0,0,0,50.4190181669189,-24.234972448222212,43.784378195781414
58800,0.06,0,0.4219215746454863,0.631578947368421,0.7659183673469387,0.62,0,0,0,50.41115335753152,-24.234972448222212,43.771488336274636
58900,0.06,0,0.42189201307335217,0.631578947368421,0.7727926960257787,0.55,0,0,0,50.41341544698315,-24.234972448222212,43.772591164237504
59000,0.06,0,0.4219643091227632,0.631578947368421,0.7690870032223416,0.43,0,0,0,50.41095464110687,-24.234972448222212,43.767227901092774
59100,0.06,0,0.4219793502006991,0.631578947368421,0.7725241675617616,0.52,0,0,0,50.4127263664284,-24.234972448222212,43.76412973885398
59200,0.06,0,0.42189896795205534,0.631578947368421,0.7759398496240602,0.58,0,0,0,50.41698296226633,-24.234972448222212,43.768772280322885
59300,0.06,0,0.42204025132650824,0.631578947368421,0.7658646616541354,0.52,0,0,0,50.411578250540686,-24.234972448222212,43.75881107797468
59400,0.06,0,0.42201123018353026,0.631578947368421,0.7686788399570355,0.55,0,0,0,50.40553374364987,-24.234972448222212,43.76706812159323
59500,0.06,0,0.4220101969990471,0.631578947368421,0.775187969924812,0.53,0,0,0,50.40216023692789,-24.234972448222212,43.7701046894249
59600,0.06,0,0.4220672014460026,0.631578947368421,0.7618796992481203,0.46,0,0,0,50.40524800747094,-24.234972448222212,43.761512147065964
59700,0.06,0,0.42204108276149593,0.631578947368421,0.765907626208378,0.5,0,0,0,50.40502327742201,-24.234972448222212,43.7644155200631
59800,0.06,0,0.42209599349611815,0.631578947368421,0.771031149301826,0.59,0,0,0,50.403428282479744,-24.234972448222212,43.760106905640406
59900,0.06,0,0.4220829258098105,0.631578947368421,0.7683136412459721,0.5,0,0,0,50.40779574366142,-24.234972448222212,43.7576701127458
60000,0.06,0,0.42209539499880794,0.631578947368421,0.7635338345864662,0.61,0,0,0,50.397378566308404,-24.234972448222212,43.765421937525254
60100,0.06,0,0.4221523770957575,0.631578947368421,0.7639097744360902,0.52,0,0,0,50.39991435052956,-24.234972448222212,43.75731280005038
60200,0.06,0,0.42216337116028946,0.631578947368421,0.7655531686358754,0.57,0,0,0,50.39532633641766,-24.234972448222212,43.76015684570116
60300,0.06,0,0.42215547973031814,0.631578947368421,0.7660902255639098,0.6,0,0,0,50.388671941168184,-24.234972448222212,43.766753995085836
60400,0.06,0,0.4222343533002258,0.631578947368421,0.7655424274973147,0.51,0,0,0,50.384111872780124,-24.234972448222212,43.76253876279409
60500,0.06,0,0.4221735691064172,0.631578947368421,0.7627926960257787,0.53,0,0,0,50.40042379376616,-24.234972448222212,43.75467402419197
60600,0.06,0,0.42209958455896046,0.631578947368421,0.7654564983888292,0.67,0,0,0,50.40326770644863,-24.234972448222212,43.75987402217423
60700,0.06,0,0.4221019565170735,0.631578947368421,0.7705048335123523,0.55,0,0,0,50.40065718727397,-24.234972448222212,43.761894662922394
60800,0.06,0,0.42206451474359824,0.631578947368421,0.7700322234156821,0.66,0,0,0,50.40543242227789,-24.234972448222212,43.76163060804927
60900,0.06,0,0.4220883377360149,0.631578947368421,0.7608055853920516,0.57,0,0,0,50.40983628899044,-24.234972448222212,43.75533781242874
61000,0.06,0,0.4219449322564968,0.631578947368421,0.7735338345864662,0.6,0,0,0,50.415534521376486,-24.234972448222212,43.7652616988726
61100,0.06,0,0.42187458388740445,0.631578947368421,0.7673039742212675,0.47,0,0,0,50.416812149491015,-24.234972448222212,43.77145038336383
61200,0.06,0,0.4218450591475041,0.631578947368421,0.7639957035445757,0.46,0,0,0,50.41496668613033,-24.234972448222212,43.77611631335212
61300,0.06,0,0.4217404360417517,0.631578947368421,0.7660365198711063,0.54,0,0,0,50.42095229449421,-24.234972448222212,43.78177798652973
61400,0.06,0,0.4217593559852654,0.631578947368421,0.7639742212674544,0.6,0,0,0,50.42192553834553,-24.234972448222212,43.77896891694472
61500,0.06,0,0.4218272817496801,0.631578947368421,0.7638023630504833,0.59,0,0,0,50.421489866049356,-24.234972448222212,43.77229751792173
61600,0.06,0,0.4217547224660891,0.631578947368421,0.7706659505907626,0.56,0,0,0,50.42799764340518,-24.234972448222212,43.7741783411267
61700,0.06,0,0.42167508430805944,0.631578947368421,0.7708915145005371,0.57,0,0,0,50.42883060632568,-24.234972448222212,43.78172241426599
61800,0.06,0,0.4217180309385277,0.631578947368421,0.7773254564983888,0.58,0,0,0,50.43741530050781,-24.234972448222212,43.76981269746363
61900,0.06,0,0.4217372846381968,0.631578947368421,0.7732760472610096,0.61,0,0,0,50.43244098675863,-24.234972448222212,43.77213142119519
62000,0.06,0,0.42175146947901626,0.631578947368421,0.7713963480128894,0.61,0,0,0,50.43116899092226,-24.234972448222212,43.77176322715541
62100,0.06,0,0.42179271836284693,0.631578947368421,0.7628678839957036,0.51,0,0,0,50.4366252729886,-24.234972448222212,43.76274779446917
62200,0.06,0,0.4217343988812666,0.631578947368421,0.7607089151450054,0.62,0,0,0,50.435161860877976,-24.234972448222212,43.77006950270936
62300,0.06,0,0.42177887847067047,0.631578947368421,0.7646079484425349,0.57,0,0,0,50.43194362652378,-24.234972448222212,43.76824645975094
62400,0.06,0,0.421797254577362,0.631578947368421,0.772749731471536,0.51,0,0,0,50.43587899908894,-24.234972448222212,43.762924676446325
62500,0.06,0,0.42176354812170874,0.631578947368421,0.7714607948442535,0.51,0,0,0,50.445213525169706,-24.234972448222212,43.75832345385416
62600,0.06,0,0.4217707868445354,0.631578947368421,0.7665091299677765,0.5,0,0,0,50.447538678238956,-24.234972448222212,43.755555634075826
62700,0.06,0,0.42169829515221025,0.631578947368421,0.770375939849624,0.55,0,0,0,50.45314040779033,-24.234972448222212,43.75821845341738
62800,0.06,0,0.4216373790189371,0.631578947368421,0.7778839957035446,0.58,0,0,0,50.4622681071048,-24.234972448222212,43.756624226449546
62900,0.06,0,0.4216673820103285,0.631578947368421,0.7741997851772288,0.58,0,0,0,50.460162806013315,-24.234972448222212,43.75533628766953
63000,0.06,0,0.42156564390825757,0.631578947368421,0.7752416756176155,0.58,0,0,0,50.46597612280116,-24.234972448222212,43.76085441998223
63100,0.06,0,0.42167004812576736,0.631578947368421,0.770375939849624,0.63,0,0,0,50.45560874426728,-24.234972448222212,43.75900891184895
63200,0.06,0,0.4216484713019452,0.631578947368421,0.7707948442534909,0.47,0,0,0,50.46165485778304,-24.234972448222212,43.75600487393629
63300,0.06,0,0.4216762742577905,0.631578947368421,0.7697744360902256,0.65,0,0,0,50.45770688064958,-24.234972448222212,43.75654323786641
63400,0.06,0,0.4216418415866211,0.631578947368421,0.7726852846401718,0.54,0,0,0,50.45388801322474,-24.234972448222212,43.76342875649195
63500,0.06,0,0.4215702626155836,0.631578947368421,0.7734908700322234,0.61,0,0,0,50.46167273270204,-24.234972448222212,43.764106878721044
63600,0.06,0,0.42153866708723736,0.631578947368421,0.7769817400644469,0.59,0,0,0,50.466540839867065,-24.234972448222212,43.7631652307526
63700,0.06,0,0.42143032069154485,0.631578947368421,0.7695810955961332,0.62,0,0,0,50.4746391655114,-24.234972448222212,43.76739307498436
63800,0.06,0,0.4214741774891741,0.631578947368421,0.7711815252416756,0.55,0,0,0,50.474345053885315,-24.234972448222212,43.763093831523875
63900,0.06,0,0.42138778890296635,0.631578947368421,0.7718796992481203,0.57,0,0,0,50.48249211996764,-24.234972448222212,43.765001579791196
64000,0.06,0,0.4214380361737754,0.631578947368421,0.7704511278195488,0.53,0,0,0,50.48125282756641,-24.234972448222212,43.76085784360911
64100,0.06,0,0.4214538707496509,0.631578947368421,0.7677336197636949,0.58,0,0,0,50.48182621613095,-24.234972448222212,43.75871665965831
64200,0.06,0,0.42147822221033265,0.631578947368421,0.7617615467239527,0.61,0,0,0,50.48004475384438,-24.234972448222212,43.75773261657
64300,0.06,0,0.4214810816161281,0.631578947368421,0.7669280343716434,0.58,0,0,0,50.48927659170224,-24.234972448222212,43.74943481838993
64400,0.06,0,0.421467242618111,0.631578947368421,0.7661654135338346,0.58,0,0,0,50.48894503862453,-24.234972448222212,43.75115864884526
64500,0.06,0,0.42142430277518783,0.631578947368421,0.7715252416756176,0.57,0,0,0,50.49255617240804,-24.234972448222212,43.752487229604576
64600,0.06,0,0.42140849306352,0.631578947368421,0.766906552094522,0.54,0,0,0,50.4897619282649,-24.234972448222212,43.75655013898145
64700,0.06,0,0.4213524325440181,0.631578947368421,0.7652738990332976,0.65,0,0,0,50.49533141454749,-24.234972448222212,43.757545043504535
64800,0.06,0,0.4213114713277218,0.631578947368421,0.7691192266380237,0.61,0,0,0,50.49295997583638,-24.234972448222212,43.76385459345314
64900,0.06,0,0.42134049472882573,0.631578947368421,0.7708485499462943,0.52,0,0,0,50.487542228470964,-24.234972448222212,43.76553590106797
65000,0.06,0,0.4213344663717033,0.631578947368421,0.7685392051557465,0.5,0,0,0,50.49264883656,-24.234972448222212,43.76173576802405
65100,0.06,0,0.4213785425937268,0.631578947368421,0.7709129967776585,0.53,0,0,0,50.49571761188555,-24.234972448222212,43.75449903473125
65200,0.06,0,0.42147036402816845,0.631578947368421,0.7668850698174007,0.5,0,0,0,50.48097206111737,-24.234972448222212,43.75774464560522
65300,0.06,0,0.4215163475783715,0.631578947368421,0.7671535982814178,0.53,0,0,0,50.48366364689082,-24.234972448222212,43.75063834645934
65400,0.06,0,0.42150478299275823,0.631578947368421,0.7734586466165414,0.5,0,0,0,50.48492436714847,-24.234972448222212,43.75074612748451
65500,0.06,0,0.42137177638724005,0.631578947368421,0.7713211600429646,0.59,0,0,0,50.49057851072657,-24.234972448222212,43.75965517744169
65600,0.06,0,0.42132525437640844,0.631578947368421,0.7727282491944146,0.6,0,0,0,50.498879961055394,-24.234972448222212,43.75729265184402
65700,0.06,0,0.42128544107490323,0.631578947368421,0.7749838882921589,0.58,0,0,0,50.50801075684708,-24.234972448222212,43.75351675159018
65800,0.06,0,0.4212763685287249,0.631578947368421,0.770515574650913,0.5,0,0,0,50.50491256378328,-24.234972448222212,43.757143111526986
65900,0.06,0,0.4212349420178275,0.631578947368421,0.7734586466165414,0.51,0,0,0,50.50655814613861,-24.234972448222212,43.76002060833498
66000,0.06,0,0.4212492073797331,0.631578947368421,0.7852201933404941,0.6,0,0,0,50.51001881001205,-24.234972448222212,43.75554061019615
66100,0.06,0,0.42125107215362123,0.631578947368421,0.770343716433942,0.49,0,0,0,50.5126065013749,-24.234972448222212,43.75310538903631
66200,0.06,0,0.4213087062962564,0.631578947368421,0.7688936627282492,0.55,0,0,0,50.50505968246131,-24.234972448222212,43.75365705683308
66300,0.06,0,0.4212869400893704,0.631578947368421,0.7729967776584318,0.53,0,0,0,50.507950362616064,-24.234972448222212,43.7534133862507
66400,0.06,0,0.42134061477702084,0.631578947368421,0.7705800214822771,0.51,0,0,0,50.506565663285045,-24.234972448222212,43.74903902841811
66500,0.06,0,0.4212940044725276,0.631578947368421,0.7724704618689581,0.5,0,0,0,50.51095044584517,-24.234972448222212,43.75008103830078
66600,0.06,0,0.42132688398688745,0.631578947368421,0.7688184747583244,0.52,0,0,0,50.508659292964445,-24.234972448222212,43.74865128693254
66700,0.06,0,0.4212257453031044,0.631578947368421,0.769280343716434,0.55,0,0,0,50.5024082971151,-24.234972448222212,43.76457192723528
66800,0.06,0,0.4212874240977249,0.631578947368421,0.7696025778732546,0.52,0,0,0,50.5052761148757,-24.234972448222212,43.75567985369814
66900,0.06,0,0.4212658371130649,0.631578947368421,0.772577873254565,0.55,0,0,0,50.50285636568049,-24.234972448222212,43.76001861054412
67000,0.06,0,0.42123558084709084,0.631578947368421,0.7694629430719656,0.6,0,0,0,50.505540010167984,-24.234972448222212,43.76083639601722
67100,0.06,0,0.42124867160189644,0.631578947368421,0.7718367346938776,0.55,0,0,0,50.504329169977645,-24.234972448222212,43.760525613530184
67200,0.06,0,0.42120205484341094,0.631578947368421,0.7710204081632653,0.57,0,0,0,50.50020369012262,-24.234972448222212,43.768944128099946
67300,0.06,0,0.4212030471814422,0.631578947368421,0.7758968850698174,0.6,0,0,0,50.49790964148625,-24.234972448222212,43.77082936672898
67400,0.06,0,0.4211279806559423,0.631578947368421,0.7702577873254565,0.59,0,0,0,50.51216095570821,-24.234972448222212,43.76628002403063
67500,0.06,0,0.4211722446342286,0.631578947368421,0.7713533834586466,0.37,0,0,0,50.51366398581367,-24.234972448222212,43.760378189895945
67600,0.06,0,0.42115512360510504,0.631578947368421,0.7708163265306123,0.57,0,0,0,50.517680078889825,-24.234972448222212,43.75867812343563
67700,0.06,0,0.4212106152830548,0.631578947368421,0.7750805585392052,0.65,0,0,0,50.518118566736234,-24.234972448222212,43.75253344349468
67800,0.06,0,0.42115922363579855,0.631578947368421,0.777250268528464,0.56,0,0,0,50.52289226747999,-24.234972448222212,43.75373781272217
67900,0.06,0,0.4212282022941117,0.631578947368421,0.7706229860365199,0.57,0,0,0,50.51965037876985,-24.234972448222212,43.74938012889734
68000,0.06,0,0.42127757456697246,0.631578947368421,0.7678839957035446,0.53,0,0,0,50.51652626136749,-24.234972448222212,43.74695814954786
68100,0.06,0,0.4212900349299316,0.631578947368421,0.7695596133190118,0.49,0,0,0,50.50972890511384,-24.234972448222212,43.75155134049917
68200,0.06,0,0.4212981832465912,0.631578947368421,0.7749731471535983,0.72,0,0,0,50.5088505045498,-24.234972448222212,43.75146601244409
68300,0.06,0,0.4213122261936585,0.631578947368421,0.7757465091299678,0.47,0,0,0,50.5072504751485,-24.234972448222212,43.75139367801839
68400,0.06,0,0.42132170936504476,0.631578947368421,0.7719871106337272,0.55,0,0,0,50.50332634445736,-24.234972448222212,43.75380834120856
68500,0.06,0,0.4213557059978315,0.631578947368421,0.7731149301825994,0.57,0,0,0,50.50184481349817,-24.234972448222212,43.751561577971664
68600,0.06,0,0.42137207842977126,0.631578947368421,0.7749624060150376,0.5,0,0,0,50.49617665255205,-24.234972448222212,43.75477250073022
68700,0.06,0,0.42142392083266517,0.631578947368421,0.7723093447905478,0.56,0,0,0,50.49558868610289,-24.234972448222212,43.74989932413988
68800,0.06,0,0.4213296002250165,0.631578947368421,0.7701181525241676,0.58,0,0,0,50.50141903009853,-24.234972448222212,43.754641341952215
68900,0.06,0,0.4213690653523107,0.631578947368421,0.7756498388829216,0.66,0,0,0,50.502798162695285,-24.234972448222212,43.749348571600876
69000,0.06,0,0.4212403439874881,0.631578947368421,0.7766165413533834,0.4,0,0,0,50.50320154565091,-24.234972448222212,43.76236782187312
69100,0.06,0,0.42124541323112386,0.631578947368421,0.7732116004296455,0.47,0,0,0,50.49883018506488,-24.234972448222212,43.76562937055617
69200,0.06,0,0.4212106149580658,0.631578947368421,0.7742212674543502,0.55,0,0,0,50.497999985021195,-24.234972448222212,43.76996464126406
69300,0.06,0,0.4212301270544107,0.631578947368421,0.7818582169709989,0.49,0,0,0,50.48956106518817,-24.234972448222212,43.77525259703004
69400,0.06,0,0.42119712371139295,0.631578947368421,0.7803544575725027,0.61,0,0,0,50.49772154599861,-24.234972448222212,43.771607975320634
69500,0.06,0,0.42105503718528303,0.631578947368421,0.779828141783029,0.56,0,0,0,50.49695701782904,-24.234972448222212,43.78704179021639
69600,0.06,0,0.42116700492159376,0.631578947368421,0.7769924812030076,0.58,0,0,0,50.48706020512831,-24.234972448222212,43.7839821025828
69700,0.06,0,0.42123302086776726,0.631578947368421,0.778764769065521,0.56,0,0,0,50.48159375719963,-24.234972448222212,43.78186069254913
69800,0.06,0,0.42122517651866614,0.631578947368421,0.7800107411385607,0.62,0,0,0,50.48635595943337,-24.234972448222212,43.77854616146411
69900,0.06,0,0.42122966139760143,0.631578947368421,0.7767132116004296,0.5,0,0,0,50.486340404429754,-24.234972448222212,43.778093534593474
70000,0.06,0,0.4211670240549607,0.631578947368421,0.7687325456498388,0.57,0,0,0,50.49284368243245,-24.234972448222212,43.77896507301756
70100,0.06,0,0.4211975468012303,0.631578947368421,0.7712352309344791,0.51,0,0,0,50.49664378136849,-24.234972448222212,43.772498236348945
70200,0.06,0,0.421140075282168,0.631578947368421,0.7714070891514501,0.62,0,0,0,50.50297299581152,-24.234972448222212,43.77298524097787
70300,0.06,0,0.42112562619053073,0.631578947368421,0.7746723952738991,0.57,0,0,0,50.511205811831864,-24.234972448222212,43.767352321348845
70400,0.06,0,0.4210305661238699,0.631578947368421,0.7765735767991407,0.66,0,0,0,50.52058037847367,-24.234972448222212,43.76911081624203
70500,0.06,0,0.420952592816884,0.631578947368421,0.7764554242749732,0.55,0,0,0,50.522037691801565,-24.234972448222212,43.77595543716523
70600,0.06,0,0.4209579353182749,0.631578947368421,0.7792158968850699,0.41,0,0,0,50.52001485468583,-24.234972448222212,43.77715264422823
70700,0.06,0,0.4210561084801435,0.631578947368421,0.7726745435016111,0.63,0,0,0,50.504852690158366,-24.234972448222212,43.78008495620543
70800,0.06,0,0.4211006824711401,0.631578947368421,0.7762298603651987,0.53,0,0,0,50.505186173660746,-24.234972448222212,43.775161736560285
70900,0.06,0,0.4211074387350665,0.631578947368421,0.7737164339419978,0.5,0,0,0,50.49953518774594,-24.234972448222212,43.77935784440897
71000,0.06,0,0.4210652082856455,0.631578947368421,0.7710418904403867,0.57,0,0,0,50.49940231235376,-24.234972448222212,43.783863870387556
71100,0.06,0,0.4211209609402723,0.631578947368421,0.7676691729323308,0.58,0,0,0,50.49204639027508,-24.234972448222212,43.784445075387545
71200,0.06,0,0.4210807799839942,0.631578947368421,0.785187969924812,0.58,0,0,0,50.49990677615306,-24.234972448222212,43.781807371087396
71300,0.06,0,0.4209974234851496,0.631578947368421,0.7783888292158969,0.55,0,0,0,50.50099992640873,-24.234972448222212,43.789528172376265
71400,0.06,0,0.4209412446048758,0.631578947368421,0.7747798066595059,0.57,0,0,0,50.51055228551902,-24.234972448222212,43.78708991882591
71500,0.06,0,0.42097306274590734,0.631578947368421,0.7761761546723953,0.57,0,0,0,50.49967909756157,-24.234972448222212,43.79320756110758
71600,0.06,0,0.42103762693256935,0.631578947368421,0.7818045112781955,0.59,0,0,0,50.49614448499855,-24.234972448222212,43.789557026342685
71700,0.06,0,0.42096717561632935,0.631578947368421,0.7707626208378088,0.51,0,0,0,50.49749530241844,-24.234972448222212,43.795713889684414
71800,0.06,0,0.4209103066232183,0.631578947368421,0.7621589688506982,0.51,0,0,0,50.498703209168085,-24.234972448222212,43.80058339220954
71900,0.06,0,0.4209208492718758,0.631578947368421,0.7731471535982815,0.41,0,0,0,50.50276690162299,-24.234972448222212,43.79596202054767
72000,0.06,0,0.4209135668777952,0.631578947368421,0.7697851772287863,0.5,0,0,0,50.50536777119685,-24.234972448222212,43.79446435697733
72100,0.06,0,0.42086983836323444,0.631578947368421,0.7743716433941998,0.53,0,0,0,50.51674014973661,-24.234972448222212,43.7891545387018
72200,0.06,0,0.4209299516397019,0.631578947368421,0.7750912996777658,0.67,0,0,0,50.51572306075036,-24.234972448222212,43.78378251107083
72300,0.06,0,0.42091967826825627,0.631578947368421,0.7775080558539205,0.52,0,0,0,50.521808008752394,-24.234972448222212,43.77957760488625
72400,0.06,0,0.42082072825187106,0.631578947368421,0.7835875402792696,0.54,0,0,0,50.52537812120069,-24.234972448222212,43.78677756765637
72500,0.06,0,0.4208866520923815,0.631578947368421,0.7812459720730397,0.59,0,0,0,50.52207953711004,-24.234972448222212,43.782777595571204
72600,0.06,0,0.42088996800476136,0.631578947368421,0.7734264232008593,0.54,0,0,0,50.520763934217015,-24.234972448222212,43.783572791277926
72700,0.06,0,0.4208831359654847,0.631578947368421,0.7761976369495166,0.56,0,0,0,50.51936314323523,-24.234972448222212,43.78549755573331
72800,0.06,0,0.42088470855303156,0.631578947368421,0.7807841031149302,0.58,0,0,0,50.514712362793894,-24.234972448222212,43.78936517734135
72900,0.06,0,0.4207790130691353,0.631578947368421,0.7713211600429646,0.64,0,0,0,50.5279394593896,-24.234972448222212,43.7888986619995
73000,0.06,0,0.4208813700186177,0.631578947368421,0.7737056928034372,0.57,0,0,0,50.519736859613374,-24.234972448222212,43.78535737060526
73100,0.06,0,0.42098076158633824,0.631578947368421,0.7710204081632653,0.61,0,0,0,50.51345967253981,-24.234972448222212,43.780459671955256
73200,0.06,0,0.42101474727953453,0.631578947368421,0.7764446831364125,0.65,0,0,0,50.515282501303346,-24.234972448222212,43.77534589227447
73300,0.06,0,0.4209950574417257,0.631578947368421,0.7742857142857142,0.55,0,0,0,50.515677851914944,-24.234972448222212,43.77705063989033
73400,0.06,0,0.420980048804457,0.631578947368421,0.776734693877551,0.51,0,0,0,50.51713123676568,-24.234972448222212,43.77735184768229
73500,0.06,0,0.4209864142309747,0.631578947368421,0.772577873254565,0.42,0,0,0,50.514504523997566,-24.234972448222212,43.77896627442242
73600,0.06,0,0.4209172581876712,0.631578947368421,0.7709452201933404,0.63,0,0,0,50.516550759892866,-24.234972448222212,43.78438547671894
73700,0.06,0,0.4208297071009782,0.631578947368421,0.7732008592910848,0.45,0,0,0,50.5230352296313,-24.234972448222212,43.78787379973743
73800,0.06,0,0.4207824742236876,0.631578947368421,0.7816863587540279,0.45,0,0,0,50.523899585272424,-24.234972448222212,43.79203979244366
73900,0.06,0,0.4207252670965283,0.631578947368421,0.7766595059076262,0.51,0,0,0,50.527454161144114,-24.234972448222212,43.794913149463426
74000,0.06,0,0.4206710361329122,0.631578947368421,0.7844038668098818,0.66,0,0,0,50.52512813295394,-24.234972448222212,43.80257543585512
74100,0.06,0,0.4207616725178541,0.631578947368421,0.7853813104189044,0.43,0,0,0,50.52150794386099,-24.234972448222212,43.79627796981042
74200,0.06,0,0.4207804829201314,0.631578947368421,0.7800644468313641,0.62,0,0,0,50.51826724866401,-24.234972448222212,43.79712947939372
74300,0.06,0,0.4208320609687751,0.631578947368421,0.7829001074113856,0.6,0,0,0,50.520403394769595,-24.234972448222212,43.78990997250584
74400,0.06,0,0.42082294065753983,0.631578947368421,0.7791621911922664,0.57,0,0,0,50.52211749639266,-24.234972448222212,43.78937328685298
74500,0.06,0,0.4208381460958895,0.631578947368421,0.7760794844253491,0.63,0,0,0,50.52043344020096,-24.234972448222212,43.78925074814712
74600,0.06,0,0.42081484535301905,0.631578947368421,0.7787003222341569,0.47,0,0,0,50.52321736588567,-24.234972448222212,43.78926237748563
74700,0.06,0,0.42083491906018894,0.631578947368421,0.7837164339419979,0.68,0,0,0,50.518833874972636,-24.234972448222212,43.79097303052326
74800,0.06,0,0.4207778757357506,0.631578947368421,0.7859076262083781,0.6,0,0,0,50.52705718254561,-24.234972448222212,43.78978164109017
74900,0.06,0,0.4206364257568576,0.631578947368421,0.7780988184747584,0.56,0,0,0,50.53454975949071,-24.234972448222212,43.798012360709976
75000,0.06,0,0.4206885088397281,0.631578947368421,0.7738882921589688,0.53,0,0,0,50.53210162968799,-24.234972448222212,43.7947115951848
75100,0.06,0,0.42073162568075123,0.631578947368421,0.7755639097744361,0.5,0,0,0,50.534454039554916,-24.234972448222212,43.788185023864614
75200,0.06,0,0.42073233869735294,0.631578947368421,0.7750805585392052,0.49,0,0,0,50.53390465553851,-24.234972448222212,43.7885868623656
75300,0.06,0,0.4206686072130175,0.631578947368421,0.7775080558539205,0.48,0,0,0,50.53849874427924,-24.234972448222212,43.79123974688203
75400,0.06,0,0.42070062510791667,0.631578947368421,0.7741460794844254,0.63,0,0,0,50.53920662879896,-24.234972448222212,43.78729364377046
75500,0.06,0,0.42074832678392754,0.631578947368421,0.7752524167561762,0.63,0,0,0,50.542412479495304,-24.234972448222212,43.77955226270105
75600,0.06,0,0.4207539840478608,0.631578947368421,0.7731149301825994,0.6,0,0,0,50.545744564015955,-24.234972448222212,43.77607761931776
75700,0.06,0,0.42075785195622284,0.631578947368421,0.7716541353383458,0.6,0,0,0,50.540889829222074,-24.234972448222212,43.77988009630994
75800,0.06,0,0.42069589287669673,0.631578947368421,0.7779914070891515,0.61,0,0,0,50.53754715544389,-24.234972448222212,43.789224023831224
75900,0.06,0,0.4206670417321821,0.631578947368421,0.7809344790547799,0.5,0,0,0,50.54054699105698,-24.234972448222212,43.78962798715635
76000,0.06,0,0.42072379098625334,0.631578947368421,0.7785499462943072,0.65,0,0,0,50.53182770561363,-24.234972448222212,43.79127632816229
76100,0.06,0,0.420768564345448,0.631578947368421,0.7835660580021482,0.57,0,0,0,50.53057492591124,-24.234972448222212,43.78770214342152
76200,0.06,0,0.420723116573229,0.631578947368421,0.7803329752953813,0.58,0,0,0,50.53670674840089,-24.234972448222212,43.78711870981014
76300,0.06,0,0.4207986200982944,0.631578947368421,0.7805692803437164,0.56,0,0,0,50.53215924789264,-24.234972448222212,43.78320181812769
76400,0.06,0,0.42079531067222664,0.631578947368421,0.7733619763694952,0.63,0,0,0,50.532911513902086,-24.234972448222212,43.7828943690451
76500,0.06,0,0.4208611651722799,0.631578947368421,0.7690547798066595,0.5,0,0,0,50.52490739979041,-24.234972448222212,43.78297837937231
76600,0.06,0,0.42084937326907373,0.631578947368421,0.7664876476906552,0.52,0,0,0,50.52286197276446,-24.234972448222212,43.78597775891742
76700,0.06,0,0.4208157453970556,0.631578947368421,0.7701181525241676,0.56,0,0,0,50.5193152830025,-24.234972448222212,43.79255097089572
76800,0.06,0,0.42079668548453486,0.631578947368421,0.7781954887218046,0.56,0,0,0,50.51801521220472,-24.234972448222212,43.795661590255385
76900,0.06,0,0.4207515408318771,0.631578947368421,0.780827067669173,0.57,0,0,0,50.52033535040495,-24.234972448222212,43.798349133395526
77000,0.06,0,0.4207761975148204,0.631578947368421,0.7716326530612245,0.5,0,0,0,50.52058698281928,-24.234972448222212,43.79556449606131
77100,0.06,0,0.42076092740294896,0.631578947368421,0.7698174006444684,0.5,0,0,0,50.526936224063135,-24.234972448222212,43.79165033645324
77200,0.06,0,0.4206690472298209,0.631578947368421,0.7785069817400645,0.52,0,0,0,50.53341721486394,-24.234972448222212,43.79559748781496
77300,0.06,0,0.42072556660054605,0.631578947368421,0.7707841031149302,0.53,0,0,0,50.53012954746534,-24.234972448222212,43.792563193466165
77400,0.06,0,0.42064700938492566,0.631578947368421,0.7767454350161117,0.6,0,0,0,50.53794262679685,-24.234972448222212,43.79397007940298
77500,0.06,0,0.42059076813503576,0.631578947368421,0.7747261009667025,0.46,0,0,0,50.54477385204199,-24.234972448222212,43.793906561360366
77600,0.06,0,0.4205368289416134,0.631578947368421,0.7739097744360902,0.65,0,0,0,50.551178621186494,-24.234972448222212,43.79397434333585
77700,0.06,0,0.4205064081939952,0.631578947368421,0.7782599355531686,0.56,0,0,0,50.553976594753095,-24.234972448222212,43.79471852822508
77800,0.06,0,0.42045539650508307,0.631578947368421,0.7790332975295381,0.6,0,0,0,50.5519519559679,-24.234972448222212,43.80178613595079
77900,0.06,0,0.42044367806740757,0.631578947368421,0.7722986036519871,0.66,0,0,0,50.54663183215545,-24.234972448222212,43.80761730695686
78000,0.06,0,0.4205680532011251,0.631578947368421,0.7721374865735768,0.66,0,0,0,50.53590822303539,-24.234972448222212,43.803955155125024
78100,0.06,0,0.42055958788107833,0.631578947368421,0.7702685284640172,0.49,0,0,0,50.5393157094454,-24.234972448222212,43.80188344094261
78200,0.06,0,0.42063373604455084,0.631578947368421,0.772921589688507,0.57,0,0,0,50.537838351905236,-24.234972448222212,43.79544238650824
78300,0.06,0,0.4207077206388268,0.631578947368421,0.7736197636949517,0.55,0,0,0,50.53514813978386,-24.234972448222212,43.79007164834512
78400,0.06,0,0.4207317982432543,0.631578947368421,0.7811922663802363,0.61,0,0,0,50.54003443419871,-24.234972448222212,43.78333217923601
78500,0.06,0,0.42072713666375766,0.631578947368421,0.7752201933404941,0.7,0,0,0,50.54670924110847,-24.234972448222212,43.77803553874384
78600,0.06,0,0.42072075436396145,0.631578947368421,0.7775187969924812,0.56,0,0,0,50.551927381304296,-24.234972448222212,43.774180663182214
78700,0.06,0,0.4207558469255122,0.631578947368421,0.7723415682062299,0.51,0,0,0,50.55166653864739,-24.234972448222212,43.770755590490985
78800,0.06,0,0.4207196076553288,0.631578947368421,0.773093447905478,0.57,0,0,0,50.55216524490249,-24.234972448222212,43.774094001954545
78900,0.06,0,0.42073434194585047,0.631578947368421,0.7769280343716434,0.45,0,0,0,50.55515908088351,-24.234972448222212,43.76996883913065
79000,0.06,0,0.42067541816240295,0.631578947368421,0.776595059076262,0.52,0,0,0,50.56266596149707,-24.234972448222212,43.769600375150674
79100,0.06,0,0.42067534712252036,0.631578947368421,0.7764983888292158,0.56,0,0,0,50.56019599261203,-24.234972448222212,43.77174600134336
79200,0.06,0,0.4207108258948512,0.631578947368421,0.7753705692803438,0.51,0,0,0,50.558878449593664,-24.234972448222212,43.76919528326133
79300,0.06,0,0.42077883136579664,0.631578947368421,0.7769709989258862,0.42,0,0,0,50.55532232011531,-24.234972448222212,43.76519967610175
79400,0.06,0,0.42067132389379125,0.631578947368421,0.7785606874328679,0.56,0,0,0,50.55989890327474,-24.234972448222212,43.77242183154494
79500,0.06,0,0.4207200564778268,0.631578947368421,0.7786895810955962,0.54,0,0,0,50.55419113128766,-24.234972448222212,43.772293122035364
79600,0.06,0,0.4207455733089825,0.631578947368421,0.7760150375939849,0.54,0,0,0,50.557730035921864,-24.234972448222212,43.76657472029631
79700,0.06,0,0.42072272248649467,0.631578947368421,0.7753168635875403,0.53,0,0,0,50.56501612414401,-24.234972448222212,43.76264500584487
79800,0.06,0,0.42071503842653,0.631578947368421,0.7771643394199785,0.56,0,0,0,50.56011750996717,-24.234972448222212,43.767684404755485
79900,0.06,0,0.4208239580115734,0.631578947368421,0.7752094522019334,0.59,0,0,0,50.55888080818247,-24.234972448222212,43.757426559920454
80000,0.06,0,0.42077614254808365,0.631578947368421,0.7779591836734694,0.58,0,0,0,50.56565869141821,-24.234972448222212,43.756533028084576
80100,0.06,0,0.42078311934555657,0.631578947368421,0.7740923737916219,0.63,0,0,0,50.56805298662546,-24.234972448222212,43.75373577344153
80200,0.06,0,0.4208322104829151,0.631578947368421,0.7772824919441461,0.58,0,0,0,50.56540739113846,-24.234972448222212,43.750920729940056
80300,0.06,0,0.42074113719128026,0.631578947368421,0.7723952738990333,0.54,0,0,0,50.575280397185864,-24.234972448222212,43.75184837562117
80400,0.06,0,0.420743292091866,0.631578947368421,0.7793555316863587,0.48,0,0,0,50.57007295788848,-24.234972448222212,43.756129605322954
80500,0.06,0,0.42078803574853674,0.631578947368421,0.7741997851772288,0.65,0,0,0,50.568701964326216,-24.234972448222212,43.752663052874944
80600,0.06,0,0.4206955855529513,0.631578947368421,0.7783351235230934,0.55,0,0,0,50.575177646638096,-24.234972448222212,43.75667459030306
80700,0.06,0,0.4207165399329893,0.631578947368421,0.7804618689581095,0.52,0,0,0,50.56947289975639,-24.234972448222212,43.75943117609898
80800,0.06,0,0.420724604583791,0.631578947368421,0.7768098818474758,0.6,0,0,0,50.57456356208824,-24.234972448222212,43.75418778433654
80900,0.06,0,0.42074458679340476,0.631578947368421,0.7743609022556391,0.51,0,0,0,50.56442931356202,-24.234972448222212,43.76087869537644
81000,0.06,0,0.4207305467072669,0.631578947368421,0.7790870032223416,0.55,0,0,0,50.56608841930508,-24.234972448222212,43.76090315754421
81100,0.06,0,0.42073324077909596,0.631578947368421,0.7737808807733619,0.55,0,0,0,50.57553362251312,-24.234972448222212,43.75245045563957
81200,0.06,0,0.4206046468712832,0.631578947368421,0.7742427497314716,0.63,0,0,0,50.580621913253786,-24.234972448222212,43.76142440855085
81300,0.06,0,0.4206228953409071,0.631578947368421,0.7767561761546724,0.52,0,0,0,50.582710755842804,-24.234972448222212,43.75771877046846
81400,0.06,0,0.42063552302150164,0.631578947368421,0.7690118152524168,0.57,0,0,0,50.58201044964872,-24.234972448222212,43.75701094864074
81500,0.06,0,0.4206896984819999,0.631578947368421,0.7746831364124597,0.59,0,0,0,50.576489580889415,-24.234972448222212,43.75615186807917
81600,0.06,0,0.4205658892422971,0.631578947368421,0.7812996777658432,0.67,0,0,0,50.5846465047267,-24.234972448222212,43.76197523570315
81700,0.06,0,0.4205847620119672,0.631578947368421,0.7757572502685285,0.56,0,0,0,50.58925437246081,-24.234972448222212,43.756025684646
81800,0.06,0,0.4205235270682861,0.631578947368421,0.7817400644468314,0.45,0,0,0,50.593551599683245,-24.234972448222212,43.75868024651843
81900,0.06,0,0.42055021629180833,0.631578947368421,0.7817937701396348,0.54,0,0,0,50.59655427582843,-24.234972448222212,43.75330649099427
82000,0.06,0,0.42051793108972085,0.631578947368421,0.7848657357679915,0.61,0,0,0,50.602155352394355,-24.234972448222212,43.75182228504891
82100,0.06,0,0.42055607064272055,0.631578947368421,0.784328678839957,0.46,0,0,0,50.59931060749439,-24.234972448222212,43.750314051764285
82200,0.06,0,0.4206442159323318,0.631578947368421,0.7750912996777658,0.69,0,0,0,50.594385050293134,-24.234972448222212,43.74540461501778
82300,0.06,0,0.4205733494951831,0.631578947368421,0.7757142857142857,0.54,0,0,0,50.599664748120034,-24.234972448222212,43.7482104217861
82400,0.06,0,0.42063586167016487,0.631578947368421,0.7778088077336197,0.57,0,0,0,50.59412501226078,-24.234972448222212,43.7464982860937
82500,0.06,0,0.4207284653931408,0.631578947368421,0.7790225563909774,0.6,0,0,0,50.59117567192552,-24.234972448222212,43.73941928877734
82600,0.06,0,0.4206367026927811,0.631578947368421,0.7751987110633727,0.54,0,0,0,50.59182391249419,-24.234972448222212,43.74840056471412
82700,0.06,0,0.42070847430830166,0.631578947368421,0.771031149301826,0.62,0,0,0,50.58312359475471,-24.234972448222212,43.748460676494716
82800,0.06,0,0.4207480337372251,0.631578947368421,0.7734586466165414,0.49,0,0,0,50.572063901356366,-24.234972448222212,43.75391390165272
82900,0.06,0,0.42074499194230797,0.631578947368421,0.7758646616541354,0.59,0,0,0,50.58268421359202,-24.234972448222212,43.74504360871416
83000,0.06,0,0.42077414056778484,0.631578947368421,0.7738560687432868,0.54,0,0,0,50.58118934937761,-24.234972448222212,43.743305963983495
83100,0.06,0,0.4208008934889355,0.631578947368421,0.7738023630504833,0.57,0,0,0,50.58081574975803,-24.234972448222212,43.74084800679655
83200,0.06,0,0.4207616422961453,0.631578947368421,0.7743716433941998,0.48,0,0,0,50.588190675051486,-24.234972448222212,43.73855112752741
83300,0.06,0,0.4207416376000485,0.631578947368421,0.7766917293233083,0.67,0,0,0,50.583837808898856,-24.234972448222212,43.74439472356548
83400,0.06,0,0.42072365738032685,0.631578947368421,0.7787325456498388,0.59,0,0,0,50.58726166348291,-24.234972448222212,43.74330336088368
83500,0.06,0,0.42079022108079633,0.631578947368421,0.7776906552094522,0.5,0,0,0,50.577717698758164,-24.234972448222212,43.74463673440267
83600,0.06,0,0.42077851749036155,0.631578947368421,0.7803544575725027,0.48,0,0,0,50.58352710199124,-24.234972448222212,43.74082934168839
83700,0.06,0,0.4208000244732311,0.631578947368421,0.7804726100966702,0.56,0,0,0,50.57810820344837,-24.234972448222212,43.74327987732904
83800,0.06,0,0.42081390975225225,0.631578947368421,0.7744897959183673,0.55,0,0,0,50.57725879183061,-24.234972448222212,43.74257112855338
83900,0.06,0,0.42078861495296394,0.631578947368421,0.7811063372717508,0.58,0,0,0,50.57094039685786,-24.234972448222212,43.75066619751535
84000,0.06,0,0.42084155943062285,0.631578947368421,0.7674436090225564,0.56,0,0,0,50.57060638476594,-24.234972448222212,43.74545102337123
84100,0.06,0,0.42087564597375204,0.631578947368421,0.7733727175080558,0.51,0,0,0,50.56463168925449,-24.234972448222212,43.74707662290293
84200,0.06,0,0.4208820132653552,0.631578947368421,0.7751987110633727,0.59,0,0,0,50.560504544749875,-24.234972448222212,43.749985722647615
84300,0.06,0,0.4207606960761887,0.631578947368421,0.7709989258861439,0.58,0,0,0,50.56609700819263,-24.234972448222212,43.75776006239904
84400,0.06,0,0.42071094242149876,0.631578947368421,0.7779806659505908,0.51,0,0,0,50.56989427942306,-24.234972448222212,43.75964875485678
84500,0.06,0,0.4207480712126961,0.631578947368421,0.7832438238453276,0.48,0,0,0,50.569926266239854,-24.234972448222212,43.75575952068353
84600,0.06,0,0.42076334531731674,0.631578947368421,0.77859291084855,0.57,0,0,0,50.569400375966744,-24.234972448222212,43.75462616165015
84700,0.06,0,0.4207827892778474,0.631578947368421,0.7771535982814178,0.52,0,0,0,50.567137852729324,-24.234972448222212,43.75456192409426
84800,0.06,0,0.4207835454571472,0.631578947368421,0.7750805585392052,0.54,0,0,0,50.571096117982286,-24.234972448222212,43.75105857376482
84900,0.06,0,0.42071476889492404,0.631578947368421,0.7763050483351235,0.61,0,0,0,50.57971291644955,-24.234972448222212,43.75075611829847
85000,0.06,0,0.4207687837143036,0.631578947368421,0.7803222341568207,0.6,0,0,0,50.56825181423222,-24.234972448222212,43.75505442755132
85100,0.06,0,0.42080817267218495,0.631578947368421,0.7736627282491945,0.5,0,0,0,50.56492643317739,-24.234972448222212,43.75383608129062
85200,0.06,0,0.42081940145617885,0.631578947368421,0.7769924812030076,0.5,0,0,0,50.56723707495021,-24.234972448222212,43.75066933759778
85300,0.06,0,0.4207445909214526,0.631578947368421,0.7810418904403866,0.59,0,0,0,50.576714377007654,-24.234972448222212,43.750248766411964
85400,0.06,0,0.4207521407397852,0.631578947368421,0.773952738990333,0.55,0,0,0,50.577334066185976,-24.234972448222212,43.748927696391526
85500,0.06,0,0.4207881596317697,0.631578947368421,0.7734156820622986,0.47,0,0,0,50.570135892440696,-24.234972448222212,43.75140955505725
85600,0.06,0,0.4207834157951184,0.631578947368421,0.7800537056928034,0.45,0,0,0,50.57575457590201,-24.234972448222212,43.747042208895095
85700,0.06,0,0.42079111417433784,0.631578947368421,0.7832653061224489,0.66,0,0,0,50.575049742074064,-24.234972448222212,43.74685152102598
85800,0.06,0,0.42075153838408186,0.631578947368421,0.7807089151450054,0.53,0,0,0,50.57224050481954,-24.234972448222212,43.753396661854396
85900,0.06,0,0.4206530119051045,0.631578947368421,0.7754457572502685,0.58,0,0,0,50.57736238201236,-24.234972448222212,43.75921283557318
86000,0.06,0,0.4207161780826943,0.631578947368421,0.7795918367346939,0.59,0,0,0,50.57165723178333,-24.234972448222212,43.757578718325064
86100,0.06,0,0.420725756874962,0.631578947368421,0.7821697099892588,0.52,0,0,0,50.57430784341161,-24.234972448222212,43.75428918311448
86200,0.06,0,0.4206746486438948,0.631578947368421,0.772094522019334,0.57,0,0,0,50.574967394985734,-24.234972448222212,43.75903426841338
86300,0.06,0,0.4206260378662331,0.631578947368421,0.7774543501611171,0.64,0,0,0,50.5773735415683,-24.234972448222212,43.76200938434511
86400,0.06,0,0.4205029584708863,0.631578947368421,0.7833082706766917,0.61,0,0,0,50.580864530881904,-24.234972448222212,43.77179708529699
86500,0.06,0,0.42042660256293374,0.631578947368421,0.7810096670247046,0.56,0,0,0,50.58622834768193,-24.234972448222212,43.77510460965679
86600,0.06,0,0.4204101298605694,0.631578947368421,0.7745112781954887,0.47,0,0,0,50.59081682585875,-24.234972448222212,43.772849362548136
86700,0.06,0,0.4203987599853799,0.631578947368421,0.7817293233082707,0.57,0,0,0,50.59239257041396,-24.234972448222212,43.772669838360464
86800,0.06,0,0.4204292207361194,0.631578947368421,0.7845327604726101,0.55,0,0,0,50.593533677055724,-24.234972448222212,43.76851124572928
86900,0.06,0,0.4203725209449745,0.631578947368421,0.7777980665950591,0.52,0,0,0,50.59882358680331,-24.234972448222212,43.76983829244657
87000,0.06,0,0.4204142093392537,0.631578947368421,0.7859720730397423,0.57,0,0,0,50.58125922201926,-24.234972448222212,43.780695651341794
87100,0.06,0,0.4204798501293821,0.631578947368421,0.7806337271750805,0.47,0,0,0,50.58024869908066,-24.234972448222212,43.77473562097838
87200,0.06,0,0.42057366977839367,0.631578947368421,0.7764876476906553,0.55,0,0,0,50.57491125115931,-24.234972448222212,43.76958931085084
87300,0.06,0,0.4205224820209046,0.631578947368421,0.7729538131041891,0.56,0,0,0,50.57489688791749,-24.234972448222212,43.77492956060248
87400,0.06,0,0.4205315544176279,0.631578947368421,0.7724274973147154,0.38,0,0,0,50.57098431734699,-24.234972448222212,43.7773718770529
87500,0.06,0,0.4205310851474839,0.631578947368421,0.7778302900107411,0.68,0,0,0,50.56751037423829,-24.234972448222212,43.78042819814367
87600,0.06,0,0.42059747874682885,0.631578947368421,0.7779162191192266,0.56,0,0,0,50.57270768676437,-24.234972448222212,43.76901865373886
87700,0.06,0,0.4205768489929337,0.631578947368421,0.784328678839957,0.53,0,0,0,50.57516377714059,-24.234972448222212,43.76903990527729
87800,0.06,0,0.4205933752705553,0.631578947368421,0.7801074113856069,0.57,0,0,0,50.57187691326075,-24.234972448222212,43.77016470772248
87900,0.06,0,0.4205810247335334,0.631578947368421,0.7772717508055854,0.52,0,0,0,50.56897406281312,-24.234972448222212,43.77396268369443
88000,0.06,0,0.4206362237364053,0.631578947368421,0.7778195488721804,0.55,0,0,0,50.57002906254225,-24.234972448222212,43.767305240568355
88100,0.06,0,0.4206782101015547,0.631578947368421,0.7775510204081633,0.54,0,0,0,50.56402259570403,-24.234972448222212,43.76813555507299
88200,0.06,0,0.42058071636460753,0.631578947368421,0.7790010741138561,0.54,0,0,0,50.58017449078208,-24.234972448222212,43.76430150496893
88300,0.06,0,0.42056643155489537,0.631578947368421,0.7789151450053706,0.6,0,0,0,50.58121471343548,-24.234972448222212,43.76488792694419
88400,0.06,0,0.42051322971601574,0.631578947368421,0.7814715359828142,0.46,0,0,0,50.58434128159811,-24.234972448222212,43.76771949825568
88500,0.06,0,0.42055275932082514,0.631578947368421,0.7815037593984963,0.55,0,0,0,50.583524722866706,-24.234972448222212,43.76431204394136
88600,0.06,0,0.42058829126937475,0.631578947368421,0.7788399570354457,0.55,0,0,0,50.57780641816741,-24.234972448222212,43.76556232324428
88700,0.06,0,0.42059601961364,0.631578947368421,0.7742212674543502,0.5,0,0,0,50.57767746667089,-24.234972448222212,43.76486972369177
88800,0.06,0,0.4206568481284765,0.631578947368421,0.7781632653061225,0.55,0,0,0,50.56854356733642,-24.234972448222212,43.766445012426445
88900,0.06,0,0.42065410209208226,0.631578947368421,0.7837701396348012,0.55,0,0,0,50.57146992077226,-24.234972448222212,43.764198127998725
89000,0.06,0,0.4206010447827839,0.631578947368421,0.7801825993555317,0.5,0,0,0,50.573490353306035,-24.234972448222212,43.76797020525841
89100,0.06,0,0.4205211763012737,0.631578947368421,0.7769709989258862,0.55,0,0,0,50.581811954769265,-24.234972448222212,43.769080969039834
89200,0.06,0,0.42047952642718944,0.631578947368421,0.7770998925886143,0.4,0,0,0,50.58261050792794,-24.234972448222212,43.77272538417201
89300,0.06,0,0.420455067304685,0.631578947368421,0.7836412459720731,0.53,0,0,0,50.5894423556731,-24.234972448222212,43.769360145321535
89400,0.06,0,0.42048855725562245,0.631578947368421,0.7849731471535982,0.52,0,0,0,50.58786322295312,-24.234972448222212,43.76724030001928
89500,0.06,0,0.4205207893160698,0.631578947368421,0.7807196562835661,0.41,0,0,0,50.58891106093749,-24.234972448222212,43.76297915775603
89600,0.06,0,0.4205360755747302,0.631578947368421,0.7795918367346939,0.68,0,0,0,50.59955726432171,-24.234972448222212,43.75218095214364
89700,0.06,0,0.42051737716195375,0.631578947368421,0.7752524167561762,0.53,0,0,0,50.59806915674121,-24.234972448222212,43.75541322880475
89800,0.06,0,0.4204952657844267,0.631578947368421,0.7822126745435016,0.53,0,0,0,50.59792204809701,-24.234972448222212,43.75784129051236
89900,0.06,0,0.42051521383673046,0.631578947368421,0.7823415682062299,0.59,0,0,0,50.59454497524515,-24.234972448222212,43.75868614189414
90000,0.06,0,0.4205084614825217,0.631578947368421,0.7775080558539205,0.61,0,0,0,50.60028956537284,-24.234972448222212,43.754420850239924
90100,0.06,0,0.42060708429542626,0.631578947368421,0.7753168635875403,0.53,0,0,0,50.5969681406872,-24.234972448222212,43.74703300582537
90200,0.06,0,0.42057432423502794,0.631578947368421,0.7797851772287863,0.53,0,0,0,50.599608970216515,-24.234972448222212,43.74815725441749
90300,0.06,0,0.420619278256043,0.631578947368421,0.7754135338345864,0.55,0,0,0,50.59255166713511,-24.234972448222212,43.749583541460346
90400,0.06,0,0.4207856649832484,0.631578947368421,0.7780128893662728,0.58,0,0,0,50.58690244955353,-24.234972448222212,43.73716785474051
90500,0.06,0,0.42069997560543626,0.631578947368421,0.7753705692803438,0.52,0,0,0,50.59209116811756,-24.234972448222212,43.7415897744102
90600,0.06,0,0.4207248599696517,0.631578947368421,0.779140708915145,0.53,0,0,0,50.59449122297075,-24.234972448222212,43.73692776599386
90700,0.06,0,0.4206167462868785,0.631578947368421,0.7787432867883995,0.51,0,0,0,50.600179413094324,-24.234972448222212,43.74325180939432
90800,0.06,0,0.42063852441565397,0.631578947368421,0.7738453276047261,0.5,0,0,0,50.595835256501054,-24.234972448222212,43.74474264690744
90900,0.06,0,0.4206770154616662,0.631578947368421,0.7692588614393125,0.49,0,0,0,50.58916461347921,-24.234972448222212,43.746507712388784
91000,0.06,0,0.42056972608471466,0.631578947368421,0.7790655209452202,0.58,0,0,0,50.5931642136048,-24.234972448222212,43.75420843299983
91100,0.06,0,0.4206311120744531,0.631578947368421,0.7779699248120301,0.46,0,0,0,50.590686336863875,-24.234972448222212,43.74996575972069
91200,0.06,0,0.42063722039192947,0.631578947368421,0.7754350161117078,0.53,0,0,0,50.59794738138358,-24.234972448222212,43.74305220541854
91300,0.06,0,0.4206400414748766,0.631578947368421,0.7802792696025779,0.57,0,0,0,50.59463589798764,-24.234972448222212,43.74562185565691
91400,0.06,0,0.4206859816965642,0.631578947368421,0.7755853920515574,0.58,0,0,0,50.59180341582878,-24.234972448222212,43.743293614956855
91500,0.06,0,0.4206235361787686,0.631578947368421,0.7769495166487648,0.57,0,0,0,50.59426611797963,-24.234972448222212,43.74765817446586
91600,0.06,0,0.42077642786154484,0.631578947368421,0.7778839957035446,0.59,0,0,0,50.581838276217084,-24.234972448222212,43.74250698967162
91700,0.06,0,0.4208199270965523,0.631578947368421,0.7794736842105263,0.55,0,0,0,50.57806779678185,-24.234972448222212,43.74124598936015
91800,0.06,0,0.4207168896820991,0.631578947368421,0.7749194414607948,0.5,0,0,0,50.57982408878056,-24.234972448222212,43.75043941374829
91900,0.06,0,0.42073139048977803,0.631578947368421,0.77374865735768,0.63,0,0,0,50.5787296307672,-24.234972448222212,43.74987819367954
92000,0.06,0,0.4207529724971261,0.631578947368421,0.78515574650913,0.54,0,0,0,50.57556722276411,-24.234972448222212,43.75036956581459
92100,0.06,0,0.4206899822893486,0.631578947368421,0.7830504833512353,0.55,0,0,0,50.57689527231878,-24.234972448222212,43.75577136904964
92200,0.06,0,0.4207339434841808,0.631578947368421,0.7735982814178303,0.65,0,0,0,50.565488594666874,-24.234972448222212,43.76106895801729
92300,0.06,0,0.4207341894528799,0.631578947368421,0.7714930182599355,0.45,0,0,0,50.56328932923326,-24.234972448222212,43.76294677422291
92400,0.06,0,0.42073028160633685,0.631578947368421,0.7745649838882922,0.54,0,0,0,50.55712742522239,-24.234972448222212,43.76868713389539
92500,0.06,0,0.4207637841300797,0.631578947368421,0.7769602577873255,0.58,0,0,0,50.55628213626168,-24.234972448222212,43.76593387835221
92600,0.06,0,0.4207794573461629,0.631578947368421,0.7804940923737916,0.54,0,0,0,50.55513557946508,-24.234972448222212,43.76529622772285
92700,0.06,0,0.42075029896441624,0.631578947368421,0.7831686358754028,0.56,0,0,0,50.549588741220255,-24.234972448222212,43.773131929265055
92800,0.06,0,0.42079014703025736,0.631578947368421,0.7761761546723953,0.51,0,0,0,50.54959063003552,-24.234972448222212,43.76898505738977
92900,0.06,0,0.4208225596038983,0.631578947368421,0.7809344790547799,0.5,0,0,0,50.55671408019272,-24.234972448222212,43.75944730195202
93000,0.06,0,0.42085003801965837,0.631578947368421,0.7791514500537057,0.55,0,0,0,50.5502810465729,-24.234972448222212,43.7621585993782
93100,0.06,0,0.4207966507940924,0.631578947368421,0.7826745435016111,0.56,0,0,0,50.55402126342373,-24.234972448222212,43.76447264822582
93200,0.06,0,0.42082717234641553,0.631578947368421,0.7820515574650913,0.67,0,0,0,50.55884957506563,-24.234972448222212,43.75711936605916
93300,0.06,0,0.4208143077040206,0.631578947368421,0.7788829215896885,0.51,0,0,0,50.56046235476956,-24.234972448222212,43.75706124842906
93400,0.06,0,0.42085336332168666,0.631578947368421,0.7780451127819549,0.58,0,0,0,50.55946230565357,-24.234972448222212,43.7538659684974
93500,0.06,0,0.42087066356292,0.631578947368421,0.7687110633727176,0.59,0,0,0,50.56735974450344,-24.234972448222212,43.74523437958346
93600,0.06,0,0.42089851102913783,0.631578947368421,0.7759720730397422,0.51,0,0,0,50.5705980472453,-24.234972448222212,43.73953905628868
93700,0.06,0,0.4209456117648285,0.631578947368421,0.7709237379162192,0.54,0,0,0,50.56673899551759,-24.234972448222212,43.73798257529642
93800,0.06,0,0.42099322403789446,0.631578947368421,0.7735875402792696,0.54,0,0,0,50.568474549089444,-24.234972448222212,43.73153506810667
93900,0.06,0,0.42103509756822255,0.631578947368421,0.7726530612244898,0.52,0,0,0,50.5581379760245,-24.234972448222212,43.73612579186919
94000,0.06,0,0.4211070814677547,0.631578947368421,0.7713856068743287,0.5,0,0,0,50.546744443572344,-24.234972448222212,43.738506247486384
94100,0.06,0,0.4211833119632907,0.631578947368421,0.7715574650912996,0.5,0,0,0,50.54482764752993,-24.234972448222212,43.732248342209964
94200,0.06,0,0.4211462653110498,0.631578947368421,0.7685392051557465,0.59,0,0,0,50.5452311872994,-24.234972448222212,43.735746126110016
94300,0.06,0,0.42122176472503126,0.631578947368421,0.7643931256713211,0.58,0,0,0,50.53814311961243,-24.234972448222212,43.73403988944356
94400,0.06,0,0.42116388230321056,0.631578947368421,0.773093447905478,0.54,0,0,0,50.542078199312684,-24.234972448222212,43.73664496182804
94500,0.06,0,0.42115381826660453,0.631578947368421,0.7704618689581095,0.46,0,0,0,50.542848184670866,-24.234972448222212,43.73702379427215
94600,0.06,0,0.4211707162662532,0.631578947368421,0.7717937701396348,0.55,0,0,0,50.54790249741086,-24.234972448222212,43.73089588565422
94700,0.06,0,0.4211558740220815,0.631578947368421,0.7633082706766917,0.46,0,0,0,50.54488286623066,-24.234972448222212,43.73504968117037
94800,0.06,0,0.42103670192630277,0.631578947368421,0.7746831364124597,0.51,0,0,0,50.559353355801214,-24.234972448222212,43.734907781165546
94900,0.06,0,0.421009989963703,0.631578947368421,0.7770998925886143,0.64,0,0,0,50.55852911120366,-24.234972448222212,43.73839569042183
95000,0.06,0,0.4209896327638832,0.631578947368421,0.7745649838882922,0.53,0,0,0,50.557500003369476,-24.234972448222212,43.7414010327955
95100,0.06,0,0.42091861346421955,0.631578947368421,0.7806552094522019,0.57,0,0,0,50.55891309910669,-24.234972448222212,43.74755852454819
95200,0.06,0,0.42095749914206204,0.631578947368421,0.7824812030075188,0.57,0,0,0,50.559289856070365,-24.234972448222212,43.74319140471579
95300,0.06,0,0.4209623395281636,0.631578947368421,0.784500537056928,0.52,0,0,0,50.560998623070894,-24.234972448222212,43.74121009437947
95400,0.06,0,0.420926351805855,0.631578947368421,0.7829323308270677,0.57,0,0,0,50.55755574380918,-24.234972448222212,43.74792876692963
95500,0.06,0,0.4208833292991736,0.631578947368421,0.7761439312567132,0.63,0,0,0,50.566529929048286,-24.234972448222212,43.74463579832139
95600,0.06,0,0.42092663291682586,0.631578947368421,0.7780451127819549,0.57,0,0,0,50.567134372285054,-24.234972448222212,43.73961264859175
95700,0.06,0,0.4210124617822729,0.631578947368421,0.7804940923737916,0.58,0,0,0,50.556906375314576,-24.234972448222212,43.73954276909239
95800,0.06,0,0.42096475457039395,0.631578947368421,0.7810418904403866,0.53,0,0,0,50.55696439634802,-24.234972448222212,43.74444949347569
95900,0.06,0,0.42091627917737945,0.631578947368421,0.7702900107411386,0.5,0,0,0,50.5642606313596,-24.234972448222212,43.743174493669
96000,0.06,0,0.42091119969739493,0.631578947368421,0.7828678839957035,0.53,0,0,0,50.565365558655365,-24.234972448222212,43.74274651439747
96100,0.06,0,0.42090567435545506,0.631578947368421,0.782234156820623,0.55,0,0,0,50.569994727315574,-24.234972448222212,43.739316481098555
96200,0.06,0,0.4209930601476103,0.631578947368421,0.7775295381310419,0.52,0,0,0,50.56970618309971,-24.234972448222212,43.73048700297764
96300,0.06,0,0.420990541884513,0.631578947368421,0.7813211600429646,0.52,0,0,0,50.57186684386677,-24.234972448222212,43.728880211123304
96400,0.06,0,0.4209539281649689,0.631578947368421,0.7834156820622986,0.56,0,0,0,50.566236327814686,-24.234972448222212,43.73755326510721
96500,0.06,0,0.42099684688051514,0.631578947368421,0.7782706766917293,0.59,0,0,0,50.56372610148782,-24.234972448222212,43.735265541241986
96600,0.06,0,0.4209827426503004,0.631578947368421,0.7760257787325456,0.44,0,0,0,50.570396385490426,-24.234972448222212,43.7309618916292
96700,0.06,0,0.42094930044660356,0.631578947368421,0.777046186895811,0.57,0,0,0,50.570233171872935,-24.234972448222212,43.734577237435005
96800,0.06,0,0.42102463440607363,0.631578947368421,0.779828141783029,0.51,0,0,0,50.56248374534991,-24.234972448222212,43.733453559750316
96900,0.06,0,0.42097662587312334,0.631578947368421,0.7796885069817401,0.55,0,0,0,50.57107686339131,-24.234972448222212,43.731008854390346
97000,0.06,0,0.4210180973478023,0.631578947368421,0.7733941997851772,0.62,0,0,0,50.5628646821402,-24.234972448222212,43.73380311012304
97100,0.06,0,0.4210467251377031,0.631578947368421,0.7810848549946294,0.57,0,0,0,50.55903999099045,-24.234972448222212,43.73413771392589
97200,0.06,0,0.4209906590631486,0.631578947368421,0.7773576799140709,0.61,0,0,0,50.560726635223205,-24.234972448222212,43.73850296273067
97300,0.06,0,0.4208989959334644,0.631578947368421,0.7854350161117079,0.57,0,0,0,50.558432042550606,-24.234972448222212,43.75001381028429
97400,0.06,0,0.42084366822476277,0.631578947368421,0.7812459720730397,0.57,0,0,0,50.55987742175035,-24.234972448222212,43.75451469452977
97500,0.06,0,0.42087093398615033,0.631578947368421,0.7775187969924812,0.49,0,0,0,50.55730313788153,-24.234972448222212,43.753907850134816
97600,0.06,0,0.42097933615682837,0.631578947368421,0.7858216970998926,0.55,0,0,0,50.553547455114845,-24.234972448222212,43.745890912230365
97700,0.06,0,0.42086150882062323,0.631578947368421,0.7848872180451127,0.51,0,0,0,50.5622852504478,-24.234972448222212,43.75057636466079
97800,0.06,0,0.4208078955114579,0.631578947368421,0.7789795918367347,0.58,0,0,0,50.56647211924599,-24.234972448222212,43.75252745698514
97900,0.06,0,0.4208176914481084,0.631578947368421,0.778829215896885,0.54,0,0,0,50.56963453447757,-24.234972448222212,43.74877293290903
98000,0.06,0,0.420788278826678,0.631578947368421,0.7792051557465092,0.54,0,0,0,50.567172171059,-24.234972448222212,43.75396141336352
98100,0.06,0,0.42087997411740535,0.631578947368421,0.7785821697099893,0.61,0,0,0,50.55760094738117,-24.234972448222212,43.752710327903806
98200,0.06,0,0.4209883258723511,0.631578947368421,0.771750805585392,0.61,0,0,0,50.55496220431654,-24.234972448222212,43.74373259423386
98300,0.06,0,0.42090336533618466,0.631578947368421,0.7772073039742212,0.51,0,0,0,50.55517757551212,-24.234972448222212,43.752375999298444
98400,0.06,0,0.42089027151715935,0.631578947368421,0.7730182599355532,0.58,0,0,0,50.55364499432748,-24.234972448222212,43.75506356327507
98500,0.06,0,0.42088754790198835,0.631578947368421,0.7800107411385607,0.69,0,0,0,50.55250104782298,-24.234972448222212,43.75633684219281
98600,0.06,0,0.4208102546894369,0.631578947368421,0.7780343716433942,0.53,0,0,0,50.55279774428697,-24.234972448222212,43.764117024880626
98700,0.06,0,0.420842454051095,0.631578947368421,0.7812137486573577,0.5,0,0,0,50.55414322773145,-24.234972448222212,43.7596038791173
98800,0.06,0,0.4208745487453865,0.631578947368421,0.7727712137486573,0.61,0,0,0,50.55330476132882,-24.234972448222212,43.75699262854053
98900,0.06,0,0.4208135082790193,0.631578947368421,0.774328678839957,0.58,0,0,0,50.55638835231341,-24.234972448222212,43.76067047098904
99000,0.06,0,0.4208116950341908,0.631578947368421,0.7792588614393126,0.62,0,0,0,50.56225617345449,-24.234972448222212,43.75578052290052
99100,0.06,0,0.4208258222410797,0.631578947368421,0.7782384532760472,0.51,0,0,0,50.560130426530506,-24.234972448222212,43.75615123611993
99200,0.06,0,0.4208989290880269,0.631578947368421,0.7797744360902256,0.49,0,0,0,50.55482392910272,-24.234972448222212,43.753143211018795
99300,0.06,0,0.4208394645364794,0.631578947368421,0.7802685284640172,0.56,0,0,0,50.56086971805971,-24.234972448222212,43.75409302547104
99400,0.06,0,0.4208813023958249,0.631578947368421,0.773061224489796,0.53,0,0,0,50.560450145487295,-24.234972448222212,43.750106688270314
99500,0.06,0,0.4208777319736298,0.631578947368421,0.777905477980666,0.6,0,0,0,50.56391641974503,-24.234972448222212,43.74747863535367
99600,0.06,0,0.4208305950608595,0.631578947368421,0.7781740064446832,0.53,0,0,0,50.568964852106156,-24.234972448222212,43.748010842246046
99700,0.06,0,0.42084431015517265,0.631578947368421,0.7818796992481203,0.44,0,0,0,50.56602083014503,-24.234972448222212,43.749132102837294
99800,0.06,0,0.4209384870345004,0.631578947368421,0.7890225563909774,0.58,0,0,0,50.56326554792659,-24.234972448222212,43.741727511731796
99900,0.06,0,0.4209317505175931,0.631578947368421,0.7723630504833512,0.55,0,0,0,50.5595385542049,-24.234972448222212,43.74565201730583
100000,0.06,0,0.42099971659294066,0.631578947368421,0.7678839957035446,0.6,0,0,0,50.556270695545685,-24.234972448222212,43.74141690866769
100100,0.06,0,0.42095581972977025,0.631578947368421,0.7725671321160043,0.6,0,0,0,50.55775700710025,-24.234972448222212,43.744692164137135
100200,0.06,0,0.4209452632353993,0.631578947368421,0.7728464017185822,0.46,0,0,0,50.55885655635557,-24.234972448222212,43.74483781723967
100300,0.06,0,0.42080346410236313,0.631578947368421,0.7766380236305048,0.58,0,0,0,50.56358695205288,-24.234972448222212,43.755484760573424
100400,0.06,0,0.4207854659337254,0.631578947368421,0.7790010741138561,0.51,0,0,0,50.561797668657704,-24.234972448222212,43.75890479225018
100500,0.06,0,0.42085837866667336,0.631578947368421,0.7732867883995703,0.59,0,0,0,50.558721065193374,-24.234972448222212,43.75398602316718
100600,0.06,0,0.4208978165289738,0.631578947368421,0.7820837808807733,0.61,0,0,0,50.5600420068168,-24.234972448222212,43.74874328387483
100700,0.06,0,0.4209206072508033,0.631578947368421,0.7780988184747584,0.56,0,0,0,50.563235028516026,-24.234972448222212,43.74361196747187
100800,0.06,0,0.420938266068535,0.631578947368421,0.7763157894736842,0.56,0,0,0,50.560906902510624,-24.234972448222212,43.743791007958194
100900,0.06,0,0.42083546972588753,0.631578947368421,0.7801074113856069,0.49,0,0,0,50.56897473251304,-24.234972448222212,43.74749554815735
101000,0.06,0,0.42083961769386646,0.631578947368421,0.7814607948442535,0.57,0,0,0,50.57513365490632,-24.234972448222212,43.7417369389262
101100,0.06,0,0.42087429826833606,0.631578947368421,0.77203007518797,0.6,0,0,0,50.57385982406546,-24.234972448222212,43.73923422020539
101200,0.06,0,0.42087813375477107,0.631578947368421,0.7810526315789473,0.53,0,0,0,50.573257293813455,-24.234972448222212,43.73935672695897
101300,0.06,0,0.4209928189106619,0.631578947368421,0.7769172932330827,0.48,0,0,0,50.561051094957634,-24.234972448222212,43.73799789144895
101400,0.06,0,0.42090241880539947,0.631578947368421,0.7726423200859291,0.56,0,0,0,50.5667961097066,-24.234972448222212,43.74242155595656
101500,0.06,0,0.42086637228522633,0.631578947368421,0.7758002148227712,0.68,0,0,0,50.568836163104386,-24.234972448222212,43.74440321061822
101600,0.06,0,0.42085560209013684,0.631578947368421,0.77828141783029,0.65,0,0,0,50.56320183080139,-24.234972448222212,43.75039731013147
101700,0.06,0,0.4207536350455958,0.631578947368421,0.7738345864661654,0.56,0,0,0,50.56485745862005,-24.234972448222212,43.75956709724072
101800,0.06,0,0.42073514728343014,0.631578947368421,0.7836305048335124,0.52,0,0,0,50.56850353419331,-24.234972448222212,43.75833468298728
101900,0.06,0,0.42069593289545254,0.631578947368421,0.7838882921589688,0.62,0,0,0,50.572175508502106,-24.234972448222212,43.75923600756919
102000,0.06,0,0.4205773730368962,0.631578947368421,0.7793018259935554,0.55,0,0,0,50.580087620983065,-24.234972448222212,43.76472456834691
102100,0.06,0,0.4206110206381581,0.631578947368421,0.7780451127819549,0.56,0,0,0,50.57216146166221,-24.234972448222212,43.76808220671777
102200,0.06,0,0.420586435757127,0.631578947368421,0.7825886143931257,0.53,0,0,0,50.57094246693775,-24.234972448222212,43.771695693875465
102300,0.06,0,0.4205124223726547,0.631578947368421,0.7805800214822771,0.56,0,0,0,50.57310984762187,-24.234972448222212,43.777523618385395
102400,0.06,0,0.4204635842591142,0.631578947368421,0.7809129967776585,0.48,0,0,0,50.57026452106867,-24.234972448222212,43.78507193014494
102500,0.06,0,0.42046130786476604,0.631578947368421,0.7836734693877551,0.55,0,0,0,50.57934580298358,-24.234972448222212,43.77744753948525
102600,0.06,0,0.42046804942159827,0.631578947368421,0.785187969924812,0.54,0,0,0,50.57795484479777,-24.234972448222212,43.777949551885534
102700,0.06,0,0.42046953524271796,0.631578947368421,0.7822126745435016,0.61,0,0,0,50.58887734343289,-24.234972448222212,43.768342915466064
102800,0.06,0,0.42046494300531023,0.631578947368421,0.7791836734693878,0.59,0,0,0,50.58827971202023,-24.234972448222212,43.76933801373079
102900,0.06,0,0.42045957543086937,0.631578947368421,0.7802040816326531,0.58,0,0,0,50.58419840534962,-24.234972448222212,43.77342827723518
103000,0.06,0,0.42047477469987926,0.631578947368421,0.79,0.47,0,0,0,50.57808640969182,-24.234972448222212,43.77713547164577
103100,0.06,0,0.42054199008808885,0.631578947368421,0.7760150375939849,0.57,0,0,0,50.573036678861996,-24.234972448222212,43.774509014914194
103200,0.06,0,0.4204590428835164,0.631578947368421,0.7826315789473685,0.53,0,0,0,50.58381621778389,-24.234972448222212,43.77381445191832
103300,0.06,0,0.4205004940748121,0.631578947368421,0.7798925886143931,0.53,0,0,0,50.58581317861778,-24.234972448222212,43.76777153591517
103400,0.06,0,0.42037470955919565,0.631578947368421,0.7805907626208378,0.63,0,0,0,50.595849676642516,-24.234972448222212,43.772183090910396
103500,0.06,0,0.42040002124818115,0.631578947368421,0.7761976369495166,0.62,0,0,0,50.58956044946508,-24.234972448222212,43.774989002065794
103600,0.06,0,0.4204284102692372,0.631578947368421,0.7730075187969925,0.63,0,0,0,50.594962384617645,-24.234972448222212,43.767359675350015
103700,0.06,0,0.42041386181618695,0.631578947368421,0.7773791621911923,0.48,0,0,0,50.60145472849463,-24.234972448222212,43.763258548226815
103800,0.06,0,0.4203789641550997,0.631578947368421,0.7740816326530612,0.56,0,0,0,50.60577046738589,-24.234972448222212,43.763159036218596
103900,0.06,0,0.42038850867512967,0.631578947368421,0.7760687432867884,0.51,0,0,0,50.60793808482265,-24.234972448222212,43.76029103319654
104000,0.06,0,0.4202817088121387,0.631578947368421,0.7773254564983888,0.58,0,0,0,50.61887087085113,-24.234972448222212,43.761957321971416
104100,0.06,0,0.420220746457407,0.631578947368421,0.7897529538131042,0.55,0,0,0,50.62484690648032,-24.234972448222212,43.76313931428943
104200,0.06,0,0.4201667041566817,0.631578947368421,0.7801503759398496,0.61,0,0,0,50.63448569039972,-24.234972448222212,43.76043635160406
104300,0.06,0,0.42020455428120695,0.631578947368421,0.7778088077336197,0.6,0,0,0,50.632499479595964,-24.234972448222212,43.75821108854962
104400,0.06,0,0.42015513230344465,0.631578947368421,0.7843931256713211,0.69,0,0,0,50.63357723547347,-24.234972448222212,43.762426755736485
104500,0.06,0,0.4201384501255607,0.631578947368421,0.7853813104189044,0.51,0,0,0,50.63861270777531,-24.234972448222212,43.759812521962104
104600,0.06,0,0.42012325569980424,0.631578947368421,0.7847798066595059,0.54,0,0,0,50.640585524809985,-24.234972448222212,43.75969034236235
104700,0.06,0,0.4200399050338272,0.631578947368421,0.7845972073039742,0.53,0,0,0,50.641904259728705,-24.234972448222212,43.767234055948386
104800,0.06,0,0.4200269702967802,0.631578947368421,0.7838023630504833,0.52,0,0,0,50.637806031316515,-24.234972448222212,43.772124155672394
104900,0.06,0,0.419999099326454,0.631578947368421,0.786047261009667,0.56,0,0,0,50.63981423732687,-24.234972448222212,43.773292884588955
105000,0.06,0,0.4200052521705618,0.631578947368421,0.783157894736842,0.61,0,0,0,50.64006970012253,-24.234972448222212,43.772430811225036
105100,0.06,0,0.420030222983172,0.631578947368421,0.7806552094522019,0.65,0,0,0,50.648538497749314,-24.234972448222212,43.76250991040233
105200,0.06,0,0.420022899743319,0.631578947368421,0.7847368421052632,0.55,0,0,0,50.649052236057905,-24.234972448222212,43.762829029238304
105300,0.06,0,0.4199846053695809,0.631578947368421,0.7880880773361977,0.57,0,0,0,50.64414646356722,-24.234972448222212,43.7710589253964
105400,0.06,0,0.4201363853596614,0.631578947368421,0.789484425349087,0.66,0,0,0,50.63050051746,-24.234972448222212,43.7670389600135
105500,0.06,0,0.4201349124046102,0.631578947368421,0.7877013963480128,0.62,0,0,0,50.63102396194779,-24.234972448222212,43.76673991994312
105600,0.06,0,0.4201141720386641,0.631578947368421,0.7843394199785177,0.53,0,0,0,50.628370424022556,-24.234972448222212,43.77119463289994
105700,0.06,0,0.42019701906988804,0.631578947368421,0.7830397422126746,0.66,0,0,0,50.620468746488484,-24.234972448222212,43.769395784120626
105800,0.06,0,0.42016687425702026,0.631578947368421,0.7841460794844254,0.52,0,0,0,50.62108196409367,-24.234972448222212,43.772005758064395
105900,0.06,0,0.42023760640991387,0.631578947368421,0.7859183673469388,0.56,0,0,0,50.614536604812756,-24.234972448222212,43.77029783314809
106000,0.06,0,0.42018401542516826,0.631578947368421,0.7855746509129968,0.62,0,0,0,50.61407778298284,-24.234972448222212,43.776277204324224
106100,0.06,0,0.4202019035349117,0.631578947368421,0.7777765843179377,0.49,0,0,0,50.612579999317376,-24.234972448222212,43.775709057306884
106200,0.06,0,0.4201750229844419,0.631578947368421,0.7791192266380236,0.65,0,0,0,50.62346519300595,-24.234972448222212,43.769096220098646
106300,0.06,0,0.42013119620631995,0.631578947368421,0.7803866809881848,0.61,0,0,0,50.62555247432261,-24.234972448222212,43.771857296664024
106400,0.06,0,0.4201442264515934,0.631578947368421,0.7888721804511278,0.58,0,0,0,50.628689838724114,-24.234972448222212,43.767787392208845
106500,0.06,0,0.42019942761405005,0.631578947368421,0.7837164339419979,0.58,0,0,0,50.62354309841398,-24.234972448222212,43.7664868155332
106600,0.06,0,0.4201337432975848,0.631578947368421,0.7752953813104189,0.55,0,0,0,50.61815796605462,-24.234972448222212,43.77798626040768
106700,0.06,0,0.42000614278483817,0.631578947368421,0.7770354457572503,0.48,0,0,0,50.62832357416672,-24.234972448222212,43.78249348194023
106800,0.06,0,0.42002425453079656,0.631578947368421,0.7867132116004296,0.63,0,0,0,50.630523502946865,-24.234972448222212,43.77870325409567
106900,0.06,0,0.42005614533265706,0.631578947368421,0.7869924812030075,0.52,0,0,0,50.63661062404974,-24.234972448222212,43.77011724066508
107000,0.06,0,0.4200967733056953,0.631578947368421,0.7835338345864662,0.57,0,0,0,50.64494600728642,-24.234972448222212,43.75868099457001
107100,0.06,0,0.420020266471662,0.631578947368421,0.7787432867883995,0.53,0,0,0,50.64441581079206,-24.234972448222212,43.76710984632577
107200,0.06,0,0.42001596186081713,0.631578947368421,0.7897636949516649,0.49,0,0,0,50.64596452154743,-24.234972448222212,43.76622002668734
107300,0.06,0,0.4199822672356248,0.631578947368421,0.7884425349087003,0.52,0,0,0,50.65057189999375,-24.234972448222212,43.765749863296186
107400,0.06,0,0.4200089821223513,0.631578947368421,0.7831471535982815,0.58,0,0,0,50.63977805727359,-24.234972448222212,43.772294174111956
107500,0.06,0,0.4200245483166818,0.631578947368421,0.780687432867884,0.5,0,0,0,50.63445212486416,-24.234972448222212,43.77527593687792
107600,0.06,0,0.4200536535183046,0.631578947368421,0.7877765843179377,0.54,0,0,0,50.633962737270735,-24.234972448222212,43.772665848611126
107700,0.06,0,0.4201171469973285,0.631578947368421,0.782749731471536,0.65,0,0,0,50.63362026547054,-24.234972448222212,43.76634638469542
107800,0.06,0,0.42006505537141814,0.631578947368421,0.7745327604726101,0.53,0,0,0,50.63683551460289,-24.234972448222212,43.768994439000934
107900,0.06,0,0.4200556165259364,0.631578947368421,0.7878625134264232,0.54,0,0,0,50.64027995175627,-24.234972448222212,43.767000813934885
108000,0.06,0,0.42002964279951516,0.631578947368421,0.7898603651987111,0.55,0,0,0,50.64228938425214,-24.234972448222212,43.767970535084
108100,0.06,0,0.4199784916169102,0.631578947368421,0.7818796992481203,0.63,0,0,0,50.650145587298574,-24.234972448222212,43.766511689995944
108200,0.06,0,0.42000671806516127,0.631578947368421,0.7818474758324382,0.61,0,0,0,50.65457520195989,-24.234972448222212,43.759743358641686
108300,0.06,0,0.42003116826981324,0.631578947368421,0.7786358754027927,0.56,0,0,0,50.65104441364444,-24.234972448222212,43.7602463153632
108400,0.06,0,0.42006619349608626,0.631578947368421,0.7866380236305048,0.47,0,0,0,50.64819964140556,-24.234972448222212,43.75905526448305
108500,0.06,0,0.4200697138298315,0.631578947368421,0.7816326530612245,0.48,0,0,0,50.64712379563937,-24.234972448222212,43.75961806970602
108600,0.06,0,0.41996851514167544,0.631578947368421,0.7844253490870032,0.48,0,0,0,50.65553082927288,-24.234972448222212,43.76289840257487
108700,0.06,0,0.4199818264412817,0.631578947368421,0.792577873254565,0.56,0,0,0,50.657192740708105,-24.234972448222212,43.7600756553595
108800,0.06,0,0.42004964821904384,0.631578947368421,0.7881203007518797,0.59,0,0,0,50.652187100844294,-24.234972448222212,43.75733393225447
108900,0.06,0,0.4200991481672001,0.631578947368421,0.7900644468313641,0.55,0,0,0,50.644978998440365,-24.234972448222212,43.75840511735324
109000,0.06,0,0.4200702980595613,0.631578947368421,0.7874865735767992,0.5,0,0,0,50.64455375502002,-24.234972448222212,43.76177785947162
109100,0.06,0,0.42002048972310346,0.631578947368421,0.7848979591836734,0.62,0,0,0,50.642486635252126,-24.234972448222212,43.768753846968984
109200,0.06,0,0.41997798090412874,0.631578947368421,0.7858539205155747,0.57,0,0,0,50.64395638756249,-24.234972448222212,43.7719136255881
109300,0.06,0,0.42005311467533846,0.631578947368421,0.7812244897959184,0.53,0,0,0,50.64225909627978,-24.234972448222212,43.76555102817324
109400,0.06,0,0.4200607746789671,0.631578947368421,0.7814500537056928,0.57,0,0,0,50.6375937774061,-24.234972448222212,43.768785056539514
109500,0.06,0,0.4200836767238975,0.631578947368421,0.7849838882921589,0.56,0,0,0,50.640406440575624,-24.234972448222212,43.76396801003941
109600,0.06,0,0.4200076835174374,0.631578947368421,0.7795596133190118,0.6,0,0,0,50.65160735387258,-24.234972448222212,43.762206794834405
109700,0.06,0,0.4200190996215463,0.631578947368421,0.7853061224489796,0.55,0,0,0,50.651445242352715,-24.234972448222212,43.76115739811041
109800,0.06,0,0.420046518878703,0.631578947368421,0.7835445757250269,0.52,0,0,0,50.64791403970976,-24.234972448222212,43.76135166820167
109900,0.06,0,0.42002723483232485,0.631578947368421,0.7797314715359828,0.59,0,0,0,50.643296627267304,-24.234972448222212,43.76735094690847
110000,0.06,0,0.4200814882108655,0.631578947368421,0.7835982814178303,0.5,0,0,0,50.63865859309649,-24.234972448222212,43.76570657674258
110100,0.06,0,0.4201208716474574,0.631578947368421,0.7763265306122449,0.52,0,0,0,50.63819590628237,-24.234972448222212,43.76200369797751
110200,0.06,0,0.42015441659943076,0.631578947368421,0.7826960257787325,0.63,0,0,0,50.64851433099383,-24.234972448222212,43.749595007107146
110300,0.06,0,0.42012020467261213,0.631578947368421,0.7737271750805585,0.6,0,0,0,50.65563387936141,-24.234972448222212,43.74700827774794
110400,0.06,0,0.42011231228330564,0.631578947368421,0.7837808807733619,0.59,0,0,0,50.653554922641725,-24.234972448222212,43.74962565303776
110500,0.06,0,0.42017537781404224,0.631578947368421,0.781514500537057,0.46,0,0,0,50.645426494879544,-24.234972448222212,43.750079745130314
110600,0.06,0,0.4202543065565191,0.631578947368421,0.7809774436090225,0.58,0,0,0,50.64214929097196,-24.234972448222212,43.74469362721403
110700,0.06,0,0.4202771870138348,0.631578947368421,0.7831471535982815,0.54,0,0,0,50.642937278091956,-24.234972448222212,43.741631491343476
110800,0.06,0,0.42029855296447277,0.631578947368421,0.783952738990333,0.62,0,0,0,50.64350447137625,-24.234972448222212,43.73891800853029
110900,0.06,0,0.42018288550995914,0.631578947368421,0.7780988184747584,0.55,0,0,0,50.65439412802521,-24.234972448222212,43.7415528474065
111000,0.06,0,0.4202336840256537,0.631578947368421,0.7799033297529538,0.48,0,0,0,50.65340771474805,-24.234972448222212,43.737117009343386
111100,0.06,0,0.42019453680995267,0.631578947368421,0.7778195488721804,0.59,0,0,0,50.658448268115606,-24.234972448222212,43.736839474977955
111200,0.06,0,0.4201879465818506,0.631578947368421,0.774468313641246,0.53,0,0,0,50.65921023013009,-24.234972448222212,43.736867590218225
111300,0.06,0,0.4202193505412024,0.631578947368421,0.7758646616541354,0.66,0,0,0,50.654922278185246,-24.234972448222212,43.737301093613866
111400,0.06,0,0.42021891765303565,0.631578947368421,0.778141783029001,0.59,0,0,0,50.65333427059882,-24.234972448222212,43.73871733742741
111500,0.06,0,0.42028363572013394,0.631578947368421,0.7851450053705693,0.58,0,0,0,50.64918742755361,-24.234972448222212,43.73556266402463
111600,0.06,0,0.42032308358952974,0.631578947368421,0.7745972073039742,0.61,0,0,0,50.64682046691202,-24.234972448222212,43.7335017981535
111700,0.06,0,0.42030540977900027,0.631578947368421,0.7807303974221268,0.58,0,0,0,50.64894829790509,-24.234972448222212,43.733503407612055
111800,0.06,0,0.4203157141345113,0.631578947368421,0.7801611170784103,0.65,0,0,0,50.650648677073555,-24.234972448222212,43.73096311834912
111900,0.06,0,0.42036548450750927,0.631578947368421,0.7783458646616541,0.52,0,0,0,50.64836864043599,-24.234972448222212,43.72775386882576
112000,0.06,0,0.4203519891204209,0.631578947368421,0.7819011815252417,0.55,0,0,0,50.64843676428057,-24.234972448222212,43.72909892977459
112100,0.06,0,0.4203424476418114,0.631578947368421,0.7866058002148227,0.61,0,0,0,50.65484167306904,-24.234972448222212,43.72456222137349
112200,0.06,0,0.4202707819097211,0.631578947368421,0.7796670247046187,0.55,0,0,0,50.66882797670517,-24.234972448222212,43.71994674379761
112300,0.06,0,0.4203419964334943,0.631578947368421,0.7827712137486573,0.59,0,0,0,50.66133873576309,-24.234972448222212,43.7190016947896
112400,0.06,0,0.4202643402931666,0.631578947368421,0.7822126745435016,0.56,0,0,0,50.67450502795309,-24.234972448222212,43.715718853812895
112500,0.06,0,0.4202009777155089,0.631578947368421,0.7843823845327604,0.57,0,0,0,50.67421478658264,-24.234972448222212,43.72256121986834
112600,0.06,0,0.42030110109843083,0.631578947368421,0.7856283566058002,0.54,0,0,0,50.672161313707605,-24.234972448222212,43.71391712937798
112700,0.06,0,0.4203405227638096,0.631578947368421,0.7863694951664877,0.52,0,0,0,50.672181764465435,-24.234972448222212,43.70979977577612
112800,0.06,0,0.4202780237829252,0.631578947368421,0.7807089151450054,0.53,0,0,0,50.67180946414515,-24.234972448222212,43.71662099763569
112900,0.06,0,0.42031450766996903,0.631578947368421,0.7803974221267455,0.53,0,0,0,50.668797604596165,-24.234972448222212,43.71542471583323
113000,0.06,0,0.42025933168377066,0.631578947368421,0.7826852846401718,0.6,0,0,0,50.666494432935444,-24.234972448222212,43.72315158273359
113100,0.06,0,0.42032865021975396,0.631578947368421,0.7836412459720731,0.53,0,0,0,50.66640981336757,-24.234972448222212,43.716013986750596
113200,0.06,0,0.4203841305131238,0.631578947368421,0.7816541353383458,0.58,0,0,0,50.667985819242325,-24.234972448222212,43.70888496731044
113300,0.06,0,0.42052703217360726,0.631578947368421,0.7774650912996778,0.51,0,0,0,50.658178980888685,-24.234972448222212,43.702490664743316
113400,0.06,0,0.4204250001928895,0.631578947368421,0.7816326530612245,0.56,0,0,0,50.66946053727759,-24.234972448222212,43.70336400029609
113500,0.06,0,0.42036382921605536,0.631578947368421,0.7863802363050484,0.62,0,0,0,50.67039897319857,-24.234972448222212,43.708914154159444
113600,0.06,0,0.42037220662630564,0.631578947368421,0.7838560687432868,0.54,0,0,0,50.669975690067325,-24.234972448222212,43.70840822374902
113700,0.06,0,0.42048076082082675,0.631578947368421,0.7807089151450054,0.55,0,0,0,50.65791579609953,-24.234972448222212,43.70752693231183
113800,0.06,0,0.42036369636801973,0.631578947368421,0.7827389903329753,0.51,0,0,0,50.66180977515029,-24.234972448222212,43.7163383747169
113900,0.06,0,0.4203342343852484,0.631578947368421,0.7806229860365199,0.59,0,0,0,50.662147592118245,-24.234972448222212,43.719111009028246
114000,0.06,0,0.42034425799778297,0.631578947368421,0.7862835660580022,0.55,0,0,0,50.65888857722525,-24.234972448222212,43.72088096875464
114100,0.06,0,0.42032175694012486,0.631578947368421,0.7806015037593985,0.61,0,0,0,50.653694773569725,-24.234972448222212,43.72770465974494
114200,0.06,0,0.42027975509004223,0.631578947368421,0.784812030075188,0.61,0,0,0,50.65240125338112,-24.234972448222212,43.7331915064781
114300,0.06,0,0.4203032824140485,0.631578947368421,0.7828356605800215,0.54,0,0,0,50.647345730019936,-24.234972448222212,43.735108573924514
114400,0.06,0,0.4204258659320708,0.631578947368421,0.77656283566058,0.55,0,0,0,50.632081345089425,-24.234972448222212,43.73553799872696
114500,0.06,0,0.42032812164423655,0.631578947368421,0.7752846401718582,0.58,0,0,0,50.638705100204106,-24.234972448222212,43.73998626196186
114600,0.06,0,0.4204005601284518,0.631578947368421,0.7807089151450054,0.57,0,0,0,50.63770412159703,-24.234972448222212,43.73331398082404
114700,0.06,0,0.42034396328868434,0.631578947368421,0.779108485499463,0.49,0,0,0,50.63917665720933,-24.234972448222212,43.737930522661465
114800,0.06,0,0.42034861652797834,0.631578947368421,0.7762620837808808,0.56,0,0,0,50.644768287143926,-24.234972448222212,43.732617345283614
114900,0.06,0,0.4202720577483097,0.631578947368421,0.7846616541353384,0.52,0,0,0,50.65219514850242,-24.234972448222212,43.734170440581785
115000,0.06,0,0.4202541829927107,0.631578947368421,0.7841890440386681,0.54,0,0,0,50.653688735482895,-24.234972448222212,43.73474098360903
115100,0.06,0,0.42024571643723185,0.631578947368421,0.7795059076262084,0.58,0,0,0,50.65549063448189,-24.234972448222212,43.734066345479626
115200,0.06,0,0.42027580318761937,0.631578947368421,0.7842320085929109,0.57,0,0,0,50.65062194974663,-24.234972448222212,43.73513905072978
115300,0.06,0,0.42019171486729456,0.631578947368421,0.7835982814178303,0.55,0,0,0,50.65316316148395,-24.234972448222212,43.74169669896663
115400,0.06,0,0.4202595681788546,0.631578947368421,0.7785606874328679,0.66,0,0,0,50.648954953772204,-24.234972448222212,43.73826807781214
115500,0.06,0,0.4202485431140359,0.631578947368421,0.7848657357679915,0.65,0,0,0,50.653502717266505,-24.234972448222212,43.735488530882805
115600,0.06,0,0.4201594574545788,0.631578947368421,0.7823737916219119,0.52,0,0,0,50.66310706868532,-24.234972448222212,43.73646886769561
115700,0.06,0,0.42013648211827165,0.631578947368421,0.7776369495166487,0.57,0,0,0,50.66596637387101,-24.234972448222212,43.73639223659639
115800,0.06,0,0.4201384970879628,0.631578947368421,0.7819441460794844,0.49,0,0,0,50.66725459793811,-24.234972448222212,43.7350704780619
115900,0.06,0,0.4201779128391326,0.631578947368421,0.7791621911922664,0.69,0,0,0,50.65914473712785,-24.234972448222212,43.737968560714286
116000,0.06,0,0.42033285721216485,0.631578947368421,0.7795703544575725,0.61,0,0,0,50.647082166804914,-24.234972448222212,43.732258930999244
116100,0.06,0,0.4203020146987017,0.631578947368421,0.7751342642320086,0.62,0,0,0,50.643987874489426,-24.234972448222212,43.738140271671654
116200,0.06,0,0.42027665689415333,0.631578947368421,0.7712244897959184,0.52,0,0,0,50.64825925497915,-24.234972448222212,43.73709041160785
116300,0.06,0,0.42036342406553306,0.631578947368421,0.7730504833512353,0.6,0,0,0,50.654094034479975,-24.234972448222212,43.7230256643348
116400,0.06,0,0.42035380565472086,0.631578947368421,0.7763694951664877,0.49,0,0,0,50.65666430157254,-24.234972448222212,43.721807609454245
116500,0.06,0,0.42038964825494046,0.631578947368421,0.7724919441460795,0.48,0,0,0,50.65128481945519,-24.234972448222212,43.722723002083214
116600,0.06,0,0.4205252737020615,0.631578947368421,0.7713963480128894,0.59,0,0,0,50.65129656306096,-24.234972448222212,43.70861166133304
116700,0.06,0,0.42056372723142105,0.631578947368421,0.7732330827067669,0.49,0,0,0,50.64317919623598,-24.234972448222212,43.711620454435625
116800,0.06,0,0.4205335960233991,0.631578947368421,0.7789581095596133,0.59,0,0,0,50.64761295744316,-24.234972448222212,43.71092554040777
116900,0.06,0,0.42049566610208383,0.631578947368421,0.7864339419978518,0.51,0,0,0,50.649552608977146,-24.234972448222212,43.71319430778771
117000,0.06,0,0.4205421721473525,0.631578947368421,0.783233082706767,0.53,0,0,0,50.645150738924535,-24.234972448222212,43.71215919624368
117100,0.06,0,0.4205105056664959,0.631578947368421,0.7772610096670247,0.61,0,0,0,50.64445176658339,-24.234972448222212,43.716054275200634
117200,0.06,0,0.4204964774819675,0.631578947368421,0.7729645542427497,0.62,0,0,0,50.642722157685796,-24.234972448222212,43.71900577777123
117300,0.06,0,0.42053026299410173,0.631578947368421,0.7745649838882922,0.63,0,0,0,50.64395119753134,-24.234972448222212,43.714432482997886
117400,0.06,0,0.420501216905085,0.631578947368421,0.7773147153598281,0.54,0,0,0,50.64437242293475,-24.234972448222212,43.71708844204206
117500,0.06,0,0.42051200528279886,0.631578947368421,0.7810418904403866,0.5,0,0,0,50.648746947769645,-24.234972448222212,43.71219112371542
117600,0.06,0,0.4206411645129901,0.631578947368421,0.7810955961331901,0.46,0,0,0,50.63954005708846,-24.234972448222212,43.7067141272745
117700,0.06,0,0.4205557586045447,0.631578947368421,0.7759398496240602,0.63,0,0,0,50.646477231016775,-24.234972448222212,43.709602196025926
117800,0.06,0,0.42055938321118685,0.631578947368421,0.7761976369495166,0.6,0,0,0,50.65034867252746,-24.234972448222212,43.70588458398691
117900,0.06,0,0.42055416503864856,0.631578947368421,0.7695273899033298,0.58,0,0,0,50.65801604541029,-24.234972448222212,43.699811668855524
118000,0.06,0,0.42048723626012363,0.631578947368421,0.7780558539205156,0.5,0,0,0,50.65816984324572,-24.234972448222212,43.70663465627717
118100,0.06,0,0.4205437074667581,0.631578947368421,0.7771858216970999,0.56,0,0,0,50.65095356225763,-24.234972448222212,43.70699174954827
118200,0.06,0,0.4204344097369641,0.631578947368421,0.780827067669173,0.65,0,0,0,50.65604134317277,-24.234972448222212,43.71396301060138
118300,0.06,0,0.4204171543913322,0.631578947368421,0.7825993555316864,0.53,0,0,0,50.653392252211034,-24.234972448222212,43.718043443678916
118400,0.06,0,0.4203668908911456,0.631578947368421,0.7827712137486573,0.59,0,0,0,50.661364160622824,-24.234972448222212,43.71639068167625
118500,0.06,0,0.4203555801515265,0.631578947368421,0.786358754027927,0.55,0,0,0,50.66974106848196,-24.234972448222212,43.71033943384791
118600,0.06,0,0.4202405670876879,0.631578947368421,0.7773361976369495,0.59,0,0,0,50.67799938185416,-24.234972448222212,43.71517741184233
118700,0.06,0,0.42028968575583187,0.631578947368421,0.787626208378088,0.6,0,0,0,50.680627500426795,-24.234972448222212,43.70780183018841
118800,0.06,0,0.4203419363416186,0.631578947368421,0.776358754027927,0.59,0,0,0,50.675385978148576,-24.234972448222212,43.70688901392753
118900,0.06,0,0.42034511621272996,0.631578947368421,0.7828356605800215,0.58,0,0,0,50.67511879878925,-24.234972448222212,43.70678881377954
119000,0.06,0,0.4203671409584795,0.631578947368421,0.784500537056928,0.62,0,0,0,50.662240807269,-24.234972448222212,43.71560821878332
119100,0.06,0,0.42036859523725884,0.631578947368421,0.781031149301826,0.58,0,0,0,50.65395994963668,-24.234972448222212,43.72260354147454
119200,0.06,0,0.42037870086933615,0.631578947368421,0.7762406015037594,0.48,0,0,0,50.65409874389776,-24.234972448222212,43.7214326795578
119300,0.06,0,0.4203225189755432,0.631578947368421,0.7823845327604726,0.53,0,0,0,50.6630533585547,-24.234972448222212,43.71954792413458
119400,0.06,0,0.4202492013840974,0.631578947368421,0.7774973147153599,0.54,0,0,0,50.67182573167932,-24.234972448222212,43.71960522562309
119500,0.06,0,0.4202316084218069,0.631578947368421,0.7881632653061225,0.63,0,0,0,50.67665680285019,-24.234972448222212,43.71726752241746
119600,0.06,0,0.4202692074034799,0.631578947368421,0.7800644468313641,0.56,0,0,0,50.67195229782275,-24.234972448222212,43.71741485136704
119700,0.06,0,0.42016569966633327,0.631578947368421,0.7753598281417831,0.54,0,0,0,50.68090416441467,-24.234972448222212,43.7204608336544
119800,0.06,0,0.4201694108729708,0.631578947368421,0.7787218045112781,0.51,0,0,0,50.685031016214715,-24.234972448222212,43.71651491187652
119900,0.06,0,0.4201002220474623,0.631578947368421,0.7778195488721804,0.49,0,0,0,50.6903831846798,-24.234972448222212,43.71909825750639
120000,0.06,0,0.42012346295806696,0.631578947368421,0.78171858216971,0.51,0,0,0,50.68213823794645,-24.234972448222212,43.72379155940319
120100,0.06,0,0.4201515719733476,0.631578947368421,0.7751664876476907,0.49,0,0,0,50.67970541068974,-24.234972448222212,43.72296512200524
120200,0.06,0,0.4201110002256027,0.631578947368421,0.7785499462943072,0.59,0,0,0,50.68550829784405,-24.234972448222212,43.72218137593418
120300,0.06,0,0.4201799448158392,0.631578947368421,0.78031149301826,0.58,0,0,0,50.68905898609678,-24.234972448222212,43.71194512100015
120400,0.06,0,0.4202051764213233,0.631578947368421,0.7822986036519871,0.47,0,0,0,50.68844888109231,-24.234972448222212,43.70984649875726
120500,0.06,0,0.4202342040967172,0.631578947368421,0.7821374865735768,0.57,0,0,0,50.683177051549585,-24.234972448222212,43.71137342326303
120600,0.06,0,0.42021566505870256,0.631578947368421,0.7828249194414608,0.51,0,0,0,50.681451526236586,-24.234972448222212,43.71479016212437
120700,0.06,0,0.42030281488146815,0.631578947368421,0.7790225563909774,0.54,0,0,0,50.68292161514205,-24.234972448222212,43.70445818572903
120800,0.06,0,0.4203733985247804,0.631578947368421,0.7764983888292158,0.7,0,0,0,50.67250167054597,-24.234972448222212,43.70610547561409
120900,0.06,0,0.420313426965725,0.631578947368421,0.7791514500537057,0.59,0,0,0,50.67051720247542,-24.234972448222212,43.71405354860228
121000,0.06,0,0.4202467210581242,0.631578947368421,0.781063372717508,0.54,0,0,0,50.6732645172097,-24.234972448222212,43.71862190690748
121100,0.06,0,0.4202534218256863,0.631578947368421,0.7814607948442535,0.58,0,0,0,50.67077162097096,-24.234972448222212,43.720075662187995
121200,0.06,0,0.42030945013037385,0.631578947368421,0.7865091299677766,0.59,0,0,0,50.66330617008409,-24.234972448222212,43.72068914430292
121300,0.06,0,0.42019872746228526,0.631578947368421,0.7780988184747584,0.62,0,0,0,50.677355992082546,-24.234972448222212,43.72008523221553
121400,0.06,0,0.42016457353914444,0.631578947368421,0.7836949516648765,0.48,0,0,0,50.67844814229682,-24.234972448222212,43.72269683734141
121500,0.06,0,0.4202545747171751,0.631578947368421,0.7808378088077336,0.64,0,0,0,50.67956933646051,-24.234972448222212,43.712366162202535
121600,0.06,0,0.4201938058287433,0.631578947368421,0.7842857142857143,0.67,0,0,0,50.678162400414635,-24.234972448222212,43.7199016183667
121700,0.06,0,0.42031138982665595,0.631578947368421,0.7790762620837809,0.6,0,0,0,50.674888353722494,-24.234972448222212,43.71049468236555
121800,0.06,0,0.4203267987897876,0.631578947368421,0.7811815252416756,0.64,0,0,0,50.66709435083319,-24.234972448222212,43.715615916856315
121900,0.06,0,0.42029528240504627,0.631578947368421,0.7854994629430719,0.61,0,0,0,50.66588446316295,-24.234972448222212,43.71993798420258
122000,0.06,0,0.4203659697081304,0.631578947368421,0.7802470461868958,0.5,0,0,0,50.66448948637555,-24.234972448222212,43.71378975475491
122100,0.06,0,0.4204948742188678,0.631578947368421,0.7799785177228786,0.57,0,0,0,50.656873021528575,-24.234972448222212,43.70695963412609
122200,0.06,0,0.4204841848935696,0.631578947368421,0.7779162191192266,0.51,0,0,0,50.66406266066346,-24.234972448222212,43.70186820143217
122300,0.06,0,0.42045048699567306,0.631578947368421,0.7776047261009666,0.55,0,0,0,50.66976599351122,-24.234972448222212,43.70045135232085
122400,0.06,0,0.4203982338057774,0.631578947368421,0.7780665950590763,0.51,0,0,0,50.674718032425695,-24.234972448222212,43.70161204838162
122500,0.06,0,0.4203287371095079,0.631578947368421,0.7790010741138561,0.43,0,0,0,50.675384941354736,-24.234972448222212,43.70826239909225
122600,0.06,0,0.4204395239279384,0.631578947368421,0.774500537056928,0.5,0,0,0,50.66043189029962,-24.234972448222212,43.709642800653654
122700,0.06,0,0.42051153916715434,0.631578947368421,0.7725671321160043,0.54,0,0,0,50.657473136522135,-24.234972448222212,43.70470976437169
122800,0.06,0,0.42049946520992937,0.631578947368421,0.7695488721804511,0.61,0,0,0,50.66576279964045,-24.234972448222212,43.698813736025976
122900,0.06,0,0.42044737639248575,0.631578947368421,0.778141783029001,0.55,0,0,0,50.666249508389505,-24.234972448222212,43.703807709289954
123000,0.06,0,0.4204610334521644,0.631578947368421,0.7813319011815253,0.59,0,0,0,50.66340637407473,-24.234972448222212,43.704840654340664
123100,0.06,0,0.4205468508277983,0.631578947368421,0.7754994629430719,0.4,0,0,0,50.6593618252568,-24.234972448222212,43.69941078453935
123200,0.06,0,0.420499682545936,0.631578947368421,0.7806552094522019,0.61,0,0,0,50.66227470758636,-24.234972448222212,43.70179980719191
123300,0.06,0,0.42056107522473224,0.631578947368421,0.7796455424274973,0.66,0,0,0,50.65914086329213,-24.234972448222212,43.69812336332859
123400,0.06,0,0.42054500256001354,0.631578947368421,0.777110633727175,0.54,0,0,0,50.65504965395763,-24.234972448222212,43.70332290748451
123500,0.06,0,0.42055596707923143,0.631578947368421,0.7740923737916219,0.54,0,0,0,50.65915784929496,-24.234972448222212,43.698639476143775
123600,0.06,0,0.4205433139764671,0.631578947368421,0.7746938775510204,0.5,0,0,0,50.6580229280456,-24.234972448222212,43.70093329513879
123700,0.06,0,0.4205130338109325,0.631578947368421,0.7695059076262084,0.51,0,0,0,50.65719970989835,-24.234972448222212,43.70479032235389
123800,0.06,0,0.4204501559740692,0.631578947368421,0.7717400644468314,0.51,0,0,0,50.66061691760332,-24.234972448222212,43.708377865837164
123900,0.06,0,0.42042645512288185,0.631578947368421,0.7754350161117078,0.49,0,0,0,50.65840056847977,-24.234972448222212,43.712754241264534
124000,0.06,0,0.4203973314008365,0.631578947368421,0.7763694951664877,0.53,0,0,0,50.65925225761073,-24.234972448222212,43.715047560054145
124100,0.06,0,0.42036996455257875,0.631578947368421,0.7758968850698174,0.54,0,0,0,50.661700242246525,-24.234972448222212,43.715781030707475
124200,0.06,0,0.4202261328025491,0.631578947368421,0.7794522019334049,0.56,0,0,0,50.66566267242533,-24.234972448222212,43.72732366193039
124300,0.06,0,0.4202546335697061,0.631578947368421,0.7833834586466165,0.58,0,0,0,50.66326999929865,-24.234972448222212,43.72642313799372
124400,0.06,0,0.4202137924241982,0.631578947368421,0.7891621911922664,0.6,0,0,0,50.66943619625233,-24.234972448222212,43.72535118114846
124500,0.06,0,0.4202701768889688,0.631578947368421,0.7871750805585392,0.48,0,0,0,50.663973537358544,-24.234972448222212,43.72419877676952
124600,0.06,0,0.42018727808239054,0.631578947368421,0.7854457572502686,0.62,0,0,0,50.668878708617314,-24.234972448222212,43.728591426773626
124700,0.06,0,0.4200738514211777,0.631578947368421,0.7917615467239527,0.64,0,0,0,50.670625604758136,-24.234972448222212,43.73889087315856
124800,0.06,0,0.4200984708709605,0.631578947368421,0.7897099892588615,0.54,0,0,0,50.670019666597504,-24.234972448222212,43.736850620806464
124900,0.06,0,0.4200984524547592,0.631578947368421,0.784328678839957,0.58,0,0,0,50.670680141839334,-24.234972448222212,43.73628244299934
125000,0.06,0,0.4201830818914546,0.631578947368421,0.7789581095596133,0.55,0,0,0,50.668647807242834,-24.234972448222212,43.72922740267572
125100,0.06,0,0.42013240844649763,0.631578947368421,0.7750483351235231,0.61,0,0,0,50.664509237516675,-24.234972448222212,43.73807420420633
125200,0.06,0,0.4201069074370095,0.631578947368421,0.777626208378088,0.63,0,0,0,50.66068197779692,-24.234972448222212,43.74403363789977
125300,0.06,0,0.42022564305260846,0.631578947368421,0.7735875402792696,0.51,0,0,0,50.65239277647188,-24.234972448222212,43.73883030587385
125400,0.06,0,0.4202275537500319,0.631578947368421,0.7707196562835661,0.49,0,0,0,50.65181025725469,-24.234972448222212,43.739134447921394
125500,0.06,0,0.42025555324334724,0.631578947368421,0.7786036519871107,0.56,0,0,0,50.64588540238685,-24.234972448222212,43.74133685294358
125600,0.06,0,0.4202467562444913,0.631578947368421,0.7725241675617616,0.61,0,0,0,50.64443079740336,-24.234972448222212,43.743508848802456
125700,0.06,0,0.42040471701953086,0.631578947368421,0.7759935553168635,0.52,0,0,0,50.635991018683804,-24.234972448222212,43.73436111199014
125800,0.06,0,0.4204320688387364,0.631578947368421,0.7710741138560687,0.51,0,0,0,50.63905595501512,-24.234972448222212,43.72886905312255
125900,0.06,0,0.42048134942413923,0.631578947368421,0.7729001074113856,0.57,0,0,0,50.637486800255424,-24.234972448222212,43.72509892351463
126000,0.06,0,0.4204743493056599,0.631578947368421,0.7679914070891515,0.58,0,0,0,50.63659391092509,-24.234972448222212,43.726597895185634
126100,0.06,0,0.42048776022618,0.631578947368421,0.7730290010741139,0.49,0,0,0,50.63249116899171,-24.234972448222212,43.728746336746795
126200,0.06,0,0.4204331825309373,0.631578947368421,0.7763694951664877,0.54,0,0,0,50.62996750159968,-24.234972448222212,43.73660285345892
126300,0.06,0,0.42033636773744015,0.631578947368421,0.7766272824919441,0.59,0,0,0,50.63826417956832,-24.234972448222212,43.73950902579451
126400,0.06,0,0.42038767653066594,0.631578947368421,0.7743071965628356,0.45,0,0,0,50.6248784181046,-24.234972448222212,43.74573435337239
126500,0.06,0,0.4204351237941791,0.631578947368421,0.7779162191192266,0.56,0,0,0,50.61992355020396,-24.234972448222212,43.74507903982997
126600,0.06,0,0.4204985694564405,0.631578947368421,0.7743071965628356,0.62,0,0,0,50.61783571840897,-24.234972448222212,43.74028277435332
126700,0.06,0,0.42050021223128153,0.631578947368421,0.781750805585392,0.63,0,0,0,50.618248574374086,-24.234972448222212,43.73975513745374
126800,0.06,0,0.4205620226200091,0.631578947368421,0.775907626208378,0.51,0,0,0,50.612003289790756,-24.234972448222212,43.738723153307866
126900,0.06,0,0.4204321034986514,0.631578947368421,0.7800859291084855,0.64,0,0,0,50.60930719009491,-24.234972448222212,43.75456980593618
127000,0.06,0,0.4204770237395639,0.631578947368421,0.7794307196562835,0.52,0,0,0,50.60462281908689,-24.234972448222212,43.753945276729155
127100,0.06,0,0.4204197729822169,0.631578947368421,0.7779591836734694,0.62,0,0,0,50.6109863607754,-24.234972448222212,43.754401355153405
127200,0.06,0,0.42042586341064886,0.631578947368421,0.7730290010741139,0.66,0,0,0,50.61461823731514,-24.234972448222212,43.75062794152996
127300,0.06,0,0.4203837328884437,0.631578947368421,0.7818582169709989,0.5,0,0,0,50.61082880498777,-24.234972448222212,43.758288704878254
127400,0.06,0,0.42036591610990626,0.631578947368421,0.7726960257787325,0.51,0,0,0,50.60799669545445,-24.234972448222212,43.76259224711723
127500,0.06,0,0.4203931697508979,0.631578947368421,0.7734264232008593,0.51,0,0,0,50.60203772664916,-24.234972448222212,43.76490837668069
127600,0.06,0,0.42041904017940374,0.631578947368421,0.7732653061224489,0.59,0,0,0,50.59612870969951,-24.234972448222212,43.76732620736626
127700,0.06,0,0.4204712190872663,0.631578947368421,0.7795918367346939,0.57,0,0,0,50.59810855978391,-24.234972448222212,43.76018248932679
127800,0.06,0,0.42042275050834066,0.631578947368421,0.778453276047261,0.56,0,0,0,50.59856992469387,-24.234972448222212,43.76482833923191
127900,0.06,0,0.42051521152482524,0.631578947368421,0.7770354457572503,0.47,0,0,0,50.58932120601564,-24.234972448222212,43.76320483170027
128000,0.06,0,0.4205490743921417,0.631578947368421,0.7742964554242749,0.59,0,0,0,50.58295462918985,-24.234972448222212,43.765188763620145
128100,0.06,0,0.42062953864345237,0.631578947368421,0.7758002148227712,0.59,0,0,0,50.58104699260244,-24.234972448222212,43.758466974238715
128200,0.06,0,0.4205706725000617,0.631578947368421,0.7824489795918367,0.53,0,0,0,50.583926660909526,-24.234972448222212,43.76210027527961
128300,0.06,0,0.4205319967063553,0.631578947368421,0.7783673469387755,0.45,0,0,0,50.58539714112827,-24.234972448222212,43.764852771065456
128400,0.06,0,0.42046386703697874,0.631578947368421,0.7747368421052632,0.61,0,0,0,50.579040100792305,-24.234972448222212,43.77744567750729
128500,0.06,0,0.42041879411394045,0.631578947368421,0.78031149301826,0.55,0,0,0,50.589753835234085,-24.234972448222212,43.7728669993459
128600,0.06,0,0.4203921153121906,0.631578947368421,0.7794736842105263,0.53,0,0,0,50.597651454867304,-24.234972448222212,43.76881210500636
128700,0.06,0,0.42052236751453337,0.631578947368421,0.781578947368421,0.64,0,0,0,50.59461989501231,-24.234972448222212,43.757876948891116
128800,0.06,0,0.42053573761724095,0.631578947368421,0.7672824919441461,0.51,0,0,0,50.59683325302241,-24.234972448222212,43.75457162659759
128900,0.06,0,0.4205551351140575,0.631578947368421,0.7707303974221268,0.53,0,0,0,50.59284974914157,-24.234972448222212,43.755998433220455
129000,0.06,0,0.42058532039947544,0.631578947368421,0.7815896885069817,0.53,0,0,0,50.59338690965901,-24.234972448222212,43.752393544812854
129100,0.06,0,0.42064209174664846,0.631578947368421,0.7845542427497315,0.51,0,0,0,50.592137173615555,-24.234972448222212,43.74756920035534
129200,0.06,0,0.42074159736228817,0.631578947368421,0.7778732545649839,0.63,0,0,0,50.59369534650626,-24.234972448222212,43.735875867704436
129300,0.06,0,0.420671898752999,0.631578947368421,0.7753061224489796,0.63,0,0,0,50.60063917538121,-24.234972448222212,43.737119418284045
129400,0.06,0,0.4206612599677611,0.631578947368421,0.7730182599355532,0.58,0,0,0,50.59826050058535,-24.234972448222212,43.740281734969116
129500,0.06,0,0.4206922457375401,0.631578947368421,0.7783673469387755,0.55,0,0,0,50.590411472289965,-24.234972448222212,43.7438458183946
129600,0.06,0,0.4206314400912106,0.631578947368421,0.7772180451127819,0.52,0,0,0,50.59492759900571,-24.234972448222212,43.74626418152866
129700,0.06,0,0.42059582986557525,0.631578947368421,0.7741031149301826,0.57,0,0,0,50.60069412354486,-24.234972448222212,43.74498220248905
129800,0.06,0,0.4205356912359525,0.631578947368421,0.7746294307196563,0.56,0,0,0,50.594152445903966,-24.234972448222212,43.756894854248614
129900,0.06,0,0.4205290790436439,0.631578947368421,0.7874543501611171,0.46,0,0,0,50.59430643913853,-24.234972448222212,43.75744968174413
130000,0.06,0,0.42051072954931484,0.631578947368421,0.7812889366272825,0.61,0,0,0,50.59567124975445,-24.234972448222212,43.75817868886503
130100,0.06,0,0.4206033795646507,0.631578947368421,0.7757787325456499,0.59,0,0,0,50.58994921561189,-24.234972448222212,43.75348791766475
130200,0.06,0,0.4206040616973621,0.631578947368421,0.7761331901181525,0.53,0,0,0,50.58769409935052,-24.234972448222212,43.75536741398419
130300,0.06,0,0.42061580882807537,0.631578947368421,0.7725563909774437,0.56,0,0,0,50.5965688344828,-24.234972448222212,43.746470835199375
130400,0.06,0,0.42073261383858795,0.631578947368421,0.7797207303974222,0.58,0,0,0,50.5869259147733,-24.234972448222212,43.74266248455372
130500,0.06,0,0.4207579938296325,0.631578947368421,0.7733727175080558,0.59,0,0,0,50.586094053027054,-24.234972448222212,43.74074322250567
130600,0.06,0,0.42079959692346736,0.631578947368421,0.7752738990332976,0.64,0,0,0,50.57451635076254,-24.234972448222212,43.74643101690956
130700,0.06,0,0.4206644452841621,0.631578947368421,0.7845757250268528,0.59,0,0,0,50.58222111875622,-24.234972448222212,43.75382025920964
130800,0.06,0,0.42061640397341205,0.631578947368421,0.7831149301825994,0.63,0,0,0,50.58642633785725,-24.234972448222212,43.75518002094292
130900,0.06,0,0.4205905231410863,0.631578947368421,0.7768958109559614,0.65,0,0,0,50.58796145434933,-24.234972448222212,43.756544620471736
131000,0.06,0,0.4205455082994294,0.631578947368421,0.7745542427497315,0.6,0,0,0,50.591995014618355,-24.234972448222212,43.7577393225665
131100,0.06,0,0.42056315229104174,0.631578947368421,0.7792266380236305,0.51,0,0,0,50.5877076353739,-24.234972448222212,43.75961191738887
131200,0.06,0,0.4205007413586481,0.631578947368421,0.7794092373791622,0.63,0,0,0,50.59068630770928,-24.234972448222212,43.76352988552753
131300,0.06,0,0.42039957822013296,0.631578947368421,0.7780021482277122,0.55,0,0,0,50.59031651596714,-24.234972448222212,43.77438092039154
131400,0.06,0,0.4203979463197202,0.631578947368421,0.7780021482277122,0.58,0,0,0,50.584419294620496,-24.234972448222212,43.77965415854927
131500,0.06,0,0.42044059445802134,0.631578947368421,0.7721804511278195,0.54,0,0,0,50.58037330249973,-24.234972448222212,43.778714929802035
131600,0.06,0,0.4204613475064164,0.631578947368421,0.7755102040816326,0.51,0,0,0,50.57604458966924,-24.234972448222212,43.780300865262156
131700,0.06,0,0.42045451973878767,0.631578947368421,0.7774006444683137,0.73,0,0,0,50.580711203050775,-24.234972448222212,43.77697254611725
131800,0.06,0,0.4203852139019251,0.631578947368421,0.7799462943071965,0.68,0,0,0,50.58604439806377,-24.234972448222212,43.77957364773711
131900,0.06,0,0.4203265469615387,0.631578947368421,0.7818689581095596,0.55,0,0,0,50.59254466719074,-24.234972448222212,43.780058462427235
132000,0.06,0,0.4203852644950388,0.631578947368421,0.7807841031149302,0.58,0,0,0,50.587191105006816,-24.234972448222212,43.778575986669
132100,0.06,0,0.4203854446035557,0.631578947368421,0.7814178302900108,0.58,0,0,0,50.5885960718261,-24.234972448222212,43.77734139464015
132200,0.06,0,0.42043814278689273,0.631578947368421,0.7782062298603653,0.49,0,0,0,50.58453034626278,-24.234972448222212,43.77537245163643
132300,0.06,0,0.4204665075419178,0.631578947368421,0.7799570354457572,0.51,0,0,0,50.58566555540267,-24.234972448222212,43.77143704532368
132400,0.06,0,0.4203991067940895,0.631578947368421,0.7755639097744361,0.68,0,0,0,50.59585084466824,-24.234972448222212,43.769641827136354
132500,0.06,0,0.4203579821237072,0.631578947368421,0.7785392051557465,0.54,0,0,0,50.59872688607006,-24.234972448222212,43.77143580213811
132600,0.06,0,0.4203292082395204,0.631578947368421,0.7784317937701396,0.54,0,0,0,50.599390828836356,-24.234972448222212,43.77385781294038
132700,0.06,0,0.42037094479342046,0.631578947368421,0.77859291084855,0.58,0,0,0,50.60072850829008,-24.234972448222212,43.7683546333045
132800,0.06,0,0.420305667073974,0.631578947368421,0.7743179377013963,0.54,0,0,0,50.60090998852823,-24.234972448222212,43.77499530163516
132900,0.06,0,0.42029592772619984,0.631578947368421,0.7807089151450054,0.63,0,0,0,50.604059413251996,-24.234972448222212,43.7732852118127
133000,0.06,0,0.4203363937419548,0.631578947368421,0.7816541353383458,0.6,0,0,0,50.60626349166234,-24.234972448222212,43.767164838622
133100,0.06,0,0.42029802158092566,0.631578947368421,0.7816648764769065,0.51,0,0,0,50.60651749014378,-24.234972448222212,43.770940980368884
133200,0.06,0,0.42026319859221206,0.631578947368421,0.7868421052631579,0.51,0,0,0,50.611521415330586,-24.234972448222212,43.770239878022565
133300,0.06,0,0.4202046087227365,0.631578947368421,0.7811063372717508,0.64,0,0,0,50.61293600497422,-24.234972448222212,43.77511932721526
133400,0.06,0,0.42023840191479156,0.631578947368421,0.7837701396348012,0.6,0,0,0,50.6171854347523,-24.234972448222212,43.767924453080475
133500,0.06,0,0.4201792658135538,0.631578947368421,0.7845757250268528,0.51,0,0,0,50.61756692095796,-24.234972448222212,43.7737544488372
133600,0.06,0,0.42018294820913005,0.631578947368421,0.7782062298603653,0.56,0,0,0,50.61827339989468,-24.234972448222212,43.77275988012539
133700,0.06,0,0.4201552900030627,0.631578947368421,0.7832223415682062,0.5,0,0,0,50.61244019351792,-24.234972448222212,43.78068662540795
133800,0.06,0,0.4201584504045259,0.631578947368421,0.7783029001074114,0.55,0,0,0,50.61148805734613,-24.234972448222212,43.78118093475614
133900,0.06,0,0.420116130465029,0.631578947368421,0.7762728249194415,0.53,0,0,0,50.627432537105626,-24.234972448222212,43.77180145721391
134000,0.06,0,0.4200784856655247,0.631578947368421,0.7796240601503759,0.56,0,0,0,50.6319337572027,-24.234972448222212,43.771832314086794
134100,0.06,0,0.41997500906997387,0.631578947368421,0.7790332975295381,0.53,0,0,0,50.63843007069669,-24.234972448222212,43.77700035320054
134200,0.06,0,0.4199658919049149,0.631578947368421,0.7756176154672395,0.56,0,0,0,50.63692921242868,-24.234972448222212,43.77924828208159
134300,0.06,0,0.41990786104057876,0.631578947368421,0.7836734693877551,0.57,0,0,0,50.63170738931886,-24.234972448222212,43.78981426155955
134400,0.06,0,0.4198423379150923,0.631578947368421,0.7846079484425349,0.49,0,0,0,50.63105520822303,-24.234972448222212,43.79721251064527
134500,0.06,0,0.41988025041473054,0.631578947368421,0.7819656283566058,0.46,0,0,0,50.628165080337,-24.234972448222212,43.795757857264284
134600,0.06,0,0.41987548046546597,0.631578947368421,0.7847798066595059,0.49,0,0,0,50.63486328077569,-24.234972448222212,43.79046183458255
134700,0.06,0,0.4199134850591769,0.631578947368421,0.7864876476906552,0.63,0,0,0,50.62477862796135,-24.234972448222212,43.795220985896016
134800,0.06,0,0.4198971079058705,0.631578947368421,0.7805263157894737,0.48,0,0,0,50.62291506145056,-24.234972448222212,43.79854140463264
134900,0.06,0,0.41987274704395605,0.631578947368421,0.7806766917293233,0.48,0,0,0,50.62573616159637,-24.234972448222212,43.79864178096342
135000,0.06,0,0.4198318401450592,0.631578947368421,0.778764769065521,0.59,0,0,0,50.620440500896144,-24.234972448222212,43.80749180673743
135100,0.06,0,0.41983685352071703,0.631578947368421,0.7819334049409238,0.51,0,0,0,50.62129814128096,-24.234972448222212,43.80622650056458
135200,0.06,0,0.41988857747527825,0.631578947368421,0.7881954887218046,0.54,0,0,0,50.623575587158776,-24.234972448222212,43.79885972739845
135300,0.06,0,0.41990602055598764,0.631578947368421,0.788968850698174,0.51,0,0,0,50.62501223919311,-24.234972448222212,43.79579741774411
135400,0.06,0,0.4199150842510124,0.631578947368421,0.7872395273899033,0.55,0,0,0,50.62799034527943,-24.234972448222212,43.79227594514142
135500,0.06,0,0.41979929181297077,0.631578947368421,0.7824274973147154,0.58,0,0,0,50.625655760582056,-24.234972448222212,43.806375107860674
135600,0.06,0,0.41980980470909596,0.631578947368421,0.782545649838883,0.57,0,0,0,50.627600871287726,-24.234972448222212,43.80359510933626
135700,0.06,0,0.419776513284254,0.631578947368421,0.7897207303974221,0.5,0,0,0,50.62466435343527,-24.234972448222212,43.80961012148495
135800,0.06,0,0.4198782581941948,0.631578947368421,0.778453276047261,0.56,0,0,0,50.62544279838614,-24.234972448222212,43.79832069799155
135900,0.06,0,0.41988309599517093,0.631578947368421,0.7836842105263158,0.57,0,0,0,50.62184639965395,-24.234972448222212,43.800927652930504
136000,0.06,0,0.4198165484609313,0.631578947368421,0.782234156820623,0.46,0,0,0,50.625594306796785,-24.234972448222212,43.804627611385854
136100,0.06,0,0.41982627013441093,0.631578947368421,0.7843394199785177,0.58,0,0,0,50.62024765557064,-24.234972448222212,43.80823991238441
136200,0.06,0,0.41983209820290235,0.631578947368421,0.7806444683136412,0.61,0,0,0,50.62384443154476,-24.234972448222212,43.80451928009368
136300,0.06,0,0.41982332303441733,0.631578947368421,0.781031149301826,0.48,0,0,0,50.624717607648414,-24.234972448222212,43.8046793274032
136400,0.06,0,0.4197889234775973,0.631578947368421,0.7850268528464017,0.59,0,0,0,50.62545343577776,-24.234972448222212,43.80763215491635
136500,0.06,0,0.41979470043062594,0.631578947368421,0.7909881847475833,0.67,0,0,0,50.63109899427581,-24.234972448222212,43.80214465259624
136600,0.06,0,0.41980327252731087,0.631578947368421,0.7840171858216971,0.5,0,0,0,50.62959533152437,-24.234972448222212,43.80255110844678
136700,0.06,0,0.4198229876474765,0.631578947368421,0.7859505907626209,0.59,0,0,0,50.622040834177604,-24.234972448222212,43.80703061136717
136800,0.06,0,0.4198043189212365,0.631578947368421,0.7852309344790548,0.69,0,0,0,50.623966953291756,-24.234972448222212,43.80731188761207
136900,0.06,0,0.419794778433121,0.631578947368421,0.7857465091299678,0.55,0,0,0,50.62505091683805,-24.234972448222212,43.80736947065547
137000,0.06,0,0.41972031138344956,0.631578947368421,0.7837164339419979,0.65,0,0,0,50.63706989831759,-24.234972448222212,43.80474204246395
137100,0.06,0,0.41976011852059203,0.631578947368421,0.7879699248120301,0.64,0,0,0,50.634334075469944,-24.234972448222212,43.80295449349099
137200,0.06,0,0.419669222307595,0.631578947368421,0.788796992481203,0.53,0,0,0,50.63311508957769,-24.234972448222212,43.81349656030229
137300,0.06,0,0.4196985440036043,0.631578947368421,0.7859291084854995,0.55,0,0,0,50.629847761590256,-24.234972448222212,43.81326283357462
137400,0.06,0,0.4197061044200583,0.631578947368421,0.7917400644468313,0.59,0,0,0,50.62966445367738,-24.234972448222212,43.81263222497318
137500,0.06,0,0.4197555732485015,0.631578947368421,0.7899570354457572,0.59,0,0,0,50.62361456477491,-24.234972448222212,43.81270415015584
137600,0.06,0,0.4196986744346053,0.631578947368421,0.7871535982814178,0.58,0,0,0,50.623801266488876,-24.234972448222212,43.818482261938705
137700,0.06,0,0.4198206744297531,0.631578947368421,0.7915359828141783,0.6,0,0,0,50.61780192102785,-24.234972448222212,43.810940564079374
137800,0.06,0,0.4198460534310394,0.631578947368421,0.7878947368421053,0.51,0,0,0,50.624401896222274,-24.234972448222212,43.80258091570109
137900,0.06,0,0.4198235639172487,0.631578947368421,0.7850483351235231,0.51,0,0,0,50.63034929277842,-24.234972448222212,43.799781740081634
138000,0.06,0,0.41972366758841956,0.631578947368421,0.7771213748657357,0.51,0,0,0,50.63503465963118,-24.234972448222212,43.80615245580509
138100,0.06,0,0.4196963706034304,0.631578947368421,0.7834479054779807,0.62,0,0,0,50.632899462879074,-24.234972448222212,43.81084903295677
138200,0.06,0,0.4197686077691304,0.631578947368421,0.7824167561761547,0.59,0,0,0,50.624212205060466,-24.234972448222212,43.810826480586684
138300,0.06,0,0.4199071989007981,0.631578947368421,0.7835445757250269,0.57,0,0,0,50.614795094592395,-24.234972448222212,43.80451514910336
138400,0.06,0,0.4199648282917594,0.631578947368421,0.778796992481203,0.52,0,0,0,50.61091422829003,-24.234972448222212,43.80186259180238
138500,0.06,0,0.41999988927732784,0.631578947368421,0.7834264232008593,0.56,0,0,0,50.60618037911184,-24.234972448222212,43.80230308690574
138600,0.06,0,0.4199708118669301,0.631578947368421,0.7866272824919441,0.49,0,0,0,50.60573209543223,-24.234972448222212,43.80572385896342
138700,0.06,0,0.41993270566147173,0.631578947368421,0.7807841031149302,0.56,0,0,0,50.60492945598204,-24.234972448222212,43.810393809061445
138800,0.06,0,0.4199025813728866,0.631578947368421,0.7820408163265307,0.5,0,0,0,50.60937202319097,-24.234972448222212,43.80969079800474
138900,0.06,0,0.41987399333277065,0.631578947368421,0.7892696025778733,0.61,0,0,0,50.610345330698465,-24.234972448222212,43.81183109791698
139000,0.06,0,0.4198522872038416,0.631578947368421,0.788453276047261,0.54,0,0,0,50.613728851740504,-24.234972448222212,43.81116717863342
139100,0.06,0,0.41999640390737025,0.631578947368421,0.7826745435016111,0.54,0,0,0,50.607315880022995,-24.234972448222212,43.80168376173388
139200,0.06,0,0.4200068489378161,0.631578947368421,0.7799355531686358,0.58,0,0,0,50.608091794126366,-24.234972448222212,43.79992292737594
139300,0.06,0,0.41999182338355134,0.631578947368421,0.7827389903329753,0.6,0,0,0,50.61773890029367,-24.234972448222212,43.79314189118288
139400,0.06,0,0.419983737328546,0.631578947368421,0.7826530612244897,0.46,0,0,0,50.62232256398812,-24.234972448222212,43.790019668777234
139500,0.06,0,0.41994162985199024,0.631578947368421,0.7813319011815253,0.66,0,0,0,50.62339961361481,-24.234972448222212,43.79347872876147
139600,0.06,0,0.42000890960168874,0.631578947368421,0.7882599355531686,0.5,0,0,0,50.619023284401166,-24.234972448222212,43.790249217420865
139700,0.06,0,0.4199877478905615,0.631578947368421,0.7788399570354457,0.61,0,0,0,50.613182686852454,-24.234972448222212,43.79750916236754
139800,0.06,0,0.4199698841927957,0.631578947368421,0.77828141783029,0.59,0,0,0,50.61401425143228,-24.234972448222212,43.79865251529189
139900,0.06,0,0.4198923835498202,0.631578947368421,0.7828141783029001,0.55,0,0,0,50.620582243515244,-24.234972448222212,43.80105264849064
140000,0.06,0,0.41988930626601323,0.631578947368421,0.7851664876476907,0.49,0,0,0,50.6215347423547,-24.234972448222212,43.8005494874032
140100,0.06,0,0.41980544751014187,0.631578947368421,0.7823308270676692,0.59,0,0,0,50.63209138635547,-24.234972448222212,43.80016480869785
140200,0.06,0,0.41981211802965895,0.631578947368421,0.7918474758324382,0.51,0,0,0,50.62847584859384,-24.234972448222212,43.80259671188101
140300,0.06,0,0.4198887909514283,0.631578947368421,0.7834801288936627,0.57,0,0,0,50.61970762904396,-24.234972448222212,43.80218422067669
140400,0.06,0,0.4198169855212795,0.631578947368421,0.7847798066595059,0.52,0,0,0,50.626553241545665,-24.234972448222212,43.803752290074364
140500,0.06,0,0.4198861413955017,0.631578947368421,0.7909559613319012,0.58,0,0,0,50.620079197125,-24.234972448222212,43.802139095706266
140600,0.06,0,0.4199322488678274,0.631578947368421,0.7878947368421053,0.54,0,0,0,50.62311655853657,-24.234972448222212,43.79470191673138
140700,0.06,0,0.42006801814728534,0.631578947368421,0.7875295381310419,0.6,0,0,0,50.61363690449537,-24.234972448222212,43.78874697959151
140800,0.06,0,0.42004905024421546,0.631578947368421,0.7871535982814178,0.57,0,0,0,50.612895135091684,-24.234972448222212,43.791366107225734
140900,0.06,0,0.4199734450805359,0.631578947368421,0.7862835660580022,0.59,0,0,0,50.6211083953137,-24.234972448222212,43.79214317435754
141000,0.06,0,0.42000673085590734,0.631578947368421,0.7861654135338346,0.62,0,0,0,50.61927111640815,-24.234972448222212,43.790261977038
141100,0.06,0,0.4200236429461245,0.631578947368421,0.7845327604726101,0.54,0,0,0,50.621160874125316,-24.234972448222212,43.78686409398242
141200,0.06,0,0.42001464801253213,0.631578947368421,0.7812244897959184,0.53,0,0,0,50.61580787750731,-24.234972448222212,43.792432707426876
141300,0.06,0,0.42004047731019195,0.631578947368421,0.7816326530612245,0.52,0,0,0,50.61558126019475,-24.234972448222212,43.789935862063
141400,0.06,0,0.4199624959951128,0.631578947368421,0.790998925886144,0.58,0,0,0,50.61746752555717,-24.234972448222212,43.796434917005854
141500,0.06,0,0.41984984148476606,0.631578947368421,0.7917078410311493,0.54,0,0,0,50.62042810367235,-24.234972448222212,43.805624259783094
141600,0.06,0,0.41982100229593045,0.631578947368421,0.7805907626208378,0.57,0,0,0,50.620270386320904,-24.234972448222212,43.80876993821219
141700,0.06,0,0.41985744260967245,0.631578947368421,0.7885606874328679,0.55,0,0,0,50.62489178811601,-24.234972448222212,43.80096885219106
141800,0.06,0,0.41989551754021137,0.631578947368421,0.7819871106337272,0.58,0,0,0,50.62727782983798,-24.234972448222212,43.79493297144627
141900,0.06,0,0.4198361417928663,0.631578947368421,0.7835553168635876,0.54,0,0,0,50.63138344460313,-24.234972448222212,43.79757495316271
142000,0.06,0,0.41977905705840346,0.631578947368421,0.7888936627282492,0.46,0,0,0,50.635361546998496,-24.234972448222212,43.80008951065075
142100,0.06,0,0.41977753788268035,0.631578947368421,0.7842427497314716,0.5,0,0,0,50.63056857932938,-24.234972448222212,43.80439439527485
142200,0.06,0,0.4197601267617717,0.631578947368421,0.7835982814178303,0.53,0,0,0,50.63221154477601,-24.234972448222212,43.804789877878136
142300,0.06,0,0.4197116239187055,0.631578947368421,0.7856390977443609,0.54,0,0,0,50.6416651568228,-24.234972448222212,43.801673787753124
142400,0.06,0,0.41969764558363964,0.631578947368421,0.784124597207304,0.54,0,0,0,50.639939593614656,-24.234972448222212,43.80462523235775
142500,0.06,0,0.41967956470182743,0.631578947368421,0.794812030075188,0.68,0,0,0,50.63486377090682,-24.234972448222212,43.81090377294568
142600,0.06,0,0.4196484392832436,0.631578947368421,0.789344790547798,0.59,0,0,0,50.63565336111755,-24.234972448222212,43.813470018751374
142700,0.06,0,0.4196304544710857,0.631578947368421,0.785703544575725,0.59,0,0,0,50.63380988063173,-24.234972448222212,43.81694304002379
142800,0.06,0,0.4197402577627398,0.631578947368421,0.78171858216971,0.52,0,0,0,50.624576528423695,-24.234972448222212,43.81347023300283
142900,0.06,0,0.41973360118381176,0.631578947368421,0.784640171858217,0.54,0,0,0,50.62687641033249,-24.234972448222212,43.81217467980865
143000,0.06,0,0.4198709016553994,0.631578947368421,0.7858002148227712,0.55,0,0,0,50.6090033551879,-24.234972448222212,43.81331544854655
143100,0.06,0,0.419851966989033,0.631578947368421,0.7737164339419978,0.7,0,0,0,50.59984325252666,-24.234972448222212,43.82322325396075
143200,0.06,0,0.4198754091910294,0.631578947368421,0.7846616541353384,0.56,0,0,0,50.59476280987341,-24.234972448222212,43.82517678207714
143300,0.06,0,0.41989966521820893,0.631578947368421,0.7902685284640172,0.64,0,0,0,50.60061508831784,-24.234972448222212,43.81757680243339
143400,0.06,0,0.4198787880768525,0.631578947368421,0.7857465091299678,0.55,0,0,0,50.60924076333182,-24.234972448222212,43.812286995356686
143500,0.06,0,0.41992388668410563,0.631578947368421,0.7857250268528464,0.52,0,0,0,50.60161361747772,-24.234972448222212,43.81418476899957
143600,0.06,0,0.41998804264875494,0.631578947368421,0.787626208378088,0.59,0,0,0,50.58889173027016,-24.234972448222212,43.818508389652884
143700,0.06,0,0.41995748538593863,0.631578947368421,0.7903974221267455,0.54,0,0,0,50.59023763411292,-24.234972448222212,43.820530911533844
143800,0.06,0,0.41990948236862463,0.631578947368421,0.7867883995703545,0.61,0,0,0,50.59323546922294,-24.234972448222212,43.822943542341484
143900,0.06,0,0.4199131329816978,0.631578947368421,0.7866917293233082,0.51,0,0,0,50.59444064965551,-24.234972448222212,43.82151868582319
144000,0.06,0,0.41993347970352624,0.631578947368421,0.7793877551020408,0.51,0,0,0,50.593702462613756,-24.234972448222212,43.820034781221445
144100,0.06,0,0.4198967481146524,0.631578947368421,0.7901074113856069,0.53,0,0,0,50.59232444904581,-24.234972448222212,43.82506171278349
144200,0.06,0,0.4198635477717915,0.631578947368421,0.7890547798066595,0.5,0,0,0,50.58749906353327,-24.234972448222212,43.832707809239565
144300,0.06,0,0.41989134755305685,0.631578947368421,0.7832438238453276,0.61,0,0,0,50.586738254141416,-24.234972448222212,43.83046496067013
144400,0.06,0,0.41988598849369235,0.631578947368421,0.7797744360902256,0.47,0,0,0,50.58162991692046,-24.234972448222212,43.83545095501552
144500,0.06,0,0.41993924758427614,0.631578947368421,0.7789044038668099,0.56,0,0,0,50.57369759999587,-24.234972448222212,43.83676606637945
144600,0.06,0,0.4199138956747258,0.631578947368421,0.7848012889366273,0.55,0,0,0,50.56839853644046,-24.234972448222212,43.84400660320207
144700,0.06,0,0.41990270947563973,0.631578947368421,0.7799355531686358,0.63,0,0,0,50.56865176589364,-24.234972448222212,43.84495504586841
144800,0.06,0,0.41978871935959505,0.631578947368421,0.7814285714285715,0.52,0,0,0,50.57256787319147,-24.234972448222212,43.85346470293936
144900,0.06,0,0.41979345620971104,0.631578947368421,0.7773254564983888,0.58,0,0,0,50.58200647958703,-24.234972448222212,43.84478690317707
145000,0.06,0,0.41979815915867424,0.631578947368421,0.788313641245972,0.57,0,0,0,50.57563797818616,-24.234972448222212,43.84981660374372
145100,0.06,0,0.4198314731294283,0.631578947368421,0.78203007518797,0.65,0,0,0,50.576693684609644,-24.234972448222212,43.845421863784416
145200,0.06,0,0.41976009632806205,0.631578947368421,0.7836305048335124,0.62,0,0,0,50.578437683194274,-24.234972448222212,43.851365328236305
145300,0.06,0,0.41977013769538585,0.631578947368421,0.7913533834586466,0.56,0,0,0,50.574788482629856,-24.234972448222212,43.85348035431136
145400,0.06,0,0.41986280031241324,0.631578947368421,0.7819226638023631,0.6,0,0,0,50.562857502047216,-24.234972448222212,43.854147536229185
145500,0.06,0,0.4198145350846538,0.631578947368421,0.7885392051557465,0.59,0,0,0,50.56320162231742,-24.234972448222212,43.85889086437834
145600,0.06,0,0.4197556163796886,0.631578947368421,0.7866058002148227,0.49,0,0,0,50.571178290667135,-24.234972448222212,43.85812818692701
145700,0.06,0,0.4197606442304228,0.631578947368421,0.7813104189044039,0.55,0,0,0,50.57662298601936,-24.234972448222212,43.85288148204039
145800,0.06,0,0.4198201652778951,0.631578947368421,0.7812889366272825,0.49,0,0,0,50.571218075015906,-24.234972448222212,43.851350340162156
145900,0.06,0,0.4199248835641327,0.631578947368421,0.7803544575725027,0.55,0,0,0,50.56881796668107,-24.234972448222212,43.84249572335798
146000,0.06,0,0.41992489565844165,0.631578947368421,0.7810955961331901,0.64,0,0,0,50.56871680988098,-24.234972448222212,43.84258216242426
146100,0.06,0,0.4198570858444683,0.631578947368421,0.7903866809881848,0.59,0,0,0,50.57168464654866,-24.234972448222212,43.847089691841575
146200,0.06,0,0.4199559880098315,0.631578947368421,0.7791836734693878,0.55,0,0,0,50.55601579840128,-24.234972448222212,43.850349785362084
146300,0.06,0,0.4199400527622725,0.631578947368421,0.7845864661654135,0.64,0,0,0,50.56530992368688,-24.234972448222212,43.84395355979559
146400,0.06,0,0.4200467279015133,0.631578947368421,0.7841460794844254,0.53,0,0,0,50.56112508862624,-24.234972448222212,43.836446889511784
146500,0.06,0,0.41994429590308374,0.631578947368421,0.7799355531686358,0.57,0,0,0,50.5602831595407,-24.234972448222212,43.84786953255792
146600,0.06,0,0.4200111079350739,0.631578947368421,0.779312567132116,0.52,0,0,0,50.55540188231962,-24.234972448222212,43.84512753283882
146700,0.06,0,0.42004422405859,0.631578947368421,0.7807733619763695,0.49,0,0,0,50.55746960268967,-24.234972448222212,43.8398777451658
146800,0.06,0,0.4201178656992594,0.631578947368421,0.7839419978517723,0.55,0,0,0,50.554775355660595,-24.234972448222212,43.834529114846305
146900,0.06,0,0.4201813805821041,0.631578947368421,0.7798388829215896,0.55,0,0,0,50.553849781152906,-24.234972448222212,43.82870549101092
147000,0.06,0,0.4202261667489892,0.631578947368421,0.7824919441460795,0.57,0,0,0,50.55243545746456,-24.234972448222212,43.825260468775454
147100,0.06,0,0.4202330900574943,0.631578947368421,0.7858968850698174,0.63,0,0,0,50.546777254179894,-24.234972448222212,43.82944416717716
147200,0.06,0,0.4202316456040024,0.631578947368421,0.7790547798066595,0.54,0,0,0,50.543423628967155,-24.234972448222212,43.832502974712234
147300,0.06,0,0.4202623851695305,0.631578947368421,0.780827067669173,0.56,0,0,0,50.530605519764684,-24.234972448222212,43.840415088061775
147400,0.06,0,0.4202903151912278,0.631578947368421,0.7830719656283566,0.5,0,0,0,50.52926197121341,-24.234972448222212,43.83866732989063
147500,0.06,0,0.4202963342000198,0.631578947368421,0.7814715359828142,0.6,0,0,0,50.53806731384501,-24.234972448222212,43.83040153790033
147600,0.06,0,0.42038583997931145,0.631578947368421,0.783469387755102,0.63,0,0,0,50.53649660941707,-24.234972448222212,43.82243144295372
147700,0.06,0,0.42024746307700317,0.631578947368421,0.7827712137486573,0.54,0,0,0,50.542238656699176,-24.234972448222212,43.8318808087872
147800,0.06,0,0.42022158822803823,0.631578947368421,0.7843823845327604,0.48,0,0,0,50.53973930927556,-24.234972448222212,43.83674748245423
147900,0.06,0,0.4202377748672206,0.631578947368421,0.7874758324382385,0.53,0,0,0,50.536175359049764,-24.234972448222212,43.838150355949644
148000,0.06,0,0.42020291231074564,0.631578947368421,0.7820085929108486,0.47,0,0,0,50.53499966747278,-24.234972448222212,43.842807406786214
148100,0.06,0,0.42027956377746867,0.631578947368421,0.7844790547798066,0.54,0,0,0,50.531705934411114,-24.234972448222212,43.83766848311645
148200,0.06,0,0.42019570842330073,0.631578947368421,0.7818367346938776,0.6,0,0,0,50.54425364779117,-24.234972448222212,43.83553188102965
148300,0.06,0,0.4202855668414153,0.631578947368421,0.7859183673469388,0.6,0,0,0,50.534322414612475,-24.234972448222212,43.8347726168154
148400,0.06,0,0.4202603146129396,0.631578947368421,0.78687432867884,0.61,0,0,0,50.535703125444606,-24.234972448222212,43.83620881832291
148500,0.06,0,0.4201430584661545,0.631578947368421,0.7870784103114931,0.64,0,0,0,50.54349360900209,-24.234972448222212,43.84168435412528
148600,0.06,0,0.42021532040740306,0.631578947368421,0.7787755102040816,0.58,0,0,0,50.536652147415204,-24.234972448222212,43.8400792606216
148700,0.06,0,0.42021070792244286,0.631578947368421,0.7846294307196563,0.5,0,0,0,50.52662889990066,-24.234972448222212,43.84925737069743
148800,0.06,0,0.4202629004038852,0.631578947368421,0.7837164339419979,0.54,0,0,0,50.515336422668184,-24.234972448222212,43.85361281586669
148900,0.06,0,0.42034931638768486,0.631578947368421,0.783233082706767,0.54,0,0,0,50.508943153889284,-24.234972448222212,43.850147046642775
149000,0.06,0,0.4203494706738227,0.631578947368421,0.7801503759398496,0.63,0,0,0,50.513991479720225,-24.234972448222212,43.84574860655992
149100,0.06,0,0.4202999383078296,0.631578947368421,0.7849838882921589,0.6,0,0,0,50.516274582743904,-24.234972448222212,43.848933970441706
149200,0.06,0,0.4202828156806731,0.631578947368421,0.7825886143931257,0.45,0,0,0,50.519203373389786,-24.234972448222212,43.848178214570254
149300,0.06,0,0.4203383512419147,0.631578947368421,0.7839312567132116,0.59,0,0,0,50.51510337831217,-24.234972448222212,43.845943357704854
149400,0.06,0,0.42037925618055927,0.631578947368421,0.7822448979591837,0.63,0,0,0,50.50661900253882,-24.234972448222212,43.84904169761204
149500,0.06,0,0.42036997583042096,0.631578947368421,0.7778625134264232,0.57,0,0,0,50.51033574343986,-24.234972448222212,43.846783087435924
149600,0.06,0,0.42029821073364637,0.631578947368421,0.7832545649838883,0.64,0,0,0,50.52125846726213,-24.234972448222212,43.844788522600574
149700,0.06,0,0.42028953677401015,0.631578947368421,0.7894199785177228,0.52,0,0,0,50.52062154435241,-24.234972448222212,43.846246164712284
149800,0.06,0,0.4203705017908769,0.631578947368421,0.7868098818474758,0.52,0,0,0,50.51182555090883,-24.234972448222212,43.84543500153665
149900,0.06,0,0.42040938278258366,0.631578947368421,0.7830719656283566,0.56,0,0,0,50.51737325560711,-24.234972448222212,43.836565453848685
150000,0.06,0,0.42042659320507986,0.631578947368421,0.7834264232008593,0.62,0,0,0,50.51077880426296,-24.234972448222212,43.84049383988847
150100,0.06,0,0.42047285485270697,0.631578947368421,0.7822126745435016,0.55,0,0,0,50.50890097285977,-24.234972448222212,43.8373001136411
150200,0.06,0,0.4204850821957815,0.631578947368421,0.7817615467239527,0.47,0,0,0,50.513608251693555,-24.234972448222212,43.83194035677926
150300,0.06,0,0.42054473743878723,0.631578947368421,0.779795918367347,0.67,0,0,0,50.512030611651944,-24.234972448222212,43.827091501610454
150400,0.06,0,0.4205210033485599,0.631578947368421,0.7754564983888292,0.6,0,0,0,50.51475658750989,-24.234972448222212,43.827199874137946
150500,0.06,0,0.42053446303532666,0.631578947368421,0.7828141783029001,0.59,0,0,0,50.5058596571898,-24.234972448222212,43.833517329015294
150600,0.06,0,0.4206191991122466,0.631578947368421,0.769484425349087,0.55,0,0,0,50.49630689545174,-24.234972448222212,43.832977464946524
150700,0.06,0,0.42052511169889195,0.631578947368421,0.7841353383458647,0.69,0,0,0,50.50327896362349,-24.234972448222212,43.83673198912249
150800,0.06,0,0.4205962275005941,0.631578947368421,0.7721160042964554,0.6,0,0,0,50.49523636371864,-24.234972448222212,43.83630081931804
150900,0.06,0,0.4205573610323717,0.631578947368421,0.7829323308270677,0.55,0,0,0,50.49253230220023,-24.234972448222212,43.84269983252665
151000,0.06,0,0.4204802098240478,0.631578947368421,0.7811170784103115,0.48,0,0,0,50.504173122348675,-24.234972448222212,43.84063699103144
151100,0.06,0,0.4205932438393862,0.631578947368421,0.7851020408163265,0.6,0,0,0,50.49345081174382,-24.234972448222212,43.8381619436894
151200,0.06,0,0.420620430212175,0.631578947368421,0.7785821697099893,0.52,0,0,0,50.495622049852784,-24.234972448222212,43.83344365357469
151300,0.06,0,0.4205612771686453,0.631578947368421,0.7728893662728249,0.63,0,0,0,50.501544281966424,-24.234972448222212,43.83446794402722
151400,0.06,0,0.42048022059283674,0.631578947368421,0.776906552094522,0.55,0,0,0,50.5037647031107,-24.234972448222212,43.84099040337856
151500,0.06,0,0.42048408072842397,0.631578947368421,0.7761976369495166,0.48,0,0,0,50.499398240883195,-24.234972448222212,43.84437863752961
151600,0.06,0,0.42049431699975276,0.631578947368421,0.7770247046186896,0.48,0,0,0,50.49762709604962,-24.234972448222212,43.844849067782725
151700,0.06,0,0.42053264957177466,0.631578947368421,0.7806229860365199,0.59,0,0,0,50.49123635020181,-24.234972448222212,43.846401500875125
151800,0.06,0,0.42057903984870487,0.631578947368421,0.7788829215896885,0.63,0,0,0,50.48158130034443,-24.234972448222212,43.849950288093254
151900,0.06,0,0.42062595710391826,0.631578947368421,0.7771643394199785,0.57,0,0,0,50.47218976135847,-24.234972448222212,43.85321760368655
152000,0.06,0,0.4206264053305725,0.631578947368421,0.7732223415682062,0.55,0,0,0,50.47520764304158,-24.234972448222212,43.85054891878247
152100,0.06,0,0.42060336145715493,0.631578947368421,0.7775295381310419,0.62,0,0,0,50.474776113538745,-24.234972448222212,43.853326304505885
152200,0.06,0,0.4206486086432337,0.631578947368421,0.7818045112781955,0.56,0,0,0,50.47266423741447,-24.234972448222212,43.85044392166635
152300,0.06,0,0.4205968283872191,0.631578947368421,0.7844253490870032,0.55,0,0,0,50.47757272889079,-24.234972448222212,43.85157782277739
152400,0.06,0,0.42053837746649886,0.631578947368421,0.7768206229860365,0.47,0,0,0,50.48551185976788,-24.234972448222212,43.850775918108965
152500,0.06,0,0.42058033674126805,0.631578947368421,0.7814070891514501,0.54,0,0,0,50.48966256461556,-24.234972448222212,43.84279656842624
152600,0.06,0,0.42063448473743176,0.631578947368421,0.7774543501611171,0.53,0,0,0,50.49081961315807,-24.234972448222212,43.836148141527964
152700,0.06,0,0.42079353011656656,0.631578947368421,0.7793984962406015,0.56,0,0,0,50.479337271570735,-24.234972448222212,43.829547067912394
152800,0.06,0,0.42078446082001214,0.631578947368421,0.7795273899033297,0.5,0,0,0,50.47384316026406,-24.234972448222212,43.835262717682596
152900,0.06,0,0.4208943654438961,0.631578947368421,0.7793770139634801,0.54,0,0,0,50.46267604093724,-24.234972448222212,43.8335143576349
153000,0.06,0,0.4209909527604464,0.631578947368421,0.7735123523093448,0.54,0,0,0,50.454612597088975,-24.234972448222212,43.83046138141718
153100,0.06,0,0.42100113503562947,0.631578947368421,0.767561761546724,0.54,0,0,0,50.45783636128951,-24.234972448222212,43.82660103217228
153200,0.06,0,0.42099078444664256,0.631578947368421,0.7737593984962406,0.56,0,0,0,50.458527598521,-24.234972448222212,43.82707816393063
153300,0.06,0,0.42097483236767885,0.631578947368421,0.7712137486573577,0.56,0,0,0,50.461526401955744,-24.234972448222212,43.826134278379854
153400,0.06,0,0.4210155049315812,0.631578947368421,0.7751450053705693,0.51,0,0,0,50.45943896834001,-24.234972448222212,43.82371326539179
153500,0.06,0,0.42106529844745944,0.631578947368421,0.7648979591836734,0.47,0,0,0,50.452402206264544,-24.234972448222212,43.824642360758666
153600,0.06,0,0.42106677852209534,0.631578947368421,0.7690762620837809,0.58,0,0,0,50.44710984812839,-24.234972448222212,43.829085899781376
153700,0.06,0,0.42118454017487694,0.631578947368421,0.779140708915145,0.57,0,0,0,50.43408095385714,-24.234972448222212,43.82815087443963
153800,0.06,0,0.4211936500174444,0.631578947368421,0.7780021482277122,0.54,0,0,0,50.43812001324017,-24.234972448222212,43.82369327102668
153900,0.06,0,0.4211831947914988,0.631578947368421,0.7722234156820623,0.57,0,0,0,50.439254135300644,-24.234972448222212,43.82379573067245
154000,0.06,0,0.42111674971233154,0.631578947368421,0.7753813104189045,0.43,0,0,0,50.441972106459936,-24.234972448222212,43.82834864649205
154100,0.06,0,0.4209679170387321,0.631578947368421,0.7830612244897959,0.64,0,0,0,50.46037176553772,-24.234972448222212,43.82785706753198
154200,0.06,0,0.42088388227678875,0.631578947368421,0.7735016111707841,0.69,0,0,0,50.457737630915695,-24.234972448222212,43.838896330623434
154300,0.06,0,0.4208236313201612,0.631578947368421,0.772545649838883,0.57,0,0,0,50.45178055129377,-24.234972448222212,43.8503499222852
154400,0.06,0,0.4207381318921073,0.631578947368421,0.7687110633727176,0.52,0,0,0,50.466560717343214,-24.234972448222212,43.84641579737327
154500,0.06,0,0.4206140987224321,0.631578947368421,0.7736305048335124,0.52,0,0,0,50.4740757817602,-24.234972448222212,43.852815287490984
154600,0.06,0,0.42062848118160906,0.631578947368421,0.7758002148227712,0.52,0,0,0,50.46805519924671,-24.234972448222212,43.85654707674391
154700,0.06,0,0.4206291822298011,0.631578947368421,0.7815467239527389,0.49,0,0,0,50.47029756103278,-24.234972448222212,43.85452546854621
154800,0.06,0,0.4206444978236131,0.631578947368421,0.7764446831364125,0.54,0,0,0,50.46775676541358,-24.234972448222212,43.8551365053903
154900,0.06,0,0.42060086413677206,0.631578947368421,0.7774113856068743,0.57,0,0,0,50.47283387583522,-24.234972448222212,43.855274207342774
155000,0.06,0,0.4206480773577205,0.631578947368421,0.7776369495166487,0.52,0,0,0,50.47227260720155,-24.234972448222212,43.85083955530029
155100,0.06,0,0.4206421564643287,0.631578947368421,0.7840601503759399,0.57,0,0,0,50.47375722719824,-24.234972448222212,43.85016695924631
155200,0.06,0,0.42067768085360113,0.631578947368421,0.7788936627282492,0.6,0,0,0,50.469403144761635,-24.234972448222212,43.85024671459057
155300,0.06,0,0.42074002442237507,0.631578947368421,0.7809022556390978,0.58,0,0,0,50.46231302792172,-24.234972448222212,43.84990934835069
155400,0.06,0,0.42080201887909596,0.631578947368421,0.783233082706767,0.58,0,0,0,50.454176551243414,-24.234972448222212,43.85051958121
155500,0.06,0,0.4208672669548043,0.631578947368421,0.7775832438238454,0.44,0,0,0,50.45301443300149,-24.234972448222212,43.8447312104846
155600,0.06,0,0.42080477932107324,0.631578947368421,0.7811707841031149,0.49,0,0,0,50.45441823219238,-24.234972448222212,43.85002187936068
155700,0.06,0,0.4207391248125957,0.631578947368421,0.784264232008593,0.53,0,0,0,50.464107338968304,-24.234972448222212,43.84844396795876
155800,0.06,0,0.420785487411887,0.631578947368421,0.7845649838882922,0.58,0,0,0,50.46577052066351,-24.234972448222212,43.842167761368515
155900,0.06,0,0.42085298171910407,0.631578947368421,0.7769172932330827,0.59,0,0,0,50.459242178676476,-24.234972448222212,43.84080789766225
156000,0.06,0,0.4207861579555246,0.631578947368421,0.7797422126745435,0.55,0,0,0,50.46507256014866,-24.234972448222212,43.84270425772402
156100,0.06,0,0.42079573994121244,0.631578947368421,0.7823845327604726,0.65,0,0,0,50.467071425649195,-24.234972448222212,43.83996945820222
156200,0.06,0,0.42083246346778586,0.631578947368421,0.7842534908700323,0.51,0,0,0,50.46853942338053,-24.234972448222212,43.83486872814853
156300,0.06,0,0.42089044991801894,0.631578947368421,0.7814393125671321,0.53,0,0,0,50.46213624164832,-24.234972448222212,43.834391035465146
156400,0.06,0,0.4209655971284865,0.631578947368421,0.7738560687432868,0.6,0,0,0,50.4576506690925,-24.234972448222212,43.830462175432956
156500,0.06,0,0.42096322032371086,0.631578947368421,0.7773684210526316,0.53,0,0,0,50.46304253857232,-24.234972448222212,43.82602642833427
156600,0.06,0,0.42101280382085704,0.631578947368421,0.7737164339419978,0.51,0,0,0,50.46404778861056,-24.234972448222212,43.81999203490252
156700,0.06,0,0.42099108473830477,0.631578947368421,0.7719871106337272,0.6,0,0,0,50.47169476538488,-24.234972448222212,43.81561320571038
156800,0.06,0,0.42097727371379756,0.631578947368421,0.782266380236305,0.57,0,0,0,50.47830432272436,-24.234972448222212,43.811313324671396
156900,0.06,0,0.420954176793808,0.631578947368421,0.7781203007518797,0.6,0,0,0,50.47631636827069,-24.234972448222212,43.81544271973688
157000,0.06,0,0.4209725210903836,0.631578947368421,0.7730397422126746,0.51,0,0,0,50.47319136696776,-24.234972448222212,43.81624609290885
157100,0.06,0,0.4209191054298569,0.631578947368421,0.7726315789473684,0.51,0,0,0,50.47505376782566,-24.234972448222212,43.820189568358536
157200,0.06,0,0.4208723517726007,0.631578947368421,0.7695810955961332,0.49,0,0,0,50.47693745315393,-24.234972448222212,43.823421991468244
157300,0.06,0,0.42088349515607254,0.631578947368421,0.7742964554242749,0.62,0,0,0,50.47460020711878,-24.234972448222212,43.824290921953654
157400,0.06,0,0.42092219973990247,0.631578947368421,0.7683995703544576,0.61,0,0,0,50.46580410217443,-24.234972448222212,43.82789899437714
157500,0.06,0,0.4209300832134787,0.631578947368421,0.7756928034371643,0.53,0,0,0,50.47094997272869,-24.234972448222212,43.82260967397034
157600,0.06,0,0.42097504959357585,0.631578947368421,0.7793555316863587,0.63,0,0,0,50.46592218439862,-24.234972448222212,43.8222942352552
157700,0.06,0,0.4210779235495092,0.631578947368421,0.7747583243823846,0.59,0,0,0,50.45949811394059,-24.234972448222212,43.81716568360855
157800,0.06,0,0.4211066171029155,0.631578947368421,0.773061224489796,0.52,0,0,0,50.45229505703827,-24.234972448222212,43.820435385221316
157900,0.06,0,0.42107733712077866,0.631578947368421,0.7788077336197637,0.66,0,0,0,50.45726066321918,-24.234972448222212,43.819169715667634
158000,0.06,0,0.42115016210095496,0.631578947368421,0.7823308270676692,0.5,0,0,0,50.45459810691106,-24.234972448222212,43.81390453272434
158100,0.06,0,0.4211069947814929,0.631578947368421,0.777422126745435,0.61,0,0,0,50.46101920853948,-24.234972448222212,43.81282002266133
158200,0.06,0,0.42110805163549075,0.631578947368421,0.7748657357679914,0.47,0,0,0,50.462813965984665,-24.234972448222212,43.81115182547367
158300,0.06,0,0.4211072531587303,0.631578947368421,0.7778625134264232,0.61,0,0,0,50.46101263240605,-24.234972448222212,43.81279885031988
158400,0.06,0,0.42107491267779606,0.631578947368421,0.7791729323308271,0.64,0,0,0,50.46697471795089,-24.234972448222212,43.81098750417246
158500,0.06,0,0.42103293929744906,0.631578947368421,0.7747261009667025,0.62,0,0,0,50.471683888517816,-24.234972448222212,43.81126697097617
158600,0.06,0,0.42100178900649754,0.631578947368421,0.7796025778732546,0.56,0,0,0,50.477860244545944,-24.234972448222212,43.80914756147997
158700,0.06,0,0.4209972392210661,0.631578947368421,0.7756068743286788,0.47,0,0,0,50.477496458436896,-24.234972448222212,43.80993674546024
158800,0.06,0,0.4209957401563074,0.631578947368421,0.7716541353383458,0.5,0,0,0,50.47892763753945,-24.234972448222212,43.80885063790373
158900,0.06,0,0.4209636248583775,0.631578947368421,0.7705370569280344,0.54,0,0,0,50.47940416475701,-24.234972448222212,43.81177922482314
159000,0.06,0,0.42099887115807,0.631578947368421,0.7736412459720731,0.55,0,0,0,50.48066004369982,-24.234972448222212,43.807021397643695
159100,0.06,0,0.4209644681349757,0.631578947368421,0.7742105263157895,0.5,0,0,0,50.48063283957396,-24.234972448222212,43.81062510508091
159200,0.06,0,0.4209437842505734,0.631578947368421,0.7788077336197637,0.58,0,0,0,50.486598968063404,-24.234972448222212,43.80760035836563
159300,0.06,0,0.42095256249977697,0.631578947368421,0.777905477980666,0.57,0,0,0,50.49240230083567,-24.234972448222212,43.80165191383842
159400,0.06,0,0.4210339162525989,0.631578947368421,0.7774543501611171,0.48,0,0,0,50.48005016681241,-24.234972448222212,43.80390429755663
159500,0.06,0,0.42103165745690196,0.631578947368421,0.7683995703544576,0.58,0,0,0,50.48882289471522,-24.234972448222212,43.796528076349894
159600,0.06,0,0.4211507439771371,0.631578947368421,0.7702685284640172,0.55,0,0,0,50.47827261854904,-24.234972448222212,43.79329512996987
159700,0.06,0,0.4211135570089014,0.631578947368421,0.7768313641245972,0.59,0,0,0,50.47789715143016,-24.234972448222212,43.7974881267503
159800,0.06,0,0.4210591402677594,0.631578947368421,0.7723308270676692,0.48,0,0,0,50.480421276395454,-24.234972448222212,43.80095816853742
159900,0.06,0,0.42110617866294625,0.631578947368421,0.7710741138560687,0.53,0,0,0,50.478179981642015,-24.234972448222212,43.7980101151121
160000,0.06,0,0.4210813703765299,0.631578947368421,0.7729323308270677,0.47,0,0,0,50.484051039141846,-24.234972448222212,43.795496701240054
160100,0.06,0,0.4210611387999316,0.631578947368421,0.7740279269602578,0.55,0,0,0,50.49190482412731,-24.234972448222212,43.79078851546315
160200,0.06,0,0.4210916900941705,0.631578947368421,0.7787755102040816,0.56,0,0,0,50.49352060763122,-24.234972448222212,43.78621018455818
160300,0.06,0,0.42106867288818134,0.631578947368421,0.7759935553168635,0.64,0,0,0,50.49875283730121,-24.234972448222212,43.784066720432676
160400,0.06,0,0.42107520722615815,0.631578947368421,0.7746294307196563,0.57,0,0,0,50.50151873359624,-24.234972448222212,43.78098931582665
160500,0.06,0,0.4209988486806026,0.631578947368421,0.7796777658431794,0.55,0,0,0,50.50615357833806,-24.234972448222212,43.78491166111727
160600,0.06,0,0.4210414598399474,0.631578947368421,0.7745435016111708,0.52,0,0,0,50.504992323690985,-24.234972448222212,43.781487083485786
160700,0.06,0,0.42104716831985695,0.631578947368421,0.7771750805585392,0.59,0,0,0,50.51066745456911,-24.234972448222212,43.77597449567145
160800,0.06,0,0.4211348279858438,0.631578947368421,0.7802900107411386,0.54,0,0,0,50.50819753463939,-24.234972448222212,43.769002739070196
160900,0.06,0,0.42105446152904646,0.631578947368421,0.7801825993555317,0.52,0,0,0,50.51909835105929,-24.234972448222212,43.76791079754934
161000,0.06,0,0.42106177541610446,0.631578947368421,0.7771535982814178,0.54,0,0,0,50.52418944593711,-24.234972448222212,43.762740325844135
161100,0.06,0,0.42104861000641974,0.631578947368421,0.7819119226638024,0.55,0,0,0,50.523214847290184,-24.234972448222212,43.76495292033564
161200,0.06,0,0.42099850307373465,0.631578947368421,0.7770354457572503,0.46,0,0,0,50.52688602887504,-24.234972448222212,43.766981541258716
161300,0.06,0,0.42094179405131016,0.631578947368421,0.7749731471535983,0.55,0,0,0,50.5295002608204,-24.234972448222212,43.77061313610525
161400,0.06,0,0.4209079459133802,0.631578947368421,0.7765735767991407,0.6,0,0,0,50.524757177302426,-24.234972448222212,43.77824239486592
161500,0.06,0,0.4208421965280513,0.631578947368421,0.7706981740064447,0.47,0,0,0,50.52475666211397,-24.234972448222212,43.785082441903924
161600,0.06,0,0.4207856413151385,0.631578947368421,0.7760042964554242,0.49,0,0,0,50.522624934266865,-24.234972448222212,43.79281502129283
161700,0.06,0,0.4208416217740832,0.631578947368421,0.775327604726101,0.55,0,0,0,50.519728390701175,-24.234972448222212,43.78950021263186
161800,0.06,0,0.4208133310019674,0.631578947368421,0.7758109559613319,0.54,0,0,0,50.52661539844321,-24.234972448222212,43.78647501832071
161900,0.06,0,0.42090199560447306,0.631578947368421,0.7756820622986037,0.5,0,0,0,50.517671766556035,-24.234972448222212,43.78500154127516
162000,0.06,0,0.4207852836978155,0.631578947368421,0.7704940923737916,0.61,0,0,0,50.53220740525401,-24.234972448222212,43.78454775936516
162100,0.06,0,0.4207842213496282,0.631578947368421,0.7782599355531686,0.49,0,0,0,50.531383499005855,-24.234972448222212,43.78537220357257
162200,0.06,0,0.4206998233690977,0.631578947368421,0.7772932330827068,0.55,0,0,0,50.53960101227587,-24.234972448222212,43.78703539757333
162300,0.06,0,0.42061573620440296,0.631578947368421,0.7730182599355532,0.59,0,0,0,50.550128637054144,-24.234972448222212,43.786668100119265
162400,0.06,0,0.42062752282819293,0.631578947368421,0.778141783029001,0.61,0,0,0,50.54935700637585,-24.234972448222212,43.786109511199406
162500,0.06,0,0.42058817186346503,0.631578947368421,0.7750698174006445,0.6,0,0,0,50.54968328002963,-24.234972448222212,43.789923571649766
162600,0.06,0,0.4205877509233598,0.631578947368421,0.7738560687432868,0.54,0,0,0,50.54994954928505,-24.234972448222212,43.78973673686142
162700,0.06,0,0.4205739973021269,0.631578947368421,0.7784103114930183,0.6,0,0,0,50.55883165529301,-24.234972448222212,43.78347557761543
162800,0.06,0,0.4205152220136896,0.631578947368421,0.7826530612244897,0.63,0,0,0,50.56661270465331,-24.234972448222212,43.78285696027008
162900,0.06,0,0.4206141678186356,0.631578947368421,0.7773576799140709,0.5,0,0,0,50.55687263529705,-24.234972448222212,43.78099045843157
163000,0.06,0,0.42072660640416926,0.631578947368421,0.7806337271750805,0.53,0,0,0,50.54871610963149,-24.234972448222212,43.77635265068147
163100,0.06,0,0.4207419795407712,0.631578947368421,0.7832760472610096,0.63,0,0,0,50.55082018391174,-24.234972448222212,43.77293110904729
163200,0.06,0,0.42085424739393956,0.631578947368421,0.7824812030075188,0.53,0,0,0,50.54473841351216,-24.234972448222212,43.76651971247293
163300,0.06,0,0.42085186316988543,0.631578947368421,0.77687432867884,0.56,0,0,0,50.54840747753621,-24.234972448222212,43.76359084238213
163400,0.06,0,0.420943722991287,0.631578947368421,0.7718367346938776,0.58,0,0,0,50.54683445655508,-24.234972448222212,43.75540222626088
163500,0.06,0,0.42095332392879103,0.631578947368421,0.7733941997851772,0.54,0,0,0,50.539638548781504,-24.234972448222212,43.76063408646911
163600,0.06,0,0.4210455146652995,0.631578947368421,0.7735230934479055,0.59,0,0,0,50.52738116051558,-24.234972448222212,43.761665927694004
163700,0.06,0,0.42106889113013773,0.631578947368421,0.7740816326530612,0.53,0,0,0,50.52994085651991,-24.234972448222212,43.75701970070832
163800,0.06,0,0.4210258497777267,0.631578947368421,0.770827067669173,0.54,0,0,0,50.53257615256949,-24.234972448222212,43.75921078725235
163900,0.06,0,0.4209657015161417,0.631578947368421,0.7766595059076262,0.49,0,0,0,50.53096700560346,-24.234972448222212,43.766856875259194
164000,0.06,0,0.4208945917528168,0.631578947368421,0.7795810955961332,0.48,0,0,0,50.53998073195717,-24.234972448222212,43.76644417732314
164100,0.06,0,0.42083637099881355,0.631578947368421,0.774500537056928,0.56,0,0,0,50.53846534590603,-24.234972448222212,43.77381157112185
164200,0.06,0,0.42081865528492207,0.631578947368421,0.774124597207304,0.55,0,0,0,50.54388238043664,-24.234972448222212,43.77096271991233
164300,0.06,0,0.4207096953229438,0.631578947368421,0.7727604726100966,0.54,0,0,0,50.55214064318631,-24.234972448222212,43.775146666085654
164400,0.06,0,0.4206873683675261,0.631578947368421,0.7796025778732546,0.51,0,0,0,50.54667563493189,-24.234972448222212,43.782203060064184
164500,0.06,0,0.4206767268967066,0.631578947368421,0.7801825993555317,0.56,0,0,0,50.551410620319025,-24.234972448222212,43.779209538458
164600,0.06,0,0.42063921127440224,0.631578947368421,0.7775939849624061,0.57,0,0,0,50.551293801544915,-24.234972448222212,43.78321526062932
164700,0.06,0,0.4206836697329921,0.631578947368421,0.7764124597207304,0.54,0,0,0,50.54597887289659,-24.234972448222212,43.78319152210132
164800,0.06,0,0.42078999285919505,0.631578947368421,0.776906552094522,0.53,0,0,0,50.5364355244782,-24.234972448222212,43.780394572931286
164900,0.06,0,0.42084554372674354,0.631578947368421,0.7694951664876477,0.47,0,0,0,50.52706148972234,-24.234972448222212,43.782736925284624
165000,0.06,0,0.4208895943457493,0.631578947368421,0.7717078410311493,0.58,0,0,0,50.521342764580915,-24.234972448222212,43.78311002642983
165100,0.06,0,0.42088241643839397,0.631578947368421,0.7713211600429646,0.5,0,0,0,50.523331841063246,-24.234972448222212,43.78213297520925
165200,0.06,0,0.42086614482636575,0.631578947368421,0.7752738990332976,0.62,0,0,0,50.52781395452024,-24.234972448222212,43.779941806748496
165300,0.06,0,0.42093947831389683,0.631578947368421,0.7754564983888292,0.63,0,0,0,50.524868615385365,-24.234972448222212,43.774866434578676
165400,0.06,0,0.42104669012604956,0.631578947368421,0.7731041890440387,0.6,0,0,0,50.52178125312313,-24.234972448222212,43.766394348562514
165500,0.06,0,0.42108782808632056,0.631578947368421,0.773093447905478,0.48,0,0,0,50.51406085629802,-24.234972448222212,43.76880706601727
165600,0.06,0,0.4210029652175367,0.631578947368421,0.7748657357679914,0.58,0,0,0,50.517484284665294,-24.234972448222212,43.7746629924177
165700,0.06,0,0.421044374184456,0.631578947368421,0.7745327604726101,0.5,0,0,0,50.50954255666411,-24.234972448222212,43.77723994296499
165800,0.06,0,0.4209488028382616,0.631578947368421,0.7711815252416756,0.6,0,0,0,50.51279707263397,-24.234972448222212,43.784357849509554
165900,0.06,0,0.4209507200684514,0.631578947368421,0.7750805585392052,0.56,0,0,0,50.511462798262876,-24.234972448222212,43.78531500334841
166000,0.06,0,0.42094572834759797,0.631578947368421,0.7742212674543502,0.55,0,0,0,50.51228642197952,-24.234972448222212,43.78512027871022
166100,0.06,0,0.42088367656792924,0.631578947368421,0.7801181525241676,0.56,0,0,0,50.51595401678742,-24.234972448222212,43.78839622578177
166200,0.06,0,0.4209317223636183,0.631578947368421,0.7789151450053706,0.48,0,0,0,50.50965257791538,-24.234972448222212,43.78886044146349
166300,0.06,0,0.4209531921932665,0.631578947368421,0.7798818474758324,0.64,0,0,0,50.50876246168951,-24.234972448222212,43.78739873499434
166400,0.06,0,0.420975419607142,0.631578947368421,0.7803222341568207,0.58,0,0,0,50.50858966009137,-24.234972448222212,43.78523656845904
166500,0.06,0,0.42109574308852066,0.631578947368421,0.768968850698174,0.57,0,0,0,50.50017681098852,-24.234972448222212,43.780017537935336
166600,0.06,0,0.42108361921703913,0.631578947368421,0.7748872180451127,0.57,0,0,0,50.502716316918054,-24.234972448222212,43.7790765340297
166700,0.06,0,0.42114242143677866,0.631578947368421,0.7834801288936627,0.5,0,0,0,50.50295828503267,-24.234972448222212,43.772754135140794
166800,0.06,0,0.42119508688077323,0.631578947368421,0.7738668098818475,0.54,0,0,0,50.49859994730084,-24.234972448222212,43.77105825579614
166900,0.06,0,0.4212578017777882,0.631578947368421,0.7757679914070892,0.59,0,0,0,50.499697116550244,-24.234972448222212,43.76359098521264
167000,0.06,0,0.4212990866750385,0.631578947368421,0.7769387755102041,0.51,0,0,0,50.488385879162095,-24.234972448222212,43.76910608157297
167100,0.06,0,0.4213219038786884,0.631578947368421,0.7706659505907626,0.56,0,0,0,50.482448362792724,-24.234972448222212,43.771883356772996
167200,0.06,0,0.4213167119013504,0.631578947368421,0.7669709989258862,0.46,0,0,0,50.48053091537457,-24.234972448222212,43.774085414509265
167300,0.06,0,0.4213240234922201,0.631578947368421,0.7719226638023631,0.52,0,0,0,50.474622391779,-24.234972448222212,43.77844984046495
167400,0.06,0,0.4212922025924829,0.631578947368421,0.7786358754027927,0.5,0,0,0,50.47414346531233,-24.234972448222212,43.782171924901945
167500,0.06,0,0.4212571954857561,0.631578947368421,0.7735875402792696,0.56,0,0,0,50.48526762360516,-24.234972448222212,43.7761623205039
167600,0.06,0,0.42113091398803987,0.631578947368421,0.7754779806659506,0.6,0,0,0,50.4960638561352,-24.234972448222212,43.77992686240915
167700,0.06,0,0.42110503804804555,0.631578947368421,0.7822986036519871,0.5,0,0,0,50.49320097007377,-24.234972448222212,43.785099445007845
167800,0.06,0,0.42091703935904756,0.631578947368421,0.7678839957035446,0.48,0,0,0,50.50537234966106,-24.234972448222212,43.79409909135231
167900,0.06,0,0.42091755953831833,0.631578947368421,0.778968850698174,0.55,0,0,0,50.50479609918294,-24.234972448222212,43.79454465166796
168000,0.06,0,0.42090396418317255,0.631578947368421,0.7786466165413534,0.49,0,0,0,50.49986229944595,-24.234972448222212,43.80023806510035
168100,0.06,0,0.4209517968503817,0.631578947368421,0.7813426423200859,0.65,0,0,0,50.493895678539324,-24.234972448222212,43.80043612839801
168200,0.06,0,0.4209322205978035,0.631578947368421,0.7773361976369495,0.55,0,0,0,50.493226434076874,-24.234972448222212,43.803053715148515
168300,0.06,0,0.4209043043314827,0.631578947368421,0.7802577873254565,0.55,0,0,0,50.49272339107661,-24.234972448222212,43.80639535554374
168400,0.06,0,0.42090241344398543,0.631578947368421,0.7755424274973147,0.55,0,0,0,50.48989773561041,-24.234972448222212,43.809043779860524
168500,0.06,0,0.42096771768236363,0.631578947368421,0.7764876476906553,0.53,0,0,0,50.48109162059822,-24.234972448222212,43.809888765131085
168600,0.06,0,0.42094032001612863,0.631578947368421,0.7809129967776585,0.57,0,0,0,50.48349039802397,-24.234972448222212,43.81065840186736
168700,0.06,0,0.4208755753884449,0.631578947368421,0.7798174006444684,0.54,0,0,0,50.496363920258965,-24.234972448222212,43.80622714532355
168800,0.06,0,0.42091050541703007,0.631578947368421,0.7789795918367347,0.57,0,0,0,50.502585801447424,-24.234972448222212,43.797195358508176
168900,0.06,0,0.4209662904203612,0.631578947368421,0.7818796992481203,0.49,0,0,0,50.49528986333119,-24.234972448222212,43.797718813594734
169000,0.06,0,0.4209640002924864,0.631578947368421,0.7747153598281418,0.62,0,0,0,50.500508953374364,-24.234972448222212,43.79343068233055
169100,0.06,0,0.4208203471532999,0.631578947368421,0.7771428571428571,0.6,0,0,0,50.51053173512265,-24.234972448222212,43.79968732924503
169200,0.06,0,0.4209407751559666,0.631578947368421,0.7813426423200859,0.56,0,0,0,50.504498584780336,-24.234972448222212,43.79238727902094
169300,0.06,0,0.42092622712564,0.631578947368421,0.7682921589688507,0.46,0,0,0,50.49618076232093,-24.234972448222212,43.801114639983616
169400,0.06,0,0.42106787192992434,0.631578947368421,0.7797636949516649,0.55,0,0,0,50.48593236393745,-24.234972448222212,43.7952686194945
169500,0.06,0,0.42105366553111306,0.631578947368421,0.7721589688506981,0.56,0,0,0,50.488825985305596,-24.234972448222212,43.79423619273387
169600,0.06,0,0.42096246968680734,0.631578947368421,0.7704833512352309,0.64,0,0,0,50.48087737253003,-24.234972448222212,43.81062086583043
169700,0.06,0,0.42091296913103354,0.631578947368421,0.7707948442534909,0.55,0,0,0,50.486660504711324,-24.234972448222212,43.81075412157072
169800,0.06,0,0.420966489217062,0.631578947368421,0.7765198711063372,0.56,0,0,0,50.4773554018705,-24.234972448222212,43.813259328757425
169900,0.06,0,0.4210013319917499,0.631578947368421,0.772610096670247,0.62,0,0,0,50.474585171714025,-24.234972448222212,43.81203770328154
170000,0.06,0,0.42109262677541537,0.631578947368421,0.7724274973147154,0.57,0,0,0,50.47194525391776,-24.234972448222212,43.80483013238869
170100,0.06,0,0.42106695030430585,0.631578947368421,0.7734264232008593,0.62,0,0,0,50.47256187149407,-24.234972448222212,43.80696613971978
170200,0.06,0,0.42109200336750124,0.631578947368421,0.7752953813104189,0.65,0,0,0,50.472123915754075,-24.234972448222212,43.804739922385835
170300,0.06,0,0.42109493711762436,0.631578947368421,0.778764769065521,0.52,0,0,0,50.470762492996926,-24.234972448222212,43.80561633867501
170400,0.06,0,0.4211223491083471,0.631578947368421,0.7695810955961332,0.6,0,0,0,50.471340330527525,-24.234972448222212,43.802263422654235
170500,0.06,0,0.42103221960024256,0.631578947368421,0.7751127819548872,0.58,0,0,0,50.477291140749266,-24.234972448222212,43.80647509277989
170600,0.06,0,0.4210539862212316,0.631578947368421,0.7691299677765843,0.55,0,0,0,50.47672192163043,-24.234972448222212,43.8047044666989
170700,0.06,0,0.4211103344985314,0.631578947368421,0.778077336197637,0.62,0,0,0,50.47368917765675,-24.234972448222212,43.80147469240968
170800,0.06,0,0.4212152573203608,0.631578947368421,0.7815682062298603,0.59,0,0,0,50.46389500445831,-24.234972448222212,43.799062937045726
170900,0.06,0,0.421195566174596,0.631578947368421,0.7649409237379162,0.48,0,0,0,50.46906508469688,-24.234972448222212,43.796623558433005
171000,0.06,0,0.42113507674721523,0.631578947368421,0.7638453276047261,0.54,0,0,0,50.47681676837384,-24.234972448222212,43.79618747638604
171100,0.06,0,0.42107413798104737,0.631578947368421,0.7718474758324383,0.56,0,0,0,50.484410237014615,-24.234972448222212,43.79593732397115
171200,0.06,0,0.42113977122750007,0.631578947368421,0.7672073039742213,0.55,0,0,0,50.47153030248578,-24.234972448222212,43.80028650567323
171300,0.06,0,0.4210666846459086,0.631578947368421,0.7748979591836734,0.49,0,0,0,50.48096740718802,-24.234972448222212,43.79969951932692
171400,0.06,0,0.4209013247276287,0.631578947368421,0.7744575725026853,0.57,0,0,0,50.48953370334459,-24.234972448222212,43.80947296407481
171500,0.06,0,0.42078880827060605,0.631578947368421,0.7788936627282492,0.59,0,0,0,50.507787557488705,-24.234972448222212,43.80535008809686
171600,0.06,0,0.42093444110341094,0.631578947368421,0.7819763694951665,0.59,0,0,0,50.49124035365216,-24.234972448222212,43.804545636609305
171700,0.06,0,0.42094822434992063,0.631578947368421,0.7863694951664877,0.62,0,0,0,50.49250568441691,-24.234972448222212,43.802013633871596
171800,0.06,0,0.421020370085285,0.631578947368421,0.7752631578947369,0.54,0,0,0,50.48776219139217,-24.234972448222212,43.79862239314271
171900,0.06,0,0.42103040963516375,0.631578947368421,0.7812567132116004,0.56,0,0,0,50.48709237892036,-24.234972448222212,43.79815906935028
172000,0.06,0,0.42113972218341106,0.631578947368421,0.7772717508055854,0.6,0,0,0,50.479495099499054,-24.234972448222212,43.793380673002105
172100,0.06,0,0.421102364323868,0.631578947368421,0.7746079484425349,0.53,0,0,0,50.47871189239955,-24.234972448222212,43.797945318659075
172200,0.06,0,0.42097715927390916,0.631578947368421,0.7770891514500538,0.62,0,0,0,50.490290339259985,-24.234972448222212,43.80092475421637
172300,0.06,0,0.42088515003867955,0.631578947368421,0.775703544575725,0.51,0,0,0,50.49978304066831,-24.234972448222212,43.80226474292093
172400,0.06,0,0.4209130236797555,0.631578947368421,0.769795918367347,0.5,0,0,0,50.49918141180046,-24.234972448222212,43.79988588539417
172500,0.06,0,0.4208672054873268,0.631578947368421,0.7803759398496241,0.5,0,0,0,50.500512347698326,-24.234972448222212,43.80349974311845
172600,0.06,0,0.4208936975891006,0.631578947368421,0.7782384532760472,0.59,0,0,0,50.498103680083645,-24.234972448222212,43.80283185699922
172700,0.06,0,0.42095761222309197,0.631578947368421,0.7770891514500538,0.56,0,0,0,50.4977034509985,-24.234972448222212,43.796528321376414
172800,0.06,0,0.4210563766598757,0.631578947368421,0.7752416756176155,0.51,0,0,0,50.49023753186227,-24.234972448222212,43.79272986742598
172900,0.06,0,0.42108556914591627,0.631578947368421,0.7714285714285715,0.48,0,0,0,50.48683602048655,-24.234972448222212,43.79264415723921
173000,0.06,0,0.42100107440719914,0.631578947368421,0.7672180451127819,0.59,0,0,0,50.49008877077066,-24.234972448222212,43.79861147910043
173100,0.06,0,0.4210766726746407,0.631578947368421,0.7753168635875403,0.59,0,0,0,50.47563209036443,-24.234972448222212,43.80329013639839
173200,0.06,0,0.42109381775164784,0.631578947368421,0.7768098818474758,0.6,0,0,0,50.476204450819786,-24.234972448222212,43.801009985611856
173300,0.06,0,0.42104725168302676,0.631578947368421,0.7814393125671321,0.53,0,0,0,50.47612024408432,-24.234972448222212,43.80592727356563
173400,0.06,0,0.421081307490726,0.631578947368421,0.7819119226638024,0.49,0,0,0,50.47889222508389,-24.234972448222212,43.79997903056511
173500,0.06,0,0.4210345198456942,0.631578947368421,0.7762406015037594,0.6,0,0,0,50.481476080057845,-24.234972448222212,43.802604205489686
173600,0.06,0,0.42097943799671583,0.631578947368421,0.7748764769065521,0.5,0,0,0,50.4892708084151,-24.234972448222212,43.801572132010165
173700,0.06,0,0.4210365670514573,0.631578947368421,0.7706552094522019,0.66,0,0,0,50.478554536142155,-24.234972448222212,43.8049263721817
173800,0.06,0,0.42104592359231136,0.631578947368421,0.7688184747583244,0.62,0,0,0,50.4735698642513,-24.234972448222212,43.808278926493465
173900,0.06,0,0.421107206088046,0.631578947368421,0.765359828141783,0.56,0,0,0,50.470786265096386,-24.234972448222212,43.804319428641705
174000,0.06,0,0.4211784902967875,0.631578947368421,0.7716326530612245,0.6,0,0,0,50.46593046018862,-24.234972448222212,43.801119688547324
174100,0.06,0,0.4211803066974671,0.631578947368421,0.7783673469387755,0.56,0,0,0,50.466062898668554,-24.234972448222212,43.80081584279368
174200,0.06,0,0.42126789539144976,0.631578947368421,0.7744468313641246,0.63,0,0,0,50.456683613239186,-24.234972448222212,43.79984926259996
174300,0.06,0,0.4213034816793044,0.631578947368421,0.7713319011815253,0.59,0,0,0,50.44940893965945,-24.234972448222212,43.80246490676708
174400,0.06,0,0.4214116428309099,0.631578947368421,0.7724597207303974,0.58,0,0,0,50.44577012857944,-24.234972448222212,43.79438119347736
174500,0.06,0,0.4213015281936054,0.631578947368421,0.762781954887218,0.59,0,0,0,50.45430560633874,-24.234972448222212,43.798416894304076
174600,0.06,0,0.421200043536344,0.631578947368421,0.7779699248120301,0.58,0,0,0,50.46122128907441,-24.234972448222212,43.802965764304375
174700,0.06,0,0.4211656033512088,0.631578947368421,0.7749516648764769,0.64,0,0,0,50.465220736788,-24.234972448222212,43.803075948636405
174800,0.06,0,0.4211909737153228,0.631578947368421,0.7743501611170784,0.53,0,0,0,50.467115512152716,-24.234972448222212,43.79879300148454
174900,0.06,0,0.4212373423430868,0.631578947368421,0.7691729323308271,0.51,0,0,0,50.463165385673385,-24.234972448222212,43.79739983212356
175000,0.06,0,0.4212298214290596,0.631578947368421,0.769484425349087,0.53,0,0,0,50.46669999476378,-24.234972448222212,43.7951142632196
175100,0.06,0,0.4212228959708955,0.631578947368421,0.773297529538131,0.55,0,0,0,50.46881624515169,-24.234972448222212,43.793997872503446
175200,0.06,0,0.42115721550966906,0.631578947368421,0.7758539205155747,0.53,0,0,0,50.47277080590543,-24.234972448222212,43.797395838302755
175300,0.06,0,0.4212124347939799,0.631578947368421,0.7749731471535983,0.58,0,0,0,50.474262877719056,-24.234972448222212,43.790359645990705
175400,0.06,0,0.42117899101859585,0.631578947368421,0.7774973147153599,0.61,0,0,0,50.47434616060297,-24.234972448222212,43.793764565472
175500,0.06,0,0.42118245492963174,0.631578947368421,0.7802255639097745,0.55,0,0,0,50.47087062238016,-24.234972448222212,43.79642010728205
175600,0.06,0,0.4212215852849535,0.631578947368421,0.7684854994629431,0.53,0,0,0,50.47276330068355,-24.234972448222212,43.790709367818
175700,0.06,0,0.4212523362289935,0.631578947368421,0.7797636949516649,0.5,0,0,0,50.46533927550802,-24.234972448222212,43.7939543365303
175800,0.06,0,0.4212550732738122,0.631578947368421,0.7765520945220193,0.56,0,0,0,50.46885343531991,-24.234972448222212,43.790620426568736
175900,0.06,0,0.42117535767100706,0.631578947368421,0.7734908700322234,0.54,0,0,0,50.47233379383755,-24.234972448222212,43.79588846319669
176000,0.06,0,0.42119735661665064,0.631578947368421,0.7762298603651987,0.6,0,0,0,50.478828549781255,-24.234972448222212,43.78796640921373
176100,0.06,0,0.4211746827782813,0.631578947368421,0.7684747583243824,0.54,0,0,0,50.481543204502735,-24.234972448222212,43.78796889081478
176200,0.06,0,0.4211668065391896,0.631578947368421,0.7762835660580022,0.53,0,0,0,50.48520716784459,-24.234972448222212,43.78560979870048
176300,0.06,0,0.42111783539602776,0.631578947368421,0.7752524167561762,0.5,0,0,0,50.485821435155614,-24.234972448222212,43.79016875273993
176400,0.06,0,0.4210851558895574,0.631578947368421,0.7750053705692803,0.49,0,0,0,50.49182414662699,-24.234972448222212,43.78836082244956
176500,0.06,0,0.42108457139482525,0.631578947368421,0.7775402792696026,0.59,0,0,0,50.492235447993544,-24.234972448222212,43.788064910534125
176600,0.06,0,0.42104566864132487,0.631578947368421,0.7729323308270677,0.49,0,0,0,50.49648238911834,-24.234972448222212,43.78842765499495
176700,0.06,0,0.42097562075917405,0.631578947368421,0.774124597207304,0.5,0,0,0,50.500179439193104,-24.234972448222212,43.792507568176276
176800,0.06,0,0.42105220695183776,0.631578947368421,0.7739957035445757,0.54,0,0,0,50.49772506805338,-24.234972448222212,43.786670130555585
176900,0.06,0,0.4210328547780399,0.631578947368421,0.7706552094522019,0.47,0,0,0,50.49950509148506,-24.234972448222212,43.78713924418436
177000,0.06,0,0.4210451379769874,0.631578947368421,0.7695703544575725,0.5,0,0,0,50.5062213809507,-24.234972448222212,43.78003921710143
177100,0.06,0,0.4210813761952966,0.631578947368421,0.7770247046186896,0.52,0,0,0,50.50250168404421,-24.234972448222212,43.779495796658324
177200,0.06,0,0.42105922092162995,0.631578947368421,0.7774543501611171,0.57,0,0,0,50.50637161961871,-24.234972448222212,43.77844470348653
177300,0.06,0,0.421045567582862,0.631578947368421,0.775327604726101,0.52,0,0,0,50.50389952461696,-24.234972448222212,43.78200727981723
177400,0.06,0,0.42111814962082456,0.631578947368421,0.7757787325456499,0.38,0,0,0,50.49302741942318,-24.234972448222212,43.78388667978644
177500,0.06,0,0.4212222743185681,0.631578947368421,0.7771965628356606,0.52,0,0,0,50.483013951660816,-24.234972448222212,43.781745981116124
177600,0.06,0,0.4213375617588737,0.631578947368421,0.7731149301825994,0.59,0,0,0,50.479255008623014,-24.234972448222212,43.77302563023772
177700,0.06,0,0.42132794465679557,0.631578947368421,0.7788721804511278,0.63,0,0,0,50.48226842797663,-24.234972448222212,43.77141179320775
177800,0.06,0,0.42124683921051465,0.631578947368421,0.7706659505907626,0.54,0,0,0,50.48758770080928,-24.234972448222212,43.77522683559059
177900,0.06,0,0.4212588504306152,0.631578947368421,0.7800966702470462,0.47,0,0,0,50.48907993562424,-24.234972448222212,43.77268492042082
178000,0.06,0,0.4212444310671148,0.631578947368421,0.7769387755102041,0.59,0,0,0,50.4903843248182,-24.234972448222212,43.773052396624934
178100,0.06,0,0.42120106966356463,0.631578947368421,0.7705907626208378,0.51,0,0,0,50.488187102738976,-24.234972448222212,43.779463881517756
178200,0.06,0,0.42116620393810855,0.631578947368421,0.7675295381310419,0.55,0,0,0,50.496941535127874,-24.234972448222212,43.775497629328065
178300,0.06,0,0.42123614011732535,0.631578947368421,0.7744146079484425,0.59,0,0,0,50.49200138007111,-24.234972448222212,43.77251205455957
178400,0.06,0,0.4212648200059963,0.631578947368421,0.7802470461868958,0.59,0,0,0,50.494589233091915,-24.234972448222212,43.76728881013526
178500,0.06,0,0.42117732271601194,0.631578947368421,0.7730397422126746,0.56,0,0,0,50.50468861919025,-24.234972448222212,43.767627294171824
178600,0.06,0,0.42110252932490305,0.631578947368421,0.7755746509129968,0.59,0,0,0,50.51916560053029,-24.234972448222212,43.762856544713074
178700,0.06,0,0.4210704129644321,0.631578947368421,0.7730290010741139,0.58,0,0,0,50.517898896290944,-24.234972448222212,43.76729188451807
178800,0.06,0,0.4210732886031311,0.631578947368421,0.7819978517722879,0.56,0,0,0,50.520289892309684,-24.234972448222212,43.7649216044908
178900,0.06,0,0.42103102642518575,0.631578947368421,0.7798496240601503,0.54,0,0,0,50.52372751067212,-24.234972448222212,43.76633658179849
179000,0.06,0,0.42112648097742367,0.631578947368421,0.77687432867884,0.52,0,0,0,50.52344523852431,-24.234972448222212,43.75666075866539
179100,0.06,0,0.4209941304902052,0.631578947368421,0.7815467239527389,0.63,0,0,0,50.535134612475446,-24.234972448222212,43.76029219167172
179200,0.06,0,0.4210242834173725,0.631578947368421,0.7823952738990333,0.57,0,0,0,50.53298069512599,-24.234972448222212,43.75902327076851
179300,0.06,0,0.4209814521627415,0.631578947368421,0.7799140708915145,0.52,0,0,0,50.53403448602323,-24.234972448222212,43.762562772537066
179400,0.06,0,0.4209897402797663,0.631578947368421,0.7766380236305048,0.62,0,0,0,50.532687506580004,-24.234972448222212,43.762867704094965
179500,0.06,0,0.42085938353018393,0.631578947368421,0.7758646616541354,0.58,0,0,0,50.53665409541967,-24.234972448222212,43.772986807492906
179600,0.06,0,0.4209256674778342,0.631578947368421,0.7779591836734694,0.53,0,0,0,50.52934671595735,-24.234972448222212,43.77242309505859
179700,0.06,0,0.42084949028590124,0.631578947368421,0.7751987110633727,0.59,0,0,0,50.526898421546576,-24.234972448222212,43.78246764924483
179800,0.06,0,0.42075095137563495,0.631578947368421,0.7840064446831364,0.59,0,0,0,50.53386668854926,-24.234972448222212,43.786682692821756
179900,0.06,0,0.4207016027240616,0.631578947368421,0.7869602577873255,0.59,0,0,0,50.53173908736502,-24.234972448222212,43.7936627293738
180000,0.06,0,0.42069170269803824,0.631578947368421,0.7838882921589688,0.55,0,0,0,50.53236183952587,-24.234972448222212,43.79415359570936
180100,0.06,0,0.42068963010801774,0.631578947368421,0.7806981740064447,0.57,0,0,0,50.52715894072843,-24.234972448222212,43.798878961950564
180200,0.06,0,0.4206078272159163,0.631578947368421,0.7811815252416756,0.6,0,0,0,50.53280375943665,-24.234972448222212,43.802503738577045
180300,0.06,0,0.42057398062635076,0.631578947368421,0.7757894736842105,0.48,0,0,0,50.53454489176158,-24.234972448222212,43.80451953262066
180400,0.06,0,0.4205505892910959,0.631578947368421,0.7749838882921589,0.52,0,0,0,50.53405742552581,-24.234972448222212,43.807378547096555
180500,0.06,0,0.4205988229298772,0.631578947368421,0.7845435016111708,0.58,0,0,0,50.53504194857039,-24.234972448222212,43.80150142606426
180600,0.06,0,0.4206220675963531,0.631578947368421,0.7774543501611171,0.57,0,0,0,50.52966926467944,-24.234972448222212,43.80373788000013
180700,0.06,0,0.4204871871578747,0.631578947368421,0.7764554242749732,0.47,0,0,0,50.537030460070035,-24.234972448222212,43.81140641008428
180800,0.06,0,0.42050414039653095,0.631578947368421,0.7835230934479055,0.47,0,0,0,50.54175548038833,-24.234972448222212,43.80554443728558
180900,0.06,0,0.42058245712077336,0.631578947368421,0.7753490870032224,0.59,0,0,0,50.532906624305355,-24.234972448222212,43.80505679423554
181000,0.06,0,0.4204913163673393,0.631578947368421,0.785531686358754,0.59,0,0,0,50.537388842897144,-24.234972448222212,43.81066550078372
181100,0.06,0,0.420574452576106,0.631578947368421,0.7823093447905478,0.54,0,0,0,50.527075697004484,-24.234972448222212,43.81094579881873
181200,0.06,0,0.4206535097622011,0.631578947368421,0.7849087003222341,0.51,0,0,0,50.51684856268499,-24.234972448222212,43.811579872519054
181300,0.06,0,0.42063525026460463,0.631578947368421,0.7856498388829216,0.59,0,0,0,50.51916993074948,-24.234972448222212,43.81146846411143
181400,0.06,0,0.4206790426025845,0.631578947368421,0.7824919441460795,0.61,0,0,0,50.52242516290031,-24.234972448222212,43.8040851849794
181500,0.06,0,0.4206745399663367,0.631578947368421,0.774264232008593,0.43,0,0,0,50.52351072471886,-24.234972448222212,43.80361283991686
181600,0.06,0,0.42075816939686145,0.631578947368421,0.7784854994629431,0.59,0,0,0,50.52028363753586,-24.234972448222212,43.79770397191716
181700,0.06,0,0.4207379844331533,0.631578947368421,0.7823308270676692,0.56,0,0,0,50.51979006799022,-24.234972448222212,43.80023308936128
181800,0.06,0,0.4206380546890004,0.631578947368421,0.7799140708915145,0.64,0,0,0,50.51358542803968,-24.234972448222212,43.81601989129868
181900,0.06,0,0.42061837376184463,0.631578947368421,0.7763157894736842,0.51,0,0,0,50.516474869204565,-24.234972448222212,43.81556375719229
182000,0.06,0,0.4205933220790373,0.631578947368421,0.7697207303974222,0.49,0,0,0,50.51720655792964,-24.234972448222212,43.81753887114172
182100,0.06,0,0.4206763226528967,0.631578947368421,0.7740923737916219,0.41,0,0,0,50.51049652590072,-24.234972448222212,43.814713314669454
182200,0.06,0,0.42068405835978284,0.631578947368421,0.778829215896885,0.62,0,0,0,50.504271257895084,-24.234972448222212,43.81930823119034
182300,0.06,0,0.4206347903912404,0.631578947368421,0.7815467239527389,0.59,0,0,0,50.50325875228756,-24.234972448222212,43.82531929071896
182400,0.06,0,0.42067206093446907,0.631578947368421,0.7804403866809881,0.56,0,0,0,50.5029348712586,-24.234972448222212,43.82171750357645
182500,0.06,0,0.42071835145846276,0.631578947368421,0.7890118152524167,0.65,0,0,0,50.49772065775994,-24.234972448222212,43.821420291764035
182600,0.06,0,0.4207031298933564,0.631578947368421,0.7822986036519871,0.46,0,0,0,50.49754352107312,-24.234972448222212,43.8231595290836
182700,0.06,0,0.42076895387344476,0.631578947368421,0.781031149301826,0.63,0,0,0,50.493196722891724,-24.234972448222212,43.82007595592874
182800,0.06,0,0.4207656875265756,0.631578947368421,0.7741783029001074,0.52,0,0,0,50.49415725468368,-24.234972448222212,43.819582545557516
182900,0.06,0,0.42068317239245506,0.631578947368421,0.775531686358754,0.58,0,0,0,50.49917039321276,-24.234972448222212,43.82382666414885
183000,0.06,0,0.42069596627336026,0.631578947368421,0.7726315789473684,0.45,0,0,0,50.49884651684993,-24.234972448222212,43.82277498507857
183100,0.06,0,0.4207339736513839,0.631578947368421,0.7693340494092373,0.52,0,0,0,50.49377008863508,-24.234972448222212,43.82322157252262
183200,0.06,0,0.4207542856222043,0.631578947368421,0.7706122448979592,0.53,0,0,0,50.494071739495666,-24.234972448222212,43.820844213834455
183300,0.06,0,0.42082993097385846,0.631578947368421,0.7764554242749732,0.49,0,0,0,50.48759132178075,-24.234972448222212,43.81859098047705
183400,0.06,0,0.42082505589923075,0.631578947368421,0.7720408163265307,0.47,0,0,0,50.48245560186429,-24.234972448222212,43.82355643789953
183500,0.06,0,0.4207711446336392,0.631578947368421,0.7740923737916219,0.4,0,0,0,50.48752770334951,-24.234972448222212,43.824768140591026
183600,0.06,0,0.42072588076509476,0.631578947368421,0.7785821697099893,0.57,0,0,0,50.49308397880938,-24.234972448222212,43.82466002541384
183700,0.06,0,0.42075004206963473,0.631578947368421,0.7808485499462943,0.55,0,0,0,50.487134479690376,-24.234972448222212,43.827307506089355
183800,0.06,0,0.42074573900476064,0.631578947368421,0.7681632653061224,0.63,0,0,0,50.4808650209945,-24.234972448222212,43.833198915606665
183900,0.06,0,0.4207316824177829,0.631578947368421,0.7825026852846402,0.65,0,0,0,50.47265750286993,-24.234972448222212,43.84179146963508
184000,0.06,0,0.420753430593282,0.631578947368421,0.7759291084854995,0.55,0,0,0,50.47208268857004,-24.234972448222212,43.840024624471134
184100,0.06,0,0.4206862271203785,0.631578947368421,0.7738668098818475,0.57,0,0,0,50.47408661897404,-24.234972448222212,43.84528712652494
184200,0.06,0,0.42073118124197395,0.631578947368421,0.7723737916219119,0.57,0,0,0,50.47763542125156,-24.234972448222212,43.83752017300697
184300,0.06,0,0.42064199164218574,0.631578947368421,0.7802040816326531,0.5,0,0,0,50.483116512990584,-24.234972448222212,43.84205456381848
184400,0.06,0,0.4206757952609995,0.631578947368421,0.7806015037593985,0.44,0,0,0,50.479278776368126,-24.234972448222212,43.84186448040091
184500,0.06,0,0.4206329882131599,0.631578947368421,0.7781525241675618,0.47,0,0,0,50.47970921385108,-24.234972448222212,43.84595231153063
184600,0.06,0,0.42064198156462773,0.631578947368421,0.7841031149301826,0.53,0,0,0,50.47808171523477,-24.234972448222212,43.84642851970809
184700,0.06,0,0.4205076641528916,0.631578947368421,0.7812674543501611,0.65,0,0,0,50.48429444749037,-24.234972448222212,43.85503624411872
184800,0.06,0,0.42046287752510714,0.631578947368421,0.7833082706766917,0.58,0,0,0,50.48901825775277,-24.234972448222212,43.85560400577298
184900,0.06,0,0.42040006499745125,0.631578947368421,0.780343716433942,0.57,0,0,0,50.49371335035034,-24.234972448222212,43.85807806348655
185000,0.06,0,0.4203520100035205,0.631578947368421,0.7901288936627282,0.47,0,0,0,50.49703902544902,-24.234972448222212,43.860203184499795
185100,0.06,0,0.4204035844362285,0.631578947368421,0.7867024704618689,0.47,0,0,0,50.48994258639674,-24.234972448222212,43.86098634833705
185200,0.06,0,0.42044407108739623,0.631578947368421,0.7836627282491944,0.58,0,0,0,50.488007496186185,-24.234972448222212,43.85844368548788
185300,0.06,0,0.4204914765574503,0.631578947368421,0.7825349087003223,0.55,0,0,0,50.492368363533004,-24.234972448222212,43.84971167257292
185400,0.06,0,0.42054786648757647,0.631578947368421,0.7803974221267455,0.62,0,0,0,50.48430654072923,-24.234972448222212,43.850833411298126
185500,0.06,0,0.4205085591845584,0.631578947368421,0.7817400644468314,0.51,0,0,0,50.49502622793153,-24.234972448222212,43.84562234684777
185600,0.06,0,0.4204272677927885,0.631578947368421,0.7844575725026853,0.55,0,0,0,50.495660995273056,-24.234972448222212,43.8535488054441
185700,0.06,0,0.42033532635727067,0.631578947368421,0.7705907626208378,0.52,0,0,0,50.49923308041453,-24.234972448222212,43.86003836928742
185800,0.06,0,0.4203246046964145,0.631578947368421,0.7770139634801289,0.58,0,0,0,50.50157569516602,-24.234972448222212,43.859122567422155
185900,0.06,0,0.4202896660286448,0.631578947368421,0.7849731471535982,0.53,0,0,0,50.496465862122356,-24.234972448222212,43.867207131659434
186000,0.06,0,0.4202913239351212,0.631578947368421,0.7801825993555317,0.57,0,0,0,50.50452924353748,-24.234972448222212,43.86003042892388
186100,0.06,0,0.4202272445117793,0.631578947368421,0.7805585392051557,0.44,0,0,0,50.508106815553994,-24.234972448222212,43.86361138595102
186200,0.06,0,0.42021297473606506,0.631578947368421,0.7805692803437164,0.51,0,0,0,50.505680468462906,-24.234972448222212,43.86720825214622
186300,0.06,0,0.4202252576455277,0.631578947368421,0.7812567132116004,0.52,0,0,0,50.50676697860022,-24.234972448222212,43.86498239109643
186400,0.06,0,0.4202313892846272,0.631578947368421,0.7821589688506981,0.57,0,0,0,50.49706993227545,-24.234972448222212,43.872765703963246
186500,0.06,0,0.42012930194473763,0.631578947368421,0.7831686358754028,0.52,0,0,0,50.49928214311413,-24.234972448222212,43.881503968403926
186600,0.06,0,0.42016132743970996,0.631578947368421,0.7870998925886143,0.57,0,0,0,50.49757224655944,-24.234972448222212,43.87964499360521
186700,0.06,0,0.420295818844557,0.631578947368421,0.7817293233082707,0.61,0,0,0,50.49113825965793,-24.234972448222212,43.871193555285295
186800,0.06,0,0.4202705545518075,0.631578947368421,0.7806766917293233,0.46,0,0,0,50.492894627498174,-24.234972448222212,43.8723047164188
186900,0.06,0,0.4203061352435694,0.631578947368421,0.7724704618689581,0.56,0,0,0,50.485535702476774,-24.234972448222212,43.87498515932133
187000,0.06,0,0.4203217061216695,0.631578947368421,0.7851450053705693,0.57,0,0,0,50.48362733797578,-24.234972448222212,43.87501828965072
187100,0.06,0,0.42029807214166665,0.631578947368421,0.7716326530612245,0.53,0,0,0,50.47580751263732,-24.234972448222212,43.88428304507029
187200,0.06,0,0.42026138694725473,0.631578947368421,0.7777765843179377,0.51,0,0,0,50.47645584919753,-24.234972448222212,43.88755005080652
187300,0.06,0,0.4202110896391968,0.631578947368421,0.77203007518797,0.49,0,0,0,50.47770569598321,-24.234972448222212,43.891716383759515
187400,0.06,0,0.42023900823327476,0.631578947368421,0.7691514500537057,0.62,0,0,0,50.48819756756027,-24.234972448222212,43.87967997454043
187500,0.06,0,0.4201931391544146,0.631578947368421,0.7772932330827068,0.54,0,0,0,50.48381126832551,-24.234972448222212,43.88828287723659
187600,0.06,0,0.42006295893272183,0.631578947368421,0.7798174006444684,0.59,0,0,0,50.49668666386697,-24.234972448222212,43.890690253922564
187700,0.06,0,0.4199624843600944,0.631578947368421,0.7825671321160043,0.52,0,0,0,50.503659374004016,-24.234972448222212,43.89512979936322
187800,0.06,0,0.4199807448241845,0.631578947368421,0.7905585392051557,0.57,0,0,0,50.50718213202687,-24.234972448222212,43.89015982064234
187900,0.06,0,0.42002982615216466,0.631578947368421,0.7827712137486573,0.55,0,0,0,50.49678342942755,-24.234972448222212,43.894068324952244
188000,0.06,0,0.4201022130745515,0.631578947368421,0.780032223415682,0.58,0,0,0,50.49367204952488,-24.234972448222212,43.889209282551896
188100,0.06,0,0.41997876130692624,0.631578947368421,0.7842320085929109,0.66,0,0,0,50.500755444588016,-24.234972448222212,43.895952563917746
188200,0.06,0,0.4199315577552941,0.631578947368421,0.7824382384532761,0.58,0,0,0,50.507636626162835,-24.234972448222212,43.894905732930035
188300,0.06,0,0.41993196074912137,0.631578947368421,0.7902900107411386,0.46,0,0,0,50.50083008450926,-24.234972448222212,43.900779792832964
188400,0.06,0,0.419816184758936,0.631578947368421,0.7835123523093448,0.47,0,0,0,50.50732148011104,-24.234972448222212,43.907242800542065
188500,0.06,0,0.4199353195792553,0.631578947368421,0.776219119226638,0.5,0,0,0,50.50274157071337,-24.234972448222212,43.89876706057529
188600,0.06,0,0.4199159518191086,0.631578947368421,0.7744360902255639,0.55,0,0,0,50.50664628720693,-24.234972448222212,43.897397789324195
188700,0.06,0,0.419927743824541,0.631578947368421,0.7851772287862513,0.54,0,0,0,50.50999196439976,-24.234972448222212,43.893257513977595
188800,0.06,0,0.4199324732319327,0.631578947368421,0.7823523093447905,0.6,0,0,0,50.50371534965527,-24.234972448222212,43.89821817865144
188900,0.06,0,0.4199603060063448,0.631578947368421,0.7725563909774437,0.62,0,0,0,50.49879123246308,-24.234972448222212,43.8995890483893
189000,0.06,0,0.4199455412862667,0.631578947368421,0.7782599355531686,0.58,0,0,0,50.50646000288663,-24.234972448222212,43.89446666430358
189100,0.06,0,0.42001552134399517,0.631578947368421,0.7809881847475832,0.59,0,0,0,50.50476350587061,-24.234972448222212,43.88862748029337
189200,0.06,0,0.4200872736159077,0.631578947368421,0.778968850698174,0.54,0,0,0,50.50347037215894,-24.234972448222212,43.88225472976975
189300,0.06,0,0.42008931341631767,0.631578947368421,0.7829323308270677,0.56,0,0,0,50.49875320236618,-24.234972448222212,43.8861407456742
189400,0.06,0,0.42008653218855296,0.631578947368421,0.7806552094522019,0.48,0,0,0,50.49719323100205,-24.234972448222212,43.887787048683684
189500,0.06,0,0.42007550661113974,0.631578947368421,0.7813211600429646,0.61,0,0,0,50.49466983808543,-24.234972448222212,43.89113223809019
189600,0.06,0,0.4201614749055876,0.631578947368421,0.7800537056928034,0.6,0,0,0,50.479033431561376,-24.234972448222212,43.8957447259331
189700,0.06,0,0.42005717336240755,0.631578947368421,0.7856390977443609,0.62,0,0,0,50.489044150117046,-24.234972448222212,43.89793858734498
189800,0.06,0,0.4200060208414609,0.631578947368421,0.7763802363050484,0.51,0,0,0,50.49242998717268,-24.234972448222212,43.900340922828384
189900,0.06,0,0.4200269417330877,0.631578947368421,0.7826852846401718,0.54,0,0,0,50.48623569547112,-24.234972448222212,43.9035402971418
190000,0.06,0,0.4199949648760925,0.631578947368421,0.7847261009667025,0.57,0,0,0,50.483666478572765,-24.234972448222212,43.90911746061811
190100,0.06,0,0.41998104805126374,0.631578947368421,0.7819441460794844,0.58,0,0,0,50.47907534959117,-24.234972448222212,43.91456618414801
190200,0.06,0,0.4200129041694498,0.631578947368421,0.7810418904403866,0.47,0,0,0,50.4733596859314,-24.234972448222212,43.91620801969642
190300,0.06,0,0.4201282082257263,0.631578947368421,0.7806337271750805,0.53,0,0,0,50.46915571025709,-24.234972448222212,43.90781235483579
190400,0.06,0,0.4200984861850605,0.631578947368421,0.7809344790547799,0.56,0,0,0,50.46416551789039,-24.234972448222212,43.915261009103816
190500,0.06,0,0.42011200727480336,0.631578947368421,0.7867776584317938,0.55,0,0,0,50.46491296030349,-24.234972448222212,43.91319720519556
190600,0.06,0,0.42003121509201785,0.631578947368421,0.7781847475832439,0.53,0,0,0,50.472608026893,-24.234972448222212,43.91494751786924
190700,0.06,0,0.4200555680956975,0.631578947368421,0.7831901181525242,0.58,0,0,0,50.467189850540414,-24.234972448222212,43.917115971121596
190800,0.06,0,0.4200450543392229,0.631578947368421,0.7851235230934479,0.52,0,0,0,50.46746609343916,-24.234972448222212,43.917974825164585
190900,0.06,0,0.41996717973046116,0.631578947368421,0.7761224489795918,0.56,0,0,0,50.47577658053552,-24.234972448222212,43.918886413878035
191000,0.06,0,0.4199340254882129,0.631578947368421,0.7838775510204081,0.51,0,0,0,50.47742409139758,-24.234972448222212,43.92092029436821
191100,0.06,0,0.4199206798598623,0.631578947368421,0.7875510204081633,0.52,0,0,0,50.484935143244336,-24.234972448222212,43.91578148067414
191200,0.06,0,0.41994811359438894,0.631578947368421,0.7791192266380236,0.61,0,0,0,50.47842625477322,-24.234972448222212,43.91857492209874
191300,0.06,0,0.4199702937003565,0.631578947368421,0.7827175080558539,0.6,0,0,0,50.47978409032444,-24.234972448222212,43.91507414211859
191400,0.06,0,0.41990105373550685,0.631578947368421,0.7826208378088078,0.49,0,0,0,50.490348062733275,-24.234972448222212,43.91312579908996
191500,0.06,0,0.42001749796303994,0.631578947368421,0.7852094522019334,0.52,0,0,0,50.48092647065369,-24.234972448222212,43.909145000380946
191600,0.06,0,0.41998254705194915,0.631578947368421,0.785843179377014,0.57,0,0,0,50.48006100110425,-24.234972448222212,43.913551990902455
191700,0.06,0,0.4199197189462599,0.631578947368421,0.7877228786251342,0.61,0,0,0,50.488440278406074,-24.234972448222212,43.91283313580914
191800,0.06,0,0.419958078061604,0.631578947368421,0.7848657357679915,0.52,0,0,0,50.48712962552359,-24.234972448222212,43.909962001629495
191900,0.06,0,0.4198998728773679,0.631578947368421,0.7860687432867884,0.54,0,0,0,50.49876343275014,-24.234972448222212,43.90593136668034
192000,0.06,0,0.4198967945093521,0.631578947368421,0.784812030075188,0.55,0,0,0,50.49060262512103,-24.234972448222212,43.913349829738905
192100,0.06,0,0.41988377528074067,0.631578947368421,0.7861009667024704,0.6,0,0,0,50.48379789830183,-24.234972448222212,43.920630717335314
192200,0.06,0,0.419898089114571,0.631578947368421,0.7855531686358754,0.57,0,0,0,50.47880951494503,-24.234972448222212,43.92347366191522
192300,0.06,0,0.4198613017693386,0.631578947368421,0.7803651987110634,0.54,0,0,0,50.485751264693704,-24.234972448222212,43.92128217123539
192400,0.06,0,0.4197937859246009,0.631578947368421,0.7825886143931257,0.58,0,0,0,50.48324333252075,-24.234972448222212,43.93052836862059
192500,0.06,0,0.41977515578122754,0.631578947368421,0.7818689581095596,0.62,0,0,0,50.47675351842289,-24.234972448222212,43.938126474375714
192600,0.06,0,0.4197275412562321,0.631578947368421,0.7777336197636949,0.53,0,0,0,50.48394697882005,-24.234972448222212,43.936849425377275
192700,0.06,0,0.41981060573184364,0.631578947368421,0.7804833512352309,0.52,0,0,0,50.482720830150626,-24.234972448222212,43.92922295018153
192800,0.06,0,0.4198255304767245,0.631578947368421,0.7824597207303974,0.57,0,0,0,50.47702244913157,-24.234972448222212,43.932620291572036
192900,0.06,0,0.41980194406800764,0.631578947368421,0.7786680988184748,0.46,0,0,0,50.47946557319331,-24.234972448222212,43.9329622418738
193000,0.06,0,0.4197558716365694,0.631578947368421,0.781890440386681,0.51,0,0,0,50.48259695135171,-24.234972448222212,43.93505891576806
193100,0.06,0,0.41974031177085647,0.631578947368421,0.7787755102040816,0.51,0,0,0,50.483081876910425,-24.234972448222212,43.93626555523834
193200,0.06,0,0.41975602009403784,0.631578947368421,0.77687432867884,0.52,0,0,0,50.48249802403428,-24.234972448222212,43.93512947369909
193300,0.06,0,0.4198612104836126,0.631578947368421,0.7871965628356605,0.55,0,0,0,50.47699771040939,-24.234972448222212,43.92890840594478
193400,0.06,0,0.41990322305393785,0.631578947368421,0.7878839957035446,0.54,0,0,0,50.475239421631976,-24.234972448222212,43.926043283918695
193500,0.06,0,0.4199264028089606,0.631578947368421,0.7826530612244897,0.52,0,0,0,50.468133949771186,-24.234972448222212,43.92980264674698
193600,0.06,0,0.4198799139006857,0.631578947368421,0.780515574650913,0.62,0,0,0,50.472811867603596,-24.234972448222212,43.93059458413504
193700,0.06,0,0.4198396580710245,0.631578947368421,0.772234156820623,0.61,0,0,0,50.47715969495629,-24.234972448222212,43.93102251255952
193800,0.06,0,0.41972830246921705,0.631578947368421,0.7831686358754028,0.61,0,0,0,50.4915788802887,-24.234972448222212,43.93012861298931
193900,0.06,0,0.4197037980845685,0.631578947368421,0.7844683136412459,0.58,0,0,0,50.49364063380121,-24.234972448222212,43.93089961400261
194000,0.06,0,0.4196922310457456,0.631578947368421,0.7896133190118153,0.55,0,0,0,50.489574834365754,-24.234972448222212,43.93564812638073
194100,0.06,0,0.41967242798710475,0.631578947368421,0.7867239527389903,0.6,0,0,0,50.49117428460748,-24.234972448222212,43.9363294641237
194200,0.06,0,0.4196499217032416,0.631578947368421,0.7812567132116004,0.6,0,0,0,50.493965782977,-24.234972448222212,43.936256719908556
194300,0.06,0,0.41959483871703057,0.631578947368421,0.7843609022556391,0.61,0,0,0,50.49856546346554,-24.234972448222212,43.938022047024425
194400,0.06,0,0.41956951901574313,0.631578947368421,0.7887003222341569,0.59,0,0,0,50.505255119444634,-24.234972448222212,43.934853421891894
194500,0.06,0,0.41960434991118034,0.631578947368421,0.7883888292158969,0.67,0,0,0,50.50189422300233,-24.234972448222212,43.93413005581757
194600,0.06,0,0.4195645283949157,0.631578947368421,0.7914822771213749,0.6,0,0,0,50.5085729282313,-24.234972448222212,43.93248998816817
194700,0.06,0,0.41956695621178886,0.631578947368421,0.7841031149301826,0.48,0,0,0,50.51300681543843,-24.234972448222212,43.92837952762681
194800,0.06,0,0.4194948815109313,0.631578947368421,0.79031149301826,0.41,0,0,0,50.51601424554537,-24.234972448222212,43.933311307175714
194900,0.06,0,0.4194762557896486,0.631578947368421,0.7884640171858217,0.61,0,0,0,50.520850804916044,-24.234972448222212,43.931055953261364
195000,0.06,0,0.41949565821751017,0.631578947368421,0.7874436090225564,0.5,0,0,0,50.52047513942582,-24.234972448222212,43.92935071507811
195100,0.06,0,0.4195162179000267,0.631578947368421,0.7864017185821697,0.57,0,0,0,50.51399727169468,-24.234972448222212,43.93283100487251
195200,0.06,0,0.41951316793186033,0.631578947368421,0.7855639097744361,0.64,0,0,0,50.511133461697575,-24.234972448222212,43.93564126846711
195300,0.06,0,0.4195144415815398,0.631578947368421,0.7867883995703545,0.57,0,0,0,50.51423041122827,-24.234972448222212,43.932814261256354
195400,0.06,0,0.4196091650438653,0.631578947368421,0.7870676691729324,0.6,0,0,0,50.51573195075921,-24.234972448222212,43.92159120184028
195500,0.06,0,0.4196852693372531,0.631578947368421,0.7857894736842105,0.64,0,0,0,50.5101670857035,-24.234972448222212,43.91846471380007
195600,0.06,0,0.4196579528829232,0.631578947368421,0.7829001074113856,0.51,0,0,0,50.50518642764629,-24.234972448222212,43.92565484155439
195700,0.06,0,0.41969705086915166,0.631578947368421,0.7823523093447905,0.52,0,0,0,50.49906231266903,-24.234972448222212,43.92688928068294
195800,0.06,0,0.41969278807798316,0.631578947368421,0.7779914070891515,0.54,0,0,0,50.5049440639526,-24.234972448222212,43.92221971303474
195900,0.06,0,0.419623957342121,0.631578947368421,0.7863694951664877,0.59,0,0,0,50.508431900505734,-24.234972448222212,43.926390729495154
196000,0.06,0,0.4197012004132027,0.631578947368421,0.7829323308270677,0.63,0,0,0,50.51235521038287,-24.234972448222212,43.91489523633218
196100,0.06,0,0.4197955281987885,0.631578947368421,0.7755209452201933,0.56,0,0,0,50.50956224634776,-24.234972448222212,43.90745534892525
196200,0.06,0,0.4198446676756861,0.631578947368421,0.7925563909774436,0.48,0,0,0,50.51183700859531,-24.234972448222212,43.90033922322708
196300,0.06,0,0.41991853254390077,0.631578947368421,0.7926852846401718,0.6,0,0,0,50.501831881220795,-24.234972448222212,43.901312776685096
196400,0.06,0,0.4198950268958506,0.631578947368421,0.7857679914070892,0.5,0,0,0,50.502603427909904,-24.234972448222212,43.90309963036475
196500,0.06,0,0.41999794776307725,0.631578947368421,0.7813211600429646,0.61,0,0,0,50.495600852262726,-24.234972448222212,43.898427992875085
196600,0.06,0,0.4200650515755442,0.631578947368421,0.7831364124597208,0.55,0,0,0,50.492752524619185,-24.234972448222212,43.893891326170056
196700,0.06,0,0.42006073692319235,0.631578947368421,0.7802577873254565,0.64,0,0,0,50.49434092237716,-24.234972448222212,43.89296140016359
196800,0.06,0,0.4200532234328979,0.631578947368421,0.7835660580021482,0.5,0,0,0,50.49882121161185,-24.234972448222212,43.889852230800805
196900,0.06,0,0.4199971035480202,0.631578947368421,0.7854457572502686,0.54,0,0,0,50.50361772416548,-24.234972448222212,43.891547843340405
197000,0.06,0,0.4198937832580641,0.631578947368421,0.7810848549946294,0.6,0,0,0,50.50931071745199,-24.234972448222212,43.8973996148351
197100,0.06,0,0.41997054804106926,0.631578947368421,0.7854457572502686,0.51,0,0,0,50.498021020223014,-24.234972448222212,43.89918800132992
197200,0.06,0,0.41995094285597023,0.631578947368421,0.7841997851772288,0.61,0,0,0,50.4907715538802,-24.234972448222212,43.907540752289016
197300,0.06,0,0.4199627478072867,0.631578947368421,0.7913104189044039,0.56,0,0,0,50.492612962174064,-24.234972448222212,43.90470531921531
197400,0.06,0,0.41996553007609705,0.631578947368421,0.7824704618689581,0.54,0,0,0,50.491053836429614,-24.234972448222212,43.90577018611518
197500,0.06,0,0.4199718958824193,0.631578947368421,0.7879699248120301,0.65,0,0,0,50.490739749228915,-24.234972448222212,43.90537779581004
197600,0.06,0,0.4200201344848456,0.631578947368421,0.7851127819548872,0.55,0,0,0,50.494085305546136,-24.234972448222212,43.89742665920828
197700,0.06,0,0.42006717428377566,0.631578947368421,0.7830612244897959,0.53,0,0,0,50.49334296377607,-24.234972448222212,43.893156252472245
197800,0.06,0,0.4200506182916201,0.631578947368421,0.7799033297529538,0.47,0,0,0,50.49626853279298,-24.234972448222212,43.89234316048256
197900,0.06,0,0.41997567731207847,0.631578947368421,0.7846509129967777,0.61,0,0,0,50.49758964262069,-24.234972448222212,43.89902685517369
198000,0.06,0,0.4200256271940089,0.631578947368421,0.7837056928034372,0.5,0,0,0,50.48795649714299,-24.234972448222212,43.90218131346621
198100,0.06,0,0.4200453990884593,0.631578947368421,0.7847368421052632,0.55,0,0,0,50.48599357661292,-24.234972448222212,43.90182165871409
198200,0.06,0,0.42002599651303907,0.631578947368421,0.7821482277121374,0.55,0,0,0,50.492102479310816,-24.234972448222212,43.89853784060546
198300,0.06,0,0.41998897302761007,0.631578947368421,0.7816756176154672,0.56,0,0,0,50.49416427737175,-24.234972448222212,43.90061500825561
198400,0.06,0,0.4199287925631317,0.631578947368421,0.78828141783029,0.59,0,0,0,50.49808324582842,-24.234972448222212,43.90349900270963
198500,0.06,0,0.41997959851150896,0.631578947368421,0.7842749731471536,0.57,0,0,0,50.49416069206293,-24.234972448222212,43.901598046925244
198600,0.06,0,0.4199505902780788,0.631578947368421,0.780547798066595,0.55,0,0,0,50.48761794123129,-24.234972448222212,43.91032021873485
198700,0.06,0,0.41996635233549795,0.631578947368421,0.7877228786251342,0.51,0,0,0,50.48592731794836,-24.234972448222212,43.910142559719205
198800,0.06,0,0.41989469721920203,0.631578947368421,0.7876584317937702,0.56,0,0,0,50.49334991219084,-24.234972448222212,43.91117987964103
198900,0.06,0,0.4199343769319254,0.631578947368421,0.7903759398496241,0.65,0,0,0,50.48908850336729,-24.234972448222212,43.9107365666209
199000,0.06,0,0.41987001705072124,0.631578947368421,0.7844038668098818,0.5,0,0,0,50.49812364350457,-24.234972448222212,43.90960970786129
199100,0.06,0,0.4198017652476959,0.631578947368421,0.7821052631578947,0.51,0,0,0,50.50306254687596,-24.234972448222212,43.91245377690961
199200,0.06,0,0.4197369590077001,0.631578947368421,0.7843501611170784,0.6,0,0,0,50.50662395184766,-24.234972448222212,43.916136835599026
199300,0.06,0,0.41972473945559213,0.631578947368421,0.7872395273899033,0.61,0,0,0,50.50358474674113,-24.234972448222212,43.920058239713505
199400,0.06,0,0.4197376628359731,0.631578947368421,0.7862406015037594,0.55,0,0,0,50.498750841097774,-24.234972448222212,43.92291001915464
199500,0.06,0,0.4198239687594498,0.631578947368421,0.7837701396348012,0.6,0,0,0,50.48696182255898,-24.234972448222212,43.92413466629909
199600,0.06,0,0.4198992087815622,0.631578947368421,0.785392051557465,0.58,0,0,0,50.47886670821611,-24.234972448222212,43.92330677358592
199700,0.06,0,0.41996560544700867,0.631578947368421,0.7843179377013964,0.55,0,0,0,50.471420869739624,-24.234972448222212,43.92284128600817
199800,0.06,0,0.4199014699348143,0.631578947368421,0.7897851772287863,0.61,0,0,0,50.46854461308393,-24.234972448222212,43.93205362817646
199900,0.06,0,0.4199091473954731,0.631578947368421,0.7816541353383458,0.55,0,0,0,50.46925928055501,-24.234972448222212,43.93062830474161
200000,0.06,0,0.41990527940815275,0.631578947368421,0.780515574650913,0.52,0,0,0,50.46620873223775,-24.234972448222212,43.93368848914129
