sweep,T,tuning,density,e_per_N,acc_part,acc_box,flip_cand,flip_prop,flip_acc,a,b,c
100,0.06,1,0.4195449139622562,0.631578947368421,,,0,0,0,50.61978477967479,25.309892389837394,43.83801955329924
200,0.06,1,0.4195449139622562,0.631578947368421,,,0,0,0,50.61978477967479,25.309892389837394,43.83801955329924
300,0.06,1,0.4195449139622562,0.631578947368421,,,0,0,0,50.61978477967479,25.309892389837394,43.83801955329924
400,0.06,1,0.4195449139622562,0.631578947368421,,,0,0,0,50.61978477967479,25.309892389837394,43.83801955329924
500,0.06,1,0.4195449139622562,0.631578947368421,,,0,0,0,50.61978477967479,25.309892389837394,43.83801955329924
600,0.06,1,0.4195449139622562,0.631578947368421,,,0,0,0,50.61978477967479,25.309892389837394,43.83801955329924
700,0.06,1,0.4195449139622562,0.631578947368421,,,0,0,0,50.61978477967479,25.309892389837394,43.83801955329924
800,0.06,1,0.4195449139622562,0.631578947368421,,,0,0,0,50.61978477967479,25.309892389837394,43.83801955329924
900,0.06,1,0.4195449139622562,0.631578947368421,,,0,0,0,50.61978477967479,25.309892389837394,43.83801955329924
1000,0.06,1,0.4195449139622562,0.631578947368421,,,0,0,0,50.61978477967479,25.309892389837394,43.83801955329924
1100,0.06,1,0.4195449139622562,0.631578947368421,,,0,0,0,50.61978477967479,25.309892389837394,43.83801955329924
1200,0.06,1,0.4195449139622562,0.631578947368421,,,0,0,0,50.61978477967479,25.309892389837394,43.83801955329924
1300,0.06,1,0.4195449139622562,0.631578947368421,,,0,0,0,50.61978477967479,25.309892389837394,43.83801955329924
1400,0.06,1,0.4195449139622562,0.631578947368421,,,0,0,0,50.61978477967479,25.309892389837394,43.83801955329924
1500,0.06,1,0.41952433068737255,0.631578947368421,,,0,0,0,50.61474296799293,25.305931051087615,43.84453738018697
1600,0.06,1,0.41955482930641463,0.631578947368421,,,0,0,0,50.61490365318258,25.304990601443606,43.84121101615882
1700,0.06,1,0.41957023247831476,0.631578947368421,,,0,0,0,50.60966707647469,25.30333804328849,43.84413760584094
1800,0.06,1,0.4195364918503264,0.631578947368421,,,0,0,0,50.62030841563394,25.302259250545404,43.838446106398486
1900,0.06,1,0.41952183439899693,0.631578947368421,,,0,0,0,50.614779187065146,25.305018448464235,43.84476689454308
2000,0.06,1,0.4194661408305033,0.631578947368421,,,0,0,0,50.61312060343867,25.304240795593106,43.852025250443795
2100,0.06,1,0.4194391836365967,0.631578947368421,,,0,0,0,50.61256522924485,25.302909897271135,43.855324824503704
2200,0.06,1,0.41941764031443446,0.631578947368421,,,0,0,0,50.619532737718885,25.30393009277879,43.851540685050274
2300,0.06,1,0.4194263486008327,0.631578947368421,,,0,0,0,50.6223016313922,25.30563506012219,43.84823172018752
2400,0.06,1,0.41951166947121893,0.631578947368421,,,0,0,0,50.621342830280696,25.30930711767927,43.840144150537554
2500,0.06,1,0.4196080828995041,0.631578947368421,,,0,0,0,50.619665102502985,25.30767383764945,43.83152368721998
2600,0.06,1,0.4196715821161585,0.631578947368421,,,0,0,0,50.615692103264834,25.30499589592766,43.82833164017341
2700,0.06,1,0.4196946191970722,0.631578947368421,,,0,0,0,50.62994666320286,25.30299780474575,43.813586970115914
2800,0.06,1,0.4196736019196349,0.631578947368421,,,0,0,0,50.65353016395669,25.301065720675595,43.79538120650084
2900,0.06,1,0.41965925241074664,0.631578947368421,,,0,0,0,50.66004469485058,25.294095979611907,43.791246737133285
3000,0.06,1,0.41959528858542644,0.631578947368421,,,0,0,0,50.66002644234562,25.297375867803538,43.79793813000961
3100,0.06,1,0.41945453173309166,0.631578947368421,,,0,0,0,50.66135884146166,25.299180390844807,43.81148317884277
3200,0.06,1,0.41938171225918197,0.631578947368421,,,0,0,0,50.67647146655008,25.29753660502353,43.80602276724324
3300,0.06,1,0.4194011192274433,0.631578947368421,,,0,0,0,50.68867512056594,25.29434542117158,43.79344960986445
3400,0.06,1,0.41933479682595365,0.631578947368421,,,0,0,0,50.67628310150386,25.296456816775063,43.81108665815963
3500,0.06,1,0.4193999349714919,0.631578947368421,,,0,0,0,50.675502353806166,25.295225238483802,43.80495712316744
3600,0.06,1,0.41935346475943963,0.631578947368421,,,0,0,0,50.68388457973882,25.293600789488405,43.80256594857479
3700,0.06,1,0.41930692239248474,0.631578947368421,,,0,0,0,50.67617787991992,25.293134730953426,43.8140900785213
3800,0.06,1,0.41944722723374994,0.631578947368421,,,0,0,0,50.661597807685816,25.29561555145763,43.81203947919021
3900,0.06,1,0.41941900565022855,0.631578947368421,,,0,0,0,50.66215737104724,25.29388310710654,43.814503537797385
4000,0.06,1,0.4194279978068408,0.631578947368421,,,0,0,0,50.65436454695514,25.29306115836259,43.82030460871235
4100,0.06,1,0.41953467934587124,0.631578947368421,,,0,0,0,50.643462549578246,25.293096384438797,43.81859252577048
4200,0.06,1,0.41961126491492085,0.631578947368421,,,0,0,0,50.637711817528334,25.291157883612833,43.815570354875014
4300,0.06,1,0.4196932666031624,0.631578947368421,,,0,0,0,50.631710697070176,25.2903590804329,43.81220168123661
4400,0.06,1,0.4197155732841922,0.631578947368421,,,0,0,0,50.62493209855502,25.290326375023426,43.81573926103836
4500,0.06,1,0.419756751198344,0.631578947368421,,,0,0,0,50.623349257762115,25.29219226951957,43.81281081309372
4600,0.06,1,0.41966673949110056,0.631578947368421,,,0,0,0,50.63264340955146,25.29275138255113,43.8141639251651
4700,0.06,1,0.4196246343652819,0.631578947368421,,,0,0,0,50.63519041403656,25.293975588203097,43.81635611666712
4800,0.06,1,0.41957275250710085,0.631578947368421,,,0,0,0,50.63898341558585,25.29289971907695,43.81849181180779
4900,0.06,1,0.41954063509708567,0.631578947368421,,,0,0,0,50.64212075957325,25.29463868501683,43.81913146250984
5000,0.06,1,0.41953271624574145,0.631578947368421,,,0,0,0,50.64389291407162,25.29486202987232,43.81842519827564
5100,0.06,0,0.4196402218378875,0.631578947368421,0.32542427497314713,0.39,0,0,0,50.62508731332323,25.295365260587698,43.82347254206512
5200,0.06,0,0.419538230915794,0.631578947368421,0.32387755102040816,0.26,0,0,0,50.625550807452264,25.29666687828186,43.83372483497889
5300,0.06,0,0.41960123687812234,0.631578947368421,0.3211922663802363,0.26,0,0,0,50.62911299474757,25.298824869676693,43.824059293830366
5400,0.06,0,0.41960729435630223,0.631578947368421,0.3195059076262084,0.32,0,0,0,50.6277903027186,25.299439824775295,43.8245715693785
5500,0.06,0,0.41959078064859445,0.631578947368421,0.3270139634801289,0.39,0,0,0,50.63142901028961,25.300912825867762,43.82314671384336
5600,0.06,0,0.4196962401297842,0.631578947368421,0.3189795918367347,0.33,0,0,0,50.62076775111421,25.299509942569813,43.82136231088836
5700,0.06,0,0.41970838953205036,0.631578947368421,0.3184640171858217,0.28,0,0,0,50.61657354470903,25.299989771716817,43.823724837473186
5800,0.06,0,0.4196681999986854,0.631578947368421,0.317937701396348,0.34,0,0,0,50.612386346332435,25.300338493537396,43.83154753216791
5900,0.06,0,0.41969121998564457,0.631578947368421,0.3192481203007519,0.34,0,0,0,50.61644770670197,25.300533496222105,43.82562661883596
6000,0.06,0,0.419647661252545,0.631578947368421,0.32259935553168634,0.27,0,0,0,50.611724110801084,25.302328530374947,43.83426631987543
6100,0.06,0,0.4197330841713389,0.631578947368421,0.31843179377013964,0.42,0,0,0,50.60763016513449,25.302236633355356,43.82889057816019
6200,0.06,0,0.4197352251008067,0.631578947368421,0.32131041890440387,0.34,0,0,0,50.6130913356606,25.3004142994956,43.823937892865665
6300,0.06,0,0.4196768404643573,0.631578947368421,0.323093447905478,0.36,0,0,0,50.61107881975106,25.299591415496355,43.831777467175634
6400,0.06,0,0.41966070275394857,0.631578947368421,0.31920515574650915,0.27,0,0,0,50.606632934645475,25.29888359241625,43.8373138322247
6500,0.06,0,0.4196126261468,0.631578947368421,0.32175080558539204,0.34,0,0,0,50.59520474202511,25.29506190573852,43.85223932762238
6600,0.06,0,0.4196618556654065,0.631578947368421,0.3228356605800215,0.23,0,0,0,50.59542848950702,25.294310712506032,43.84690122293255
6700,0.06,0,0.41965695217913834,0.631578947368421,0.32361976369495166,0.35,0,0,0,50.58907015788075,25.291597960384433,43.85292455313808
6800,0.06,0,0.41964790353454406,0.631578947368421,0.32287862513426424,0.28,0,0,0,50.59197760085265,25.28997077307156,43.851349916109754
6900,0.06,0,0.4196226655194268,0.631578947368421,0.32687432867884,0.28,0,0,0,50.58826933310333,25.288757080547978,43.85720196091414
7000,0.06,0,0.41974405804144327,0.631578947368421,0.322062298603652,0.27,0,0,0,50.58571434108196,25.290583275087666,43.84673269918737
7100,0.06,0,0.4196932328008,0.631578947368421,0.3305907626208378,0.38,0,0,0,50.59962914406206,25.28941345275856,43.83998334992974
7200,0.06,0,0.41976962447627986,0.631578947368421,0.32029001074113855,0.2,0,0,0,50.602056562639355,25.288179071429095,43.829902486828274
7300,0.06,0,0.41964998954175087,0.631578947368421,0.3154242749731472,0.29,0,0,0,50.61963810330071,25.289692297034463,43.8271700063452
7400,0.06,0,0.41967181224309685,0.631578947368421,0.3218474758324382,0.38,0,0,0,50.616212860673436,25.289383799141,43.827856685867346
7500,0.06,0,0.4196087991787896,0.631578947368421,0.32225563909774435,0.35,0,0,0,50.61116912685617,25.29082773080383,43.83880674632858
7600,0.06,0,0.41962994574974394,0.631578947368421,0.31992481203007517,0.29,0,0,0,50.60718927929454,25.292047004922566,43.840044955810626
7700,0.06,0,0.4197079233437568,0.631578947368421,0.32127819548872183,0.33,0,0,0,50.599728332660604,25.29300470293204,43.8383629358025
7800,0.06,0,0.4197099005975258,0.631578947368421,0.3257679914070892,0.33,0,0,0,50.594486294984215,25.294051404811285,43.84269843518563
7900,0.06,0,0.41974804704659285,0.631578947368421,0.32235230934479053,0.26,0,0,0,50.598124868707814,25.297175986131897,43.83556154109181
8000,0.06,0,0.4197171541120149,0.631578947368421,0.32132116004296457,0.27,0,0,0,50.6100077655851,25.298081431272326,43.82849496237816
8100,0.06,0,0.4198391228657811,0.631578947368421,0.3198603651987111,0.34,0,0,0,50.600976869786734,25.2980000122961,43.82358213145817
8200,0.06,0,0.4199598470870617,0.631578947368421,0.3154027926960258,0.24,0,0,0,50.596965656265425,25.294977907334232,43.81445757321897
8300,0.06,0,0.4200005606888263,0.631578947368421,0.31669172932330825,0.27,0,0,0,50.591908498150225,25.29283478486374,43.81458959115244
8400,0.06,0,0.41993772998986856,0.631578947368421,0.3186466165413534,0.31,0,0,0,50.59741085882901,25.296442414886716,43.81637963375372
8500,0.06,0,0.42002708718452125,0.631578947368421,0.3186358754027927,0.22,0,0,0,50.59862537939995,25.299070107157696,43.80600656886462
8600,0.06,0,0.42006675985257985,0.631578947368421,0.3182169709989259,0.21,0,0,0,50.596395377744635,25.297914927827804,43.80379990413275
8700,0.06,0,0.4201391886190218,0.631578947368421,0.3158861439312567,0.26,0,0,0,50.6018491648005,25.296967424527956,43.791528175550766
8800,0.06,0,0.4201857361729976,0.631578947368421,0.30833512352309345,0.37,0,0,0,50.602199932353365,25.296020929702486,43.786373491594254
8900,0.06,0,0.42019418441316586,0.631578947368421,0.31679914070891513,0.28,0,0,0,50.61505530521983,25.297547223659834,43.77437236302528
9000,0.06,0,0.42028922627476206,0.631578947368421,0.31638023630504836,0.25,0,0,0,50.6101457009311,25.29735129843702,43.768718987848096
9100,0.06,0,0.4203254167302019,0.631578947368421,0.31618689581095594,0.34,0,0,0,50.61106369904695,25.297559005824414,43.76415663429884
9200,0.06,0,0.420409097866311,0.631578947368421,0.3094092373791622,0.31,0,0,0,50.604338937059985,25.302027915355207,43.76126013282985
9300,0.06,0,0.4203763642016289,0.631578947368421,0.3075510204081633,0.25,0,0,0,50.61034893126728,25.297917987894596,43.75947064610388
9400,0.06,0,0.42024682651157064,0.631578947368421,0.3112567132116004,0.31,0,0,0,50.60846114471195,25.29920591244326,43.774591959543756
9500,0.06,0,0.42016616264013534,0.631578947368421,0.3153168635875403,0.24,0,0,0,50.60975771531133,25.29762324807801,43.7818741685231
9600,0.06,0,0.42018850070968095,0.631578947368421,0.31354457572502686,0.22,0,0,0,50.601337478735665,25.29926807634159,43.78683170276501
9700,0.06,0,0.42015822717922,0.631578947368421,0.3119871106337272,0.12,0,0,0,50.60104588751895,25.300094944551738,43.7902390038982
9800,0.06,0,0.4201108478256113,0.631578947368421,0.30946294307196565,0.31,0,0,0,50.61026546669191,25.300751994840983,43.787199501982904
9900,0.06,0,0.42025858794195226,0.631578947368421,0.30993555316863586,0.38,0,0,0,50.59723971005376,25.29735406685839,43.78307491514872
10000,0.06,0,0.4201825189930212,0.631578947368421,0.3075402792696026,0.19,0,0,0,50.6007219600597,25.30019979934146,43.787987692475625
10100,0.06,0,0.4201984350014526,0.631578947368421,0.31423200859291084,0.24,0,0,0,50.60442528670872,25.30064115006013,43.783124753396145
10200,0.06,0,0.4200845532127333,0.631578947368421,0.31364124597207305,0.34,0,0,0,50.61431373283294,25.30122568637177,43.78643786653082
10300,0.06,0,0.42002143967518696,0.631578947368421,0.3154564983888292,0.35,0,0,0,50.617683740920086,25.3035837116493,43.79010169541518
10400,0.06,0,0.4199113033413434,0.631578947368421,0.3164232008592911,0.38,0,0,0,50.62994873712046,25.301331794211013,43.79097633126882
10500,0.06,0,0.4200500089387673,0.631578947368421,0.3187862513426423,0.3,0,0,0,50.61264667785047,25.301684668659593,43.79148113180469
10600,0.06,0,0.4200011846234696,0.631578947368421,0.3168313641245972,0.24,0,0,0,50.616107722020416,25.303027000180947,43.793577069943794
10700,0.06,0,0.41992944281179423,0.631578947368421,0.31845327604726104,0.25,0,0,0,50.62315858727202,25.302461539419987,43.794958202248324
10800,0.06,0,0.41982261901374135,0.631578947368421,0.31621911922663803,0.32,0,0,0,50.613104476839105,25.303738242306466,43.814803746273235
10900,0.06,0,0.4197312652785485,0.631578947368421,0.317422126745435,0.29,0,0,0,50.609464494905126,25.30240422176295,43.82749193320783
11000,0.06,0,0.4197845990747841,0.631578947368421,0.31817400644468313,0.37,0,0,0,50.61866988329223,25.30373146585733,43.81395428472907
11100,0.06,0,0.41985348650452187,0.631578947368421,0.32139634801288935,0.41,0,0,0,50.623550469299694,25.30008806125533,43.80254212954514
11200,0.06,0,0.41980668022409423,0.631578947368421,0.3174436090225564,0.23,0,0,0,50.62517394414985,25.301875731612903,43.8060210474577
11300,0.06,0,0.41991063682173635,0.631578947368421,0.32117078410311495,0.28,0,0,0,50.609372988764164,25.302492015591557,43.80884952925664
11400,0.06,0,0.41992847881860434,0.631578947368421,0.3186358754027927,0.2,0,0,0,50.614826864366584,25.29850636699784,43.80226785719885
11500,0.06,0,0.4199581889567577,0.631578947368421,0.3167669172932331,0.34,0,0,0,50.61031052395092,25.297812166283187,43.80307757610538
11600,0.06,0,0.4200045268842328,0.631578947368421,0.3155746509129968,0.25,0,0,0,50.61031395598618,25.297127939990382,43.798241934695355
11700,0.06,0,0.4199159421761402,0.631578947368421,0.31483351235230933,0.28,0,0,0,50.600650274678884,25.295916247789204,43.81584785872808
11800,0.06,0,0.4198758716418389,0.631578947368421,0.3131578947368421,0.24,0,0,0,50.60061324339408,25.297582378390516,43.82006145984459
11900,0.06,0,0.4198875737807462,0.631578947368421,0.31388829215896885,0.27,0,0,0,50.60077027504224,25.29753322848337,43.81870422308708
12000,0.06,0,0.4199595600766052,0.631578947368421,0.3155531686358754,0.27,0,0,0,50.59756436319207,25.29462035567126,43.8139690724101
12100,0.06,0,0.4199347716570223,0.631578947368421,0.3144468313641246,0.34,0,0,0,50.60190407063619,25.29435364486223,43.81279759245538
12200,0.06,0,0.4197809236627651,0.631578947368421,0.3141783029001074,0.3,0,0,0,50.60214319616417,25.29597548903223,43.8286476861831
12300,0.06,0,0.41987500668272665,0.631578947368421,0.3214607948442535,0.28,0,0,0,50.60034393247026,25.29568157853251,43.820384955514776
12400,0.06,0,0.41993105370725964,0.631578947368421,0.3181417830290011,0.27,0,0,0,50.60232900637073,25.297270818962843,43.81281757492469
12500,0.06,0,0.41995747946903245,0.631578947368421,0.3195918367346939,0.34,0,0,0,50.60267894845331,25.300201534080355,43.8097576920814
12600,0.06,0,0.4199372733886405,0.631578947368421,0.31139634801288935,0.26,0,0,0,50.59933359698741,25.29961748985115,43.81476228304774
12700,0.06,0,0.41983375381089405,0.631578947368421,0.3191514500537057,0.29,0,0,0,50.60631440689721,25.298908373240103,43.819520360976945
12800,0.06,0,0.4197243386001466,0.631578947368421,0.3218582169709989,0.35,0,0,0,50.606468192714225,25.30321359756308,43.83081019106409
12900,0.06,0,0.41968193523223635,0.631578947368421,0.3192373791621912,0.17,0,0,0,50.619620565939805,25.30375351182097,43.82384911714919
13000,0.06,0,0.4196621295999455,0.631578947368421,0.31909774436090227,0.39,0,0,0,50.623036003396535,25.305097403536173,43.822960500967106
13100,0.06,0,0.41972181090211275,0.631578947368421,0.3239419978517723,0.3,0,0,0,50.62466931788213,25.30265579885548,43.81531553529713
13200,0.06,0,0.41981227577389046,0.631578947368421,0.32343716433942,0.28,0,0,0,50.623728706259925,25.302832859784917,43.80668775539834
13300,0.06,0,0.41980457657718434,0.631578947368421,0.31618689581095594,0.17,0,0,0,50.62853088549166,25.30291339925446,43.803335972928984
13400,0.06,0,0.41980657530050863,0.631578947368421,0.32459720730397423,0.29,0,0,0,50.63031574491328,25.304265486842148,43.80158324067095
13500,0.06,0,0.41985170853604226,0.631578947368421,0.3166809881847476,0.25,0,0,0,50.62496847603571,25.30258740233298,43.8015007069272
13600,0.06,0,0.41976941793794675,0.631578947368421,0.32535982814178305,0.28,0,0,0,50.63092324924281,25.302781509126685,43.80493488369077
13700,0.06,0,0.41983720459030827,0.631578947368421,0.3197422126745435,0.21,0,0,0,50.63065243813095,25.300233389210135,43.79809643048275
13800,0.06,0,0.4198891012754447,0.631578947368421,0.3214393125671321,0.26,0,0,0,50.61851405871526,25.304034177344704,43.80318469057772
13900,0.06,0,0.4199138996738533,0.631578947368421,0.3249409237379162,0.26,0,0,0,50.62839644870991,25.305591002446384,43.792048213021815
14000,0.06,0,0.41978777988594296,0.631578947368421,0.32200859291084855,0.34,0,0,0,50.63994782174044,25.306743425556654,43.795212651235964
14100,0.06,0,0.4197381060791806,0.631578947368421,0.3216863587540279,0.19,0,0,0,50.647641503685016,25.307295415690735,43.79374204127726
14200,0.06,0,0.4197297535141245,0.631578947368421,0.32558539205155745,0.37,0,0,0,50.66441336787429,25.30493117484666,43.780115833858304
14300,0.06,0,0.41971608482903683,0.631578947368421,0.3181417830290011,0.33,0,0,0,50.660328873276576,25.30618232333994,43.78507149074269
14400,0.06,0,0.41977362432940235,0.631578947368421,0.31790547798066593,0.34,0,0,0,50.65647735247152,25.307322571443756,43.78239836989039
14500,0.06,0,0.4198586927613036,0.631578947368421,0.3189044038668099,0.26,0,0,0,50.657333767640054,25.306554322333838,43.77278749102158
14600,0.06,0,0.419804515283594,0.631578947368421,0.32226638023630505,0.35,0,0,0,50.65830333985932,25.306526751956834,43.77759865169632
14700,0.06,0,0.4197926906873957,0.631578947368421,0.3166595059076262,0.31,0,0,0,50.668808203129274,25.307594955032027,43.76975536078193
14800,0.06,0,0.4197760432302987,0.631578947368421,0.3207518796992481,0.33,0,0,0,50.673754901918706,25.311639813771215,43.76721826975635
14900,0.06,0,0.4196169139543671,0.631578947368421,0.3228356605800215,0.33,0,0,0,50.675435862542436,25.310298460513998,43.782363540583844
15000,0.06,0,0.41971496857284146,0.631578947368421,0.3215574650912997,0.24,0,0,0,50.65626160227053,25.30892247112201,43.78870352135135
15100,0.06,0,0.41964491192974596,0.631578947368421,0.32300751879699247,0.35,0,0,0,50.65360562334592,25.309375905712184,43.79831013144162
15200,0.06,0,0.4195966178890737,0.631578947368421,0.31946294307196565,0.26,0,0,0,50.65724686963281,25.30784863543655,43.800202569422986
15300,0.06,0,0.419627481251847,0.631578947368421,0.3217293233082707,0.35,0,0,0,50.65631823399918,25.311507971252468,43.797783979137904
15400,0.06,0,0.41968311178078616,0.631578947368421,0.32251342642320086,0.25,0,0,0,50.65497265914553,25.30776827194419,43.79314169244862
15500,0.06,0,0.4196280682266576,0.631578947368421,0.32106337271750807,0.36,0,0,0,50.66014560471767,25.308528490930602,43.79441379978113
15600,0.06,0,0.4197427782441836,0.631578947368421,0.3224812030075188,0.23,0,0,0,50.66021242455423,25.309516832225608,43.7823876313177
15700,0.06,0,0.41973835301486323,0.631578947368421,0.31978517722878624,0.25,0,0,0,50.66450033449869,25.311118322713128,43.77914372923178
15800,0.06,0,0.41963425215342337,0.631578947368421,0.31946294307196565,0.25,0,0,0,50.67380598967518,25.30908776919836,43.781962725114454
15900,0.06,0,0.4197741233249672,0.631578947368421,0.3192588614393126,0.3,0,0,0,50.66420930226545,25.308964377920034,43.77566462753909
16000,0.06,0,0.41976611691534566,0.631578947368421,0.3180343716433942,0.28,0,0,0,50.66887227547797,25.308619801276873,43.772470903282034
16100,0.06,0,0.41971243297272876,0.631578947368421,0.31365198711063375,0.17,0,0,0,50.66174992840076,25.30690114454943,43.784224282301516
16200,0.06,0,0.41975558090513504,0.631578947368421,0.3156390977443609,0.27,0,0,0,50.667425807307225,25.304014550850834,43.77481926782721
16300,0.06,0,0.41978180169861623,0.631578947368421,0.31770139634801287,0.29,0,0,0,50.66570179717768,25.302674512998006,43.773574405071365
16400,0.06,0,0.4198092336224864,0.631578947368421,0.3171213748657358,0.31,0,0,0,50.661085246765715,25.298655545307753,43.774702731393624
16500,0.06,0,0.4196709292949007,0.631578947368421,0.31931256713211603,0.35,0,0,0,50.66738190751509,25.297004292630454,43.783686999925585
16600,0.06,0,0.4197510712516886,0.631578947368421,0.3218582169709989,0.32,0,0,0,50.6558809444383,25.294573330110815,43.78526629207355
16700,0.06,0,0.41974348093545194,0.631578947368421,0.31902255639097743,0.27,0,0,0,50.664474029057644,25.293572153088164,43.77863161859156
16800,0.06,0,0.41976365545809025,0.631578947368421,0.31638023630504836,0.29,0,0,0,50.660224994772655,25.29345348472399,43.78019922316904
16900,0.06,0,0.4196690124683026,0.631578947368421,0.3221911922663802,0.31,0,0,0,50.64689461361092,25.293258673238007,43.801598103324366
17000,0.06,0,0.41968392851944086,0.631578947368421,0.3187218045112782,0.39,0,0,0,50.63705893465008,25.290534587540925,43.80854900920017
17100,0.06,0,0.4198234213294572,0.631578947368421,0.32103114930182597,0.3,0,0,0,50.62717575844589,25.293275596523905,43.80254218027242
17200,0.06,0,0.4198574945446037,0.631578947368421,0.316530612244898,0.29,0,0,0,50.61976838017504,25.290239812598603,43.80539668644738
17300,0.06,0,0.4198039722206245,0.631578947368421,0.31704618689581093,0.39,0,0,0,50.61099965788702,25.29415699639029,43.818572164518656
17400,0.06,0,0.41981470368770246,0.631578947368421,0.3206015037593985,0.3,0,0,0,50.607330133772294,25.291717516402112,43.820629248951086
17500,0.06,0,0.4198951888580738,0.631578947368421,0.3185177228786251,0.35,0,0,0,50.60561107166619,25.28745731626186,43.813718038512036
17600,0.06,0,0.41980582358373797,0.631578947368421,0.32063372717508054,0.36,0,0,0,50.614424035145824,25.288485686289324,43.81541433960199
17700,0.06,0,0.4198704800145302,0.631578947368421,0.312577873254565,0.28,0,0,0,50.60974961069706,25.28946078711801,43.81271340584615
17800,0.06,0,0.4198935370638588,0.631578947368421,0.31748657357679916,0.33,0,0,0,50.60549005249101,25.2890582820466,43.813995172273756
17900,0.06,0,0.4198215967984039,0.631578947368421,0.31891514500537055,0.32,0,0,0,50.615123336856676,25.28556135832923,43.813162806737104
18000,0.06,0,0.4197552395454732,0.631578947368421,0.3196133190118153,0.26,0,0,0,50.62396588083657,25.285969487719516,43.81243493294067
18100,0.06,0,0.41984255022889766,0.631578947368421,0.312749731471536,0.2,0,0,0,50.616958079212225,25.287229772387104,43.809388144903004
18200,0.06,0,0.4199049962253017,0.631578947368421,0.3188829215896885,0.3,0,0,0,50.618244434439575,25.28920686340295,43.80175989298288
18300,0.06,0,0.419970914190342,0.631578947368421,0.3153061224489796,0.29,0,0,0,50.61240177011755,25.28631866062548,43.7999404929815
18400,0.06,0,0.41984358366933844,0.631578947368421,0.3152201933404941,0.26,0,0,0,50.6225257068234,25.284054400839747,43.80446202352052
18500,0.06,0,0.41996926393234485,0.631578947368421,0.3143179377013963,0.3,0,0,0,50.61005357577134,25.282999521596015,43.80214483185122
18600,0.06,0,0.42000171744586146,0.631578947368421,0.31158968850698177,0.28,0,0,0,50.601974676651174,25.28238607243142,43.80575296854853
18700,0.06,0,0.41995291398906703,0.631578947368421,0.31612244897959185,0.34,0,0,0,50.60328899043245,25.283321525559835,43.80970581677757
18800,0.06,0,0.4199307648030491,0.631578947368421,0.31644468313641244,0.38,0,0,0,50.60021541272942,25.283129534283805,43.814677799547624
18900,0.06,0,0.4200088110819739,0.631578947368421,0.32019334049409237,0.32,0,0,0,50.60044339109312,25.28343722739962,43.80633876223619
19000,0.06,0,0.4199739871602812,0.631578947368421,0.319828141783029,0.15,0,0,0,50.605711120905895,25.283736001410563,43.80541081344291
19100,0.06,0,0.41990781893213014,0.631578947368421,0.3144468313641246,0.29,0,0,0,50.60398858850101,25.28389198261726,43.81380492928807
19200,0.06,0,0.41991105639195186,0.631578947368421,0.31450053705692804,0.34,0,0,0,50.61042827557854,25.279668500837968,43.807892290962634
19300,0.06,0,0.42001913662978174,0.631578947368421,0.31414607948442536,0.4,0,0,0,50.61745123082706,25.276150234430265,43.79054295485689
19400,0.06,0,0.4199253610607884,0.631578947368421,0.31225563909774434,0.29,0,0,0,50.6261754313992,25.277700310889518,43.79277410405311
19500,0.06,0,0.4198679374201124,0.631578947368421,0.3198711063372717,0.33,0,0,0,50.63440590260229,25.27752246472826,43.79164410678085
19600,0.06,0,0.4198551978738079,0.631578947368421,0.31168635875402795,0.27,0,0,0,50.62944936009862,25.27788850819699,43.79726012646204
19700,0.06,0,0.4198804839855255,0.631578947368421,0.31440386680988186,0.36,0,0,0,50.62730819125986,25.278364066369527,43.796474756315675
19800,0.06,0,0.4197776900031752,0.631578947368421,0.3259183673469388,0.26,0,0,0,50.631092745236316,25.27907244799932,43.80392502995243
19900,0.06,0,0.41979335320627115,0.631578947368421,0.3184854994629431,0.26,0,0,0,50.63499612092985,25.280282481820166,43.79891397839739
20000,0.06,0,0.41985229239060945,0.631578947368421,0.3188936627282492,0.27,0,0,0,50.630973131855406,25.27958004301727,43.79624509860753
20100,0.06,0,0.41975944317938024,0.631578947368421,0.32018259935553167,0.27,0,0,0,50.636963088735186,25.279816328902747,43.80075076403987
20200,0.06,0,0.41968525591036027,0.631578947368421,0.31783029001074115,0.31,0,0,0,50.64105891953462,25.280183232260384,43.804950155897814
20300,0.06,0,0.4196552639047498,0.631578947368421,0.3145435016111708,0.3,0,0,0,50.647346465243906,25.27913569107164,43.80264232235246
20400,0.06,0,0.419676525952389,0.631578947368421,0.32276047261009666,0.36,0,0,0,50.652343839070255,25.280391435215677,43.796101790115905
20500,0.06,0,0.41959081511295243,0.631578947368421,0.32533834586466165,0.36,0,0,0,50.656949431718694,25.278552622599456,43.80106549033477
20600,0.06,0,0.4194509601551996,0.631578947368421,0.32201933404940924,0.31,0,0,0,50.65976903448971,25.279206748213475,43.81323113419779
20700,0.06,0,0.41948080014390476,0.631578947368421,0.3252846401718582,0.33,0,0,0,50.66219154212159,25.277206513784364,43.80801959409041
20800,0.06,0,0.4195952512872878,0.631578947368421,0.3239312567132116,0.29,0,0,0,50.65351759500586,25.280197765980915,43.803569946670216
20900,0.06,0,0.4196235966176429,0.631578947368421,0.3174436090225564,0.24,0,0,0,50.65140362048924,25.280799130916566,43.80243909247224
21000,0.06,0,0.419696477889802,0.631578947368421,0.31865735767991404,0.35,0,0,0,50.65175074301383,25.28116184159126,43.79453256552965
21100,0.06,0,0.41963635420787626,0.631578947368421,0.32106337271750807,0.34,0,0,0,50.665894902376074,25.27991524356364,43.78857959158389
21200,0.06,0,0.419689730194839,0.631578947368421,0.32103114930182597,0.32,0,0,0,50.65927688948761,25.27968029331151,43.788730289059686
21300,0.06,0,0.4196743268148612,0.631578947368421,0.32321160042964553,0.21,0,0,0,50.66445502275196,25.284067558396355,43.78586190666837
21400,0.06,0,0.4196405536868381,0.631578947368421,0.31485499462943073,0.28,0,0,0,50.661745354942795,25.282166102190544,43.79172793679786
21500,0.06,0,0.41961469757834763,0.631578947368421,0.3209452201933405,0.31,0,0,0,50.65848137186194,25.28337198969961,43.797248050034376
21600,0.06,0,0.41968047193327096,0.631578947368421,0.3212244897959184,0.35,0,0,0,50.65547127685832,25.281014336119995,43.79298608493495
21700,0.06,0,0.41966093152157646,0.631578947368421,0.31842105263157894,0.35,0,0,0,50.65583637688258,25.281039853784232,43.79470953959986
21800,0.06,0,0.41958569889703756,0.631578947368421,0.3146831364124597,0.25,0,0,0,50.6537720559877,25.28279647978832,43.80434713565256
21900,0.06,0,0.4195292126413731,0.631578947368421,0.32534908700322235,0.36,0,0,0,50.662677316096975,25.281972802670698,43.80254427087788
22000,0.06,0,0.4194783152782687,0.631578947368421,0.32171858216971,0.34,0,0,0,50.66307608953047,25.277535141622074,43.80751423315975
22100,0.06,0,0.41969334437101696,0.631578947368421,0.3215896885069817,0.31,0,0,0,50.648586537789676,25.280932345717698,43.79759557217704
22200,0.06,0,0.4197226767300483,0.631578947368421,0.31809881847475835,0.34,0,0,0,50.64517399226895,25.27665663487025,43.79748571254204
22300,0.06,0,0.419705423199373,0.631578947368421,0.314672395273899,0.35,0,0,0,50.64289681080042,25.275247545907188,43.80125562414299
22400,0.06,0,0.4197513876794384,0.631578947368421,0.3191192266380236,0.31,0,0,0,50.64250617580149,25.27468494445105,43.79679703640253
22500,0.06,0,0.4197758169906299,0.631578947368421,0.3257787325456498,0.24,0,0,0,50.63914189020981,25.276678210898908,43.79715776911603
22600,0.06,0,0.4197542190424536,0.631578947368421,0.31894736842105265,0.33,0,0,0,50.64291847151233,25.273183308203855,43.796145056953634
22700,0.06,0,0.4198648390867561,0.631578947368421,0.31288936627282493,0.33,0,0,0,50.629718383677236,25.27020799241127,43.796021711310175
22800,0.06,0,0.41984112486933367,0.631578947368421,0.3176799140708915,0.3,0,0,0,50.63328123244506,25.268079157248064,43.79541356260279
22900,0.06,0,0.4199730701986066,0.631578947368421,0.31758324382384534,0.41,0,0,0,50.63475943230939,25.267966012838688,43.78037597376694
23000,0.06,0,0.41989539075061216,0.631578947368421,0.3141997851772288,0.27,0,0,0,50.63655561889024,25.26764540996413,43.78692194770821
23100,0.06,0,0.4198862015836754,0.631578947368421,0.31573576799140707,0.26,0,0,0,50.62427967525214,25.26939532218262,43.798498396807716
23200,0.06,0,0.419898631403061,0.631578947368421,0.3179269602577873,0.35,0,0,0,50.60162068973315,25.271837689391322,43.81681389901602
23300,0.06,0,0.4199887709342125,0.631578947368421,0.3137486573576799,0.27,0,0,0,50.596601228206175,25.270291184776568,43.81175570997274
23400,0.06,0,0.42005894375190295,0.631578947368421,0.31497314715359825,0.32,0,0,0,50.593462455011434,25.269450421433614,43.807154338701146
23500,0.06,0,0.42000830632718794,0.631578947368421,0.316906552094522,0.28,0,0,0,50.594073014484586,25.271358277435176,43.811907136830165
23600,0.06,0,0.4200288681974679,0.631578947368421,0.3149624060150376,0.25,0,0,0,50.58854662450616,25.270314206121267,43.81454825455329
23700,0.06,0,0.4200225279681486,0.631578947368421,0.31063372717508053,0.31,0,0,0,50.584108163388066,25.27139273998399,43.819054163702425
23800,0.06,0,0.41989213799225533,0.631578947368421,0.31462943071965627,0.32,0,0,0,50.58729577568093,25.271786670285344,43.82989939689132
23900,0.06,0,0.42000287480199383,0.631578947368421,0.31577873254564987,0.3,0,0,0,50.57844009662111,25.26885315053771,43.82601539252539
24000,0.06,0,0.41979571262716175,0.631578947368421,0.31412459720730396,0.23,0,0,0,50.601125401283305,25.268072750956495,43.82798519040542
24100,0.06,0,0.4197840064458572,0.631578947368421,0.31437164339419976,0.39,0,0,0,50.60308068792001,25.26769330665396,43.827513840055
24200,0.06,0,0.4197639218221222,0.631578947368421,0.31063372717508053,0.32,0,0,0,50.60704544454161,25.265313092874717,43.826177088315944
24300,0.06,0,0.4198310659190086,0.631578947368421,0.315703544575725,0.3,0,0,0,50.60897343192261,25.26318290131183,43.817498589534644
24400,0.06,0,0.41989765526929124,0.631578947368421,0.31868958109559614,0.34,0,0,0,50.59992805183841,25.26294836502881,43.81838149643184
24500,0.06,0,0.41985595886843124,0.631578947368421,0.3122019334049409,0.2,0,0,0,50.59988581212337,25.26432426492146,43.822769734955
24600,0.06,0,0.4198875127871451,0.631578947368421,0.31056928034371645,0.31,0,0,0,50.603135613114425,25.26280271306474,43.816662374000195
24700,0.06,0,0.41999150279449204,0.631578947368421,0.310687432867884,0.22,0,0,0,50.59739654613796,25.261047536420126,43.810782080754976
24800,0.06,0,0.4201339292177721,0.631578947368421,0.3114500537056928,0.33,0,0,0,50.580460212534156,25.261928394882446,43.81059472439492
24900,0.06,0,0.42009379687766646,0.631578947368421,0.31799140708915147,0.26,0,0,0,50.580750711401144,25.263751726443697,43.814528391744894
25000,0.06,0,0.42002492771436084,0.631578947368421,0.31586466165413535,0.39,0,0,0,50.5949568568515,25.264763988462263,43.809408076165255
25100,0.06,0,0.41987520599790834,0.631578947368421,0.31931256713211603,0.35,0,0,0,50.606306393453345,25.26696755083616,43.815201216147194
25200,0.06,0,0.41970887121101225,0.631578947368421,0.31757250268528464,0.33,0,0,0,50.626837561185205,25.26920328499251,43.81478979074708
25300,0.06,0,0.4197105715412247,0.631578947368421,0.3203329752953813,0.28,0,0,0,50.620256958587014,25.26849457774109,43.82030816133453
25400,0.06,0,0.41963156521595296,0.631578947368421,0.3210848549946294,0.22,0,0,0,50.62721823015915,25.268764668231864,43.822531997988676
25500,0.06,0,0.4196398214674266,0.631578947368421,0.3198496240601504,0.38,0,0,0,50.62686761129791,25.269436957113825,43.82197329571973
25600,0.06,0,0.419584713489862,0.631578947368421,0.3232438238453276,0.31,0,0,0,50.631390720891204,25.272902050910382,43.82381353398392
25700,0.06,0,0.41962080456073797,0.631578947368421,0.3223093447905478,0.27,0,0,0,50.639058334688535,25.27466049131331,43.813409202300484
25800,0.06,0,0.4195541946267866,0.631578947368421,0.3213641245972073,0.36,0,0,0,50.63867473711822,25.27488317258871,43.820697124415304
25900,0.06,0,0.41969343446144974,0.631578947368421,0.32132116004296457,0.24,0,0,0,50.62371599411367,25.27539127390138,43.81910315651642
26000,0.06,0,0.41964462017052273,0.631578947368421,0.3123630504833512,0.2,0,0,0,50.621787436500796,25.27814121867809,43.82586991023144
26100,0.06,0,0.4197197370194384,0.631578947368421,0.3167561761546724,0.29,0,0,0,50.614584855500006,25.275209840006415,43.82426184914397
26200,0.06,0,0.41969896122494843,0.631578947368421,0.31773361976369496,0.34,0,0,0,50.61237148864658,25.280905658618156,43.82834782867838
26300,0.06,0,0.4196336836456768,0.631578947368421,0.3236949516648765,0.34,0,0,0,50.61107232993462,25.281266574015277,43.83629092485443
26400,0.06,0,0.4196329273463987,0.631578947368421,0.3237916219119227,0.28,0,0,0,50.61168995703616,25.28415336095789,43.83583498428596
26500,0.06,0,0.41954480620360995,0.631578947368421,0.3206122448979592,0.31,0,0,0,50.623065797127595,25.28783921426128,43.83518955191191
26600,0.06,0,0.4195639494708729,0.631578947368421,0.31708915145005373,0.32,0,0,0,50.621611728134475,25.290065464918335,43.83444857871716
26700,0.06,0,0.41962903198482593,0.631578947368421,0.31755102040816324,0.18,0,0,0,50.61359563091331,25.290960429350367,43.834591409756584
26800,0.06,0,0.4196484639386214,0.631578947368421,0.32103114930182597,0.32,0,0,0,50.619880263254196,25.28944241055421,43.82711967187246
26900,0.06,0,0.41976795378955284,0.631578947368421,0.3242857142857143,0.29,0,0,0,50.60556644575527,25.290639608864787,43.82703697982039
27000,0.06,0,0.419805948548858,0.631578947368421,0.32117078410311495,0.32,0,0,0,50.597722338650435,25.289907830466515,43.82986423122013
27100,0.06,0,0.41989101469332457,0.631578947368421,0.3172717508055854,0.29,0,0,0,50.58322055079417,25.290100601690206,43.83354780596911
27200,0.06,0,0.41994599621019857,0.631578947368421,0.31413533834586466,0.27,0,0,0,50.58289913502248,25.288483962113013,43.82808738192987
27300,0.06,0,0.4199038970612658,0.631578947368421,0.3127389903329753,0.23,0,0,0,50.58565766030826,25.287766774485966,43.83009127991172
27400,0.06,0,0.419813889491048,0.631578947368421,0.3158109559613319,0.36,0,0,0,50.58801843482739,25.286432437706676,43.83744255331557
27500,0.06,0,0.41985809475521096,0.631578947368421,0.3144360902255639,0.35,0,0,0,50.59757579809263,25.290659173646862,43.824547503891075
27600,0.06,0,0.42009408751446575,0.631578947368421,0.3125993555316864,0.34,0,0,0,50.60019149332124,25.29115357909721,43.797664385963586
27700,0.06,0,0.4201012907276817,0.631578947368421,0.3075295381310419,0.27,0,0,0,50.6021583782675,25.29038675244353,43.79521104700368
27800,0.06,0,0.4201392393651279,0.631578947368421,0.31104189044038666,0.29,0,0,0,50.59447225682482,25.291600872433502,43.797907892738365
27900,0.06,0,0.4201852240746371,0.631578947368421,0.31451127819548874,0.27,0,0,0,50.5896559414441,25.291285962047414,43.79728394782327
28000,0.06,0,0.4200643572401147,0.631578947368421,0.3140386680988185,0.3,0,0,0,50.59640430939472,25.292419353113246,43.80404271302261
28100,0.06,0,0.4201251103021524,0.631578947368421,0.31745435016111706,0.29,0,0,0,50.59714225862667,25.294504609302567,43.79706955782408
28200,0.06,0,0.42002217561905847,0.631578947368421,0.31597207303974223,0.27,0,0,0,50.601240125574876,25.29246253883283,43.804255179431394
28300,0.06,0,0.4200695200196781,0.631578947368421,0.3109559613319012,0.27,0,0,0,50.59803200358779,25.292871899426647,43.802095228072396
28400,0.06,0,0.42012418601405127,0.631578947368421,0.31156820622986037,0.33,0,0,0,50.59506051478742,25.289501855764335,43.79896795604183
28500,0.06,0,0.4201572978792625,0.631578947368421,0.31044038668098817,0.25,0,0,0,50.58958856970072,25.289308786100264,43.800253310320855
28600,0.06,0,0.4201956089955227,0.631578947368421,0.31054779806659505,0.32,0,0,0,50.585239305915806,25.2890644308385,43.80002539971427
28700,0.06,0,0.4202195346790873,0.631578947368421,0.31379162191192267,0.25,0,0,0,50.58012033334476,25.28718246908414,43.80196413391955
28800,0.06,0,0.42021623335868036,0.631578947368421,0.3128464017185822,0.31,0,0,0,50.580829261685516,25.287395760847293,43.80169433047454
28900,0.06,0,0.4201693631825061,0.631578947368421,0.31064446831364123,0.19,0,0,0,50.58252593407785,25.28701717833076,43.80511104988662
29000,0.06,0,0.4201444875762605,0.631578947368421,0.31340494092373794,0.28,0,0,0,50.58462797978225,25.283587773784394,43.805884200273844
29100,0.06,0,0.42013669758056277,0.631578947368421,0.3146938775510204,0.31,0,0,0,50.586056735074955,25.285829597916965,43.80545915164287
29200,0.06,0,0.42013937708202254,0.631578947368421,0.30758324382384533,0.26,0,0,0,50.576922837918104,25.28490543195552,43.813090735673825
29300,0.06,0,0.4200343495820496,0.631578947368421,0.3133297529538131,0.41,0,0,0,50.59164421916375,25.281717279221446,43.81129386563317
29400,0.06,0,0.42002660530814756,0.631578947368421,0.3176906552094522,0.33,0,0,0,50.58944658014133,25.2822644878241,43.814004866519426
29500,0.06,0,0.4199116471130567,0.631578947368421,0.32012889366272823,0.38,0,0,0,50.60383563584186,25.28325173862093,43.813537923090806
29600,0.06,0,0.42002143756700366,0.631578947368421,0.3156820622986036,0.37,0,0,0,50.58749836560236,25.28074086498677,43.81623130891596
29700,0.06,0,0.41996098280101607,0.631578947368421,0.31262083780880773,0.33,0,0,0,50.59326573509075,25.285024495623013,43.81754325786799
29800,0.06,0,0.41976274461599045,0.631578947368421,0.31902255639097743,0.27,0,0,0,50.612878958342726,25.286060001920763,43.82124868721031
29900,0.06,0,0.41976427042264836,0.631578947368421,0.31780880773361975,0.2,0,0,0,50.6073710935616,25.28682883958076,43.82585867904262
30000,0.06,0,0.41988400688443034,0.631578947368421,0.3128034371643394,0.36,0,0,0,50.59920520865513,25.28591970584449,43.820431813654395
30100,0.06,0,0.4199421946638161,0.631578947368421,0.3178839957035446,0.39,0,0,0,50.59400897078787,25.283002832851356,43.81885992984751
30200,0.06,0,0.42003121619477585,0.631578947368421,0.32002148227712135,0.31,0,0,0,50.58698735642922,25.283328708800187,43.81565383909039
30300,0.06,0,0.4199900242508516,0.631578947368421,0.31881847475832437,0.33,0,0,0,50.588856684414594,25.281621011524248,43.81833200012448
30400,0.06,0,0.419998984288972,0.631578947368421,0.30954887218045113,0.34,0,0,0,50.57388757805891,25.282514505622828,43.83036649012542
30500,0.06,0,0.41985492342767844,0.631578947368421,0.31093447905477983,0.28,0,0,0,50.57990768420774,25.285475069172087,43.8401870362058
30600,0.06,0,0.41976568351661464,0.631578947368421,0.3164124597207304,0.29,0,0,0,50.589967077020646,25.287680339721163,43.84078811393644
30700,0.06,0,0.41973737980164866,0.631578947368421,0.3209559613319012,0.34,0,0,0,50.59220106749333,25.29018973519805,43.84180838416826
30800,0.06,0,0.4195892488250368,0.631578947368421,0.3179269602577873,0.35,0,0,0,50.60373768341902,25.28815586366309,43.847287648233724
30900,0.06,0,0.41965368455959706,0.631578947368421,0.3237593984962406,0.29,0,0,0,50.59278825777176,25.288890038194516,43.85004320486402
31000,0.06,0,0.41967239622771924,0.631578947368421,0.32415682062298606,0.31,0,0,0,50.592294667666486,25.286577563413907,43.84851588274652
31100,0.06,0,0.419676480205105,0.631578947368421,0.3167776584317938,0.15,0,0,0,50.595577087579755,25.28898849277324,43.84524450942184
31200,0.06,0,0.41979202144787614,0.631578947368421,0.31511278195488723,0.25,0,0,0,50.58792564920198,25.288404044660535,43.8398065665865
31300,0.06,0,0.4198298902989351,0.631578947368421,0.3197636949516649,0.37,0,0,0,50.58161143491486,25.28682340868924,43.84132432193687
31400,0.06,0,0.41994278362198156,0.631578947368421,0.3202577873254565,0.43,0,0,0,50.58968373979028,25.28894525806414,43.82254482043599
31500,0.06,0,0.4198923988272388,0.631578947368421,0.3136842105263158,0.21,0,0,0,50.598154391144824,25.287544861209284,43.8204660615318
31600,0.06,0,0.41985100765190136,0.631578947368421,0.31574650912996777,0.29,0,0,0,50.595639714069854,25.284876357627684,43.826964275046805
31700,0.06,0,0.41983621805670307,0.631578947368421,0.31065520945220193,0.31,0,0,0,50.60729490169636,25.282938924096314,43.81841418094128
31800,0.06,0,0.4197498886730197,0.631578947368421,0.31251342642320085,0.43,0,0,0,50.6216523995567,25.28394631704069,43.81499575942763
31900,0.06,0,0.4197119026667263,0.631578947368421,0.32425349087003225,0.44,0,0,0,50.61871433279075,25.28421740629052,43.82150462164904
32000,0.06,0,0.4197126272640749,0.631578947368421,0.3188829215896885,0.37,0,0,0,50.61354135169491,25.28802014541335,43.82590775764771
32100,0.06,0,0.41979541269748744,0.631578947368421,0.31500537056928035,0.26,0,0,0,50.60494480255685,25.286996255834694,43.82470859048475
32200,0.06,0,0.41987746188955616,0.631578947368421,0.3164983888292159,0.32,0,0,0,50.60245189346385,25.28529714105831,43.8183032908
32300,0.06,0,0.4199464153777839,0.631578947368421,0.31559613319011814,0.32,0,0,0,50.60424857416381,25.282170242781955,43.80955301078818
32400,0.06,0,0.4199704576597846,0.631578947368421,0.31833512352309346,0.31,0,0,0,50.59514787482714,25.283652414647992,43.814924724119095
32500,0.06,0,0.4200097140571428,0.631578947368421,0.31351235230934477,0.39,0,0,0,50.59977147094663,25.28704576305308,43.80682629150276
32600,0.06,0,0.4200480047928595,0.631578947368421,0.317250268528464,0.2,0,0,0,50.59286938281781,25.285642907031264,43.808808712187236
32700,0.06,0,0.4200331307935209,0.631578947368421,0.3168313641245972,0.24,0,0,0,50.59508402187947,25.2856678434101,43.80844238808819
32800,0.06,0,0.4200349987588543,0.631578947368421,0.3116004296455424,0.25,0,0,0,50.59630500741196,25.284519547745163,43.80719038794202
32900,0.06,0,0.42018837427843664,0.631578947368421,0.3174113856068743,0.31,0,0,0,50.58590318672072,25.287596121984716,43.80020470555722
33000,0.06,0,0.42013186213645176,0.631578947368421,0.30806659505907624,0.28,0,0,0,50.60726730666211,25.28666575386793,43.78760332210508
33100,0.06,0,0.4200772439385263,0.631578947368421,0.30883995703544576,0.32,0,0,0,50.60923501616524,25.289601351218852,43.79159385792335
33200,0.06,0,0.4200774470889985,0.631578947368421,0.3154027926960258,0.37,0,0,0,50.615586277227514,25.285988851842433,43.786077698698115
33300,0.06,0,0.41996505780897736,0.631578947368421,0.3132223415682062,0.29,0,0,0,50.6260427499014,25.282450498328085,43.7887494008063
33400,0.06,0,0.4199317905795227,0.631578947368421,0.3142749731471536,0.25,0,0,0,50.630000369520765,25.280672891741975,43.78879524240952
33500,0.06,0,0.4199217035888419,0.631578947368421,0.3204726100966703,0.23,0,0,0,50.62174750812271,25.277742845737905,43.79698615538144
33600,0.06,0,0.42008961785742593,0.631578947368421,0.31465091299677767,0.3,0,0,0,50.634397285707244,25.274157283077802,43.76854279368453
33700,0.06,0,0.42005791269467435,0.631578947368421,0.31474758324382385,0.29,0,0,0,50.63750342384138,25.27508839859877,43.76916136488782
33800,0.06,0,0.42016851294421914,0.631578947368421,0.3115145005370569,0.25,0,0,0,50.63741124338792,25.27464980141207,43.757719738809776
33900,0.06,0,0.42020081259316255,0.631578947368421,0.3112567132116004,0.32,0,0,0,50.63825450579324,25.27008855078127,43.75362757947343
34000,0.06,0,0.42026441607100373,0.631578947368421,0.3095059076262084,0.32,0,0,0,50.63086754089206,25.268685207509765,43.75338845682229
34100,0.06,0,0.4203105363258456,0.631578947368421,0.31426423200859294,0.3,0,0,0,50.618076463018575,25.267822061374034,43.75964261419281
34200,0.06,0,0.42025738513367383,0.631578947368421,0.31574650912996777,0.21,0,0,0,50.62013338048619,25.265497537990626,43.76339865477795
34300,0.06,0,0.42016772649455186,0.631578947368421,0.31612244897959185,0.32,0,0,0,50.62016619805749,25.26598083848115,43.77270884894275
34400,0.06,0,0.420235295994333,0.631578947368421,0.3135875402792696,0.4,0,0,0,50.614118316536924,25.262543417607464,43.77090020942664
34500,0.06,0,0.4201366742164526,0.631578947368421,0.3168313641245972,0.36,0,0,0,50.61588896565602,25.264791503341545,43.77964331881915
34600,0.06,0,0.42007423402638366,0.631578947368421,0.3132545649838883,0.29,0,0,0,50.62231387421899,25.266731160948066,43.78059348915759
34700,0.06,0,0.42007980893266894,0.631578947368421,0.31055853920515575,0.36,0,0,0,50.61860853975387,25.265374614054902,43.783217216237425
34800,0.06,0,0.4201669924525489,0.631578947368421,0.3103866809881847,0.35,0,0,0,50.61348469645998,25.263077160201597,43.7785637797151
34900,0.06,0,0.42018349455818194,0.631578947368421,0.31166487647690655,0.28,0,0,0,50.62067183633692,25.26408528998547,43.77062898827274
35000,0.06,0,0.4203146793065673,0.631578947368421,0.31523093447905476,0.4,0,0,0,50.609524567412855,25.263037361000098,43.7666056252074
35100,0.06,0,0.42031276513620724,0.631578947368421,0.30993555316863586,0.19,0,0,0,50.60490014120715,25.265327154923092,43.7708044859442
35200,0.06,0,0.4204821505068014,0.631578947368421,0.3086573576799141,0.33,0,0,0,50.590142103453154,25.264992577306828,43.76593560061093
35300,0.06,0,0.4203089705007135,0.631578947368421,0.3121160042964554,0.24,0,0,0,50.60172607506258,25.26670361042937,43.77394526927209
35400,0.06,0,0.42040613278658545,0.631578947368421,0.3078625134264232,0.31,0,0,0,50.60112560424608,25.271429392254515,43.764347775489504
35500,0.06,0,0.42039610326080473,0.631578947368421,0.3059076262083781,0.27,0,0,0,50.593888994440476,25.268613433626093,43.77165178316338
35600,0.06,0,0.4202830190436604,0.631578947368421,0.3130719656283566,0.38,0,0,0,50.605466447998,25.26697996725663,43.773412565827996
35700,0.06,0,0.420130332038421,0.631578947368421,0.3116970998925886,0.24,0,0,0,50.617429859505314,25.265838860704715,43.77897144657476
35800,0.06,0,0.4201469813825223,0.631578947368421,0.3138453276047261,0.27,0,0,0,50.61376706816345,25.26738329979663,43.78040464733517
35900,0.06,0,0.4201903314015254,0.631578947368421,0.3124704618689581,0.27,0,0,0,50.620800230888676,25.265410810714894,43.76980578605165
36000,0.06,0,0.42016113636037106,0.631578947368421,0.3103866809881847,0.33,0,0,0,50.60827475201106,25.263472531117902,43.783680865950984
36100,0.06,0,0.4202913175363962,0.631578947368421,0.3094092373791622,0.37,0,0,0,50.59456312646124,25.26321700292213,43.78198142767939
36200,0.06,0,0.4203933139031696,0.631578947368421,0.3059505907626208,0.33,0,0,0,50.586854896836236,25.26173110166969,43.778028697681584
36300,0.06,0,0.42049024453642037,0.631578947368421,0.3064339419978518,0.27,0,0,0,50.57850740190591,25.261143152889804,43.77516054346621
36400,0.06,0,0.4204060626695977,0.631578947368421,0.3014715359828142,0.22,0,0,0,50.59153447962276,25.2618775556346,43.772651905126715
36500,0.06,0,0.42035203226542744,0.631578947368421,0.3100107411385607,0.32,0,0,0,50.59233194180762,25.26264057818702,43.777588214803764
36600,0.06,0,0.42027364986105226,0.631578947368421,0.3117400644468314,0.41,0,0,0,50.60579043874921,25.26477382225698,43.774108154388855
36700,0.06,0,0.4203553780214572,0.631578947368421,0.31199785177228784,0.4,0,0,0,50.61253343212361,25.270783532138775,43.759766522907476
36800,0.06,0,0.4203419529757154,0.631578947368421,0.30796992481203006,0.29,0,0,0,50.61272672845429,25.270180565070067,43.76099701009393
36900,0.06,0,0.4203860334140491,0.631578947368421,0.31426423200859294,0.3,0,0,0,50.60537905958965,25.2716947743272,43.76276159088753
37000,0.06,0,0.42045855525985176,0.631578947368421,0.3054564983888292,0.36,0,0,0,50.607379800585505,25.267251469275717,43.753483426097205
37100,0.06,0,0.4204829696791219,0.631578947368421,0.30407089151450056,0.34,0,0,0,50.60799311630951,25.266014219357576,43.75041276078894
37200,0.06,0,0.42050847971002436,0.631578947368421,0.3081310418904404,0.38,0,0,0,50.62132712256509,25.26745206802835,43.7362351930954
37300,0.06,0,0.4205361690492779,0.631578947368421,0.3069172932330827,0.29,0,0,0,50.61298426207115,25.26984035006005,43.74056431810054
37400,0.06,0,0.42055716025128526,0.631578947368421,0.2996455424274973,0.31,0,0,0,50.60047636840561,25.270057510098354,43.74919275983946
37500,0.06,0,0.4205466974039697,0.631578947368421,0.30846401718582167,0.36,0,0,0,50.614749169512876,25.270076674909685,43.73794410603608
37600,0.06,0,0.42055287730432594,0.631578947368421,0.3070247046186896,0.31,0,0,0,50.61687290973963,25.271749255284384,43.735466296916925
37700,0.06,0,0.4205114961193272,0.631578947368421,0.31006444683136414,0.24,0,0,0,50.610965057812166,25.270152312113375,43.74487593634381
37800,0.06,0,0.42048189856853446,0.631578947368421,0.30783029001074114,0.34,0,0,0,50.60714180382619,25.271627803296795,43.751260178567215
37900,0.06,0,0.42053749778893157,0.631578947368421,0.3153920515574651,0.26,0,0,0,50.597943715660264,25.272173828477523,43.75342822204776
38000,0.06,0,0.42051694914652354,0.631578947368421,0.3068313641245972,0.26,0,0,0,50.58640336414358,25.2730582719628,43.76554826429086
38100,0.06,0,0.4205949445661482,0.631578947368421,0.3109881847475832,0.41,0,0,0,50.582577828806976,25.27440195624803,43.76074170348205
38200,0.06,0,0.4205664552028278,0.631578947368421,0.312921589688507,0.32,0,0,0,50.58870490795424,25.273547152973208,43.7584056104504
38300,0.06,0,0.42060895769914164,0.631578947368421,0.30740064446831367,0.32,0,0,0,50.59470752775875,25.273228394559798,43.74879279987484
38400,0.06,0,0.42055391519915364,0.631578947368421,0.3096348012889366,0.34,0,0,0,50.599086594605716,25.27397164459927,43.7507319759338
38500,0.06,0,0.4205049853206375,0.631578947368421,0.30958109559613317,0.32,0,0,0,50.59331113649144,25.27158849335547,43.76081773013375
38600,0.06,0,0.42056180623305944,0.631578947368421,0.3098496240601504,0.3,0,0,0,50.58349649920277,25.269682757013406,43.763395026554825
38700,0.06,0,0.42047548564908555,0.631578947368421,0.3088936627282492,0.4,0,0,0,50.590296699287116,25.27114536727043,43.76649558032927
38800,0.06,0,0.4205058567450639,0.631578947368421,0.3101396348012889,0.22,0,0,0,50.586826776608625,25.270888786735565,43.76633641500609
38900,0.06,0,0.4204091322422217,0.631578947368421,0.3059076262083781,0.37,0,0,0,50.591615885477275,25.27017183251466,43.77226187066273
39000,0.06,0,0.42047246904888835,0.631578947368421,0.3053061224489796,0.36,0,0,0,50.59346549221865,25.272046076519736,43.76406835205884
39100,0.06,0,0.4204497145649988,0.631578947368421,0.3076691729323308,0.31,0,0,0,50.58592553100921,25.27192515688523,43.772960335958416
39200,0.06,0,0.42041843622396013,0.631578947368421,0.3077013963480129,0.27,0,0,0,50.58518487304233,25.27264771923532,43.776857924336824
39300,0.06,0,0.4203667325945769,0.631578947368421,0.3131686358754028,0.29,0,0,0,50.59523432599574,25.274212833882576,43.7735460980215
39400,0.06,0,0.4202164542535332,0.631578947368421,0.31092373791621913,0.39,0,0,0,50.61534858552575,25.276936724231227,43.77179886304318
39500,0.06,0,0.4202262697071672,0.631578947368421,0.3218689581095596,0.31,0,0,0,50.61955863652954,25.27576840760997,43.767136026548656
39600,0.06,0,0.42034790812174877,0.631578947368421,0.3154242749731472,0.29,0,0,0,50.59901284471655,25.27487144252721,43.77223744378709
39700,0.06,0,0.42032171155869036,0.631578947368421,0.30969924812030075,0.35,0,0,0,50.597709781751895,25.274348492613342,43.77609290389169
39800,0.06,0,0.4203458761003209,0.631578947368421,0.3101503759398496,0.4,0,0,0,50.6078027504265,25.274935281646037,43.764846350801406
39900,0.06,0,0.42030650773727896,0.631578947368421,0.31204081632653063,0.3,0,0,0,50.62234080677689,25.27765053036681,43.75637576869085
40000,0.06,0,0.42032002532306567,0.631578947368421,0.3140923737916219,0.29,0,0,0,50.62102841051965,25.276252549131776,43.756102941287395
40100,0.06,0,0.42038261101039187,0.631578947368421,0.3111278195488722,0.35,0,0,0,50.61545246891558,25.277659013575736,43.7544082024369
40200,0.06,0,0.42039238649672256,0.631578947368421,0.31133190118152526,0.24,0,0,0,50.61414749274825,25.277206462284045,43.75451885696442
40300,0.06,0,0.42031973310207865,0.631578947368421,0.3090440386680988,0.37,0,0,0,50.61517128729826,25.27772068040962,43.76119676614109
40400,0.06,0,0.4203117438423709,0.631578947368421,0.3172824919441461,0.42,0,0,0,50.6179421226243,25.277568412148014,43.759633034894705
40500,0.06,0,0.42040052211814466,0.631578947368421,0.30843179377013963,0.31,0,0,0,50.61984870816874,25.276875677887404,43.74874422507645
40600,0.06,0,0.4203527052032197,0.631578947368421,0.309828141783029,0.29,0,0,0,50.62414144540073,25.27672153493942,43.75001068017401
40700,0.06,0,0.4202800059993231,0.631578947368421,0.3096670247046187,0.31,0,0,0,50.630442182577184,25.278610521192828,43.75213303112507
40800,0.06,0,0.4203098549171172,0.631578947368421,0.31377013963480127,0.36,0,0,0,50.63612689284381,25.27983261333243,43.74411438585231
40900,0.06,0,0.4203593355092728,0.631578947368421,0.3111278195488722,0.25,0,0,0,50.63153015301582,25.276595459095933,43.742936233323405
41000,0.06,0,0.42037207888579065,0.631578947368421,0.30389903329752954,0.26,0,0,0,50.629249503637276,25.277798973366508,43.743580575546574
41100,0.06,0,0.42026591491829984,0.631578947368421,0.3142749731471536,0.41,0,0,0,50.63359982657227,25.28289116901891,43.75087140567554
41200,0.06,0,0.4202153335368095,0.631578947368421,0.314672395273899,0.33,0,0,0,50.6277831074097,25.283722540996774,43.76116492767774
41300,0.06,0,0.4203093056069085,0.631578947368421,0.3131793770139635,0.36,0,0,0,50.63031629649903,25.282119778478943,43.74919186270827
41400,0.06,0,0.4203648461415508,0.631578947368421,0.3142857142857143,0.32,0,0,0,50.629203350934475,25.280641345762366,43.74437309862193
41500,0.06,0,0.42042009960693805,0.631578947368421,0.30688506981740066,0.23,0,0,0,50.63124179854319,25.279291730507396,43.73686307379098
41600,0.06,0,0.4203170357724846,0.631578947368421,0.31465091299677767,0.32,0,0,0,50.63607571417323,25.28217338510494,43.743411256943574
41700,0.06,0,0.42012735934551976,0.631578947368421,0.3176262083780881,0.36,0,0,0,50.64808959896095,25.28549701129219,43.75277949584453
41800,0.06,0,0.4201193273820272,0.631578947368421,0.3130827067669173,0.24,0,0,0,50.63997877242549,25.286919456434802,43.76062383633768
41900,0.06,0,0.42013756905720434,0.631578947368421,0.31533834586466164,0.35,0,0,0,50.627924570811146,25.290054262301815,43.76914250936099
42000,0.06,0,0.42002374515058033,0.631578947368421,0.311374865735768,0.27,0,0,0,50.64141379953997,25.2884523403988,43.76934184534025
42100,0.06,0,0.4201229134475142,0.631578947368421,0.31422126745435014,0.36,0,0,0,50.62767508724477,25.28779267029576,43.770885050046154
42200,0.06,0,0.4200812683442569,0.631578947368421,0.31365198711063375,0.35,0,0,0,50.63522697189135,25.285703445775816,43.7686955489138
42300,0.06,0,0.4202249421656026,0.631578947368421,0.31745435016111706,0.23,0,0,0,50.621799333255105,25.283813437140374,43.76533700060923
42400,0.06,0,0.4202483649084276,0.631578947368421,0.31261009667024703,0.24,0,0,0,50.61837920618841,25.28544912128912,43.765854642122584
42500,0.06,0,0.42037183193630856,0.631578947368421,0.31447905477980664,0.19,0,0,0,50.620574893069325,25.28734965386654,43.75110240962672
42600,0.06,0,0.4203520485723152,0.631578947368421,0.31772287862513426,0.32,0,0,0,50.61736728072687,25.28302310426573,43.75593413169074
42700,0.06,0,0.4202485444447945,0.631578947368421,0.3100214822771214,0.36,0,0,0,50.63089009839111,25.284372693194218,43.75502140728322
42800,0.06,0,0.4202784402769369,0.631578947368421,0.31004296455424274,0.37,0,0,0,50.630354657398435,25.285517208970347,43.75237166211299
42900,0.06,0,0.420183730843285,0.631578947368421,0.30979591836734693,0.37,0,0,0,50.64072439783583,25.282959305896686,43.753272222335774
43000,0.06,0,0.4203992879254557,0.631578947368421,0.310515574650913,0.3,0,0,0,50.636917128152184,25.283428714000216,43.73412602606268
43100,0.06,0,0.4203736831371118,0.631578947368421,0.30775510204081635,0.26,0,0,0,50.637540121712426,25.28711604611909,43.736251760069514
43200,0.06,0,0.4203570759343612,0.631578947368421,0.31129967776584316,0.32,0,0,0,50.62922364926486,25.28838098625495,43.745164165271404
43300,0.06,0,0.4203244519953291,0.631578947368421,0.31107411385606876,0.32,0,0,0,50.63146792500997,25.28913057072757,43.74662030777343
43400,0.06,0,0.4204361022949679,0.631578947368421,0.3097529538131042,0.29,0,0,0,50.623293948763305,25.28903269101803,43.74206477597514
43500,0.06,0,0.4203389239513456,0.631578947368421,0.3119548872180451,0.37,0,0,0,50.62071115978825,25.288376889985617,43.75440986354026
43600,0.06,0,0.42029065700294904,0.631578947368421,0.31201933404940924,0.28,0,0,0,50.6343558080086,25.289896229905985,43.74764266512285
43700,0.06,0,0.42029056196395803,0.631578947368421,0.31157894736842107,0.23,0,0,0,50.64013354051851,25.292580481405846,43.74266121546304
43800,0.06,0,0.42036142785318675,0.631578947368421,0.30960257787325457,0.33,0,0,0,50.62515069773903,25.289363767325018,43.748230678908406
43900,0.06,0,0.4202528900994466,0.631578947368421,0.31177228786251343,0.43,0,0,0,50.63978278584851,25.2895456041584,43.746885357934886
44000,0.06,0,0.420236984299932,0.631578947368421,0.3143501611170784,0.26,0,0,0,50.64423758346757,25.287709407057157,43.74469292541771
44100,0.06,0,0.4202521346787678,0.631578947368421,0.30645542427497313,0.28,0,0,0,50.640874226845575,25.28840300627937,43.74602113526675
44200,0.06,0,0.42021733506583386,0.631578947368421,0.30660580021482275,0.24,0,0,0,50.64072400876233,25.28853586791202,43.7497736673582
44300,0.06,0,0.42024200971924724,0.631578947368421,0.3118796992481203,0.25,0,0,0,50.64090702717997,25.28949067680443,43.747046780144146
44400,0.06,0,0.42019847002773,0.631578947368421,0.3096670247046187,0.35,0,0,0,50.64602709809835,25.291713695077654,43.747156641211404
44500,0.06,0,0.4202124699000528,0.631578947368421,0.30946294307196565,0.28,0,0,0,50.644703706391034,25.29191085621296,43.746842267777204
44600,0.06,0,0.42023651100412673,0.631578947368421,0.30907626208378086,0.31,0,0,0,50.64362965051183,25.2910444792389,43.74526731112067
44700,0.06,0,0.42030233284971297,0.631578947368421,0.3150590762620838,0.29,0,0,0,50.65189467972016,25.292733667646107,43.731279606828146
44800,0.06,0,0.42025830296151917,0.631578947368421,0.3108378088077336,0.29,0,0,0,50.6531744429041,25.29554144944593,43.73475627744044
44900,0.06,0,0.4203220240055281,0.631578947368421,0.3112352309344791,0.3,0,0,0,50.63681899820294,25.295330468222087,43.74225003565716
45000,0.06,0,0.4203152651364608,0.631578947368421,0.31029001074113854,0.31,0,0,0,50.6389606509095,25.296615129972384,43.74110342909708
45100,0.06,0,0.42026856857033024,0.631578947368421,0.31378088077336197,0.3,0,0,0,50.6308530603971,25.298768485360185,43.75296866115417
45200,0.06,0,0.4203541078780587,0.631578947368421,0.31073039742212677,0.29,0,0,0,50.62283613497164,25.297277503246164,43.750992782040285
45300,0.06,0,0.42038656369350114,0.631578947368421,0.3100214822771214,0.28,0,0,0,50.622362635593454,25.299394105143108,43.74802419609352
45400,0.06,0,0.42032822279598464,0.631578947368421,0.3140279269602578,0.3,0,0,0,50.61163684369423,25.29981425938843,43.76336887154586
45500,0.06,0,0.4202901092971022,0.631578947368421,0.31399570354457573,0.41,0,0,0,50.61099901069842,25.302619384818936,43.7678890842668
45600,0.06,0,0.42031192154821095,0.631578947368421,0.3141997851772288,0.19,0,0,0,50.60843749423879,25.30334733596786,43.76783290373158
45700,0.06,0,0.42046710980152496,0.631578947368421,0.3129108485499463,0.27,0,0,0,50.60780522017534,25.303902322664598,43.75222545381093
45800,0.06,0,0.42043558815676335,0.631578947368421,0.31228786251342644,0.25,0,0,0,50.616163844394904,25.302908211475717,43.74828005084853
45900,0.06,0,0.420401332918647,0.631578947368421,0.3091514500537057,0.24,0,0,0,50.61026778196975,25.298920836007852,43.75694181898672
46000,0.06,0,0.42041763844921687,0.631578947368421,0.3070891514500537,0.26,0,0,0,50.60284656346917,25.30132292654385,43.76166171985353
46100,0.06,0,0.42033324868641986,0.631578947368421,0.3069280343716434,0.33,0,0,0,50.61557249623946,25.29868191215902,43.759442782982184
46200,0.06,0,0.4202623414867754,0.631578947368421,0.3137056928034372,0.36,0,0,0,50.62688709183351,25.296802993427413,43.75704449059519
46300,0.06,0,0.420210385656712,0.631578947368421,0.3094736842105263,0.43,0,0,0,50.636690193905096,25.298966412111284,43.75398244561921
46400,0.06,0,0.4202418122392233,0.631578947368421,0.30981740064446833,0.24,0,0,0,50.63647401514763,25.29605765125892,43.75089721097751
46500,0.06,0,0.42017965344784974,0.631578947368421,0.3146079484425349,0.25,0,0,0,50.62469636033611,25.29662509172467,43.76754944511857
46600,0.06,0,0.42019521122198766,0.631578947368421,0.30539205155746507,0.26,0,0,0,50.626335505712966,25.298109541515654,43.7645119230068
46700,0.06,0,0.42020857134240347,0.631578947368421,0.30961331901181527,0.39,0,0,0,50.628284825026384,25.29901560193701,43.761435480356305
46800,0.06,0,0.4202451371663479,0.631578947368421,0.30628356605800217,0.26,0,0,0,50.63289279473837,25.300014347069485,43.75364549770651
46900,0.06,0,0.420241975680665,0.631578947368421,0.30689581095596136,0.32,0,0,0,50.63826822328134,25.2973217267578,43.74933002013021
47000,0.06,0,0.4200750569099439,0.631578947368421,0.3171106337271751,0.29,0,0,0,50.64266663619457,25.295105796682936,43.76291279595658
47100,0.06,0,0.4200489635124088,0.631578947368421,0.31834586466165415,0.29,0,0,0,50.646226555713696,25.296785000024038,43.762555060516654
47200,0.06,0,0.4199721016538659,0.631578947368421,0.3161439312567132,0.3,0,0,0,50.653291899383525,25.29660125832434,43.76445902316582
47300,0.06,0,0.4199872664118327,0.631578947368421,0.31833512352309346,0.25,0,0,0,50.656762472802185,25.30020878022606,43.75988052815435
47400,0.06,0,0.4199993914781563,0.631578947368421,0.3205800214822771,0.28,0,0,0,50.64875913956012,25.300761243861352,43.76553179134085
47500,0.06,0,0.41997546379615797,0.631578947368421,0.31903329752953813,0.31,0,0,0,50.6446175409825,25.29743767068405,43.77160453565988
47600,0.06,0,0.4198234446177805,0.631578947368421,0.31577873254564987,0.35,0,0,0,50.65932549719714,25.295077029239255,43.77474150807797
47700,0.06,0,0.419817113589102,0.631578947368421,0.31295381310418907,0.29,0,0,0,50.66630005273742,25.294021614431387,43.76937567341408
47800,0.06,0,0.41985704857367745,0.631578947368421,0.31708915145005373,0.29,0,0,0,50.6609781814039,25.29229934974738,43.76980999983138
47900,0.06,0,0.41982537677089976,0.631578947368421,0.3152953813104189,0.32,0,0,0,50.65483207625433,25.292443909479122,43.77842313776573
48000,0.06,0,0.419890379435846,0.631578947368421,0.32210526315789473,0.33,0,0,0,50.63426823358229,25.29624132804112,43.78942261904999
48100,0.06,0,0.4198998615908276,0.631578947368421,0.3183780880773362,0.34,0,0,0,50.623789046981294,25.292223463350933,43.79749802843001
48200,0.06,0,0.41984337612529754,0.631578947368421,0.31806659505907625,0.35,0,0,0,50.6285721320273,25.289245474560808,43.79925223379283
48300,0.06,0,0.41976854899657895,0.631578947368421,0.3192481203007519,0.33,0,0,0,50.633214762119245,25.285800994046987,43.80304307326293
48400,0.06,0,0.41974518369980446,0.631578947368421,0.3218367346938775,0.33,0,0,0,50.64931375948026,25.28638122326781,43.79155771858151
48500,0.06,0,0.41978996239615435,0.631578947368421,0.319140708915145,0.3,0,0,0,50.64352496439929,25.287338283482068,43.79189155309161
48600,0.06,0,0.41981577371281825,0.631578947368421,0.31587540279269605,0.27,0,0,0,50.638901457196305,25.285861141889676,43.793197224452555
48700,0.06,0,0.41976517496056387,0.631578947368421,0.3170032223415682,0.17,0,0,0,50.633513491318055,25.283582575822365,43.803136725666974
48800,0.06,0,0.41983227696873365,0.631578947368421,0.3129108485499463,0.39,0,0,0,50.616885438209906,25.286329143960987,43.8105230299164
48900,0.06,0,0.41985650573862704,0.631578947368421,0.3161761546723953,0.23,0,0,0,50.61341518768448,25.28855284695328,43.81099848924868
49000,0.06,0,0.41986853798953305,0.631578947368421,0.32018259935553167,0.37,0,0,0,50.61730405536466,25.28808860401294,43.80637713849916
49100,0.06,0,0.41983189798349285,0.631578947368421,0.3167883995703545,0.25,0,0,0,50.626273065481975,25.28977042803527,43.802438787568526
49200,0.06,0,0.4197086530232044,0.631578947368421,0.3202255639097744,0.32,0,0,0,50.624014998357104,25.29341846567269,43.81725548104118
49300,0.06,0,0.41978300482228226,0.631578947368421,0.32439312567132117,0.4,0,0,0,50.623638284276176,25.2894962051988,43.809820593017
49400,0.06,0,0.41981494867484437,0.631578947368421,0.32201933404940924,0.35,0,0,0,50.62360335037029,25.290480004475025,43.80651731948485
49500,0.06,0,0.4197935756825312,0.631578947368421,0.3197207303974221,0.35,0,0,0,50.630188736557805,25.28975633361213,43.80304951262852
49600,0.06,0,0.4198113602521759,0.631578947368421,0.3154135338345865,0.28,0,0,0,50.6271156389183,25.28611784098109,43.80385263341629
49700,0.06,0,0.4197743840387633,0.631578947368421,0.3196455424274973,0.29,0,0,0,50.61971887214045,25.287457241149507,43.814112503620066
49800,0.06,0,0.4197687474231018,0.631578947368421,0.3162406015037594,0.31,0,0,0,50.618928561657285,25.290983930293855,43.815384911902406
49900,0.06,0,0.41989014743528075,0.631578947368421,0.31881847475832437,0.3,0,0,0,50.60961229073265,25.289724737812488,43.81078011499018
50000,0.06,0,0.42005571229113553,0.631578947368421,0.315671321160043,0.35,0,0,0,50.59045391774859,25.28916797515792,43.810096509044094
50100,0.06,0,0.4200142158858384,0.631578947368421,0.3112137486573577,0.37,0,0,0,50.59023069778558,25.288077821339837,43.8146181653357
50200,0.06,0,0.42005852146141104,0.631578947368421,0.3133082706766917,0.3,0,0,0,50.5927195886304,25.287625515921697,43.80784161138896
50300,0.06,0,0.4200656340490553,0.631578947368421,0.31551020408163266,0.34,0,0,0,50.595083651935745,25.287225299952286,43.805052959540035
50400,0.06,0,0.4199420764653765,0.631578947368421,0.3154457572502685,0.32,0,0,0,50.60446024678762,25.289609700159062,43.809822406280105
50500,0.06,0,0.4198340763925653,0.631578947368421,0.31276047261009665,0.26,0,0,0,50.60747988269841,25.291150468005082,43.81847754176557
50600,0.06,0,0.419866664769658,0.631578947368421,0.3179269602577873,0.26,0,0,0,50.600331742417346,25.293757230916004,43.82126613606532
50700,0.06,0,0.4199102184256814,0.631578947368421,0.3154242749731472,0.33,0,0,0,50.60655820178378,25.296290705742404,43.811329874241935
50800,0.06,0,0.419912158896188,0.631578947368421,0.31380236305048337,0.33,0,0,0,50.608494021758005,25.29704315792463,43.809451601552965
50900,0.06,0,0.4198714741299158,0.631578947368421,0.31288936627282493,0.3,0,0,0,50.609704976787064,25.295687441544448,43.812648311366154
51000,0.06,0,0.42001393597826053,0.631578947368421,0.317937701396348,0.29,0,0,0,50.59613354043505,25.296994308169598,43.809535689901246
51100,0.06,0,0.42002255112203324,0.631578947368421,0.30960257787325457,0.24,0,0,0,50.59892666877352,25.298011019876498,43.80621881084396
51200,0.06,0,0.41998659166186697,0.631578947368421,0.3151450053705693,0.38,0,0,0,50.609870698983364,25.29695274792126,43.800495921825934
51300,0.06,0,0.4202349347066639,0.631578947368421,0.31089151450053704,0.3,0,0,0,50.597792347887214,25.29341444405218,43.785061044797516
51400,0.06,0,0.4201857875992418,0.631578947368421,0.3107841031149302,0.32,0,0,0,50.60388367752549,25.296842799411444,43.784911226923
51500,0.06,0,0.42008328063020284,0.631578947368421,0.313469387755102,0.33,0,0,0,50.61036762355247,25.29826611788599,43.78998456658359
51600,0.06,0,0.420067615534042,0.631578947368421,0.31149301825993553,0.28,0,0,0,50.60134768209461,25.30005657751963,43.79942364913124
51700,0.06,0,0.4199474050877107,0.631578947368421,0.31621911922663803,0.23,0,0,0,50.61397555561086,25.299700346006077,43.80103047339708
51800,0.06,0,0.41990199930189176,0.631578947368421,0.31489795918367347,0.27,0,0,0,50.617625066314844,25.30112416931144,43.80260848634557
51900,0.06,0,0.4199514612269788,0.631578947368421,0.31635875402792696,0.2,0,0,0,50.613671733941594,25.299763959730484,43.80087034165921
52000,0.06,0,0.4198783554944134,0.631578947368421,0.3156390977443609,0.29,0,0,0,50.61112614688119,25.299973842019394,43.81070002078058
52100,0.06,0,0.41989008371749476,0.631578947368421,0.32013963480128893,0.32,0,0,0,50.61258296015609,25.302467601743288,43.80821532036871
52200,0.06,0,0.4198183381665982,0.631578947368421,0.31587540279269605,0.29,0,0,0,50.62226339566029,25.303702511987527,43.80732317312781
52300,0.06,0,0.41985536293597114,0.631578947368421,0.3175080558539205,0.48,0,0,0,50.624455992108736,25.303341655193005,43.801562870470065
52400,0.06,0,0.4200064839617838,0.631578947368421,0.3154350161117078,0.27,0,0,0,50.60717916202793,25.303518631729084,43.800750861623825
52500,0.06,0,0.41994136836027174,0.631578947368421,0.3158216970998926,0.24,0,0,0,50.61423214350521,25.302498677838276,43.80143806885027
52600,0.06,0,0.41995886915337566,0.631578947368421,0.3198925886143931,0.22,0,0,0,50.604531354154936,25.30208793333096,43.808009047271696
52700,0.06,0,0.4199166485227935,0.631578947368421,0.3187540279269603,0.16,0,0,0,50.60486981673889,25.302127213000567,43.81212070281076
52800,0.06,0,0.41988857106701605,0.631578947368421,0.31770139634801287,0.24,0,0,0,50.616406418900766,25.30419124853379,43.80506394568357
52900,0.06,0,0.4198765154763454,0.631578947368421,0.3136949516648765,0.32,0,0,0,50.621192475060646,25.302605846857773,43.80217995267694
53000,0.06,0,0.4198397911927808,0.631578947368421,0.323813104189044,0.29,0,0,0,50.62706484413349,25.300633764402743,43.80093024615796
53100,0.06,0,0.4199423278585271,0.631578947368421,0.31387755102040815,0.3,0,0,0,50.62477541723271,25.297885190858953,43.79221578650871
53200,0.06,0,0.41996869764356365,0.631578947368421,0.3128141783029001,0.34,0,0,0,50.62811822844517,25.29560869480833,43.786574801352835
53300,0.06,0,0.4199157781320629,0.631578947368421,0.3138560687432868,0.25,0,0,0,50.63064917078177,25.296119265093946,43.7899038711651
53400,0.06,0,0.41995496777635916,0.631578947368421,0.32064446831364124,0.29,0,0,0,50.6345153701928,25.29599675626739,43.78247418808185
53500,0.06,0,0.42000931949922793,0.631578947368421,0.3203329752953813,0.24,0,0,0,50.64106692054117,25.29858763420051,43.771144967978834
53600,0.06,0,0.42011030268847144,0.631578947368421,0.312062298603652,0.32,0,0,0,50.6338400060097,25.298596090566495,43.76686947254383
53700,0.06,0,0.42019625964662877,0.631578947368421,0.31533834586466164,0.34,0,0,0,50.62960984243079,25.301405611394014,43.7615723793845
53800,0.06,0,0.4201132598849724,0.631578947368421,0.31670247046186895,0.29,0,0,0,50.647945685977064,25.303499500153062,43.754372211954724
53900,0.06,0,0.42017878406258186,0.631578947368421,0.3110096670247046,0.28,0,0,0,50.643462968910704,25.30372270057454,43.75142132291022
54000,0.06,0,0.4200779354692954,0.631578947368421,0.31389903329752955,0.25,0,0,0,50.64741315091822,25.302022718332896,43.758511620061114
54100,0.06,0,0.4200140583578653,0.631578947368421,0.30935553168635876,0.35,0,0,0,50.65085818260412,25.299508487388376,43.762189858071764
54200,0.06,0,0.4200091630454162,0.631578947368421,0.31613319011815255,0.3,0,0,0,50.65026669068687,25.300519345042012,43.76321097657345
54300,0.06,0,0.42005078430452947,0.631578947368421,0.3154672395273899,0.3,0,0,0,50.64014670617468,25.300096848194443,43.76761946716938
54400,0.06,0,0.4200853204375703,0.631578947368421,0.3177765843179377,0.38,0,0,0,50.62884360755335,25.302403302189916,43.773791734090025
54500,0.06,0,0.4200966201348485,0.631578947368421,0.3183780880773362,0.27,0,0,0,50.626004485076486,25.303820867623987,43.77506909523009
54600,0.06,0,0.4200433716864154,0.631578947368421,0.31602577873254567,0.37,0,0,0,50.63059023432142,25.3003807199634,43.77665308505928
54700,0.06,0,0.41997286782968263,0.631578947368421,0.31190118152524166,0.33,0,0,0,50.63333152669549,25.300769463303194,43.78163171654381
54800,0.06,0,0.42004277101965837,0.631578947368421,0.31842105263157894,0.34,0,0,0,50.634313898977055,25.30406371265458,43.7734963317042
54900,0.06,0,0.4199131348447839,0.631578947368421,0.3153061224489796,0.32,0,0,0,50.64151082224532,25.307066375383044,43.78078735195852
55000,0.06,0,0.4199549060444378,0.631578947368421,0.314328678839957,0.33,0,0,0,50.638660740838915,25.305369384875213,43.77889651238159
55100,0.06,0,0.4199808331502177,0.631578947368421,0.3189044038668099,0.18,0,0,0,50.63531531746114,25.303000506184862,43.779086113297964
55200,0.06,0,0.4199720926387096,0.631578947368421,0.31339419978517724,0.34,0,0,0,50.632658132168,25.301111526834614,43.78229480898916
55300,0.06,0,0.41994503069317757,0.631578947368421,0.31977443609022554,0.37,0,0,0,50.635175360865205,25.303381900983716,43.78293952036418
55400,0.06,0,0.41989220459677834,0.631578947368421,0.3175295381310419,0.36,0,0,0,50.63464470009303,25.29974144040047,43.78890670680205
55500,0.06,0,0.4199236404007079,0.631578947368421,0.3216326530612245,0.29,0,0,0,50.62338240953974,25.29890516072055,43.79536971691854
55600,0.06,0,0.4199359032162223,0.631578947368421,0.31215896885069816,0.26,0,0,0,50.62055763408174,25.298381370308515,43.79653465906555
55700,0.06,0,0.4199035468368787,0.631578947368421,0.3171428571428571,0.32,0,0,0,50.61747755843703,25.298814395565813,43.802574701597806
55800,0.06,0,0.41988288320629774,0.631578947368421,0.3207411385606874,0.31,0,0,0,50.60580095370645,25.3027411735161,43.814837700439746
55900,0.06,0,0.4198743998154295,0.631578947368421,0.3180128893662728,0.27,0,0,0,50.6130779528585,25.303341170808796,43.809423265863146
56000,0.06,0,0.41994635475333614,0.631578947368421,0.3178947368421053,0.3,0,0,0,50.614860692321855,25.304096257289594,43.80037404432302
56100,0.06,0,0.4198553644939005,0.631578947368421,0.3172932330827068,0.28,0,0,0,50.62971168531717,25.303704276000207,43.79701582098262
56200,0.06,0,0.41980224320942755,0.631578947368421,0.31954887218045114,0.28,0,0,0,50.637958320972366,25.305121788745268,43.79542438636798
56300,0.06,0,0.4197725676779553,0.631578947368421,0.3201181525241676,0.23,0,0,0,50.64028136470726,25.304694344156328,43.7965112849674
56400,0.06,0,0.41983169449713803,0.631578947368421,0.3249409237379162,0.28,0,0,0,50.63139283217744,25.30312686142294,43.798030782212265
56500,0.06,0,0.41994336441014535,0.631578947368421,0.3194092373791622,0.3,0,0,0,50.620658771322496,25.3075433208228,43.79566901829095
56600,0.06,0,0.4198289761403679,0.631578947368421,0.32543501611170783,0.32,0,0,0,50.62599303400187,25.30727184134838,43.80298592467749
56700,0.06,0,0.4197993850354614,0.631578947368421,0.3213426423200859,0.33,0,0,0,50.61988545317205,25.309909967673544,43.81135899454031
56800,0.06,0,0.4197611027680505,0.631578947368421,0.31644468313641244,0.23,0,0,0,50.622896827520634,25.311320945010905,43.81274817809752
56900,0.06,0,0.4197065069881348,0.631578947368421,0.31996777658431796,0.39,0,0,0,50.63311026772529,25.30978579150915,43.809608554845205
57000,0.06,0,0.4197413042388628,0.631578947368421,0.3169172932330827,0.25,0,0,0,50.633721254364055,25.310852242576367,43.80544806793177
57100,0.06,0,0.41981751153170943,0.631578947368421,0.31241675617615466,0.35,0,0,0,50.62995070822511,25.312584045306306,43.80075800763086
57200,0.06,0,0.41985636610564186,0.631578947368421,0.31340494092373794,0.29,0,0,0,50.638090740240386,25.313343732053447,43.78966428955785
57300,0.06,0,0.4199113383619613,0.631578947368421,0.31795918367346937,0.2,0,0,0,50.637806780565526,25.314906106855076,43.784177136644935
57400,0.06,0,0.4199177484342079,0.631578947368421,0.3162728249194415,0.27,0,0,0,50.63175332801693,25.31400524814939,43.78874345551372
57500,0.06,0,0.41995049756892533,0.631578947368421,0.32090225563909774,0.32,0,0,0,50.63082999700752,25.313529399431516,43.786127156619806
57600,0.06,0,0.42002567278878306,0.631578947368421,0.32174006444683134,0.39,0,0,0,50.63463714203457,25.31202919894589,43.77499879097991
57700,0.06,0,0.42007208451857153,0.631578947368421,0.31920515574650915,0.3,0,0,0,50.638082443049115,25.316024739970842,43.767184280204305
57800,0.06,0,0.41998056809456485,0.631578947368421,0.3175402792696026,0.38,0,0,0,50.651086068151415,25.31589877420782,43.765482653379884
57900,0.06,0,0.4201492621228691,0.631578947368421,0.3121052631578947,0.32,0,0,0,50.63334305161821,25.313561538890372,43.76324059733408
58000,0.06,0,0.4200280969013869,0.631578947368421,0.3140279269602578,0.36,0,0,0,50.6364794279487,25.309975472589027,43.7731535135319
58100,0.06,0,0.42005115944649535,0.631578947368421,0.31312567132116004,0.42,0,0,0,50.64191409740606,25.312162479984302,43.76605290034967
58200,0.06,0,0.4199999038910452,0.631578947368421,0.31535982814178304,0.32,0,0,0,50.64632003843897,25.31086267041108,43.76758611930951
58300,0.06,0,0.4200426382799858,0.631578947368421,0.312577873254565,0.32,0,0,0,50.63871544178614,25.31298909890294,43.7697053490878
58400,0.06,0,0.41993760293989274,0.631578947368421,0.31303974221267455,0.24,0,0,0,50.64089299216708,25.313533842647008,43.77877052363586
58500,0.06,0,0.42003977827499284,0.631578947368421,0.3171428571428571,0.41,0,0,0,50.635076572084344,25.315201534803023,43.773148886171214
58600,0.06,0,0.42013202195897015,0.631578947368421,0.30860365198711065,0.21,0,0,0,50.62975489450056,25.314585949629322,43.76813807768491
58700,0.06,0,0.42010808016077755,0.631578947368421,0.315671321160043,0.29,0,0,0,50.631937725386535,25.315299594202486,43.768745378988015
58800,0.06,0,0.4201331696953276,0.631578947368421,0.31081632653061225,0.22,0,0,0,50.63645862230893,25.31243836076969,43.76222409066853
58900,0.06,0,0.42002953898255924,0.631578947368421,0.3112674543501611,0.29,0,0,0,50.6422447782188,25.315152788847005,43.76801990416681
59000,0.06,0,0.42004938388932495,0.631578947368421,0.31219119226638026,0.28,0,0,0,50.64127926144802,25.30862091658769,43.76678655119602
59100,0.06,0,0.42016261118253345,0.631578947368421,0.31003222341568204,0.36,0,0,0,50.63790212786377,25.306324333953082,43.75791018230214
59200,0.06,0,0.4200922719243183,0.631578947368421,0.3134264232008593,0.3,0,0,0,50.63793401902267,25.30410266369397,43.7652093406577
59300,0.06,0,0.4200979661142214,0.631578947368421,0.31378088077336197,0.33,0,0,0,50.63810984479272,25.30458515129795,43.76446416843427
59400,0.06,0,0.420031406810282,0.631578947368421,0.31844253490870034,0.35,0,0,0,50.64591581259897,25.306681579640255,43.764652792477634
59500,0.06,0,0.4199800916486218,0.631578947368421,0.31784103114930184,0.27,0,0,0,50.660159329045094,25.305943184581984,43.757693873476356
59600,0.06,0,0.419999964866296,0.631578947368421,0.31619763694951664,0.29,0,0,0,50.65269856199754,25.305053477867705,43.76206826140613
59700,0.06,0,0.42011062806000643,0.631578947368421,0.30848549946294307,0.29,0,0,0,50.643738743636845,25.304217066024695,43.75828098551341
59800,0.06,0,0.4201105488163261,0.631578947368421,0.311203007518797,0.3,0,0,0,50.64221724420651,25.305176279085373,43.759603917517865
59900,0.06,0,0.4201487308958255,0.631578947368421,0.3144360902255639,0.35,0,0,0,50.63693817759526,25.308224530309435,43.76018882014192
60000,0.06,0,0.42018692106307415,0.631578947368421,0.3154027926960258,0.28,0,0,0,50.63387743678874,25.30844100243508,43.75885651773112
60100,0.06,0,0.4201598391717215,0.631578947368421,0.3135767991407089,0.26,0,0,0,50.6500754952564,25.309444424930753,43.747681919452496
60200,0.06,0,0.42017327900558715,0.631578947368421,0.31747583243823846,0.23,0,0,0,50.645922390989526,25.309247913450577,43.74986990317355
60300,0.06,0,0.4201831407425278,0.631578947368421,0.3115359828141783,0.38,0,0,0,50.63369896784219,25.308646046564135,43.75940444769765
60400,0.06,0,0.42021115241350276,0.631578947368421,0.31490870032223417,0.18,0,0,0,50.62966204356375,25.306442628586762,43.75997630062429
60500,0.06,0,0.4201413824915547,0.631578947368421,0.32005370569280345,0.22,0,0,0,50.64239993171834,25.305541131196875,43.75623460543794
60600,0.06,0,0.4201107237589946,0.631578947368421,0.3147905477980666,0.19,0,0,0,50.64261580894523,25.30331903285977,43.75924130083439
60700,0.06,0,0.4201798533167469,0.631578947368421,0.3148012889366273,0.29,0,0,0,50.63416302534901,25.299307755231435,43.75934576077806
60800,0.06,0,0.42018865866589306,0.631578947368421,0.3193984962406015,0.19,0,0,0,50.64104206397237,25.29712085058748,43.75248464294231
60900,0.06,0,0.4201341809569891,0.631578947368421,0.3180343716433942,0.28,0,0,0,50.63591669408746,25.295511087740167,43.762587116894224
61000,0.06,0,0.42005223592910707,0.631578947368421,0.3110204081632653,0.38,0,0,0,50.631761523883355,25.296822353811212,43.774716593238395
61100,0.06,0,0.4200535511438485,0.631578947368421,0.3145757250268528,0.28,0,0,0,50.626531589827046,25.29746971128633,43.77910163031362
61200,0.06,0,0.4200432443803195,0.631578947368421,0.31679914070891513,0.42,0,0,0,50.63595531642674,25.300757465522363,43.77202803983417
61300,0.06,0,0.4199149725651999,0.631578947368421,0.3195918367346939,0.28,0,0,0,50.65193093357607,25.301345449866005,43.771589208462636
61400,0.06,0,0.41999154987920917,0.631578947368421,0.31343716433942,0.24,0,0,0,50.6628325645062,25.299630859487383,43.75419125255732
61500,0.06,0,0.4202112404845375,0.631578947368421,0.3149516648764769,0.3,0,0,0,50.652313539712935,25.298487692904498,43.74039786051771
61600,0.06,0,0.42007850813572084,0.631578947368421,0.3132008592910849,0.24,0,0,0,50.65801534255433,25.298380272357473,43.74929378151379
61700,0.06,0,0.42001481230727306,0.631578947368421,0.3219763694951665,0.44,0,0,0,50.65794191412392,25.297570402179346,43.75599184655124
61800,0.06,0,0.4200278838898183,0.631578947368421,0.31164339419978515,0.24,0,0,0,50.6592431269952,25.298693205451137,43.75350626352245
61900,0.06,0,0.4199684985225159,0.631578947368421,0.31771213748657356,0.24,0,0,0,50.66446527290701,25.298788691640215,43.75518274976867
62000,0.06,0,0.41993614824092096,0.631578947368421,0.31755102040816324,0.3,0,0,0,50.67380831832169,25.299368367687862,43.750485445569886
62100,0.06,0,0.42005855231835665,0.631578947368421,0.31952738990332974,0.28,0,0,0,50.66525574529987,25.299385986114935,43.74511982648046
62200,0.06,0,0.42001234145679855,0.631578947368421,0.313952738990333,0.41,0,0,0,50.65956198147773,25.29799973872404,43.75484995161586
62300,0.06,0,0.420083184638825,0.631578947368421,0.31252416756176155,0.31,0,0,0,50.65870541706939,25.295391569239495,43.74821080244488
62400,0.06,0,0.4200464341186098,0.631578947368421,0.31313641245972074,0.45,0,0,0,50.683199718941836,25.29456472330062,43.73089380878594
62500,0.06,0,0.42012117394987486,0.631578947368421,0.3171213748657358,0.19,0,0,0,50.68188176697876,25.29425290491396,43.72425104759164
62600,0.06,0,0.4201448770344124,0.631578947368421,0.31288936627282493,0.33,0,0,0,50.68139059354868,25.29823000382627,43.72220800547992
62700,0.06,0,0.4202467789225891,0.631578947368421,0.31108485499462946,0.32,0,0,0,50.67402636501949,25.29400088450369,43.71795860904029
62800,0.06,0,0.42020832025526383,0.631578947368421,0.31164339419978515,0.35,0,0,0,50.6715746286761,25.292142914946346,43.72407528195084
62900,0.06,0,0.4202330321469518,0.631578947368421,0.31081632653061225,0.35,0,0,0,50.66298006372183,25.29151936950188,43.7289210781992
63000,0.06,0,0.42020086480377505,0.631578947368421,0.3100966702470462,0.4,0,0,0,50.661209039034404,25.289681297636445,43.73379742913918
63100,0.06,0,0.4202054910394377,0.631578947368421,0.31241675617615466,0.34,0,0,0,50.653572220558395,25.28976912285229,43.73990942520994
63200,0.06,0,0.42018570922260334,0.631578947368421,0.3138560687432868,0.34,0,0,0,50.65659548224871,25.288023169266108,43.73935805897695
63300,0.06,0,0.4201356300597675,0.631578947368421,0.31327604726100966,0.28,0,0,0,50.65676000185807,25.286625141853513,43.74442961523538
63400,0.06,0,0.42019062239084426,0.631578947368421,0.3103651987110634,0.31,0,0,0,50.63897329614489,25.290983490999025,43.75406759331522
63500,0.06,0,0.4200288129043198,0.631578947368421,0.3117937701396348,0.34,0,0,0,50.6438133803549,25.291672914626254,43.766739924285005
63600,0.06,0,0.41998533927794607,0.631578947368421,0.31476906552094525,0.29,0,0,0,50.65283471442832,25.293707944857957,43.763474599168184
63700,0.06,0,0.4199099741655002,0.631578947368421,0.31635875402792696,0.18,0,0,0,50.657134331671585,25.29246142651306,43.767614061327166
63800,0.06,0,0.419926821250427,0.631578947368421,0.31902255639097743,0.3,0,0,0,50.66134903864531,25.295364913858474,43.762217098853476
63900,0.06,0,0.4199070522023249,0.631578947368421,0.3162943071965628,0.32,0,0,0,50.65847486102893,25.296906804660026,43.766760431628065
64000,0.06,0,0.4199122276289099,0.631578947368421,0.3166702470461869,0.26,0,0,0,50.6581736460186,25.299067607762236,43.766481240686886
64100,0.06,0,0.41997495162456855,0.631578947368421,0.3130719656283566,0.4,0,0,0,50.647699067196946,25.29564850573507,43.76899474484469
64200,0.06,0,0.4198706991665096,0.631578947368421,0.31438238453276046,0.2,0,0,0,50.65058811082479,25.29455632021526,43.77736529011163
64300,0.06,0,0.4198467639438427,0.631578947368421,0.31398496240601503,0.32,0,0,0,50.65673401520783,25.294619224479472,43.77454944153512
64400,0.06,0,0.41972399711331815,0.631578947368421,0.321374865735768,0.26,0,0,0,50.67112626862017,25.296084213242843,43.774916205678316
64500,0.06,0,0.41973597096791687,0.631578947368421,0.3204940923737916,0.35,0,0,0,50.65400855289312,25.29719790478686,43.78846004777631
64600,0.06,0,0.41963933936289277,0.631578947368421,0.3198818474758324,0.35,0,0,0,50.66102537186095,25.299563514857343,43.79247701831394
64700,0.06,0,0.4196596977852143,0.631578947368421,0.32345864661654133,0.22,0,0,0,50.65617784692632,25.297377330553687,43.79454307126165
64800,0.06,0,0.41976142554344276,0.631578947368421,0.3205907626208378,0.28,0,0,0,50.652108905390236,25.295826590799702,43.78744682511846
64900,0.06,0,0.4197689832667555,0.631578947368421,0.32216970998925887,0.39,0,0,0,50.653521667063394,25.29566264416214,43.785437214678794
65000,0.06,0,0.41980405296967094,0.631578947368421,0.32311493018259935,0.3,0,0,0,50.64568797135523,25.293468093973836,43.78855146578964
65100,0.06,0,0.41979488819308003,0.631578947368421,0.31611170784103115,0.39,0,0,0,50.65336056311809,25.29234570745744,43.78287453141702
65200,0.06,0,0.41988494015773514,0.631578947368421,0.31857142857142856,0.3,0,0,0,50.63974983229293,25.290703786337986,43.78524974341581
65300,0.06,0,0.4198832249930224,0.631578947368421,0.3154350161117078,0.33,0,0,0,50.63740543893969,25.291328499954727,43.78745576294843
65400,0.06,0,0.4199258600399595,0.631578947368421,0.31908700322234157,0.31,0,0,0,50.6340593979803,25.291251833514938,43.785903329598625
65500,0.06,0,0.41984083799484934,0.631578947368421,0.31673469387755104,0.3,0,0,0,50.644947863317356,25.292693976270435,43.78535471688364
65600,0.06,0,0.4197967451293611,0.631578947368421,0.31968850698174006,0.27,0,0,0,50.65111373550817,25.29015112618239,43.78462301297599
65700,0.06,0,0.41982853002256126,0.631578947368421,0.31646616541353384,0.27,0,0,0,50.66008375851176,25.287805124316076,43.77355606622835
65800,0.06,0,0.4199033457635324,0.631578947368421,0.31548872180451126,0.43,0,0,0,50.65095894914067,25.28704174026665,43.77364120380665
65900,0.06,0,0.419882751036864,0.631578947368421,0.31177228786251343,0.33,0,0,0,50.65055840726349,25.289144085629115,43.77613442302645
66000,0.06,0,0.41987413638359194,0.631578947368421,0.3183780880773362,0.29,0,0,0,50.65844971520206,25.289917904244206,43.77021323112074
66100,0.06,0,0.4199346704655085,0.631578947368421,0.3162943071965628,0.23,0,0,0,50.664368827499004,25.290477198214163,43.75879077109279
66200,0.06,0,0.4199194652090828,0.631578947368421,0.3161546723952739,0.29,0,0,0,50.6687464949679,25.290502527770638,43.756594474553296
66300,0.06,0,0.4198565792799111,0.631578947368421,0.3171858216970999,0.25,0,0,0,50.68380448756202,25.28976315670639,43.75014642927381
66400,0.06,0,0.41969500572176777,0.631578947368421,0.31758324382384534,0.24,0,0,0,50.6932417272603,25.28920979583149,43.75884147232074
66500,0.06,0,0.419701894440779,0.631578947368421,0.3183888292158969,0.31,0,0,0,50.675627626058265,25.288887142925375,43.77333292126953
66600,0.06,0,0.4196672196980056,0.631578947368421,0.3214500537056928,0.31,0,0,0,50.68452723879914,25.29275614892464,43.76926294309144
66700,0.06,0,0.41964927077123404,0.631578947368421,0.31339419978517724,0.23,0,0,0,50.679322451490826,25.294183521490513,43.77563032309159
66800,0.06,0,0.4197450794034814,0.631578947368421,0.31679914070891513,0.34,0,0,0,50.670888056266,25.29230109337499,43.77292333150712
66900,0.06,0,0.4196629217675398,0.631578947368421,0.32243823845327607,0.37,0,0,0,50.67349522447846,25.293533920936003,43.77924020786382
67000,0.06,0,0.41969092470226255,0.631578947368421,0.3250375939849624,0.37,0,0,0,50.6721613394897,25.292230808719097,43.77747149640916
67100,0.06,0,0.419720736970865,0.631578947368421,0.3218045112781955,0.27,0,0,0,50.67516608574332,25.292023502702236,43.77176646606
67200,0.06,0,0.4197536724067497,0.631578947368421,0.3164876476906552,0.23,0,0,0,50.671404805432005,25.29152796103681,43.771580843425696
67300,0.06,0,0.41976989220604194,0.631578947368421,0.31534908700322234,0.37,0,0,0,50.66309627374286,25.293149509234823,43.777067596127786
67400,0.06,0,0.41979873963568615,0.631578947368421,0.3217937701396348,0.29,0,0,0,50.666821898675195,25.294795290486878,43.770840567516075
67500,0.06,0,0.41970900900737296,0.631578947368421,0.310171858216971,0.29,0,0,0,50.6673525741371,25.293950440252097,43.77973990254033
67600,0.06,0,0.41990076918566066,0.631578947368421,0.3102792696025779,0.38,0,0,0,50.664649812308255,25.293037684284684,43.762080993989926
67700,0.06,0,0.4200521975869951,0.631578947368421,0.3180343716433942,0.37,0,0,0,50.640809339214165,25.29024316818874,43.766899513570415
67800,0.06,0,0.42003375892980926,0.631578947368421,0.31596133190118153,0.27,0,0,0,50.633719207656654,25.28887805815251,43.77494964900758
67900,0.06,0,0.420076365736069,0.631578947368421,0.3123737916219119,0.33,0,0,0,50.629122331576916,25.29042146147507,43.77448386397447
68000,0.06,0,0.42007392111881525,0.631578947368421,0.3128356605800215,0.36,0,0,0,50.61993632088015,25.29062916890465,43.78268242047843
68100,0.06,0,0.4200041785885189,0.631578947368421,0.3226638023630505,0.35,0,0,0,50.627140783451345,25.293570848935445,43.783721121162166
68200,0.06,0,0.42004712817171735,0.631578947368421,0.31396348012889363,0.25,0,0,0,50.624576649217545,25.296898469458544,43.78146167846715
68300,0.06,0,0.4201259038216437,0.631578947368421,0.31558539205155745,0.37,0,0,0,50.61744659057901,25.29736567771975,43.77941841544729
68400,0.06,0,0.4201743010314254,0.631578947368421,0.31182599355531687,0.31,0,0,0,50.62447657696614,25.2967948655153,43.76829699758484
68500,0.06,0,0.42029276803740667,0.631578947368421,0.31462943071965627,0.28,0,0,0,50.60154048732762,25.298230826755603,43.775793326137375
68600,0.06,0,0.42020349964406384,0.631578947368421,0.31216970998925886,0.28,0,0,0,50.61158516932507,25.297292115866966,43.776403238372986
68700,0.06,0,0.42023313791587186,0.631578947368421,0.31064446831364123,0.32,0,0,0,50.60003556950802,25.297032079722136,43.7833071509169
68800,0.06,0,0.4202205480440527,0.631578947368421,0.31252416756176155,0.31,0,0,0,50.605397020844904,25.300291567898228,43.7799800899194
68900,0.06,0,0.42013500748944527,0.631578947368421,0.3152201933404941,0.27,0,0,0,50.61005648176881,25.297862591756097,43.78486234068828
69000,0.06,0,0.4200752033735638,0.631578947368421,0.31483351235230933,0.29,0,0,0,50.614206276945,25.298321841705718,43.787505407114175
69100,0.06,0,0.4200672591869728,0.631578947368421,0.3129108485499463,0.23,0,0,0,50.61455707136266,25.299889824194633,43.78803001944774
69200,0.06,0,0.4200386312469877,0.631578947368421,0.31686358754027927,0.23,0,0,0,50.61612929277131,25.299372853577545,43.78965419226499
69300,0.06,0,0.4200330080946867,0.631578947368421,0.31587540279269605,0.29,0,0,0,50.624423730023935,25.300788400308868,43.78306571524813
69400,0.06,0,0.4201280531504708,0.631578947368421,0.31225563909774434,0.28,0,0,0,50.62552210813696,25.299699560433034,43.77221101746178
69500,0.06,0,0.4200563115856097,0.631578947368421,0.31980665950590764,0.46,0,0,0,50.63848691544215,25.300150950997953,43.768478117726666
69600,0.06,0,0.42003731530534505,0.631578947368421,0.3151772287862513,0.35,0,0,0,50.63754996245614,25.30317165035418,43.771267447114354
69700,0.06,0,0.4200752012587487,0.631578947368421,0.31372717508055853,0.25,0,0,0,50.638865508389806,25.30365910401215,43.76618275184028
69800,0.06,0,0.4200569856443499,0.631578947368421,0.31526315789473686,0.33,0,0,0,50.62919028135053,25.303530737721676,43.776444726530706
69900,0.06,0,0.42008936889469817,0.631578947368421,0.317765843179377,0.25,0,0,0,50.62637645686909,25.30420832999924,43.77550306667019
70000,0.06,0,0.41997080827075284,0.631578947368421,0.31328678839957036,0.33,0,0,0,50.624725336031254,25.305022512030025,43.78928932692631
70100,0.06,0,0.4199509177669703,0.631578947368421,0.318968850698174,0.29,0,0,0,50.62366890345485,25.30728589235247,43.79227721107205
70200,0.06,0,0.4198482742765655,0.631578947368421,0.3168098818474758,0.27,0,0,0,50.62767516753695,25.306474965973837,43.799517227797885
70300,0.06,0,0.4197597641995258,0.631578947368421,0.3215896885069817,0.28,0,0,0,50.6291735612746,25.305056323928916,43.80745620504996
70400,0.06,0,0.4198379234026098,0.631578947368421,0.3209452201933405,0.29,0,0,0,50.637920250902916,25.306866411040126,43.79173532736491
70500,0.06,0,0.41980433318483273,0.631578947368421,0.3176262083780881,0.32,0,0,0,50.63192962230693,25.30476483264985,43.800421009111226
70600,0.06,0,0.4197178433349555,0.631578947368421,0.31439312567132116,0.33,0,0,0,50.645421214286394,25.306923672418684,43.797776279729675
70700,0.06,0,0.4196957222336712,0.631578947368421,0.32510204081632654,0.2,0,0,0,50.64770980913508,25.308432883699144,43.79810557552176
70800,0.06,0,0.41959512962889384,0.631578947368421,0.3199892588614393,0.32,0,0,0,50.64222019888582,25.307577713849085,43.813354462528714
70900,0.06,0,0.41967994863450697,0.631578947368421,0.32131041890440387,0.27,0,0,0,50.63498921041071,25.306628711258604,43.81075515984012
71000,0.06,0,0.41969082416051817,0.631578947368421,0.3210204081632653,0.27,0,0,0,50.62897205878834,25.308366494351876,43.8148265689478
71100,0.06,0,0.4197239038689252,0.631578947368421,0.3212996777658432,0.26,0,0,0,50.619425753584316,25.306865714079265,43.81963576641047
71200,0.06,0,0.4197458401495145,0.631578947368421,0.31828141783029,0.27,0,0,0,50.62611171872342,25.30718306621792,43.811558952619464
71300,0.06,0,0.41965424948579755,0.631578947368421,0.3145327604726101,0.31,0,0,0,50.63472299325945,25.311208581685623,43.813668434192806
71400,0.06,0,0.4196869292612705,0.631578947368421,0.3178839957035446,0.34,0,0,0,50.626458499636904,25.309970190951724,43.81740857969618
71500,0.06,0,0.41965922757921476,0.631578947368421,0.3220837808807734,0.28,0,0,0,50.62272510278397,25.310605311064865,43.8235326863631
71600,0.06,0,0.4196681992718553,0.631578947368421,0.32397422126745434,0.28,0,0,0,50.61949481711748,25.30855894183071,43.825392365386705
71700,0.06,0,0.41965459621417495,0.631578947368421,0.3235445757250269,0.34,0,0,0,50.62152271170801,25.31016562443225,43.82505726166815
71800,0.06,0,0.4196009393343809,0.631578947368421,0.3220515574650913,0.36,0,0,0,50.618844529249166,25.308627597599223,43.83298046147265
71900,0.06,0,0.4195785550480219,0.631578947368421,0.3205048335123523,0.3,0,0,0,50.62234395689919,25.3095051695538,43.832288673654226
72000,0.06,0,0.4195878781257311,0.631578947368421,0.31687432867883997,0.3,0,0,0,50.6256352232024,25.31223662825073,43.82846518248513
72100,0.06,0,0.4194798358337966,0.631578947368421,0.31759398496240604,0.21,0,0,0,50.63316916414275,25.311846607395626,43.83323063572111
72200,0.06,0,0.4196309534833603,0.631578947368421,0.3203329752953813,0.29,0,0,0,50.62283737790128,25.31128550115061,43.82638824772936
72300,0.06,0,0.4195607828130236,0.631578947368421,0.3216970998925886,0.16,0,0,0,50.637544278691756,25.313189800429498,43.82098728675145
72400,0.06,0,0.41963156555167586,0.631578947368421,0.31601503759398497,0.33,0,0,0,50.62907026445566,25.31016451352276,43.82092891488286
72500,0.06,0,0.4196577952920659,0.631578947368421,0.3176047261009667,0.28,0,0,0,50.63998558575434,25.31112861426455,43.80874508857373
72600,0.06,0,0.4195499492755979,0.631578947368421,0.3194951664876477,0.33,0,0,0,50.643303837736575,25.31317219729851,43.81713502411921
72700,0.06,0,0.41958592379649384,0.631578947368421,0.32021482277121377,0.28,0,0,0,50.62974984793671,25.312726391804937,43.82510741650869
72800,0.06,0,0.41955146739997723,0.631578947368421,0.3175402792696026,0.24,0,0,0,50.63874263344215,25.312062844864755,43.820923218722164
72900,0.06,0,0.41954556731456816,0.631578947368421,0.32570354457572503,0.38,0,0,0,50.6419030445596,25.312079608617484,43.81880470161089
73000,0.06,0,0.4196275259135875,0.631578947368421,0.32343716433942,0.3,0,0,0,50.63161354404863,25.31296932323772,43.81914957396291
73100,0.06,0,0.41967723868133516,0.631578947368421,0.32090225563909774,0.33,0,0,0,50.63385184057291,25.316556983389702,43.81202216748529
73200,0.06,0,0.41956589333148464,0.631578947368421,0.3218367346938775,0.25,0,0,0,50.64665817822625,25.316043178438974,43.81256800611721
73300,0.06,0,0.4196396147412129,0.631578947368421,0.3235660580021482,0.29,0,0,0,50.6527893262573,25.3155347426031,43.79956884797752
73400,0.06,0,0.41980960227096026,0.631578947368421,0.3225671321160043,0.42,0,0,0,50.646960339959705,25.316709938133574,43.78687258681517
73500,0.06,0,0.41975484572779687,0.631578947368421,0.3241031149301826,0.34,0,0,0,50.64461552618678,25.313820616135015,43.794612103699315
73600,0.06,0,0.41966890496669196,0.631578947368421,0.3291299677765843,0.3,0,0,0,50.64029329264623,25.31022154135253,43.80731917352506
73700,0.06,0,0.41963637307555834,0.631578947368421,0.32532760472610095,0.26,0,0,0,50.64708253495018,25.312420093395797,43.80484246508065
73800,0.06,0,0.41953378075500614,0.631578947368421,0.3251664876476907,0.34,0,0,0,50.6532779702748,25.31473725510929,43.81019534324221
73900,0.06,0,0.4195840043867344,0.631578947368421,0.3271321160042965,0.31,0,0,0,50.6438277397808,25.312842429465004,43.81312540644975
74000,0.06,0,0.41957121529471436,0.631578947368421,0.32542427497314713,0.31,0,0,0,50.64383322909466,25.313456946388314,43.814456140058894
74100,0.06,0,0.4193832158055006,0.631578947368421,0.32138560687432866,0.36,0,0,0,50.657268307293585,25.317191382162697,43.82247164594035
74200,0.06,0,0.41935297191136156,0.631578947368421,0.3262620837808808,0.29,0,0,0,50.66057441095941,25.322853816164738,43.82277208302164
74300,0.06,0,0.41938419990802983,0.631578947368421,0.32818474758324384,0.29,0,0,0,50.65053097134329,25.324500262118026,43.828197895150836
74400,0.06,0,0.4193178895004328,0.631578947368421,0.3225671321160043,0.24,0,0,0,50.65303355697856,25.325827765779835,43.832963094361624
74500,0.06,0,0.4192930881003037,0.631578947368421,0.32628356605800213,0.24,0,0,0,50.658281380444016,25.32834477021132,43.831014796961576
74600,0.06,0,0.4192834856962369,0.631578947368421,0.3283566058002148,0.23,0,0,0,50.66335565317071,25.327235482123495,43.82762854331779
74700,0.06,0,0.4193358297811834,0.631578947368421,0.31969924812030076,0.29,0,0,0,50.65286798204018,25.324294613273725,43.83123108163988
74800,0.06,0,0.4192851484807255,0.631578947368421,0.3311170784103115,0.34,0,0,0,50.64671743824886,25.32325283887869,43.84185271712299
74900,0.06,0,0.4192845194372052,0.631578947368421,0.3277443609022556,0.29,0,0,0,50.66413380869466,25.321717983928387,43.826847335531056
75000,0.06,0,0.41932097774836724,0.631578947368421,0.3235982814178303,0.33,0,0,0,50.64686681387144,25.320762743110617,43.83797731541936
75100,0.06,0,0.41947878619173895,0.631578947368421,0.31857142857142856,0.37,0,0,0,50.64023391627308,25.317269821937757,43.827225186157335
75200,0.06,0,0.41951554554584236,0.631578947368421,0.3201074113856069,0.27,0,0,0,50.63822269836978,25.318103334721688,43.82512544856882
75300,0.06,0,0.41946421020746255,0.631578947368421,0.322577873254565,0.36,0,0,0,50.63922090560323,25.318485940522002,43.829624911535454
75400,0.06,0,0.41945242555664175,0.631578947368421,0.3198388829215897,0.3,0,0,0,50.644485527517915,25.318099452903006,43.82629999096056
75500,0.06,0,0.4194236551532143,0.631578947368421,0.32532760472610095,0.29,0,0,0,50.64916073854186,25.316607326121677,43.8252605610207
75600,0.06,0,0.41945554128949103,0.631578947368421,0.3249301825993555,0.29,0,0,0,50.643581805653305,25.316113515912825,43.82675651081027
75700,0.06,0,0.4195406507961778,0.631578947368421,0.3224812030075188,0.28,0,0,0,50.64908489831522,25.31471333086227,43.81310478799974
75800,0.06,0,0.4195220389834199,0.631578947368421,0.32423200859291085,0.29,0,0,0,50.65725325881304,25.31548333515617,43.807983455482585
75900,0.06,0,0.4194382397048674,0.631578947368421,0.3175187969924812,0.29,0,0,0,50.65720432326114,25.318720084939773,43.81677815005002
76000,0.06,0,0.41947483313877126,0.631578947368421,0.31893662728249195,0.36,0,0,0,50.653363904313984,25.32226145473604,43.816277531571835
76100,0.06,0,0.4194881670913624,0.631578947368421,0.3114715359828142,0.34,0,0,0,50.660655044070154,25.323118176120282,43.808578888126604
76200,0.06,0,0.4195451375413598,0.631578947368421,0.31277121374865735,0.3,0,0,0,50.66772341114505,25.32565970850625,43.796519420992176
76300,0.06,0,0.4195237543247672,0.631578947368421,0.3223093447905478,0.35,0,0,0,50.66334340431263,25.321363699398436,43.80253828016597
76400,0.06,0,0.41958569403521334,0.631578947368421,0.3226638023630505,0.31,0,0,0,50.6626449486948,25.323037825463995,43.79667589064933
76500,0.06,0,0.41954375242768627,0.631578947368421,0.322234156820623,0.31,0,0,0,50.66128892197648,25.324322113872963,43.80222662746766
76600,0.06,0,0.4196757349815283,0.631578947368421,0.3197207303974221,0.48,0,0,0,50.65345476282644,25.32248991248478,43.795223802305195
76700,0.06,0,0.41967868217647103,0.631578947368421,0.31240601503759396,0.29,0,0,0,50.65346641870008,25.321690708426154,43.7949061725482
76800,0.06,0,0.41964173559011214,0.631578947368421,0.32228786251342645,0.27,0,0,0,50.65768396307566,25.323171958616747,43.79511551511456
76900,0.06,0,0.4197737207337276,0.631578947368421,0.3167561761546724,0.27,0,0,0,50.65983617742284,25.322483319394603,43.779485475325046
77000,0.06,0,0.41982110959854535,0.631578947368421,0.3168958109559613,0.32,0,0,0,50.656201010470134,25.32236302010737,43.777685032160925
77100,0.06,0,0.41989581048909186,0.631578947368421,0.319140708915145,0.29,0,0,0,50.65060651351171,25.323583966998203,43.774731337235266
77200,0.06,0,0.41978550212886145,0.631578947368421,0.31904403866809883,0.36,0,0,0,50.658236332252045,25.325683520549866,43.779639359600765
77300,0.06,0,0.4197524430834226,0.631578947368421,0.3196240601503759,0.34,0,0,0,50.657694144862255,25.32875137530325,43.78355598420756
77400,0.06,0,0.4197262352138121,0.631578947368421,0.32117078410311495,0.39,0,0,0,50.663114792714225,25.33066604237419,43.78160497745616
77500,0.06,0,0.41971105094408684,0.631578947368421,0.3247798066595059,0.26,0,0,0,50.67047520581776,25.3316988497113,43.77682894134132
77600,0.06,0,0.4197975890396699,0.631578947368421,0.31611170784103115,0.31,0,0,0,50.663465923739,25.33054693369474,43.773859947889854
77700,0.06,0,0.4197053904815422,0.631578947368421,0.3202255639097744,0.3,0,0,0,50.67230266850392,25.329203226755773,43.77584054524651
77800,0.06,0,0.4199290050863074,0.631578947368421,0.3161439312567132,0.32,0,0,0,50.664196282756116,25.331211736055106,43.759530162459214
77900,0.06,0,0.4199247272063747,0.631578947368421,0.3176799140708915,0.22,0,0,0,50.668836224158916,25.333809937905077,43.755968681582885
78000,0.06,0,0.41993337219923266,0.631578947368421,0.3128034371643394,0.26,0,0,0,50.66479136344693,25.33053938212604,43.75856111361981
78100,0.06,0,0.42000632817623834,0.631578947368421,0.3187432867883996,0.24,0,0,0,50.66859648261138,25.33154777291403,43.747674542804184
78200,0.06,0,0.4199694360091569,0.631578947368421,0.31380236305048337,0.37,0,0,0,50.67374509260889,25.329609896239823,43.747072262106876
78300,0.06,0,0.4200651485255016,0.631578947368421,0.3205048335123523,0.28,0,0,0,50.66261883161506,25.330052615010597,43.746709737200405
78400,0.06,0,0.41995866961332823,0.631578947368421,0.3171428571428571,0.32,0,0,0,50.664634067606876,25.331738817541023,43.75606103800886
78500,0.06,0,0.4199472899815793,0.631578947368421,0.31906552094522017,0.32,0,0,0,50.66300379988508,25.32991942395662,43.758654779033115
78600,0.06,0,0.41985845835259034,0.631578947368421,0.30808807733619764,0.36,0,0,0,50.680394008924424,25.33095177434774,43.75289472834155
78700,0.06,0,0.419765975503218,0.631578947368421,0.3128141783029001,0.22,0,0,0,50.67647659802553,25.330084825884228,43.765917314007616
78800,0.06,0,0.4197694985915191,0.631578947368421,0.32558539205155745,0.24,0,0,0,50.67233680222882,25.33031454843406,43.76912552012691
78900,0.06,0,0.4198314004737864,0.631578947368421,0.32140708915145005,0.27,0,0,0,50.67215639642141,25.32652477121284,43.76282780422652
79000,0.06,0,0.41987104632396816,0.631578947368421,0.316530612244898,0.38,0,0,0,50.65987996458646,25.32908521977097,43.76929961321526
79100,0.06,0,0.4198947759262348,0.631578947368421,0.3228249194414608,0.29,0,0,0,50.67222980383747,25.327137928972004,43.756159215741256
79200,0.06,0,0.41978694634718483,0.631578947368421,0.32329752953813107,0.27,0,0,0,50.6898623581897,25.325449455059584,43.75217418266456
79300,0.06,0,0.4198152565179726,0.631578947368421,0.3214822771213749,0.35,0,0,0,50.68774272542689,25.326277922331844,43.75105324371041
79400,0.06,0,0.41992734817751837,0.631578947368421,0.31697099892588615,0.34,0,0,0,50.69470257089882,25.330122949312916,43.73336977526184
79500,0.06,0,0.41997991796422907,0.631578947368421,0.3145435016111708,0.31,0,0,0,50.68980117144767,25.33438857855302,43.732123800585384
79600,0.06,0,0.4199271240487176,0.631578947368421,0.31745435016111706,0.37,0,0,0,50.699331963653215,25.334025657653655,43.729399789358915
79700,0.06,0,0.4199356713252574,0.631578947368421,0.31945220193340496,0.32,0,0,0,50.70309105634213,25.33347971630813,43.72526772898337
79800,0.06,0,0.4199549582163863,0.631578947368421,0.31365198711063375,0.28,0,0,0,50.69720148956086,25.330524730177785,43.728338992128016
79900,0.06,0,0.4199670704829367,0.631578947368421,0.31475832438238455,0.39,0,0,0,50.692286535496876,25.332639868845476,43.73131745428232
80000,0.06,0,0.4199996272551426,0.631578947368421,0.3172824919441461,0.41,0,0,0,50.69044530222364,25.331268936711492,43.72951590219506
80100,0.06,0,0.4200211233491842,0.631578947368421,0.30978517722878623,0.18,0,0,0,50.69360795538503,25.331200792750458,43.72454984622906
80200,0.06,0,0.41999241427770556,0.631578947368421,0.31732545649838884,0.29,0,0,0,50.69800907981292,25.33054450315876,43.723742675113925
80300,0.06,0,0.41999420421402234,0.631578947368421,0.31694951664876475,0.33,0,0,0,50.69512755316705,25.329908569141732,43.72604159313804
80400,0.06,0,0.4200397740808363,0.631578947368421,0.30892588614393124,0.32,0,0,0,50.69847101585194,25.32782637566553,43.718414448655466
80500,0.06,0,0.4201015175958742,0.631578947368421,0.3136949516648765,0.32,0,0,0,50.694349704359475,25.32688847630852,43.715542693658755
80600,0.06,0,0.4199757286397779,0.631578947368421,0.3147798066595059,0.3,0,0,0,50.69692073049852,25.327913323609053,43.72641850773825
80700,0.06,0,0.4199996084097371,0.631578947368421,0.315531686358754,0.24,0,0,0,50.691433188217665,25.32781382993236,43.728665653710635
80800,0.06,0,0.4200343486673217,0.631578947368421,0.31378088077336197,0.38,0,0,0,50.68937990599655,25.331534822273277,43.72682011436631
80900,0.06,0,0.42005905046673275,0.631578947368421,0.3132008592910849,0.31,0,0,0,50.67960945511056,25.336023692008123,43.73267827172469
81000,0.06,0,0.42002608563407334,0.631578947368421,0.31722878625134265,0.22,0,0,0,50.68475812459604,25.334316907385492,43.73166772520191
81100,0.06,0,0.4200086121067473,0.631578947368421,0.31438238453276046,0.39,0,0,0,50.681625216511534,25.331864605465732,43.736190490017975
81200,0.06,0,0.42006314562267355,0.631578947368421,0.31336197636949514,0.36,0,0,0,50.67447405105265,25.334514708719357,43.73668379800028
81300,0.06,0,0.4200627623329981,0.631578947368421,0.3126423200859291,0.22,0,0,0,50.671197930611335,25.330479582443346,43.73955148144168
81400,0.06,0,0.4201309188663936,0.631578947368421,0.3169280343716434,0.27,0,0,0,50.67302219439794,25.332269106631085,43.730881351324676
81500,0.06,0,0.42016410615463134,0.631578947368421,0.3111170784103115,0.3,0,0,0,50.67494836251495,25.332079308872267,43.72576511146396
81600,0.06,0,0.42021473879973587,0.631578947368421,0.3202577873254565,0.3,0,0,0,50.67197965762457,25.33501538609121,43.72305793328315
81700,0.06,0,0.4201975681237371,0.631578947368421,0.31583243823845325,0.21,0,0,0,50.677312150266836,25.338016659417484,43.72024368043413
81800,0.06,0,0.4202020182042381,0.631578947368421,0.31265306122448977,0.18,0,0,0,50.6779841485044,25.337493083482574,43.71920093703179
81900,0.06,0,0.420074383219366,0.631578947368421,0.3136949516648765,0.26,0,0,0,50.6911120818509,25.337466813016135,43.721158740811426
82000,0.06,0,0.42015723323716436,0.631578947368421,0.3154135338345865,0.41,0,0,0,50.67910512236065,25.337682810874632,43.72289387863343
82100,0.06,0,0.4200260184035998,0.6326530612244898,0.3157250268528464,0.34,0,0,0,50.69025162631127,25.340728881697434,43.72693535160979
82200,0.06,0,0.41991804366718805,0.631578947368421,0.31473684210526315,0.28,0,0,0,50.69248588535745,25.339487197395595,43.73625123482759
82300,0.06,0,0.41997715899741433,0.631578947368421,0.32,0.29,0,0,0,50.687854127429176,25.342576460867537,43.73409095965653
82400,0.06,0,0.41995262661025984,0.631578947368421,0.32020408163265307,0.21,0,0,0,50.689187230235675,25.341835194692326,43.7354955214691
82500,0.06,0,0.41993855828401694,0.631578947368421,0.32193340494092376,0.26,0,0,0,50.69240273821107,25.343481908090926,43.734186388524684
82600,0.06,0,0.4199256891853582,0.631578947368421,0.3183673469387755,0.3,0,0,0,50.69327938953148,25.34068110407768,43.73477034303648
82700,0.06,0,0.41984855642530583,0.631578947368421,0.32365198711063375,0.38,0,0,0,50.69845370495271,25.341099509357434,43.738340688158694
82800,0.06,0,0.41987595879040424,0.631578947368421,0.31446831364124594,0.3,0,0,0,50.69964400166471,25.34138979984437,43.734459396517494
82900,0.06,0,0.4199431515515736,0.631578947368421,0.3221160042964554,0.27,0,0,0,50.69738760479536,25.34561031557301,43.72940787487121
83000,0.06,0,0.41995201815205285,0.631578947368421,0.31512352309344793,0.19,0,0,0,50.69995846498407,25.347617908948106,43.726267244625205
83100,0.06,0,0.4199390285322584,0.631578947368421,0.3133404940923738,0.16,0,0,0,50.694726519951836,25.347344713234815,43.73213269773345
83200,0.06,0,0.4198516490870868,0.631578947368421,0.31352309344790547,0.33,0,0,0,50.70253703321713,25.348211262088867,43.734496067102306
83300,0.06,0,0.41978122988416605,0.631578947368421,0.3156605800214823,0.31,0,0,0,50.70709134327569,25.35143241226146,43.737903904636184
83400,0.06,0,0.41981267810927886,0.631578947368421,0.31834586466165415,0.17,0,0,0,50.70452288889331,25.35030514738064,43.73684288430005
83500,0.06,0,0.4197867265130544,0.631578947368421,0.3240279269602578,0.24,0,0,0,50.702449863911085,25.349852282801695,43.74133507469202
83600,0.06,0,0.4196691053435581,0.631578947368421,0.32126745435016113,0.38,0,0,0,50.72361865251254,25.348533456852063,43.735334564671824
83700,0.06,0,0.41983206017690966,0.631578947368421,0.32105263157894737,0.33,0,0,0,50.71116679934733,25.349883246447163,43.72909381205403
83800,0.06,0,0.41978598002721385,0.631578947368421,0.32091299677765844,0.23,0,0,0,50.71424598403371,25.346176639334104,43.73123861687654
83900,0.06,0,0.41991067865739246,0.631578947368421,0.3166702470461869,0.42,0,0,0,50.720547638861355,25.34877639382324,43.712820313532895
84000,0.06,0,0.41990905001077805,0.631578947368421,0.3187432867883996,0.38,0,0,0,50.72079011518529,25.351387306637104,43.71278088200038
84100,0.06,0,0.4200532908491405,0.631578947368421,0.31398496240601503,0.37,0,0,0,50.71260556771896,25.35205045379481,43.70482289910935
84200,0.06,0,0.4201412976803997,0.631578947368421,0.3127282491944146,0.29,0,0,0,50.70787698969404,25.35380792904084,43.69974274723362
84300,0.06,0,0.42000208369377795,0.631578947368421,0.3134156820622986,0.34,0,0,0,50.72668908166674,25.353544890025926,43.69801596709445
84400,0.06,0,0.4199717572438399,0.631578947368421,0.31551020408163266,0.26,0,0,0,50.72714636358186,25.356682404048446,43.700777484954436
84500,0.06,0,0.4200617718805003,0.631578947368421,0.31241675617615466,0.22,0,0,0,50.725410088217345,25.35791729000323,43.692908396331894
84600,0.06,0,0.42006157510315273,0.631578947368421,0.31396348012889363,0.25,0,0,0,50.724541566894366,25.354914393366034,43.69367698809391
84700,0.06,0,0.41996610426122555,0.631578947368421,0.3102792696025779,0.25,0,0,0,50.73665237946552,25.35519943434788,43.6931778372397
84800,0.06,0,0.41982144281332445,0.631578947368421,0.3118474758324382,0.37,0,0,0,50.7558486289738,25.354718126044208,43.691702779747324
84900,0.06,0,0.41981891837539675,0.631578947368421,0.31577873254564987,0.26,0,0,0,50.75967872994285,25.35263980148804,43.68866870233265
85000,0.06,0,0.4197397574889221,0.631578947368421,0.3185499462943072,0.33,0,0,0,50.76860995745291,25.3486551018819,43.68922100193957
85100,0.06,0,0.41965874540873255,0.631578947368421,0.3209989258861439,0.32,0,0,0,50.77185661872552,25.349830802297916,43.694860595712946
85200,0.06,0,0.41973395183329576,0.631578947368421,0.3216004296455424,0.26,0,0,0,50.77174076367524,25.349053838050562,43.6871311958459
85300,0.06,0,0.4197519391103286,0.631578947368421,0.3227282491944146,0.31,0,0,0,50.776804645849595,25.34876010650265,43.680902453227816
85400,0.06,0,0.4197731286733488,0.631578947368421,0.3209774436090226,0.3,0,0,0,50.77129692599933,25.348295368327108,43.68343580983708
85500,0.06,0,0.4198519923129518,0.631578947368421,0.32399570354457574,0.21,0,0,0,50.75772095210386,25.347460211598158,43.686912101807266
85600,0.06,0,0.4199189961237983,0.631578947368421,0.317422126745435,0.31,0,0,0,50.748675663879624,25.34403476648091,43.687726637025136
85700,0.06,0,0.4199485135594479,0.631578947368421,0.31398496240601503,0.33,0,0,0,50.754081634250234,25.346784678001914,43.680002919755196
85800,0.06,0,0.4199790982099123,0.631578947368421,0.314296455424275,0.19,0,0,0,50.7465559490708,25.34489432001405,43.68329920526806
85900,0.06,0,0.4199744924563351,0.631578947368421,0.3144253490870032,0.33,0,0,0,50.747788060174564,25.342437478806303,43.682717665677586
86000,0.06,0,0.4199173866581561,0.631578947368421,0.3142857142857143,0.4,0,0,0,50.75196421645376,25.34762600684016,43.68506325885073
86100,0.06,0,0.41987711051400284,0.631578947368421,0.3134908700322234,0.28,0,0,0,50.75783187443906,25.345808522708076,43.6842031664626
86200,0.06,0,0.4198224932915354,0.631578947368421,0.3171428571428571,0.31,0,0,0,50.75267029039579,25.347762564684082,43.694329599774086
86300,0.06,0,0.41983432126495707,0.631578947368421,0.31698174006444685,0.3,0,0,0,50.75122847089875,25.348125718100167,43.694339902607226
86400,0.06,0,0.41984280339257446,0.631578947368421,0.3125563909774436,0.25,0,0,0,50.75607787248037,25.348545630945587,43.68928252562308
86500,0.06,0,0.41979880810437387,0.631578947368421,0.31610096670247045,0.29,0,0,0,50.75203242734188,25.347826191256715,43.69734403948411
86600,0.06,0,0.4198179299810418,0.631578947368421,0.3145972073039742,0.32,0,0,0,50.756118416181884,25.347523742970846,43.69183613145326
86700,0.06,0,0.4197172095362628,0.631578947368421,0.3235338345864662,0.34,0,0,0,50.75518388552388,25.349751360736256,43.70312562538676
86800,0.06,0,0.4196734283137056,0.631578947368421,0.3158002148227712,0.33,0,0,0,50.75281056274785,25.350654070999294,43.709728704037964
86900,0.06,0,0.41970351851032145,0.631578947368421,0.31774436090225566,0.25,0,0,0,50.75379568006595,25.346654236960113,43.705746648529534
87000,0.06,0,0.41957940927738624,0.631578947368421,0.320171858216971,0.32,0,0,0,50.76384361797841,25.349228524438946,43.71002111008202
87100,0.06,0,0.41953049046134533,0.631578947368421,0.31901181525241673,0.28,0,0,0,50.76092746956813,25.34973719763959,43.71762923709601
87200,0.06,0,0.4195030459340726,0.631578947368421,0.3206122448979592,0.41,0,0,0,50.769430083027125,25.348521667989576,43.713167219224324
87300,0.06,0,0.4194577874637765,0.631578947368421,0.32413533834586467,0.3,0,0,0,50.76258964503702,25.35315635036677,43.723774902177865
87400,0.06,0,0.4195256733757442,0.631578947368421,0.3271321160042965,0.28,0,0,0,50.76284104362591,25.350611051975832,43.71648319830542
87500,0.06,0,0.41948018951494026,0.631578947368421,0.3235660580021482,0.25,0,0,0,50.77474263493635,25.35216238572619,43.71097508982943
87600,0.06,0,0.41956918672534804,0.631578947368421,0.3217078410311493,0.33,0,0,0,50.762199154488904,25.348959659221677,43.71250211819599
87700,0.06,0,0.41947823459255107,0.631578947368421,0.32234156820622983,0.34,0,0,0,50.76778262171532,25.348669005218646,43.71717138655675
87800,0.06,0,0.41940505018393964,0.631578947368421,0.3207626208378088,0.34,0,0,0,50.76983408866063,25.351218739319478,43.7230330513668
87900,0.06,0,0.4195652426468343,0.631578947368421,0.3267561761546724,0.36,0,0,0,50.766009978446995,25.351342812561956,43.709631659895216
88000,0.06,0,0.4195493242712476,0.631578947368421,0.3280236305048335,0.29,0,0,0,50.765534838623275,25.350278563717442,43.711699189210194
88100,0.06,0,0.41956300170293054,0.631578947368421,0.3234479054779807,0.33,0,0,0,50.77670435865295,25.352201020595075,43.700659127421204
88200,0.06,0,0.41954546339603943,0.631578947368421,0.32721804511278196,0.23,0,0,0,50.767498952043525,25.35266440140365,43.71041029560035
88300,0.06,0,0.4197185768980403,0.631578947368421,0.31784103114930184,0.26,0,0,0,50.747661561003596,25.35144380085091,43.70946134111552
88400,0.06,0,0.41973838706648103,0.631578947368421,0.31815252416756173,0.25,0,0,0,50.7465284347262,25.352708328138526,43.70837435758307
88500,0.06,0,0.41972410363412366,0.631578947368421,0.3145864661654135,0.36,0,0,0,50.740008521182496,25.351562526434762,43.7154783408752
88600,0.06,0,0.4197663330824153,0.631578947368421,0.3238238453276047,0.18,0,0,0,50.73853998760576,25.35150702723201,43.71234560098479
88700,0.06,0,0.4198465705541736,0.631578947368421,0.32421052631578945,0.3,0,0,0,50.73585844306469,25.351386302032463,43.706301561787775
88800,0.06,0,0.4198069202348979,0.631578947368421,0.32364124597207306,0.36,0,0,0,50.73026285578092,25.351117041816078,43.715250869945876
88900,0.06,0,0.41993665418079634,0.631578947368421,0.3176691729323308,0.3,0,0,0,50.70718331850219,25.352460359596208,43.72163660382778
89000,0.06,0,0.4198326933145309,0.631578947368421,0.3222986036519871,0.35,0,0,0,50.729100924685085,25.353900585607615,43.71356845750421
89100,0.06,0,0.4196328538735397,0.631578947368421,0.31843179377013964,0.29,0,0,0,50.74378597887527,25.355594497941844,43.721729368169015
89200,0.06,0,0.4196211869375109,0.631578947368421,0.3143609022556391,0.34,0,0,0,50.74064904846966,25.35506577302079,43.725648061196566
89300,0.06,0,0.4196741826249204,0.631578947368421,0.31842105263157894,0.18,0,0,0,50.73494326077261,25.354102417988273,43.72504334901524
89400,0.06,0,0.4196724215219428,0.631578947368421,0.31865735767991404,0.33,0,0,0,50.74119493466785,25.353972428605505,43.71983957867551
89500,0.06,0,0.41967586008518326,0.631578947368421,0.3218796992481203,0.29,0,0,0,50.736700581219935,25.356564741985974,43.72335412029619
89600,0.06,0,0.41970345173666485,0.631578947368421,0.31577873254564987,0.43,0,0,0,50.737290910104456,25.3545510464691,43.719971022675956
89700,0.06,0,0.4197694094649201,0.631578947368421,0.3172610096670247,0.27,0,0,0,50.730252028268495,25.353304349881757,43.719166614158475
89800,0.06,0,0.4198368490032627,0.631578947368421,0.31165413533834585,0.3,0,0,0,50.73591557317115,25.355071466538927,43.70726438930831
89900,0.06,0,0.4197709688270977,0.631578947368421,0.3152953813104189,0.35,0,0,0,50.740973929583674,25.352277406849165,43.709766093555785
90000,0.06,0,0.4198051077439163,0.631578947368421,0.31945220193340496,0.44,0,0,0,50.73492435526223,25.354743711765476,43.711423055979125
90100,0.06,0,0.41981893710215984,0.631578947368421,0.3176906552094522,0.35,0,0,0,50.734802956474745,25.357797768017118,43.71008773702811
90200,0.06,0,0.4199123143605905,0.631578947368421,0.31978517722878624,0.25,0,0,0,50.7197703316522,25.3564312689811,43.713319956428975
90300,0.06,0,0.419871315282371,0.631578947368421,0.3199785177228786,0.29,0,0,0,50.73395225529003,25.356190186371613,43.705367817750925
90400,0.06,0,0.41989686282430094,0.631578947368421,0.3134479054779807,0.31,0,0,0,50.737742263594214,25.353796054633825,43.69944417203336
90500,0.06,0,0.4200010855644068,0.631578947368421,0.31745435016111706,0.3,0,0,0,50.726310297415004,25.352096346263647,43.69844611833975
90600,0.06,0,0.42007121272785913,0.631578947368421,0.31621911922663803,0.34,0,0,0,50.72137794077897,25.349627993600894,43.69539975859918
90700,0.06,0,0.4201092014888959,0.631578947368421,0.313952738990333,0.32,0,0,0,50.71848097760124,25.350007008153753,43.69394415155618
90800,0.06,0,0.42011099754103975,0.631578947368421,0.3083780880773362,0.35,0,0,0,50.72436996579748,25.34938169575965,43.68868460239247
90900,0.06,0,0.42013530564765444,0.631578947368421,0.31365198711063375,0.27,0,0,0,50.72066903265408,25.35194466709199,43.689344517155185
91000,0.06,0,0.42011285110632207,0.631578947368421,0.31339419978517724,0.27,0,0,0,50.72238141015519,25.350267922753797,43.690204639194846
91100,0.06,0,0.4201414262271124,0.631578947368421,0.3161439312567132,0.32,0,0,0,50.71912536123902,25.355438545544335,43.690037750866765
91200,0.06,0,0.4202591626807638,0.631578947368421,0.31328678839957036,0.27,0,0,0,50.71331561297542,25.35540419332671,43.68280165358306
91300,0.06,0,0.42018846656108333,0.631578947368421,0.3123845327604726,0.29,0,0,0,50.719358548017546,25.35734523935007,43.68494578033012
91400,0.06,0,0.42008413991028387,0.631578947368421,0.31092373791621913,0.41,0,0,0,50.727904004632165,25.359300612827663,43.68843395658599
91500,0.06,0,0.4200216589121088,0.631578947368421,0.3192266380236305,0.32,0,0,0,50.72552464725178,25.359188385252743,43.696982476775915
91600,0.06,0,0.42012538459018667,0.631578947368421,0.3124704618689581,0.3,0,0,0,50.7222529110317,25.360985262257934,43.68901192237739
91700,0.06,0,0.4202055889201896,0.631578947368421,0.31192266380236305,0.29,0,0,0,50.72657473821752,25.35829944567717,43.676951505927775
91800,0.06,0,0.42015573302392906,0.631578947368421,0.3092588614393126,0.3,0,0,0,50.73132428848461,25.357439813244596,43.67804464208357
91900,0.06,0,0.4201982492225959,0.631578947368421,0.3108807733619764,0.26,0,0,0,50.73507684009454,25.355153005884763,43.670394980560005
92000,0.06,0,0.42026280557576484,0.631578947368421,0.3112674543501611,0.36,0,0,0,50.72659813172786,25.357339827555343,43.67098497017568
92100,0.06,0,0.420303281689661,0.631578947368421,0.31338345864661654,0.39,0,0,0,50.716061634206326,25.355134706984,43.675851336357795
92200,0.06,0,0.4202813587240793,0.631578947368421,0.31199785177228784,0.29,0,0,0,50.712018170744166,25.355465216501546,43.6816122066091
92300,0.06,0,0.42034717743358224,0.631578947368421,0.30645542427497313,0.31,0,0,0,50.703857026353006,25.35112156398556,43.68180222550868
92400,0.06,0,0.42043161895475956,0.631578947368421,0.31601503759398497,0.16,0,0,0,50.70297277202987,25.350791529811065,43.673790613805
92500,0.06,0,0.420413866817178,0.631578947368421,0.3103329752953813,0.3,0,0,0,50.711454318922776,25.35028697075958,43.668329958168826
92600,0.06,0,0.4204154451067085,0.631578947368421,0.3060902255639098,0.3,0,0,0,50.7054700947002,25.34841576808621,43.67331970857311
92700,0.06,0,0.42039256962899524,0.631578947368421,0.30749731471535985,0.27,0,0,0,50.70601314823976,25.349284869138373,43.675228413218974
92800,0.06,0,0.42045510201406266,0.631578947368421,0.3077980665950591,0.32,0,0,0,50.701915601486746,25.347971443467237,43.67226194426991
92900,0.06,0,0.4203784192446901,0.631578947368421,0.31225563909774434,0.33,0,0,0,50.70624484092073,25.34921783103114,43.676498995331706
93000,0.06,0,0.42035314104509913,0.631578947368421,0.3101396348012889,0.21,0,0,0,50.70378603971382,25.34826145322849,43.681243660197936
93100,0.06,0,0.42033831193396287,0.631578947368421,0.31363050483351235,0.33,0,0,0,50.71389619726461,25.348644265008097,43.674076232351226
93200,0.06,0,0.4202542169773849,0.631578947368421,0.31673469387755104,0.27,0,0,0,50.71779769171193,25.34767449127643,43.67945530738369
93300,0.06,0,0.42036115577559213,0.631578947368421,0.3134801288936627,0.3,0,0,0,50.69686369410638,25.345526546387898,43.6863751126766
93400,0.06,0,0.4202924596135225,0.631578947368421,0.31252416756176155,0.32,0,0,0,50.694340851834085,25.341989870241548,43.69569002501805
93500,0.06,0,0.4201721250393607,0.631578947368421,0.31483351235230933,0.26,0,0,0,50.701216061644374,25.341572797568837,43.702277247349286
93600,0.06,0,0.4200637776409953,0.631578947368421,0.31817400644468313,0.3,0,0,0,50.69971558918841,25.342670860659354,43.71484312683271
93700,0.06,0,0.419918517419961,0.631578947368421,0.3214500537056928,0.3,0,0,0,50.7110599762878,25.3457860492404,43.72018250262396
93800,0.06,0,0.4200401504830454,0.631578947368421,0.3164339419978518,0.26,0,0,0,50.69619958981815,25.344995784109397,43.7203340591251
93900,0.06,0,0.4200307448439119,0.631578947368421,0.3158002148227712,0.28,0,0,0,50.690388183190564,25.344792784392038,43.726325513224545
94000,0.06,0,0.4198954826123017,0.631578947368421,0.32224489795918365,0.31,0,0,0,50.68796302696318,25.340221228616187,43.74250396171211
94100,0.06,0,0.4198144649452236,0.631578947368421,0.3184640171858217,0.33,0,0,0,50.69351700218402,25.342380625795418,43.74615223715432
94200,0.06,0,0.41990851644245236,0.631578947368421,0.31844253490870034,0.28,0,0,0,50.693321279169155,25.344100374243784,43.736522796282884
94300,0.06,0,0.41988760991255336,0.631578947368421,0.31798066595059077,0.38,0,0,0,50.701435597961186,25.343187520142727,43.73170047740913
94400,0.06,0,0.4198790362138873,0.631578947368421,0.3201181525241676,0.27,0,0,0,50.710342132192835,25.340320555358208,43.72491246050934
94500,0.06,0,0.4198314484299352,0.631578947368421,0.3234264232008593,0.28,0,0,0,50.706613203588084,25.34094053138487,43.733084531532334
94600,0.06,0,0.41990438866173996,0.631578947368421,0.31685284640171857,0.31,0,0,0,50.695261471520595,25.336604660274304,43.735278852609305
94700,0.06,0,0.41998045524174366,0.631578947368421,0.31533834586466164,0.31,0,0,0,50.69025698831499,25.34243894818477,43.731674606994524
94800,0.06,0,0.419950508191023,0.631578947368421,0.318796992481203,0.28,0,0,0,50.69802872466868,25.345647840262217,43.72808884265692
94900,0.06,0,0.419974670021351,0.631578947368421,0.3147798066595059,0.34,0,0,0,50.7054418273582,25.348737543846894,43.71918044370599
95000,0.06,0,0.4200950266670967,0.631578947368421,0.31613319011815255,0.32,0,0,0,50.71172067507599,25.351143877797313,43.701243439988026
95100,0.06,0,0.42013948068520307,0.631578947368421,0.3115252416756176,0.26,0,0,0,50.70952816113576,25.349975708663024,43.69850880796574
95200,0.06,0,0.42017873519062043,0.631578947368421,0.3114822771213749,0.39,0,0,0,50.70446238697512,25.35024452772573,43.698791763328366
95300,0.06,0,0.4201475386834693,0.631578947368421,0.31106337271750806,0.29,0,0,0,50.71350073749964,25.34936110406171,43.69424771503825
95400,0.06,0,0.4200338618070323,0.631578947368421,0.31745435016111706,0.31,0,0,0,50.71164371261263,25.34934929030115,43.707673498861084
95500,0.06,0,0.4200483004866312,0.631578947368421,0.3157142857142857,0.32,0,0,0,50.705269539003346,25.351626981271416,43.71166541259392
95600,0.06,0,0.4200949982330876,0.631578947368421,0.30932330827067667,0.36,0,0,0,50.705739436388285,25.351379844845596,43.70640138801084
95700,0.06,0,0.4200266133384547,0.631578947368421,0.3117293233082707,0.23,0,0,0,50.704633069108766,25.351922397159093,43.714471087069626
95800,0.06,0,0.41999445732020313,0.631578947368421,0.3197529538131042,0.31,0,0,0,50.7084921657962,25.35164502387037,43.714490914801495
95900,0.06,0,0.41996295524687555,0.631578947368421,0.31414607948442536,0.26,0,0,0,50.709325672518716,25.352172527326832,43.717051419776524
96000,0.06,0,0.41992559486790487,0.631578947368421,0.3089903329752954,0.33,0,0,0,50.712022295761436,25.35166345409756,43.718616013164066
96100,0.06,0,0.4199479743727142,0.631578947368421,0.3183780880773362,0.35,0,0,0,50.716962721233834,25.348239074508303,43.71202772074926
96200,0.06,0,0.42000115100535124,0.631578947368421,0.31549946294307196,0.3,0,0,0,50.70942396753588,25.350458301626833,43.71299096893613
96300,0.06,0,0.4199274493934584,0.631578947368421,0.31294307196562837,0.23,0,0,0,50.705837171293204,25.351721917257102,43.72375573467969
96400,0.06,0,0.41996704154227893,0.631578947368421,0.3161546723952739,0.28,0,0,0,50.70336627144466,25.350221176866647,43.7217642683829
96500,0.06,0,0.4199030686146418,0.631578947368421,0.31269602577873257,0.25,0,0,0,50.70948634202691,25.34957779880951,43.72314781732589
96600,0.06,0,0.41987723475485206,0.631578947368421,0.3154135338345865,0.29,0,0,0,50.70614409236321,25.349627568432265,43.72872012815524
96700,0.06,0,0.41984576652794364,0.631578947368421,0.31242749731471536,0.28,0,0,0,50.70484000264489,25.3474098581675,43.733122431212564
96800,0.06,0,0.41968792503084085,0.631578947368421,0.32038668098818474,0.33,0,0,0,50.70743589341255,25.351404865934484,43.74733043892918
96900,0.06,0,0.41971302549852135,0.631578947368421,0.3218689581095596,0.4,0,0,0,50.705066605288124,25.349407804566457,43.74675823157051
97000,0.06,0,0.4196483181195026,0.631578947368421,0.3203222341568206,0.17,0,0,0,50.69933544790214,25.347343112193837,43.758449718622195
97100,0.06,0,0.41951457992381275,0.631578947368421,0.32151450053705694,0.24,0,0,0,50.70447313433949,25.34743149583025,43.767964307534584
97200,0.06,0,0.4195287677304567,0.631578947368421,0.3246294307196563,0.3,0,0,0,50.70157859260839,25.348745538826282,43.76898276219622
97300,0.06,0,0.41944369246860036,0.631578947368421,0.3203329752953813,0.35,0,0,0,50.7077721449559,25.350314257744902,43.77251325399013
97400,0.06,0,0.4194887847624964,0.631578947368421,0.3221160042964554,0.16,0,0,0,50.70220917175835,25.350143597602283,43.77261013652986
97500,0.06,0,0.4194463222560424,0.631578947368421,0.3215789473684211,0.31,0,0,0,50.70602585656945,25.35006285930941,43.77374630751888
97600,0.06,0,0.4194596177749081,0.631578947368421,0.3148012889366273,0.24,0,0,0,50.69944420674358,25.348512066373544,43.77804121712149
97700,0.06,0,0.4194448885540153,0.631578947368421,0.32126745435016113,0.18,0,0,0,50.69774879405603,25.348727535181478,43.78104258437153
97800,0.06,0,0.41952836022409784,0.631578947368421,0.3206122448979592,0.23,0,0,0,50.69917179515422,25.348510849894595,43.77110308560319
97900,0.06,0,0.41963459958798677,0.631578947368421,0.3203329752953813,0.32,0,0,0,50.69784916118118,25.34844275129659,43.76116314219655
98000,0.06,0,0.4195776743215372,0.631578947368421,0.3226960257787325,0.31,0,0,0,50.70048588263851,25.345038557875018,43.7648241956334
98100,0.06,0,0.41960499025963605,0.631578947368421,0.3206981740064447,0.33,0,0,0,50.700099565077785,25.34607484658664,43.762308593152184
98200,0.06,0,0.4196470864895199,0.631578947368421,0.3244146079484425,0.35,0,0,0,50.70413184229949,25.347639633201464,43.75443877143339
98300,0.06,0,0.4197216101669267,0.631578947368421,0.3187862513426423,0.34,0,0,0,50.708113181810155,25.345079536215017,43.743235188443485
98400,0.06,0,0.419663450553705,0.631578947368421,0.3207196562835661,0.16,0,0,0,50.706174687877954,25.34612138017061,43.7509699353726
98500,0.06,0,0.4197194945482007,0.631578947368421,0.3238345864661654,0.35,0,0,0,50.70349777687291,25.34901237972881,43.747437529340296
98600,0.06,0,0.41961103720512827,0.631578947368421,0.32149301825993554,0.3,0,0,0,50.70549411182415,25.349803344768954,43.757022146117215
98700,0.06,0,0.4196963890745197,0.631578947368421,0.322406015037594,0.27,0,0,0,50.7077642675638,25.350665777338392,43.74616488979435
98800,0.06,0,0.41976350754454755,0.631578947368421,0.31634801288936626,0.27,0,0,0,50.70014180894772,25.349859462816788,43.74574597550148
98900,0.06,0,0.419709762892716,0.631578947368421,0.31902255639097743,0.25,0,0,0,50.70862526136111,25.349986241161545,43.744028189717014
99000,0.06,0,0.4197461845904148,0.631578947368421,0.32123523093447903,0.3,0,0,0,50.70796456651063,25.351493193381735,43.740802396324376
99100,0.06,0,0.41986546757223425,0.631578947368421,0.31244897959183676,0.31,0,0,0,50.707017796402184,25.34874433621598,43.7291921866626
99200,0.06,0,0.4197370958252696,0.631578947368421,0.3204511278195489,0.31,0,0,0,50.70573788818603,25.34859084676581,43.743670400119605
99300,0.06,0,0.4196718893574482,0.631578947368421,0.3198496240601504,0.34,0,0,0,50.70825078313194,25.349686028983687,43.74829897204365
99400,0.06,0,0.41956934709820953,0.631578947368421,0.32459720730397423,0.35,0,0,0,50.726836418486464,25.34895255203805,43.742958295446684
99500,0.06,0,0.41957845302192887,0.631578947368421,0.3272395273899033,0.36,0,0,0,50.73791998080776,25.349202393854114,43.73245363721253
99600,0.06,0,0.419729748235109,0.631578947368421,0.3171750805585392,0.3,0,0,0,50.73596323319129,25.34959984307421,43.71837592996177
99700,0.06,0,0.4196711953993935,0.631578947368421,0.3164339419978518,0.33,0,0,0,50.750402433799316,25.349537386559906,43.712035324158485
99800,0.06,0,0.4196477961573296,0.631578947368421,0.3230612244897959,0.38,0,0,0,50.74931326475157,25.351246871146564,43.71541086307611
99900,0.06,0,0.4196550970442076,0.631578947368421,0.31328678839957036,0.29,0,0,0,50.747914951470925,25.350758895684923,43.7158548487264
100000,0.06,0,0.4197743703796443,0.631578947368421,0.31450053705692804,0.37,0,0,0,50.73011962041426,25.352418749061588,43.71876404644639
100100,0.06,0,0.4198534462498723,0.631578947368421,0.3189903329752954,0.24,0,0,0,50.71707331346374,25.353977140841614,43.721773949314525
100200,0.06,0,0.4199475018133021,0.631578947368421,0.3180451127819549,0.17,0,0,0,50.707437351814605,25.353203894314728,43.720288203202074
100300,0.06,0,0.41995477103389484,0.631578947368421,0.31731471535982814,0.32,0,0,0,50.72054855203922,25.350728181884236,43.70822997967287
100400,0.06,0,0.41991326672432494,0.631578947368421,0.31498388829215895,0.36,0,0,0,50.715027793696294,25.351273472123918,43.71730858929982
100500,0.06,0,0.41997272116904244,0.631578947368421,0.32005370569280345,0.34,0,0,0,50.70838869208655,25.349441415698625,43.71684261330029
100600,0.06,0,0.4199432776227017,0.631578947368421,0.3155531686358754,0.26,0,0,0,50.71830226412689,25.34926563979913,43.7113620968587
100700,0.06,0,0.41992435346190743,0.631578947368421,0.3126315789473684,0.47,0,0,0,50.73662017979332,25.348875499011996,43.69754974512006
100800,0.06,0,0.4199433713466013,0.631578947368421,0.31268528464017187,0.27,0,0,0,50.73468087742944,25.349620548072426,43.69724106028644
100900,0.06,0,0.4198736897424965,0.631578947368421,0.31154672395273897,0.35,0,0,0,50.72882792993328,25.34651552409631,43.70953548825159
101000,0.06,0,0.4198339573873747,0.631578947368421,0.31286788399570353,0.3,0,0,0,50.72730890649814,25.346707774866147,43.71498108351231
101100,0.06,0,0.4196792427442997,0.631578947368421,0.31527389903329756,0.25,0,0,0,50.73944673889184,25.345335281738897,43.72063529696329
101200,0.06,0,0.4197072378744563,0.631578947368421,0.32037593984962404,0.22,0,0,0,50.741961327455144,25.34590735283071,43.71555256965406
101300,0.06,0,0.41974493058109447,0.631578947368421,0.3128034371643394,0.31,0,0,0,50.73900828267165,25.351276252534753,43.71417099986768
101400,0.06,0,0.41987841114297325,0.631578947368421,0.3182277121374866,0.3,0,0,0,50.73764519624058,25.351910017230466,43.701448163153856
101500,0.06,0,0.4198777824128787,0.631578947368421,0.3186466165413534,0.17,0,0,0,50.73580332513856,25.350756376696985,43.703100106235446
101600,0.06,0,0.4199886196550135,0.631578947368421,0.31193340494092375,0.41,0,0,0,50.71606195493376,25.35099897943376,43.70857369004388
101700,0.06,0,0.4199978691805115,0.631578947368421,0.3084425349087003,0.44,0,0,0,50.72399223495684,25.348230724580368,43.70077777884024
101800,0.06,0,0.41981045338760964,0.631578947368421,0.30639097744360905,0.38,0,0,0,50.73602346241148,25.349339472988042,43.709919538479234
101900,0.06,0,0.4197387605000693,0.631578947368421,0.31781954887218045,0.23,0,0,0,50.734701148040315,25.34832838955084,43.71852476957161
102000,0.06,0,0.41975529634519004,0.631578947368421,0.3134156820622986,0.23,0,0,0,50.73640125870672,25.348673944504117,43.71533762842508
102100,0.06,0,0.4197717745694486,0.631578947368421,0.31663802363050486,0.3,0,0,0,50.73119288682913,25.35181872773969,43.71810947963158
102200,0.06,0,0.4197418669739264,0.631578947368421,0.3156820622986036,0.25,0,0,0,50.73552374836311,25.353976430635612,43.717492387511676
102300,0.06,0,0.4196875788675002,0.631578947368421,0.31587540279269605,0.31,0,0,0,50.73950064673093,25.354778228752167,43.719720437879346
102400,0.06,0,0.4196606558584275,0.631578947368421,0.322062298603652,0.26,0,0,0,50.732082634243156,25.355727812208876,43.728918322690355
102500,0.06,0,0.41955257688129893,0.631578947368421,0.3209452201933405,0.36,0,0,0,50.73351254675808,25.35667504007298,43.73895031770869
102600,0.06,0,0.4194887973287762,0.631578947368421,0.32546723952738993,0.25,0,0,0,50.7415533253869,25.35748437140787,43.73866827490282
102700,0.06,0,0.4196358436219071,0.631578947368421,0.3228034371643394,0.31,0,0,0,50.739222251137186,25.353989251008237,43.72535038013517
102800,0.06,0,0.41969107925755955,0.631578947368421,0.3196455424274973,0.35,0,0,0,50.74531825229895,25.351872716135176,43.7143436713075
102900,0.06,0,0.41978260217946034,0.631578947368421,0.31512352309344793,0.36,0,0,0,50.743573417569046,25.353986492468618,43.70631567486288
103000,0.06,0,0.41964319533559613,0.631578947368421,0.3168313641245972,0.21,0,0,0,50.745788623294544,25.353379178290652,43.71892651061958
103100,0.06,0,0.41969196620554167,0.631578947368421,0.3248764769065521,0.29,0,0,0,50.74350023475329,25.354011809247027,43.71581746490154
103200,0.06,0,0.41968373537460296,0.631578947368421,0.3198388829215897,0.31,0,0,0,50.74601095510161,25.356572369922002,43.71451188340868
103300,0.06,0,0.4197109736631619,0.631578947368421,0.32006444683136415,0.33,0,0,0,50.742245322765974,25.3564327786264,43.714918797646526
103400,0.06,0,0.4198628283495643,0.631578947368421,0.3176906552094522,0.3,0,0,0,50.739568525250604,25.3565649932995,43.701413494954295
103500,0.06,0,0.4198231042290303,0.631578947368421,0.30628356605800217,0.3,0,0,0,50.73748249178199,25.358432056932546,43.70734549120671
103600,0.06,0,0.41979343956264764,0.631578947368421,0.3146186895810956,0.28,0,0,0,50.75005571112358,25.356218999652594,43.69960489900509
103700,0.06,0,0.41978151158724497,0.631578947368421,0.3201074113856069,0.32,0,0,0,50.740364473129716,25.356761018767425,43.70919332506885
103800,0.06,0,0.41986931049099635,0.631578947368421,0.3196455424274973,0.29,0,0,0,50.73785301556621,25.35582172825391,43.70221638795126
103900,0.06,0,0.4199252678541854,0.631578947368421,0.31756176154672394,0.35,0,0,0,50.73755900828173,25.353992756801446,43.69664603210967
104000,0.06,0,0.4199362828002996,0.631578947368421,0.31500537056928035,0.26,0,0,0,50.73647686567089,25.35312641966063,43.696431835063784
104100,0.06,0,0.4200213001079929,0.631578947368421,0.3160687432867884,0.34,0,0,0,50.72272194630572,25.35421966841429,43.69943429844611
104200,0.06,0,0.4199416313724105,0.631578947368421,0.31816326530612243,0.33,0,0,0,50.72559615041781,25.356436676110064,43.70524812671917
104300,0.06,0,0.4199632403618908,0.631578947368421,0.316047261009667,0.37,0,0,0,50.724977213504516,25.358791141374546,43.703532551993874
104400,0.06,0,0.4199445355432313,0.631578947368421,0.317937701396348,0.33,0,0,0,50.72251403303151,25.35949570846747,43.70760157831922
104500,0.06,0,0.4199224817522497,0.631578947368421,0.3233297529538131,0.19,0,0,0,50.72165399257779,25.356074844420885,43.710638194119106
104600,0.06,0,0.41990053111147035,0.631578947368421,0.3176369495166488,0.32,0,0,0,50.727427228837854,25.35752178041082,43.707948280397986
104700,0.06,0,0.41987677513509086,0.631578947368421,0.3129752953813104,0.26,0,0,0,50.73509264223898,25.361298069541633,43.703817131481806
104800,0.06,0,0.4198317148426411,0.631578947368421,0.31659505907626206,0.23,0,0,0,50.74692305650089,25.36272795628015,43.69831825815026
104900,0.06,0,0.41969860285028704,0.631578947368421,0.3226530612244898,0.29,0,0,0,50.75676227238954,25.36232332052339,43.703704035966716
105000,0.06,0,0.4196188299195464,0.631578947368421,0.32238453276047263,0.35,0,0,0,50.762292466388686,25.36075325632791,43.707250347615734
105100,0.06,0,0.41953309421940993,0.631578947368421,0.31828141783029,0.35,0,0,0,50.77152795101058,25.360665290941412,43.70823025535961
105200,0.06,0,0.41960118071730834,0.631578947368421,0.32139634801288935,0.33,0,0,0,50.7616610119994,25.360421024878832,43.70963247871928
105300,0.06,0,0.4195354942460997,0.631578947368421,0.31918367346938775,0.3,0,0,0,50.75374727201288,25.36039356876587,43.723292533673956
105400,0.06,0,0.4195080199946211,0.631578947368421,0.3235016111707841,0.33,0,0,0,50.75454148065283,25.35831800722112,43.72547181381651
105500,0.06,0,0.41931056125001365,0.631578947368421,0.32364124597207306,0.39,0,0,0,50.76180067277212,25.35781276765096,43.73980679534152
105600,0.06,0,0.4194107262099113,0.631578947368421,0.32199785177228785,0.33,0,0,0,50.77229834801015,25.35764071700694,43.72031924195162
105700,0.06,0,0.4194496310053491,0.631578947368421,0.32437164339419977,0.27,0,0,0,50.76866379324706,25.357258154144223,43.71939376440118
105800,0.06,0,0.41937875502503147,0.631578947368421,0.3207733619763695,0.39,0,0,0,50.78217040787238,25.35495944019212,43.715152361275074
105900,0.06,0,0.41951642435576475,0.631578947368421,0.3244146079484425,0.25,0,0,0,50.77459822357482,25.354361389586398,43.70732395763295
106000,0.06,0,0.4195267282183895,0.631578947368421,0.3209667024704619,0.24,0,0,0,50.763847660233914,25.35770412878671,43.71550640975659
106100,0.06,0,0.4196099406928186,0.631578947368421,0.31995703544575727,0.32,0,0,0,50.76753804981943,25.358002862988627,43.70366009281271
106200,0.06,0,0.4195876351922559,0.631578947368421,0.31755102040816324,0.24,0,0,0,50.7653251415158,25.361239093471788,43.70788858744645
106300,0.06,0,0.4196501881403115,0.631578947368421,0.31610096670247045,0.25,0,0,0,50.74811789153181,25.36128826799414,43.71619139939538
106400,0.06,0,0.4196917027122849,0.631578947368421,0.31482277121374863,0.36,0,0,0,50.74833956600294,25.362740012647027,43.71167619404368
106500,0.06,0,0.4197629163704695,0.631578947368421,0.3165091299677766,0.28,0,0,0,50.740018348661195,25.359657117589418,43.71142778983898
106600,0.06,0,0.4197849711205661,0.631578947368421,0.3181417830290011,0.24,0,0,0,50.72791540878138,25.359444918282872,43.71955963023064
106700,0.06,0,0.41988237060843386,0.631578947368421,0.31756176154672394,0.39,0,0,0,50.72792161709286,25.35735582516816,43.70941271977178
106800,0.06,0,0.41993665266647956,0.631578947368421,0.31660580021482276,0.3,0,0,0,50.71578930845001,25.35748862812276,43.71421761310307
106900,0.06,0,0.42000663405776684,0.631578947368421,0.3167454350161117,0.2,0,0,0,50.716685930895686,25.357759740507568,43.70616126529499
107000,0.06,0,0.42005197571209746,0.631578947368421,0.32227712137486575,0.14,0,0,0,50.71386253522766,25.356078368950676,43.70387648567866
107100,0.06,0,0.42000476916257884,0.631578947368421,0.3162513426423201,0.22,0,0,0,50.7189766340078,25.35533964201325,43.704381347590356
107200,0.06,0,0.4200123649748512,0.631578947368421,0.31647690655209454,0.34,0,0,0,50.71779967888914,25.358133642614177,43.70460514912733
107300,0.06,0,0.41998889768174397,0.631578947368421,0.3169387755102041,0.38,0,0,0,50.726499205345405,25.357234913230393,43.699551487097494
107400,0.06,0,0.42003872200036924,0.631578947368421,0.31661654135338346,0.3,0,0,0,50.72573833322751,25.3593535946483,43.6950233199775
107500,0.06,0,0.4199240535954543,0.631578947368421,0.3216326530612245,0.29,0,0,0,50.73492679189302,25.357716765920458,43.69903945066759
107600,0.06,0,0.41988423695441124,0.631578947368421,0.31917293233082705,0.35,0,0,0,50.743071926351355,25.357862859880417,43.69616821702485
107700,0.06,0,0.419924909916562,0.631578947368421,0.31462943071965627,0.32,0,0,0,50.737518082384966,25.357175617492057,43.69671852508651
107800,0.06,0,0.4199947851840757,0.631578947368421,0.31166487647690655,0.3,0,0,0,50.72971211734008,25.356573798473207,43.696171279677024
107900,0.06,0,0.4199818833828674,0.631578947368421,0.31585392051557465,0.27,0,0,0,50.7392373177557,25.356692068738102,43.68931035340525
108000,0.06,0,0.41985304745492363,0.631578947368421,0.31917293233082705,0.35,0,0,0,50.73459757629635,25.355622154833803,43.70671350393885
108100,0.06,0,0.41979493566688386,0.631578947368421,0.31945220193340496,0.39,0,0,0,50.73422952581238,25.358827687305258,43.713080893447405
108200,0.06,0,0.41994801934371706,0.631578947368421,0.316390977443609,0.31,0,0,0,50.720944849611676,25.35580114013239,43.70859118556045
108300,0.06,0,0.4199027539125919,0.631578947368421,0.3118582169709989,0.34,0,0,0,50.72613030812157,25.355846396898258,43.708834387742975
108400,0.06,0,0.4199082944254258,0.631578947368421,0.31177228786251343,0.27,0,0,0,50.72641757533468,25.359055664163616,43.708010145221074
108500,0.06,0,0.4198831496440576,0.631578947368421,0.3187110633727175,0.4,0,0,0,50.73402161853125,25.360370944632592,43.70407623460617
108600,0.06,0,0.41980750492975005,0.631578947368421,0.315703544575725,0.44,0,0,0,50.7301726975989,25.36395445156525,43.715267675785384
108700,0.06,0,0.4197938136160822,0.631578947368421,0.31945220193340496,0.19,0,0,0,50.73157397506178,25.36443047562411,43.71548590541208
108800,0.06,0,0.4197328186280728,0.631578947368421,0.3171643394199785,0.24,0,0,0,50.73026519092102,25.363205518940763,43.72296655344298
108900,0.06,0,0.41973577032545956,0.631578947368421,0.31780880773361975,0.33,0,0,0,50.73160740223885,25.365506553734203,43.72150230665968
109000,0.06,0,0.41962126063437205,0.631578947368421,0.3157894736842105,0.22,0,0,0,50.743520960511376,25.361102960401702,43.723165658103945
109100,0.06,0,0.4195360662706704,0.631578947368421,0.32543501611170783,0.34,0,0,0,50.75759536073657,25.367788827493037,43.71991812613662
109200,0.06,0,0.4196628644079445,0.631578947368421,0.32251342642320086,0.33,0,0,0,50.740772449638825,25.369978662606872,43.72119925892107
109300,0.06,0,0.4196885292634747,0.631578947368421,0.3238453276047261,0.29,0,0,0,50.740783530171086,25.36666735535813,43.718516066578985
109400,0.06,0,0.4196588648554984,0.631578947368421,0.32249194414607946,0.33,0,0,0,50.73828478268173,25.36548478406262,43.72375958713852
109500,0.06,0,0.4194726975280531,0.631578947368421,0.32828141783029,0.24,0,0,0,50.746671764669465,25.36518294353993,43.73593524729962
109600,0.06,0,0.4194277490734167,0.631578947368421,0.3263265306122449,0.27,0,0,0,50.75014734994995,25.364068328319554,43.73762671556225
109700,0.06,0,0.4193754438061444,0.631578947368421,0.32004296455424275,0.24,0,0,0,50.75345139538174,25.362778161520794,43.740234080873094
109800,0.06,0,0.4193038766326643,0.631578947368421,0.3263265306122449,0.29,0,0,0,50.75553686410296,25.362775020709247,43.745902177256085
109900,0.06,0,0.4193560461862681,0.631578947368421,0.3250268528464017,0.38,0,0,0,50.753512080848026,25.365556244881386,43.74220501513399
110000,0.06,0,0.419313264075452,0.631578947368421,0.32243823845327607,0.36,0,0,0,50.759260160386425,25.362885691546477,43.741714028680896
110100,0.06,0,0.4193578969814909,0.631578947368421,0.3222019334049409,0.32,0,0,0,50.75515812101919,25.358775377298173,43.74059336629557
110200,0.06,0,0.41945008342663714,0.631578947368421,0.317937701396348,0.34,0,0,0,50.749399371060626,25.357752982384074,43.73594242946831
110300,0.06,0,0.41935963456799163,0.631578947368421,0.3219441460794844,0.35,0,0,0,50.75750741361253,25.35866052982755,43.73838762137649
110400,0.06,0,0.4193933416536854,0.631578947368421,0.32585392051557466,0.34,0,0,0,50.753641264521164,25.356281355932154,43.73820381666655
110500,0.06,0,0.41930816334015053,0.631578947368421,0.32703544575725024,0.36,0,0,0,50.76355815364513,25.35603934016664,43.738542610626006
110600,0.06,0,0.41928882713496646,0.631578947368421,0.32214822771213747,0.2,0,0,0,50.76934954033186,25.35760050376756,43.735570091588094
110700,0.06,0,0.41932495006181414,0.631578947368421,0.3202470461868958,0.32,0,0,0,50.75195592397325,25.356875275293433,43.74679015459691
110800,0.06,0,0.4193844842172566,0.631578947368421,0.32018259935553167,0.33,0,0,0,50.751177350776764,25.35737570945934,43.74125105775165
110900,0.06,0,0.41932680069771355,0.631578947368421,0.32040816326530613,0.36,0,0,0,50.75284508734346,25.356550767000122,43.7458306671443
111000,0.06,0,0.4193866854152084,0.631578947368421,0.3214500537056928,0.27,0,0,0,50.75254812241069,25.35758204489694,43.739840079045564
111100,0.06,0,0.419410694614158,0.631578947368421,0.3271428571428571,0.31,0,0,0,50.74624892511022,25.355773506735915,43.74276536030857
111200,0.06,0,0.41945021552672357,0.631578947368421,0.3193662728249194,0.21,0,0,0,50.75012668293945,25.35601736112168,43.73530186565955
111300,0.06,0,0.41950932160649074,0.631578947368421,0.32336197636949515,0.25,0,0,0,50.74672140426424,25.355837240088917,43.732074226768546
111400,0.06,0,0.4195443462733566,0.631578947368421,0.32228786251342645,0.33,0,0,0,50.746934558998866,25.35842710514994,43.72823968349479
111500,0.06,0,0.4196362354166817,0.631578947368421,0.3256605800214823,0.25,0,0,0,50.73764882351341,25.35883414729388,43.72666552345513
111600,0.06,0,0.4195491200279863,0.631578947368421,0.3192481203007519,0.24,0,0,0,50.74948475987088,25.359088434809415,43.72554477770977
111700,0.06,0,0.41951946880848023,0.631578947368421,0.32361976369495166,0.26,0,0,0,50.75105476233177,25.357830229314253,43.7272824944564
111800,0.06,0,0.41947394439280594,0.631578947368421,0.31885069817400646,0.27,0,0,0,50.7515388095499,25.361186192841227,43.73161100461914
111900,0.06,0,0.4194446422842552,0.631578947368421,0.32224489795918365,0.3,0,0,0,50.7550036173479,25.362521380188056,43.73168050225698
112000,0.06,0,0.4194154253267302,0.631578947368421,0.32326530612244897,0.36,0,0,0,50.74164520116969,25.363052562796835,43.7462406523646
112100,0.06,0,0.41940454338152283,0.631578947368421,0.32653061224489793,0.27,0,0,0,50.73698314100184,25.361819180106835,43.7513955074887
112200,0.06,0,0.41940472476467655,0.631578947368421,0.3257787325456498,0.28,0,0,0,50.73948079933194,25.362542130826686,43.749222918106945
112300,0.06,0,0.4194486238582515,0.631578947368421,0.33201933404940925,0.33,0,0,0,50.731708954564034,25.36444069068588,43.75134562738724
112400,0.06,0,0.4193406059779495,0.631578947368421,0.3249194414607948,0.36,0,0,0,50.74362629385614,25.36580851363262,43.752337707996446
112500,0.06,0,0.41928433004628524,0.631578947368421,0.3231578947368421,0.36,0,0,0,50.75297600635183,25.365358834067074,43.75014896704008
112600,0.06,0,0.41918240247034605,0.631578947368421,0.32634801288936627,0.32,0,0,0,50.76543731649073,25.364503190829282,43.75004527803957
112700,0.06,0,0.41927837496150144,0.631578947368421,0.3279914070891515,0.29,0,0,0,50.75434803315769,25.36285746823478,43.74958765690274
112800,0.06,0,0.41929220520385885,0.631578947368421,0.32437164339419977,0.35,0,0,0,50.74601211280682,25.362876145667812,43.75533098651308
112900,0.06,0,0.4192016516129096,0.631578947368421,0.3246186895810956,0.43,0,0,0,50.75600476174538,25.362118080969246,43.756166524067574
113000,0.06,0,0.4192020366280474,0.631578947368421,0.3251235230934479,0.41,0,0,0,50.75658244153917,25.362086729899087,43.75562833135343
113100,0.06,0,0.41923158859098425,0.631578947368421,0.3233082706766917,0.31,0,0,0,50.749007841885664,25.359834563762874,43.75907429750139
113200,0.06,0,0.41917392155637495,0.631578947368421,0.3239312567132116,0.36,0,0,0,50.74645435099062,25.3584300348348,43.76729656537598
113300,0.06,0,0.41923543573540645,0.631578947368421,0.32263157894736844,0.24,0,0,0,50.73721105910994,25.362493769664884,43.76884695936259
113400,0.06,0,0.41936001295182135,0.631578947368421,0.3235230934479055,0.3,0,0,0,50.737657292928695,25.363016896463122,43.75545993396346
113500,0.06,0,0.4194235680523647,0.631578947368421,0.32372717508055854,0.21,0,0,0,50.73572315202887,25.363391053916132,43.75049747247215
113600,0.06,0,0.41944985593337725,0.631578947368421,0.32930182599355534,0.4,0,0,0,50.73456230294295,25.362401061868837,43.748756513937025
113700,0.06,0,0.4194035123484141,0.631578947368421,0.3167454350161117,0.25,0,0,0,50.737011876158235,25.364319986852617,43.75147828406872
113800,0.06,0,0.4193982679503703,0.631578947368421,0.32092373791621914,0.23,0,0,0,50.73812796804984,25.36365827634505,43.751062959944655
113900,0.06,0,0.41940294318329313,0.631578947368421,0.32385606874328676,0.28,0,0,0,50.73905361208264,25.366291621237295,43.74977709973277
114000,0.06,0,0.41938906186686187,0.631578947368421,0.3239419978517723,0.23,0,0,0,50.73878778557761,25.36854733892951,43.75145438704911
114100,0.06,0,0.41940089705039063,0.631578947368421,0.32733619763694954,0.26,0,0,0,50.752116045815086,25.368760949495993,43.73873029515341
114200,0.06,0,0.4194878381386416,0.631578947368421,0.31705692803437163,0.3,0,0,0,50.74038490170204,25.367972247599,43.739775480651375
114300,0.06,0,0.4194220473163188,0.631578947368421,0.31977443609022554,0.31,0,0,0,50.742422380489366,25.366375278357083,43.744879956556375
114400,0.06,0,0.41939133770928033,0.631578947368421,0.323952738990333,0.37,0,0,0,50.74684602882286,25.365221777497077,43.744269581770176
114500,0.06,0,0.4193126435553026,0.631578947368421,0.3242857142857143,0.37,0,0,0,50.74263567227227,25.360656569693507,43.7561096016272
114600,0.06,0,0.4192929250280133,0.631578947368421,0.32450053705692805,0.38,0,0,0,50.73580084376232,25.360695561112383,43.76406220878724
114700,0.06,0,0.4194074095085115,0.631578947368421,0.32089151450053705,0.26,0,0,0,50.72348050862039,25.361542834706984,43.76274309923094
114800,0.06,0,0.4193772391006866,0.631578947368421,0.32499462943071966,0.42,0,0,0,50.730959701961815,25.360909175410324,43.75943909045649
114900,0.06,0,0.41928154517788613,0.631578947368421,0.3270247046186896,0.34,0,0,0,50.743336358363926,25.361093325372867,43.758750771718475
115000,0.06,0,0.4193659012320107,0.631578947368421,0.32546723952738993,0.33,0,0,0,50.72897548906591,25.36315257284025,43.76233381215836
115100,0.06,0,0.4193900797842176,0.631578947368421,0.32396348012889364,0.38,0,0,0,50.72443867270187,25.362213821156708,43.7637247360505
115200,0.06,0,0.41950551879565595,0.631578947368421,0.3219656283566058,0.29,0,0,0,50.71834657006363,25.35878721285753,43.756937180544625
115300,0.06,0,0.41949790140869947,0.631578947368421,0.32,0.31,0,0,0,50.72002413599671,25.35924714209567,43.75628444608071
115400,0.06,0,0.41937881697786983,0.631578947368421,0.32618689581095595,0.31,0,0,0,50.72604161716886,25.356694748295286,43.763517079209706
115500,0.06,0,0.41938357381374586,0.631578947368421,0.3235230934479055,0.3,0,0,0,50.74003816847497,25.356289579686774,43.750948740678524
115600,0.06,0,0.41930562123806553,0.631578947368421,0.3245327604726101,0.33,0,0,0,50.74606366049866,25.354620659827784,43.75388655298029
115700,0.06,0,0.4192578763352843,0.631578947368421,0.32440386680988187,0.3,0,0,0,50.74596320689744,25.358608893121964,43.75895584873814
115800,0.06,0,0.4191795141122929,0.631578947368421,0.32425349087003225,0.23,0,0,0,50.74691656064012,25.358813751925,43.76631400340028
115900,0.06,0,0.41915745645988806,0.631578947368421,0.31969924812030076,0.34,0,0,0,50.739544831889724,25.35928864155247,43.774976105408676
116000,0.06,0,0.419178029098014,0.631578947368421,0.32967776584317937,0.28,0,0,0,50.73491358633982,25.361645586539037,43.77682341831228
116100,0.06,0,0.41917674990569354,0.631578947368421,0.3228141783029001,0.27,0,0,0,50.74196247261062,25.36084597992618,43.770875677664336
116200,0.06,0,0.41918835082492256,0.631578947368421,0.33559613319011816,0.28,0,0,0,50.74095419931172,25.36002816105497,43.77053407786666
116300,0.06,0,0.4192476587401193,0.631578947368421,0.32731471535982815,0.34,0,0,0,50.73887274996475,25.360156470513726,43.76613751370231
116400,0.06,0,0.4192952730537459,0.631578947368421,0.3259935553168636,0.22,0,0,0,50.73888388262312,25.361304900838007,43.76115791896865
116500,0.06,0,0.419285140344815,0.631578947368421,0.32617615467239525,0.2,0,0,0,50.74607265523263,25.36078175720914,43.75601605084138
116600,0.06,0,0.41926948274192394,0.631578947368421,0.32236305048335123,0.35,0,0,0,50.741473463137304,25.364095164128397,43.761616298017046
116700,0.06,0,0.41926808792307213,0.631578947368421,0.3261654135338346,0.23,0,0,0,50.733506068352085,25.365547785858162,43.76863440783879
116800,0.06,0,0.4191952798928135,0.631578947368421,0.326047261009667,0.25,0,0,0,50.73423917603695,25.364306561920205,43.775603808517126
116900,0.06,0,0.41925288280423834,0.631578947368421,0.3265091299677766,0.23,0,0,0,50.73034018575486,25.36411493300288,43.772953301447124
117000,0.06,0,0.4191849547865338,0.631578947368421,0.32593984962406014,0.33,0,0,0,50.73166954906973,25.365168842080983,43.7788994098383
117100,0.06,0,0.4191852815211455,0.631578947368421,0.32278195488721806,0.3,0,0,0,50.72725245843681,25.36129373973171,43.78267734405604
117200,0.06,0,0.4191274806578835,0.631578947368421,0.32116004296455425,0.25,0,0,0,50.72987793003944,25.360285483177424,43.786449068819316
117300,0.06,0,0.41921635658127804,0.631578947368421,0.3218689581095596,0.32,0,0,0,50.72876429496172,25.357752045098984,43.77812715538295
117400,0.06,0,0.4192476638331473,0.631578947368421,0.32284640171858214,0.24,0,0,0,50.73667970015191,25.358549882478503,43.76802873606495
117500,0.06,0,0.4194230450528677,0.631578947368421,0.32792696025778734,0.35,0,0,0,50.72129487737323,25.358247641001906,43.76299739122038
117600,0.06,0,0.4193722764450473,0.631578947368421,0.3207089151450054,0.26,0,0,0,50.72810424829724,25.360900266013537,43.76242014017366
117700,0.06,0,0.41933394988145767,0.631578947368421,0.32422126745435015,0.36,0,0,0,50.73240268771136,25.360653466024857,43.76271173921916
117800,0.06,0,0.4193073639464382,0.631578947368421,0.31586466165413535,0.31,0,0,0,50.73321021696469,25.36391600534392,43.76478986523907
117900,0.06,0,0.41929527501931096,0.631578947368421,0.32116004296455425,0.3,0,0,0,50.73031581761605,25.361273696627787,43.76854872722748
118000,0.06,0,0.4193228673011593,0.631578947368421,0.31926960257787323,0.25,0,0,0,50.727010738778006,25.359891294333945,43.76852018735969
118100,0.06,0,0.4192334493523104,0.631578947368421,0.3209452201933405,0.29,0,0,0,50.739369559120476,25.36049159952133,43.767192365589906
118200,0.06,0,0.4191961712899485,0.631578947368421,0.3205800214822771,0.3,0,0,0,50.729925779473646,25.36118621596197,43.779232807974324
118300,0.06,0,0.4193429193647919,0.631578947368421,0.3188077336197637,0.37,0,0,0,50.734240269208904,25.35766661916291,43.76019064155375
118400,0.06,0,0.41931204760304996,0.631578947368421,0.32015037593984963,0.23,0,0,0,50.739617979780775,25.360051544431705,43.75877414892038
118500,0.06,0,0.41927628104940706,0.631578947368421,0.32346938775510203,0.31,0,0,0,50.73823303846729,25.357435938470758,43.76370154423122
118600,0.06,0,0.41917963667266617,0.631578947368421,0.32719656283566056,0.32,0,0,0,50.733915538896454,25.356497739346302,43.777516714900734
118700,0.06,0,0.41917282261549854,0.631578947368421,0.32645542427497315,0.26,0,0,0,50.73625782141419,25.356842271060998,43.77620730135017
118800,0.06,0,0.4192998259105634,0.631578947368421,0.3239312567132116,0.45,0,0,0,50.72562719865366,25.358402368190067,43.7721192086715
118900,0.06,0,0.4194223174219969,0.631578947368421,0.3263050483351235,0.34,0,0,0,50.725686248582626,25.35924408600271,43.75928470190219
119000,0.06,0,0.41944720338219676,0.631578947368421,0.3270891514500537,0.31,0,0,0,50.71851484226492,25.356938390228137,43.762875477472946
119100,0.06,0,0.41948073011693643,0.631578947368421,0.3244360902255639,0.28,0,0,0,50.7199081018668,25.35766960142185,43.75817570098144
119200,0.06,0,0.41947300652341996,0.631578947368421,0.3261654135338346,0.3,0,0,0,50.73292240042637,25.35951639284304,43.74775609982593
119300,0.06,0,0.41950142504512716,0.631578947368421,0.3257250268528464,0.32,0,0,0,50.72934557500815,25.361118667298708,43.74787682935202
119400,0.06,0,0.4194770036852398,0.631578947368421,0.322953813104189,0.29,0,0,0,50.73645559311584,25.359187765106828,43.74429274747555
119500,0.06,0,0.4194193603454277,0.631578947368421,0.32546723952738993,0.4,0,0,0,50.73214533077595,25.36168781029952,43.75402186725288
119600,0.06,0,0.41954780117723417,0.631578947368421,0.3249516648764769,0.36,0,0,0,50.72968976631897,25.362867542262894,43.74274422191904
119700,0.06,0,0.4194941821350028,0.631578947368421,0.3199140708915145,0.26,0,0,0,50.73326104945818,25.362446255763825,43.74525575509671
119800,0.06,0,0.4194014396555992,0.631578947368421,0.3212244897959184,0.33,0,0,0,50.74425836762858,25.36257809548516,43.745446580788276
119900,0.06,0,0.41929697682251976,0.631578947368421,0.3249624060150376,0.33,0,0,0,50.75581950566277,25.36162675877822,43.74637843535184
120000,0.06,0,0.4193059047492261,0.631578947368421,0.3220730397422127,0.24,0,0,0,50.749764713375875,25.35941538034844,43.750666110157205
120100,0.06,0,0.4194590139701519,0.631578947368421,0.3197422126745435,0.31,0,0,0,50.730177235081825,25.35484866277705,43.75158286656165
120200,0.06,0,0.4194933643343443,0.631578947368421,0.32127819548872183,0.44,0,0,0,50.74035818803588,25.357090028800965,43.73922230244513
120300,0.06,0,0.4195464177465266,0.631578947368421,0.32687432867884,0.36,0,0,0,50.73765461970501,25.358458897780643,43.73602165393294
120400,0.06,0,0.4195322318136707,0.631578947368421,0.3227175080558539,0.39,0,0,0,50.73127565317425,25.358740800725702,43.7430000972642
120500,0.06,0,0.41955572495067206,0.631578947368421,0.320687432867884,0.3,0,0,0,50.743183195940645,25.35935734860273,43.73028641138614
120600,0.06,0,0.41959909485749936,0.631578947368421,0.3246186895810956,0.36,0,0,0,50.7494602051572,25.360524847577434,43.72035815889547
120700,0.06,0,0.41954011165884536,0.631578947368421,0.31870032223415684,0.27,0,0,0,50.74016614879609,25.360869381118224,43.73451417647399
120800,0.06,0,0.41957527890320917,0.631578947368421,0.3234264232008593,0.19,0,0,0,50.73231979173619,25.35945516173682,43.7376120078316
120900,0.06,0,0.419499242249933,0.631578947368421,0.3218259935553169,0.26,0,0,0,50.73446758097895,25.360034008950688,43.74368778138327
121000,0.06,0,0.4195631527270951,0.631578947368421,0.3205048335123523,0.31,0,0,0,50.71932243169659,25.35829202429732,43.75008465554066
121100,0.06,0,0.4195129693483171,0.631578947368421,0.3164232008592911,0.32,0,0,0,50.73350219672479,25.35555072134916,43.743088772892285
121200,0.06,0,0.4194226292538045,0.631578947368421,0.32670247046186895,0.27,0,0,0,50.73499883122458,25.355203898524557,43.7512200073323
121300,0.06,0,0.4195402147133399,0.631578947368421,0.3293984962406015,0.29,0,0,0,50.730139512775395,25.353883936534125,43.743147406497435
121400,0.06,0,0.4196148883341244,0.631578947368421,0.31994629430719657,0.39,0,0,0,50.7229449338798,25.354101035997033,43.74156644015463
121500,0.06,0,0.4195139218183229,0.631578947368421,0.32199785177228785,0.34,0,0,0,50.73523414810749,25.351804076767216,43.74149620124551
121600,0.06,0,0.4196356432570328,0.631578947368421,0.3229323308270677,0.34,0,0,0,50.71968660436894,25.354589943061125,43.74221291172857
121700,0.06,0,0.4195743412668179,0.631578947368421,0.3219871106337272,0.3,0,0,0,50.72647577289573,25.354138846296713,43.742748617382304
121800,0.06,0,0.4195379563197007,0.631578947368421,0.32325456498388827,0.34,0,0,0,50.723354976307625,25.353065066662737,43.74923380363492
121900,0.06,0,0.41949571781229555,0.631578947368421,0.3251987110633727,0.3,0,0,0,50.72622020017948,25.354586403600155,43.751167476098246
122000,0.06,0,0.41947327238026394,0.631578947368421,0.3239097744360902,0.32,0,0,0,50.72165316808553,25.35599863344221,43.7574481531588
122100,0.06,0,0.4193590349061771,0.631578947368421,0.32738990332975293,0.31,0,0,0,50.735510134616284,25.359131767719347,43.75741374473878
122200,0.06,0,0.41936238211850696,0.631578947368421,0.32421052631578945,0.31,0,0,0,50.743530417574405,25.360946750687635,43.75014845236039
122300,0.06,0,0.4193139756285704,0.631578947368421,0.3286466165413534,0.28,0,0,0,50.733779923145114,25.359295656436192,43.76360834699471
122400,0.06,0,0.41945150586020696,0.631578947368421,0.3216863587540279,0.28,0,0,0,50.740570372969295,25.35902483656029,43.743404261076606
122500,0.06,0,0.4193894188319744,0.631578947368421,0.32450053705692805,0.36,0,0,0,50.736601633380936,25.354846637551823,43.753302320518216
122600,0.06,0,0.4193908554500748,0.631578947368421,0.31968850698174006,0.31,0,0,0,50.742657843775056,25.354668055004772,43.74793044142467
122700,0.06,0,0.4194150815686364,0.631578947368421,0.32474758324382386,0.29,0,0,0,50.7371388070354,25.354420853254545,43.75016198392215
122800,0.06,0,0.41949839417378154,0.631578947368421,0.32124597207303973,0.37,0,0,0,50.73866372882212,25.35260299632918,43.740158553194576
122900,0.06,0,0.41958765680507154,0.631578947368421,0.3264983888292159,0.23,0,0,0,50.73281783621118,25.353432574622964,43.73589238158161
123000,0.06,0,0.4196778981732915,0.631578947368421,0.3188077336197637,0.31,0,0,0,50.724836698463506,25.354339741613394,43.733368062853465
123100,0.06,0,0.41965204919000293,0.631578947368421,0.3157894736842105,0.23,0,0,0,50.722775210002595,25.35633427717614,43.73783940596989
123200,0.06,0,0.41955903228528046,0.631578947368421,0.32339419978517725,0.3,0,0,0,50.7325545703052,25.360156765309146,43.73910324745092
123300,0.06,0,0.4196130317753665,0.631578947368421,0.3203651987110634,0.35,0,0,0,50.725473432037525,25.356755256504268,43.7395795897327
123400,0.06,0,0.4195764005469045,0.631578947368421,0.3173469387755102,0.26,0,0,0,50.730523093633494,25.35306470523834,43.73904411455799
123500,0.06,0,0.4195734325553468,0.631578947368421,0.3168098818474758,0.31,0,0,0,50.71724144370377,25.355003461435746,43.7508078227425
123600,0.06,0,0.4195706479119227,0.631578947368421,0.31646616541353384,0.3,0,0,0,50.71244010782836,25.35288376672579,43.755240444171086
123700,0.06,0,0.41948773309542536,0.631578947368421,0.3191192266380236,0.41,0,0,0,50.72971981508312,25.353237085269868,43.74898200190477
123800,0.06,0,0.41952667886834805,0.631578947368421,0.31713211600429647,0.26,0,0,0,50.73665900085603,25.351814461662077,43.73893773304991
123900,0.06,0,0.41958783521669274,0.631578947368421,0.32252416756176155,0.26,0,0,0,50.72111308881075,25.35123970734395,43.745966571074405
124000,0.06,0,0.4196014095094503,0.631578947368421,0.3195059076262084,0.24,0,0,0,50.72694127206395,25.354087178991342,43.73952541577361
124100,0.06,0,0.41957834517618064,0.631578947368421,0.3271750805585392,0.28,0,0,0,50.72541021937743,25.355904480782858,43.74325005836957
124200,0.06,0,0.4197100307688619,0.631578947368421,0.3147798066595059,0.32,0,0,0,50.713695249045614,25.35330957623875,43.73962706238909
124300,0.06,0,0.41962680079122033,0.631578947368421,0.3203651987110634,0.23,0,0,0,50.7214351288874,25.351588330367598,43.74162669605756
124400,0.06,0,0.41960515674014254,0.631578947368421,0.31673469387755104,0.37,0,0,0,50.7216803755942,25.35300032233521,43.743671466299396
124500,0.06,0,0.41960951798024865,0.631578947368421,0.322062298603652,0.31,0,0,0,50.72133205334023,25.35301811009565,43.74351721441146
124600,0.06,0,0.41968565149930864,0.631578947368421,0.3204296455424275,0.29,0,0,0,50.7173146298614,25.352541612239413,43.739046261425614
124700,0.06,0,0.41964361790830285,0.631578947368421,0.31902255639097743,0.29,0,0,0,50.715928311466705,25.35350252705565,43.744623107034315
124800,0.06,0,0.4196599511023802,0.631578947368421,0.3211170784103115,0.33,0,0,0,50.70463095436936,25.352021242743465,43.752666801166896
124900,0.06,0,0.4196468701690824,0.631578947368421,0.3188721804511278,0.35,0,0,0,50.710131994223815,25.351511167864683,43.74928418680018
125000,0.06,0,0.4195468109658897,0.631578947368421,0.3195059076262084,0.3,0,0,0,50.70789429702554,25.353674532438674,43.76164918832159
125100,0.06,0,0.4195600029464643,0.631578947368421,0.3209774436090226,0.1,0,0,0,50.706956485505316,25.35291139262439,43.76108255078042
125200,0.06,0,0.4195765353352957,0.631578947368421,0.3252094522019334,0.23,0,0,0,50.70661117477374,25.35234770469104,43.75965625229655
125300,0.06,0,0.41951217461622975,0.631578947368421,0.3236627282491944,0.35,0,0,0,50.71037229576105,25.349421079946342,43.76312367772735
125400,0.06,0,0.41948979863439917,0.631578947368421,0.32719656283566056,0.41,0,0,0,50.70564786291542,25.350310884274244,43.769535833732206
125500,0.06,0,0.4194470278721817,0.631578947368421,0.32523093447905477,0.29,0,0,0,50.70196739624466,25.350824575323735,43.77717655104714
125600,0.06,0,0.4193086380092116,0.631578947368421,0.32766917293233083,0.25,0,0,0,50.70591372567522,25.35110637020222,43.788216694283484
125700,0.06,0,0.41935366981235156,0.631578947368421,0.32363050483351236,0.25,0,0,0,50.71179729131318,25.350378065555095,43.77843479926303
125800,0.06,0,0.4193379898501865,0.631578947368421,0.3212889366272825,0.29,0,0,0,50.71642950513136,25.350815494217123,43.776073092781196
125900,0.06,0,0.41942509721217686,0.631578947368421,0.32611170784103116,0.23,0,0,0,50.70243204408228,25.35032350025812,43.77906434275452
126000,0.06,0,0.4194561204603656,0.631578947368421,0.3277873254564984,0.28,0,0,0,50.703497477619926,25.35155591368346,43.77490655235175
126100,0.06,0,0.41942915006327425,0.631578947368421,0.32620837808807734,0.25,0,0,0,50.70108733011452,25.34865976937756,43.7798024295007
126200,0.06,0,0.4193813761399848,0.631578947368421,0.3257465091299678,0.24,0,0,0,50.70882814623553,25.350470860274566,43.77810576934831
126300,0.06,0,0.41944824745683323,0.631578947368421,0.3272824919441461,0.25,0,0,0,50.70258560185416,25.350314545751182,43.77651550079957
126400,0.06,0,0.4193479805405777,0.631578947368421,0.32262083780880774,0.14,0,0,0,50.703176873556735,25.350854528628904,43.78647193167658
126500,0.06,0,0.4193946476448131,0.631578947368421,0.3208378088077336,0.31,0,0,0,50.71089642648905,25.355082125347398,43.7749349712015
126600,0.06,0,0.4194012982446519,0.631578947368421,0.32029001074113855,0.18,0,0,0,50.717241202119304,25.35245162790215,43.76876461643362
126700,0.06,0,0.4193028431412186,0.631578947368421,0.32435016111707843,0.36,0,0,0,50.72242316187199,25.352328653515368,43.774569211788545
126800,0.06,0,0.41927008432475454,0.631578947368421,0.3235875402792696,0.25,0,0,0,50.72399557769549,25.359173157682637,43.77663235537074
126900,0.06,0,0.4192177126027769,0.631578947368421,0.3248979591836735,0.25,0,0,0,50.725346732674716,25.36098833410915,43.78093504034018
127000,0.06,0,0.4192339183604642,0.631578947368421,0.3321589688506982,0.37,0,0,0,50.73233836775612,25.36266014247501,43.773209260069386
127100,0.06,0,0.41928162595543955,0.631578947368421,0.33090225563909775,0.25,0,0,0,50.72709327342682,25.362504388916136,43.77275412321155
127200,0.06,0,0.4191756374407619,0.631578947368421,0.32779806659505906,0.26,0,0,0,50.747576741880586,25.360890006645974,43.76614940196051
127300,0.06,0,0.419241927645178,0.631578947368421,0.32661654135338347,0.37,0,0,0,50.74663065467908,25.359014315120465,43.76004495141034
127400,0.06,0,0.41940310085169247,0.631578947368421,0.3254135338345865,0.25,0,0,0,50.727121619278904,25.360174325552546,43.76005143621177
127500,0.06,0,0.4194445126227546,0.631578947368421,0.32249194414607946,0.33,0,0,0,50.72998912589938,25.35940543056655,43.75325771733125
127600,0.06,0,0.4195070554502556,0.631578947368421,0.3218796992481203,0.29,0,0,0,50.72657309957069,25.355691535951582,43.74968068883742
127700,0.06,0,0.419477682816064,0.631578947368421,0.3193447905477981,0.27,0,0,0,50.71895722306847,25.354048466847345,43.75931396685107
127800,0.06,0,0.41953572810422457,0.631578947368421,0.3204511278195489,0.17,0,0,0,50.720118755826356,25.352317930731605,43.75225761698988
127900,0.06,0,0.41949962755725223,0.631578947368421,0.314672395273899,0.3,0,0,0,50.72001313039544,25.353195873229474,43.756113893130774
128000,0.06,0,0.41955375013798873,0.631578947368421,0.31926960257787323,0.37,0,0,0,50.710942376122716,25.35042345238949,43.75829506149144
128100,0.06,0,0.4196104055067621,0.631578947368421,0.3189795918367347,0.36,0,0,0,50.71206311764054,25.35169717790926,43.75141992914706
128200,0.06,0,0.4196273418341384,0.631578947368421,0.3221160042964554,0.27,0,0,0,50.70184512099588,25.348343159437356,43.75847101854965
128300,0.06,0,0.4197347794893643,0.631578947368421,0.32138560687432866,0.23,0,0,0,50.700300158007984,25.345858335147152,43.74860344329419
128400,0.06,0,0.41972323678955914,0.631578947368421,0.32545649838882923,0.28,0,0,0,50.69948605789312,25.343655823604266,43.7505090688633
128500,0.06,0,0.4197055564118212,0.631578947368421,0.322577873254565,0.28,0,0,0,50.69668490073375,25.34693627876954,43.754769548494146
128600,0.06,0,0.41966561468512537,0.631578947368421,0.3187647690655209,0.26,0,0,0,50.7033830746932,25.34762170904094,43.75315313707008
128700,0.06,0,0.4196077994032547,0.631578947368421,0.31687432867883997,0.25,0,0,0,50.70859201800028,25.348365799378623,43.75468654738844
128800,0.06,0,0.41954061305577767,0.631578947368421,0.31908700322234157,0.32,0,0,0,50.71924674419781,25.350101054384314,43.75250040443302
128900,0.06,0,0.41952908767926134,0.631578947368421,0.3277873254564984,0.35,0,0,0,50.72722849460983,25.349982553172513,43.74681789009685
129000,0.06,0,0.4194715971757399,0.631578947368421,0.32006444683136415,0.26,0,0,0,50.719279336153534,25.350660838960817,43.75967090631475
129100,0.06,0,0.41948605690474533,0.631578947368421,0.3196025778732546,0.25,0,0,0,50.724904243571466,25.35113948666658,43.75331014350649
129200,0.06,0,0.41939554772605,0.631578947368421,0.3236627282491944,0.28,0,0,0,50.7313828637331,25.350092255134612,43.757163789948876
129300,0.06,0,0.4194609738748969,0.631578947368421,0.32756176154672395,0.28,0,0,0,50.73484187567436,25.351016358358546,43.74735587001249
129400,0.06,0,0.4193606522039601,0.631578947368421,0.3197636949516649,0.3,0,0,0,50.748452357283696,25.349382241280324,43.74608571435996
129500,0.06,0,0.4192511066562683,0.631578947368421,0.3265198711063373,0.24,0,0,0,50.74228586320726,25.35007627560326,43.76283373393243
129600,0.06,0,0.41925437132229565,0.631578947368421,0.3271643394199785,0.32,0,0,0,50.75020902904336,25.35063395359965,43.75566072216444
129700,0.06,0,0.4193148033894002,0.631578947368421,0.32435016111707843,0.26,0,0,0,50.74937791086416,25.350239169394765,43.75007109216245
129800,0.06,0,0.4192414052913565,0.631578947368421,0.31977443609022554,0.34,0,0,0,50.74266952912514,25.353945237085032,43.76351551935067
129900,0.06,0,0.41925157393791057,0.631578947368421,0.32177228786251344,0.19,0,0,0,50.739647425421815,25.353251584869277,43.765060601785784
130000,0.06,0,0.41917122275835994,0.631578947368421,0.3257465091299678,0.3,0,0,0,50.73644089665594,25.353956782354206,43.776216421831776
130100,0.06,0,0.41931049602641013,0.631578947368421,0.32741138560687433,0.35,0,0,0,50.73075310735254,25.35125955740185,43.766582662017726
130200,0.06,0,0.41937486879853186,0.631578947368421,0.32396348012889364,0.27,0,0,0,50.73117133260943,25.347282691849777,43.75950386999249
130300,0.06,0,0.4193583785970754,0.631578947368421,0.3221267454350161,0.39,0,0,0,50.7388127412321,25.343187415362237,43.75463403703971
130400,0.06,0,0.41923546048686083,0.631578947368421,0.32126745435016113,0.49,0,0,0,50.753065979942534,25.339531219420202,43.75517127889583
130500,0.06,0,0.4192509686475066,0.631578947368421,0.32570354457572503,0.36,0,0,0,50.7496900459487,25.33988325864688,43.75646331011982
130600,0.06,0,0.41916612627804567,0.631578947368421,0.3224812030075188,0.31,0,0,0,50.745056075591066,25.3413751914693,43.76931653688045
130700,0.06,0,0.4192361147574089,0.631578947368421,0.32054779806659506,0.25,0,0,0,50.73828508281313,25.34202067783079,43.767849574770125
130800,0.06,0,0.41924865568345393,0.631578947368421,0.319484425349087,0.29,0,0,0,50.74077040208717,25.34453465418549,43.76439663675295
130900,0.06,0,0.4191945807750216,0.631578947368421,0.3265091299677766,0.3,0,0,0,50.74721817069549,25.34099371138448,43.764480847026476
131000,0.06,0,0.419226599248889,0.631578947368421,0.3251987110633727,0.27,0,0,0,50.743488482609166,25.33977709907086,43.76435480999529
131100,0.06,0,0.41941713201444136,0.631578947368421,0.3264876476906552,0.32,0,0,0,50.73145439016201,25.339470690094892,43.75485024315476
131200,0.06,0,0.4194258958767725,0.631578947368421,0.32654135338345863,0.3,0,0,0,50.73591225236641,25.33701015386453,43.75009159235026
131300,0.06,0,0.4193405277252867,0.631578947368421,0.32329752953813107,0.31,0,0,0,50.737173036033546,25.335618793833053,43.75791073066921
131400,0.06,0,0.4193850536141235,0.631578947368421,0.320171858216971,0.24,0,0,0,50.7468240842631,25.33884815186346,43.74494396569731
131500,0.06,0,0.4194795816730367,0.631578947368421,0.31600429645542427,0.35,0,0,0,50.74059859781813,25.33984720195282,43.74045217941941
131600,0.06,0,0.41956238731980255,0.631578947368421,0.3166702470461869,0.38,0,0,0,50.735774691387405,25.341446579126156,43.73597745632851
131700,0.06,0,0.41959114090041794,0.631578947368421,0.31883995703544576,0.3,0,0,0,50.730148949824724,25.342247690685507,43.73783012161305
131800,0.06,0,0.4195770610884357,0.631578947368421,0.3199140708915145,0.21,0,0,0,50.720954470564024,25.342773083740234,43.74722671289783
131900,0.06,0,0.41956279409161734,0.631578947368421,0.32253490870032225,0.44,0,0,0,50.723480781372125,25.34516825324148,43.74653538400046
132000,0.06,0,0.4194450007688396,0.631578947368421,0.3193877551020408,0.33,0,0,0,50.73401920673375,25.34866154542581,43.74973124101211
132100,0.06,0,0.41940243070587935,0.631578947368421,0.31946294307196565,0.31,0,0,0,50.73949687274208,25.34889604861525,43.74944835970775
132200,0.06,0,0.4193703993581749,0.631578947368421,0.32569280343716434,0.32,0,0,0,50.735367593876575,25.354329487275983,43.75635090240245
132300,0.06,0,0.41940148655950493,0.631578947368421,0.3258216970998926,0.36,0,0,0,50.735986336799705,25.35482023412478,43.752573976023676
132400,0.06,0,0.4193674180911381,0.631578947368421,0.3254027926960258,0.31,0,0,0,50.73372795057355,25.355403870498133,43.75807611890286
132500,0.06,0,0.4193890831547593,0.631578947368421,0.326047261009667,0.34,0,0,0,50.730532437210655,25.3580534155953,43.75857181317926
132600,0.06,0,0.4193805501796088,0.631578947368421,0.32485499462943074,0.27,0,0,0,50.72963403425232,25.358348323191972,43.76023711585676
132700,0.06,0,0.41930644488702246,0.631578947368421,0.32166487647690656,0.33,0,0,0,50.737758954396504,25.35742991532294,43.760962185388365
132800,0.06,0,0.41921053001111486,0.631578947368421,0.3215682062298604,0.24,0,0,0,50.73978609506186,25.35865773325699,43.76922591722789
132900,0.06,0,0.41916911625198255,0.631578947368421,0.32166487647690656,0.28,0,0,0,50.73863537059583,25.35955212983621,43.774543061282984
133000,0.06,0,0.4191169200377645,0.631578947368421,0.3259076262083781,0.23,0,0,0,50.73739467658284,25.35565034286783,43.7810652424742
133100,0.06,0,0.4191052617278991,0.631578947368421,0.3278839957035446,0.24,0,0,0,50.7341821775653,25.354648761872873,43.78505540982408
133200,0.06,0,0.41911836171816885,0.631578947368421,0.33081632653061227,0.37,0,0,0,50.74612725590264,25.354323005824618,43.7733806646332
133300,0.06,0,0.41908209576441263,0.631578947368421,0.3229860365198711,0.22,0,0,0,50.74592835133666,25.35225184405085,43.777340255338025
133400,0.06,0,0.4192327120113586,0.631578947368421,0.33116004296455426,0.31,0,0,0,50.741170119735706,25.352104492255,43.7657162524041
133500,0.06,0,0.41929512884081677,0.631578947368421,0.325875402792696,0.34,0,0,0,50.74342141525565,25.3502844075281,43.75725979795379
133600,0.06,0,0.4194434812581673,0.631578947368421,0.3261439312567132,0.32,0,0,0,50.729892245086305,25.35434790689616,43.75344885916934
133700,0.06,0,0.4194374700015017,0.631578947368421,0.3258109559613319,0.29,0,0,0,50.726807501412125,25.3523549813339,43.75673664643387
133800,0.06,0,0.4194809728538097,0.631578947368421,0.3193877551020408,0.38,0,0,0,50.73464565505938,25.35376380505037,43.74543938011236
133900,0.06,0,0.4194983594379669,0.631578947368421,0.3241675617615467,0.21,0,0,0,50.7294789082441,25.35358203462507,43.748081545577385
134000,0.06,0,0.41952405971327295,0.631578947368421,0.3248012889366273,0.19,0,0,0,50.736876123081885,25.35323881285032,43.73902362558072
134100,0.06,0,0.41963460563884614,0.631578947368421,0.32329752953813107,0.29,0,0,0,50.738939844876946,25.354026788499258,43.7257227465347
134200,0.06,0,0.41970061008937126,0.631578947368421,0.32301825993555316,0.27,0,0,0,50.74264461129286,25.357674423489208,43.71565424382423
134300,0.06,0,0.41972194565505555,0.631578947368421,0.3194951664876477,0.22,0,0,0,50.74030339971252,25.35648485778927,43.715449046895614
134400,0.06,0,0.41973162929842933,0.631578947368421,0.3178839957035446,0.41,0,0,0,50.73368295108024,25.3540160650272,43.720144964794116
134500,0.06,0,0.4197323941462881,0.631578947368421,0.3222126745435016,0.28,0,0,0,50.72350568577352,25.353526516747085,43.728837377813655
134600,0.06,0,0.4197708000857474,0.631578947368421,0.31713211600429647,0.22,0,0,0,50.71924730148059,25.35644646301343,43.72850764503283
134700,0.06,0,0.4196999596472336,0.631578947368421,0.32149301825993554,0.35,0,0,0,50.730729460924145,25.353767940970904,43.72598952567673
134800,0.06,0,0.41958058182580615,0.631578947368421,0.32215896885069817,0.28,0,0,0,50.73381757994909,25.354054488311085,43.735767997913584
134900,0.06,0,0.4196157199608398,0.631578947368421,0.3265843179377014,0.36,0,0,0,50.72202558837563,25.354257584960028,43.742272571654254
135000,0.06,0,0.41970078241699454,0.631578947368421,0.31619763694951664,0.28,0,0,0,50.725908723136996,25.35277062333498,43.73005929863567
135100,0.06,0,0.4196945570753174,0.631578947368421,0.3203651987110634,0.29,0,0,0,50.73310047443566,25.351683650639497,43.72450883187244
135200,0.06,0,0.4198207624480507,0.631578947368421,0.3209881847475832,0.25,0,0,0,50.73344639548822,25.350864376486317,43.711066447594035
135300,0.06,0,0.4197492622715319,0.631578947368421,0.32228786251342645,0.42,0,0,0,50.728709505646776,25.35192151752961,43.72259449905172
135400,0.06,0,0.41982060288398454,0.631578947368421,0.322921589688507,0.37,0,0,0,50.71326805978033,25.351814664745756,43.72847529285188
135500,0.06,0,0.41985166500412985,0.631578947368421,0.3118152524167562,0.31,0,0,0,50.70601600619251,25.350343740181305,43.731493756767364
135600,0.06,0,0.4197868875406226,0.631578947368421,0.3158109559613319,0.27,0,0,0,50.70997543070675,25.351186145648757,43.73482690608808
135700,0.06,0,0.41972062085066925,0.631578947368421,0.3166487647690655,0.28,0,0,0,50.714332449374886,25.350231815764683,43.73797390354618
135800,0.06,0,0.4197290474676201,0.631578947368421,0.31845327604726104,0.29,0,0,0,50.71550026689767,25.351312476396068,43.7360886788027
135900,0.06,0,0.4197516551478085,0.631578947368421,0.3203544575725027,0.33,0,0,0,50.70688349931601,25.349620611910247,43.74116486799786
136000,0.06,0,0.41982512200791056,0.631578947368421,0.32127819548872183,0.31,0,0,0,50.70309523955518,25.348216575454053,43.736777958651025
136100,0.06,0,0.41982325078421867,0.631578947368421,0.3190547798066595,0.21,0,0,0,50.69984304980723,25.347843722677105,43.73977845072218
136200,0.06,0,0.41977972636744415,0.631578947368421,0.3165413533834586,0.36,0,0,0,50.7044113160317,25.348739546332276,43.74037237433123
136300,0.06,0,0.41984027610450186,0.631578947368421,0.3192158968850698,0.31,0,0,0,50.701130378971534,25.34892690798927,43.7368941880319
136400,0.06,0,0.41987330215101043,0.631578947368421,0.3176047261009667,0.33,0,0,0,50.71003923689231,25.34679277635216,43.72577077247171
136500,0.06,0,0.4198370020500083,0.631578947368421,0.313469387755102,0.34,0,0,0,50.70765708324268,25.34539565422938,43.731605741033356
136600,0.06,0,0.41977877900225524,0.631578947368421,0.31511278195488723,0.32,0,0,0,50.71124144952126,25.348079143564156,43.734579825562065
136700,0.06,0,0.41977352934068207,0.631578947368421,0.3203222341568206,0.3,0,0,0,50.708067347371575,25.34876252278039,43.737864394205324
136800,0.06,0,0.41970387568779616,0.631578947368421,0.3133190118152524,0.36,0,0,0,50.718066591174,25.345718881536765,43.73649858459392
136900,0.06,0,0.41971963308583676,0.631578947368421,0.3195059076262084,0.31,0,0,0,50.718053511013146,25.34744671410123,43.73486787861219
137000,0.06,0,0.4197055788923766,0.631578947368421,0.32078410311493016,0.21,0,0,0,50.714513893226496,25.345636808018863,43.73938495320164
137100,0.06,0,0.41974110350672295,0.631578947368421,0.317765843179377,0.32,0,0,0,50.7119405818274,25.34845717684568,43.73790239877811
137200,0.06,0,0.4198731208189412,0.631578947368421,0.3197422126745435,0.3,0,0,0,50.71645976694753,25.348463593575104,43.72025412130404
137300,0.06,0,0.4198687653416923,0.631578947368421,0.3242857142857143,0.32,0,0,0,50.70140395238126,25.349834242199016,43.73369054239397
137400,0.06,0,0.4198383645991337,0.631578947368421,0.32039742212674543,0.22,0,0,0,50.70813760148279,25.352390537628427,43.731049407698166
137500,0.06,0,0.4198698719463805,0.631578947368421,0.3165843179377014,0.3,0,0,0,50.705309760590985,25.351545493862393,43.73020649983179
137600,0.06,0,0.4197884715193142,0.631578947368421,0.31079484425349085,0.24,0,0,0,50.72011811769927,25.352443828857467,43.725916102585074
137700,0.06,0,0.41966025179901495,0.631578947368421,0.31686358754027927,0.37,0,0,0,50.73007348314293,25.351682665838855,43.73069229986451
137800,0.06,0,0.419614532395597,0.631578947368421,0.3200859291084855,0.28,0,0,0,50.74224571631897,25.3514425931531,43.724965589528225
137900,0.06,0,0.4196558255888459,0.631578947368421,0.3192588614393126,0.35,0,0,0,50.7428274109678,25.348424986360765,43.72016195537284
138000,0.06,0,0.4195453423782844,0.631578947368421,0.31858216970998926,0.4,0,0,0,50.74479460436828,25.349077594240978,43.72997991746645
138100,0.06,0,0.4196099582999509,0.631578947368421,0.3162620837808808,0.28,0,0,0,50.74168839666548,25.34940412257745,43.725922484768496
138200,0.06,0,0.41959808238563506,0.631578947368421,0.3216111707841031,0.3,0,0,0,50.74613782095165,25.35021023003156,43.72332606274482
138300,0.06,0,0.41964115082341874,0.631578947368421,0.3228356605800215,0.19,0,0,0,50.74684776511271,25.34859985796871,43.718227045448664
138400,0.06,0,0.4197419863637182,0.631578947368421,0.3194736842105263,0.33,0,0,0,50.745223740626884,25.347291787718184,43.70912331955793
138500,0.06,0,0.4197200493149896,0.631578947368421,0.3211278195488722,0.27,0,0,0,50.74978092159562,25.34956140269383,43.70748266071949
138600,0.06,0,0.4197650536186824,0.631578947368421,0.32020408163265307,0.28,0,0,0,50.75305233861942,25.349989892444007,43.69997967207647
138700,0.06,0,0.41976449821387196,0.631578947368421,0.31995703544575727,0.33,0,0,0,50.751852050474476,25.354377394984574,43.70107100479871
138800,0.06,0,0.41978128340580495,0.631578947368421,0.31772287862513426,0.34,0,0,0,50.74518771651084,25.349220748862063,43.70506259777637
138900,0.06,0,0.4197312990321278,0.631578947368421,0.3250483351235231,0.35,0,0,0,50.745702899119465,25.347236576554057,43.70982352795129
139000,0.06,0,0.4197543062828514,0.631578947368421,0.3233404940923738,0.32,0,0,0,50.74712100549677,25.347566183335786,43.70620635347747
139100,0.06,0,0.4198288940270775,0.631578947368421,0.32132116004296457,0.29,0,0,0,50.733167353882855,25.34548714101643,43.71046023111002
139200,0.06,0,0.4199008545737548,0.631578947368421,0.3185177228786251,0.25,0,0,0,50.722787373839026,25.343928959123716,43.711912782017144
139300,0.06,0,0.41981246755293905,0.631578947368421,0.32005370569280345,0.33,0,0,0,50.721103501038,25.34560993216802,43.722567339876456
139400,0.06,0,0.4199281001318785,0.631578947368421,0.32338345864661655,0.32,0,0,0,50.717226408838606,25.346877473988485,43.71386923436745
139500,0.06,0,0.4199929078976113,0.631578947368421,0.31944146079484426,0.31,0,0,0,50.71214333604601,25.345523505943554,43.71150481946771
139600,0.06,0,0.4200105701600189,0.631578947368421,0.31745435016111706,0.24,0,0,0,50.70936946757244,25.34573794509352,43.71205764119083
139700,0.06,0,0.42010908715235373,0.631578947368421,0.32079484425349086,0.28,0,0,0,50.6990135695783,25.34759160625129,43.71073364918841
139800,0.06,0,0.41989187477850864,0.631578947368421,0.31537056928034374,0.28,0,0,0,50.70958008854467,25.349401811011912,43.72423259344026
139900,0.06,0,0.4198006275278928,0.631578947368421,0.3244468313641246,0.25,0,0,0,50.71005153981146,25.34974878149333,43.73332983623175
140000,0.06,0,0.41990430632730635,0.631578947368421,0.31464017185821697,0.34,0,0,0,50.71185015759438,25.350732464304485,43.72098089132134
140100,0.06,0,0.4198959631940465,0.631578947368421,0.32113856068743285,0.22,0,0,0,50.71163641164482,25.350058145556453,43.72203389093013
140200,0.06,0,0.41988573612650604,0.631578947368421,0.31622986036519873,0.29,0,0,0,50.7134595259663,25.349688916241657,43.72152700359111
140300,0.06,0,0.4199222294738943,0.631578947368421,0.32174006444683134,0.39,0,0,0,50.710716964894445,25.355272732977838,43.720091746547546
140400,0.06,0,0.41987563988788956,0.631578947368421,0.32105263157894737,0.3,0,0,0,50.7132266636314,25.35291413058931,43.722779084993945
140500,0.06,0,0.4199014357673851,0.631578947368421,0.3211922663802363,0.2,0,0,0,50.71052008395857,25.351893456875604,43.7224265343739
140600,0.06,0,0.4199634674891504,0.631578947368421,0.31720730397422126,0.24,0,0,0,50.70792098258142,25.35059242908463,43.71820912702448
140700,0.06,0,0.4199219449607645,0.631578947368421,0.31113856068743284,0.21,0,0,0,50.712683233971674,25.350885082237774,43.718426220199355
140800,0.06,0,0.4199192412479584,0.631578947368421,0.3168313641245972,0.29,0,0,0,50.717393431566606,25.348294587573747,43.71464748828042
140900,0.06,0,0.41997292293869315,0.631578947368421,0.3165843179377014,0.26,0,0,0,50.720876984996686,25.346517707310696,43.706057827993185
141000,0.06,0,0.4199615208349361,0.631578947368421,0.3167561761546724,0.24,0,0,0,50.709980660918625,25.347282123555775,43.71663607170654
141100,0.06,0,0.42002455831326063,0.631578947368421,0.31883995703544576,0.31,0,0,0,50.70334334454664,25.34857824163715,43.71579692216505
141200,0.06,0,0.4200852438140678,0.631578947368421,0.3213533834586466,0.29,0,0,0,50.70412894322321,25.349411659948785,43.70880451440435
141300,0.06,0,0.4200944724702104,0.631578947368421,0.31438238453276046,0.3,0,0,0,50.70188100814925,25.348342989649865,43.70978216241585
141400,0.06,0,0.4200039562356421,0.631578947368421,0.3071858216970999,0.28,0,0,0,50.702104049406415,25.349239304847824,43.71900985747638
141500,0.06,0,0.4199694256605137,0.631578947368421,0.3123845327604726,0.34,0,0,0,50.70276228468082,25.348575073717072,43.722036888974806
141600,0.06,0,0.42002215428384315,0.631578947368421,0.31713211600429647,0.25,0,0,0,50.70043469929269,25.347705668756333,43.718555089191945
141700,0.06,0,0.420018042912242,0.631578947368421,0.3132330827067669,0.16,0,0,0,50.70147780441825,25.347954957288536,43.71808357986206
141800,0.06,0,0.42000645321106894,0.631578947368421,0.31995703544575727,0.33,0,0,0,50.70503646778806,25.3494795019653,43.71622156280612
141900,0.06,0,0.42002317274603024,0.631578947368421,0.31488721804511277,0.23,0,0,0,50.70405459246843,25.350747010440617,43.715327908691684
142000,0.06,0,0.4199343756270495,0.631578947368421,0.3152846401718582,0.24,0,0,0,50.70728786032606,25.352971449750935,43.72178369618111
142100,0.06,0,0.41994475724382735,0.631578947368421,0.3185177228786251,0.25,0,0,0,50.71934008541691,25.35413045915243,43.710313664923184
142200,0.06,0,0.42002060998847923,0.631578947368421,0.3081525241675618,0.24,0,0,0,50.712744564323124,25.353042772266445,43.70810367507335
142300,0.06,0,0.42000367197155813,0.631578947368421,0.313469387755102,0.22,0,0,0,50.71152934476699,25.353052468692763,43.710913782862455
142400,0.06,0,0.4199912933519893,0.631578947368421,0.3158861439312567,0.26,0,0,0,50.70915970356657,25.354432049373646,43.714244770195855
142500,0.06,0,0.4198171814412401,0.631578947368421,0.31723952738990335,0.34,0,0,0,50.71687498678886,25.355190088230685,43.72572172767597
142600,0.06,0,0.41986758129376844,0.631578947368421,0.3177551020408163,0.26,0,0,0,50.70922203041878,25.354332419008273,43.727071226901714
142700,0.06,0,0.4198984987107976,0.631578947368421,0.3145327604726101,0.11,0,0,0,50.71033609402052,25.35399815601814,43.72289099599853
142800,0.06,0,0.4198884564038885,0.631578947368421,0.3201181525241676,0.28,0,0,0,50.71666192629526,25.35360013945217,43.71848306165783
142900,0.06,0,0.41990514193617257,0.631578947368421,0.31512352309344793,0.34,0,0,0,50.711884915608806,25.350609695158592,43.72086392043876
143000,0.06,0,0.4198187956211764,0.631578947368421,0.3205800214822771,0.39,0,0,0,50.71624042565293,25.35270696300059,43.726100698432546
143100,0.06,0,0.4198612401897645,0.631578947368421,0.31171858216971,0.31,0,0,0,50.70880609208739,25.353843468360196,43.72809030673541
143200,0.06,0,0.41990039163413706,0.631578947368421,0.31620837808807734,0.24,0,0,0,50.70811491599065,25.353569148024427,43.72460908610759
143300,0.06,0,0.4197267299632676,0.631578947368421,0.3172610096670247,0.3,0,0,0,50.7226167319645,25.35132959818021,43.730193888091435
143400,0.06,0,0.4198572015058318,0.631578947368421,0.3215574650912997,0.31,0,0,0,50.70444710912697,25.349149375586034,43.7322702078169
143500,0.06,0,0.4198934599128448,0.631578947368421,0.3224597207303974,0.37,0,0,0,50.69185757183596,25.345055509344103,43.73935401954486
143600,0.06,0,0.41988876190287033,0.631578947368421,0.3254779806659506,0.29,0,0,0,50.69662463891903,25.343359228825346,43.73573049388164
143700,0.06,0,0.4198844088087072,0.631578947368421,0.3222126745435016,0.16,0,0,0,50.68695649387141,25.343415754999025,43.744526257005035
143800,0.06,0,0.41991065350658685,0.631578947368421,0.31894736842105265,0.25,0,0,0,50.68722140065328,25.34098445201002,43.74156358686895
143900,0.06,0,0.41994254910306084,0.631578947368421,0.32054779806659506,0.2,0,0,0,50.69061398794233,25.342872206162184,43.735314031562716
144000,0.06,0,0.42004801063960684,0.631578947368421,0.3181203007518797,0.32,0,0,0,50.69153871077593,25.343301381365922,43.723535771673035
144100,0.06,0,0.4199508587411243,0.631578947368421,0.313093447905478,0.27,0,0,0,50.69031238223704,25.343107007879222,43.73470885211287
144200,0.06,0,0.41998435663306394,0.631578947368421,0.31597207303974223,0.18,0,0,0,50.686901295299826,25.341480983161343,43.734163567064336
144300,0.06,0,0.4200171225472699,0.631578947368421,0.31279269602577875,0.24,0,0,0,50.697664222103036,25.340670035886323,43.72146794851388
144400,0.06,0,0.420013347794364,0.631578947368421,0.3159828141783029,0.31,0,0,0,50.70698416088251,25.34012410785384,43.71382480922465
144500,0.06,0,0.41996710307592267,0.631578947368421,0.31438238453276046,0.28,0,0,0,50.71790860890402,25.340863003650213,43.709221529938375
144600,0.06,0,0.41987584201450306,0.631578947368421,0.31584317937701395,0.33,0,0,0,50.721335898511704,25.34367436905999,43.71576772202858
144700,0.06,0,0.41990053552442924,0.631578947368421,0.31881847475832437,0.35,0,0,0,50.712620981226756,25.3428252183929,43.72070895793031
144800,0.06,0,0.41986811702455884,0.631578947368421,0.31780880773361975,0.29,0,0,0,50.71505720061336,25.338833879166533,43.721984292859695
144900,0.06,0,0.41993206986810827,0.631578947368421,0.31167561761546725,0.3,0,0,0,50.70286608120635,25.33726302284679,43.72583674564369
145000,0.06,0,0.41993395857251514,0.631578947368421,0.3192481203007519,0.19,0,0,0,50.69994823373126,25.337851442567064,43.72815655037506
145100,0.06,0,0.4199861636621648,0.631578947368421,0.31688506981740067,0.31,0,0,0,50.68536589358585,25.342445827101223,43.7353002214262
145200,0.06,0,0.41985397444273315,0.631578947368421,0.3159828141783029,0.3,0,0,0,50.69566017552803,25.341768319240153,43.7401863882813
145300,0.06,0,0.4198013801067307,0.631578947368421,0.32457572502685283,0.29,0,0,0,50.69800403939146,25.340252519890146,43.74364388328582
145400,0.06,0,0.4198091161902163,0.631578947368421,0.3208485499462943,0.3,0,0,0,50.70171444921501,25.335964259730435,43.739636640754554
145500,0.06,0,0.4198571387347518,0.631578947368421,0.31910848549946297,0.32,0,0,0,50.70058536945979,25.336517264156605,43.73560772667622
145600,0.06,0,0.41983578340797506,0.631578947368421,0.31941997851772286,0.33,0,0,0,50.703726332797736,25.33256993005135,43.73512293350094
145700,0.06,0,0.419928561446379,0.631578947368421,0.31412459720730396,0.32,0,0,0,50.698812594178484,25.331374821154984,43.72969807726414
145800,0.06,0,0.4199326408543968,0.631578947368421,0.3178625134264232,0.33,0,0,0,50.6996164593734,25.332375298407502,43.72857992071626
145900,0.06,0,0.420020600442676,0.631578947368421,0.3205800214822771,0.24,0,0,0,50.70136486459823,25.329310426568053,43.71791476146876
146000,0.06,0,0.4200037837675206,0.631578947368421,0.31462943071965627,0.25,0,0,0,50.706018719760316,25.329955617547302,43.71565255819624
146100,0.06,0,0.42013416903865136,0.631578947368421,0.3188721804511278,0.35,0,0,0,50.67806869935863,25.33186113771922,43.72618837503201
146200,0.06,0,0.42012449333855895,0.631578947368421,0.3204726100966703,0.27,0,0,0,50.684236441153836,25.331812179302098,43.72187427078088
146300,0.06,0,0.420148832926118,0.631578947368421,0.31422126745435014,0.38,0,0,0,50.67714780354566,25.330945832653082,43.72545681543836
146400,0.06,0,0.42020306998038676,0.631578947368421,0.3150483351235231,0.36,0,0,0,50.66778166383183,25.328136559283216,43.72789480071186
146500,0.06,0,0.42011896854076997,0.631578947368421,0.3189044038668099,0.29,0,0,0,50.66774123974559,25.331626792598396,43.73668335568572
146600,0.06,0,0.42003847686022844,0.631578947368421,0.3090118152524168,0.26,0,0,0,50.66759523320514,25.330860941351116,43.74519064402526
146700,0.06,0,0.42008449989665175,0.631578947368421,0.3109989258861439,0.3,0,0,0,50.67443258391457,25.324688756261143,43.73449630693009
146800,0.06,0,0.41996625645837354,0.631578947368421,0.31558539205155745,0.28,0,0,0,50.677396023483475,25.320065915226728,43.74425179349837
146900,0.06,0,0.4199609367837587,0.631578947368421,0.3140171858216971,0.31,0,0,0,50.68287286011245,25.321129824794145,43.740078802100605
147000,0.06,0,0.41987124690289473,0.631578947368421,0.3182277121374866,0.26,0,0,0,50.68387683892626,25.323558990185234,43.74855562697775
147100,0.06,0,0.41994250600048705,0.631578947368421,0.31388829215896885,0.29,0,0,0,50.68100686310424,25.322521537134353,43.743609016130534
147200,0.06,0,0.41984644637249613,0.631578947368421,0.31261009667024703,0.32,0,0,0,50.68193297994841,25.32238021910164,43.7528179098591
147300,0.06,0,0.4199092289197832,0.631578947368421,0.3161761546723953,0.31,0,0,0,50.67416044045507,25.32110897655199,43.75298614807137
147400,0.06,0,0.4198309874740446,0.631578947368421,0.3209667024704619,0.31,0,0,0,50.68286030622301,25.322519541283736,43.753628404575366
147500,0.06,0,0.4197881317095491,0.631578947368421,0.32005370569280345,0.29,0,0,0,50.692824303956684,25.322139525901925,43.74949423767577
147600,0.06,0,0.4196788344450504,0.631578947368421,0.3187432867883996,0.24,0,0,0,50.709094869096056,25.321611210830316,43.746846793015024
147700,0.06,0,0.41969345110168166,0.631578947368421,0.31575725026852847,0.35,0,0,0,50.709980675805745,25.319360116878684,43.744559074912694
147800,0.06,0,0.4196773674892021,0.631578947368421,0.3204296455424275,0.25,0,0,0,50.71182277185707,25.31912006761043,43.744646458070136
147900,0.06,0,0.41962533665349044,0.631578947368421,0.3180236305048335,0.38,0,0,0,50.71998686595303,25.320354827253258,43.743028323948025
148000,0.06,0,0.41957828428812016,0.631578947368421,0.3229860365198711,0.33,0,0,0,50.71432428077508,25.320381134946192,43.752818498671346
148100,0.06,0,0.4195939731570844,0.631578947368421,0.32038668098818474,0.28,0,0,0,50.71018207220337,25.32236540910043,43.75475632460848
148200,0.06,0,0.4196453516133685,0.631578947368421,0.3261654135338346,0.31,0,0,0,50.71065334041622,25.321765919642807,43.74899272141817
148300,0.06,0,0.4196520632766134,0.631578947368421,0.31713211600429647,0.3,0,0,0,50.70824100406587,25.32175441220566,43.75037425796303
148400,0.06,0,0.41982716274473486,0.631578947368421,0.32435016111707843,0.39,0,0,0,50.70554318403052,25.32244244547688,43.7344538600526
148500,0.06,0,0.4199658342025063,0.631578947368421,0.31618689581095594,0.33,0,0,0,50.68931409852524,25.32541675502306,43.73401061443053
148600,0.06,0,0.4199192794084631,0.631578947368421,0.31895810955961335,0.41,0,0,0,50.677705604387995,25.327449075873695,43.74887827820825
148700,0.06,0,0.4200182689443467,0.631578947368421,0.31548872180451126,0.26,0,0,0,50.66995708251471,25.328481564256776,43.74525614502423
148800,0.06,0,0.4199503822720082,0.631578947368421,0.31622986036519873,0.38,0,0,0,50.679624196704076,25.329090726936094,43.74398200635216
148900,0.06,0,0.42005575849426235,0.631578947368421,0.3161439312567132,0.37,0,0,0,50.673492249140374,25.33035303449883,43.73830036996083
149000,0.06,0,0.4201546430133884,0.631578947368421,0.30995703544575726,0.26,0,0,0,50.672441109002364,25.32729405285165,43.72891352998702
149100,0.06,0,0.4201250346740854,0.631578947368421,0.31387755102040815,0.23,0,0,0,50.6694785846352,25.32674976793138,43.73455223418613
149200,0.06,0,0.42010141171405746,0.631578947368421,0.31903329752953813,0.29,0,0,0,50.66958609679992,25.32777024352079,43.73691869409114
149300,0.06,0,0.4200907072137786,0.631578947368421,0.3182921589688507,0.35,0,0,0,50.687152186742644,25.325430901412687,43.72287536206219
149400,0.06,0,0.42009743389512033,0.631578947368421,0.3154564983888292,0.23,0,0,0,50.67437801947561,25.329510988550766,43.733196895593196
149500,0.06,0,0.42000948012657396,0.631578947368421,0.31865735767991404,0.31,0,0,0,50.676108911175454,25.326595291366637,43.74086095836392
149600,0.06,0,0.41998087953722213,0.631578947368421,0.31412459720730396,0.27,0,0,0,50.673534705780156,25.325785433120032,43.74606187796975
149700,0.06,0,0.4201800518115974,0.631578947368421,0.31509129967776583,0.26,0,0,0,50.656616795668484,25.32729803435546,43.7399285735312
149800,0.06,0,0.42015050474735605,0.631578947368421,0.31201933404940924,0.24,0,0,0,50.65587983432616,25.327187032545304,43.74364097208356
149900,0.06,0,0.4201216638314422,0.631578947368421,0.3079484425349087,0.26,0,0,0,50.66281843303029,25.325521274430166,43.740652543466915
150000,0.06,0,0.4202117853619872,0.631578947368421,0.3153061224489796,0.25,0,0,0,50.6636889432283,25.326771257313634,43.73052022361746
150100,0.06,0,0.42018194577795315,0.631578947368421,0.31587540279269605,0.3,0,0,0,50.662797629351765,25.32748985016712,43.734395192814496
150200,0.06,0,0.42024261906373456,0.631578947368421,0.31552094522019336,0.32,0,0,0,50.66121305611272,25.326761839827505,43.72944868051315
150300,0.06,0,0.4201801828402369,0.631578947368421,0.3136734693877551,0.34,0,0,0,50.66972665150603,25.327676211685333,43.728598038650276
150400,0.06,0,0.4202493266013925,0.631578947368421,0.3121267454350161,0.32,0,0,0,50.669015025150536,25.328453537673123,43.722017407791235
150500,0.06,0,0.4202796568345641,0.631578947368421,0.30835660580021484,0.27,0,0,0,50.671448798527386,25.326351570924686,43.716762292812774
150600,0.06,0,0.42026767414990734,0.631578947368421,0.31441460794844256,0.2,0,0,0,50.67070606493385,25.32513676785344,43.71864956709272
150700,0.06,0,0.42024980654502697,0.631578947368421,0.31352309344790547,0.23,0,0,0,50.66461108113297,25.323902946438746,43.725767940652446
150800,0.06,0,0.42023484760163105,0.631578947368421,0.3121267454350161,0.28,0,0,0,50.67505505229218,25.32416891917171,43.71831236503504
150900,0.06,0,0.4202404191277083,0.631578947368421,0.31058002148227715,0.31,0,0,0,50.67776335627858,25.325819316093604,43.71539640150455
151000,0.06,0,0.4202521672508779,0.631578947368421,0.31164339419978515,0.28,0,0,0,50.679959240755686,25.327173611434844,43.71228027256023
151100,0.06,0,0.42022831702436075,0.631578947368421,0.31262083780880773,0.34,0,0,0,50.678565356055536,25.326673048641258,43.715963529826695
151200,0.06,0,0.42019259391385594,0.631578947368421,0.31584317937701395,0.3,0,0,0,50.682991598354334,25.325098500624204,43.71586196491769
151300,0.06,0,0.4202148356852835,0.631578947368421,0.3105907626208378,0.29,0,0,0,50.6871465518874,25.321476507504432,43.70996479509206
151400,0.06,0,0.42028462433793345,0.631578947368421,0.30866809881847473,0.45,0,0,0,50.677374905465264,25.321604815192057,43.71113350088211
151500,0.06,0,0.4204651899541404,0.631578947368421,0.3140279269602578,0.41,0,0,0,50.65851411343567,25.322787228594734,43.70862929044864
151600,0.06,0,0.4205215543891523,0.631578947368421,0.31276047261009665,0.4,0,0,0,50.66830709663833,25.32313674741937,43.69432411206488
151700,0.06,0,0.42037221294774,0.631578947368421,0.31268528464017187,0.35,0,0,0,50.67653148000538,25.324369582809087,43.70275321069775
151800,0.06,0,0.4204429868066771,0.631578947368421,0.3072610096670247,0.44,0,0,0,50.68502900363843,25.330465414725687,43.68807096727634
151900,0.06,0,0.42046022659209026,0.631578947368421,0.3013963480128894,0.24,0,0,0,50.683782929547434,25.331061817007946,43.68735369981521
152000,0.06,0,0.4205230892294324,0.631578947368421,0.3123952738990333,0.25,0,0,0,50.67873301713607,25.33274555155328,43.68517562004107
152100,0.06,0,0.4205448063348003,0.631578947368421,0.30725026852846404,0.28,0,0,0,50.68403286932158,25.336203831966944,43.6783519295009
152200,0.06,0,0.4205407120001012,0.631578947368421,0.30722878625134264,0.3,0,0,0,50.679738130894215,25.335301598927206,43.682478634789135
152300,0.06,0,0.42042821219503285,0.631578947368421,0.31116004296455424,0.27,0,0,0,50.68382893336794,25.33858018062924,43.690640709530776
152400,0.06,0,0.4205082205815889,0.631578947368421,0.3084425349087003,0.31,0,0,0,50.67941178346703,25.33620682157645,43.68613516266309
152500,0.06,0,0.4205548603410884,0.631578947368421,0.310171858216971,0.26,0,0,0,50.68258542652687,25.34010393116564,43.67855511101381
152600,0.06,0,0.42043282743093496,0.631578947368421,0.3131686358754028,0.31,0,0,0,50.70658053175042,25.338810237212353,43.67055770986109
152700,0.06,0,0.42043406857779997,0.631578947368421,0.3127389903329753,0.38,0,0,0,50.69797654938513,25.336960043266686,43.677840124974644
152800,0.06,0,0.42041520518025227,0.631578947368421,0.3086358754027927,0.35,0,0,0,50.69620916197418,25.339060430184556,43.681322663040724
152900,0.06,0,0.42052696938381734,0.631578947368421,0.3103544575725027,0.29,0,0,0,50.702084615113094,25.343470479302223,43.66465287121079
153000,0.06,0,0.4204259572305302,0.631578947368421,0.30807733619763694,0.31,0,0,0,50.7060522240483,25.345501205144792,43.67172634463875
153100,0.06,0,0.4203640132157396,0.631578947368421,0.3054457572502685,0.24,0,0,0,50.70672721279839,25.347453049821144,43.67758029725108
153200,0.06,0,0.4204295489867855,0.631578947368421,0.3120945220193341,0.31,0,0,0,50.70104358276808,25.347333141095067,43.67566744840744
153300,0.06,0,0.4204037767008259,0.631578947368421,0.3087755102040816,0.38,0,0,0,50.70874136407193,25.34554024497631,43.671714386058184
153400,0.06,0,0.42036540438231174,0.631578947368421,0.30319011815252417,0.38,0,0,0,50.69771299518447,25.343936042200024,43.68520173927659
153500,0.06,0,0.4203970998618702,0.631578947368421,0.3013641245972073,0.25,0,0,0,50.70624509749748,25.341121364702925,43.6745579808389
153600,0.06,0,0.42050750438540774,0.631578947368421,0.3080236305048335,0.32,0,0,0,50.690056406452754,25.339675724623646,43.67703571255971
153700,0.06,0,0.4205185282034809,0.631578947368421,0.3026530612244898,0.32,0,0,0,50.7046419738575,25.337335407855523,43.66332703204456
153800,0.06,0,0.42058829509109347,0.631578947368421,0.3055424274973147,0.27,0,0,0,50.68843599030128,25.33474135017119,43.67004180750494
153900,0.06,0,0.4206393619280438,0.631578947368421,0.3061761546723953,0.32,0,0,0,50.69580390339518,25.337151735023685,43.65839408982493
154000,0.06,0,0.4205937900013994,0.631578947368421,0.30047261009667026,0.3,0,0,0,50.70867029867554,25.337211203429547,43.65204582078286
154100,0.06,0,0.4206614919603844,0.631578947368421,0.3097314715359828,0.28,0,0,0,50.711253973453374,25.338658447290772,43.64279672900781
154200,0.06,0,0.4207205949564844,0.631578947368421,0.30909774436090226,0.3,0,0,0,50.69863835336781,25.340422332182897,43.647524122345985
154300,0.06,0,0.42069980527594675,0.631578947368421,0.3115359828141783,0.27,0,0,0,50.70436085254107,25.34531344018394,43.644754740401275
154400,0.06,0,0.420718249861286,0.631578947368421,0.3080451127819549,0.31,0,0,0,50.700670941456,25.349372168761207,43.64601757741896
154500,0.06,0,0.4205886956204163,0.631578947368421,0.3041138560687433,0.28,0,0,0,50.72185856744712,25.35112391265284,43.64122438291082
154600,0.06,0,0.4206216152287518,0.631578947368421,0.2989151450053706,0.28,0,0,0,50.71801352148754,25.351640794723988,43.64111711782616
154700,0.06,0,0.4206398291237211,0.631578947368421,0.3024812030075188,0.34,0,0,0,50.70373158972309,25.350982383714086,43.65151948109009
154800,0.06,0,0.4206616352133004,0.631578947368421,0.30303974221267455,0.18,0,0,0,50.708668911295966,25.352045491444134,43.645006719208894
154900,0.06,0,0.4205699843391458,0.631578947368421,0.30423200859291083,0.26,0,0,0,50.71811311926968,25.34988454666004,43.64638896882871
155000,0.06,0,0.4205015252556555,0.631578947368421,0.30917293233082704,0.26,0,0,0,50.728495567465636,25.349622990572993,43.64456032080259
155100,0.06,0,0.4204515645640962,0.631578947368421,0.30944146079484425,0.35,0,0,0,50.73801230440328,25.35308661795201,43.64155922341864
155200,0.06,0,0.4204180658729736,0.631578947368421,0.31573576799140707,0.46,0,0,0,50.75975953942079,25.353133586864992,43.626337518142385
155300,0.06,0,0.4202997950108952,0.631578947368421,0.3136734693877551,0.27,0,0,0,50.76715112275104,25.355373086217476,43.632260129510385
155400,0.06,0,0.4202981550380173,0.631578947368421,0.31373791621911923,0.35,0,0,0,50.77511202187063,25.35125351803772,43.62558936297071
155500,0.06,0,0.42030443342496315,0.631578947368421,0.3155639097744361,0.28,0,0,0,50.780794382512035,25.354805911764746,43.62005607472025
155600,0.06,0,0.420168702770145,0.631578947368421,0.3170032223415682,0.46,0,0,0,50.780768614413056,25.356357789011224,43.63416917251961
155700,0.06,0,0.42018301956268506,0.631578947368421,0.31783029001074115,0.34,0,0,0,50.786206603948784,25.35894449467183,43.628010418237665
155800,0.06,0,0.42018988473746116,0.631578947368421,0.31261009667024703,0.28,0,0,0,50.78664169969765,25.357256813352603,43.626923851409806
155900,0.06,0,0.4201371050540384,0.631578947368421,0.315531686358754,0.28,0,0,0,50.79760872909426,25.35905613365188,43.622984393134765
156000,0.06,0,0.42018999346938146,0.631578947368421,0.31265306122448977,0.43,0,0,0,50.79217521433547,25.35983789145121,43.622159661553084
156100,0.06,0,0.42017099367034544,0.631578947368421,0.31201933404940924,0.3,0,0,0,50.783575274622706,25.364441395176076,43.631519745521494
156200,0.06,0,0.4202859687226239,0.631578947368421,0.3150268528464017,0.27,0,0,0,50.77017667843094,25.365268977276173,43.631095244427435
156300,0.06,0,0.42036286342348533,0.631578947368421,0.31240601503759396,0.46,0,0,0,50.75988351354031,25.36774086352747,43.63196000472309
156400,0.06,0,0.42034601229159535,0.631578947368421,0.3099248120300752,0.31,0,0,0,50.75152782157486,25.368638307763437,43.64089297382468
156500,0.06,0,0.4203747041846748,0.631578947368421,0.3107841031149302,0.29,0,0,0,50.7447324070407,25.368601493811425,43.64375806017402
156600,0.06,0,0.4204060111715802,0.631578947368421,0.30961331901181527,0.31,0,0,0,50.74097859464465,25.368095436654805,43.6437364971673
156700,0.06,0,0.4204276082786394,0.631578947368421,0.3088721804511278,0.22,0,0,0,50.7381605504836,25.36880696398915,43.643918434124096
156800,0.06,0,0.42031307481025526,0.631578947368421,0.3132545649838883,0.26,0,0,0,50.746868312973966,25.36823558766504,43.648320217369665
156900,0.06,0,0.4204218488266144,0.631578947368421,0.31414607948442536,0.36,0,0,0,50.74566814493922,25.367595192672717,43.63805931099991
157000,0.06,0,0.4204213540799842,0.631578947368421,0.30747583243823845,0.35,0,0,0,50.74081587038349,25.369303114915194,43.64228371633503
157100,0.06,0,0.42033245333716385,0.631578947368421,0.314296455424275,0.26,0,0,0,50.75214905962266,25.371471160491204,43.64176651921146
157200,0.06,0,0.4201991210347589,0.631578947368421,0.3096348012889366,0.27,0,0,0,50.76126521013504,25.37125775448662,43.647774320112624
157300,0.06,0,0.420208841883145,0.631578947368421,0.3133404940923738,0.2,0,0,0,50.75832335643921,25.371611655277984,43.649294281398205
157400,0.06,0,0.4201620847560083,0.631578947368421,0.31412459720730396,0.3,0,0,0,50.75855603434025,25.372131482354412,43.65395161847652
157500,0.06,0,0.42019886776564397,0.631578947368421,0.3112674543501611,0.22,0,0,0,50.76430148553604,25.37185308373739,43.64518999949211
157600,0.06,0,0.42015976672953537,0.631578947368421,0.3122234156820623,0.35,0,0,0,50.75738169987443,25.37177902725964,43.65520245129581
157700,0.06,0,0.4200990185707479,0.631578947368421,0.31279269602577875,0.34,0,0,0,50.76793036473465,25.371175362799896,43.652443105533585
157800,0.06,0,0.4200789441476452,0.631578947368421,0.31437164339419976,0.29,0,0,0,50.7581039732936,25.370248675496644,43.66298032850705
157900,0.06,0,0.42010113062593574,0.631578947368421,0.3174328678839957,0.34,0,0,0,50.75589893908909,25.36830894696381,43.66257117904656
158000,0.06,0,0.4200979333433733,0.631578947368421,0.31176154672395273,0.2,0,0,0,50.7585338747307,25.367338699237525,43.66063689320927
158100,0.06,0,0.4201506944106338,0.631578947368421,0.3107518796992481,0.26,0,0,0,50.76234229439984,25.366897706328427,43.651878935442035
158200,0.06,0,0.4202071340442067,0.631578947368421,0.30688506981740066,0.34,0,0,0,50.74213027348319,25.367413228927965,43.663401322494074
158300,0.06,0,0.4202843783936834,0.631578947368421,0.3104833512352309,0.29,0,0,0,50.74563937028598,25.366101058145407,43.65235759639423
158400,0.06,0,0.4203108533930574,0.631578947368421,0.3141031149301826,0.28,0,0,0,50.737802583067676,25.362712572967624,43.65634994294297
158500,0.06,0,0.4202657844780485,0.631578947368421,0.3145757250268528,0.33,0,0,0,50.75076668572281,25.363341492652037,43.64987855456296
158600,0.06,0,0.4202374972645645,0.631578947368421,0.3086143931256713,0.25,0,0,0,50.74435533286275,25.35976310090428,43.6583320990291
158700,0.06,0,0.4202072096188833,0.631578947368421,0.314672395273899,0.36,0,0,0,50.75422121310211,25.361477119584038,43.65299174454245
158800,0.06,0,0.42021503581415837,0.631578947368421,0.314296455424275,0.27,0,0,0,50.74466639540342,25.362433659982763,43.66039809834797
158900,0.06,0,0.42009648156017415,0.631578947368421,0.3115252416756176,0.29,0,0,0,50.75131789509182,25.36295868908725,43.666995603165844
159000,0.06,0,0.42009877371803617,0.631578947368421,0.3066702470461869,0.33,0,0,0,50.75426582701914,25.363040608552467,43.6642210736568
159100,0.06,0,0.42012347329464556,0.631578947368421,0.3145972073039742,0.35,0,0,0,50.75182606803743,25.36115874917555,43.66375291813057
159200,0.06,0,0.4201914725261605,0.631578947368421,0.3161761546723953,0.35,0,0,0,50.75313699096204,25.360977285465204,43.655559223935064
159300,0.06,0,0.4202437664221115,0.631578947368421,0.31576799140708917,0.27,0,0,0,50.75053216232659,25.363449839732898,43.65236724706437
159400,0.06,0,0.42023221680209977,0.631578947368421,0.31413533834586466,0.3,0,0,0,50.75982117486702,25.365961907734594,43.64557841145225
159500,0.06,0,0.42023069311938294,0.631578947368421,0.3097422126745435,0.29,0,0,0,50.760643824186715,25.36878381180584,43.645029320652164
159600,0.06,0,0.4202579892353225,0.631578947368421,0.3101074113856069,0.37,0,0,0,50.75562721614774,25.367002603512027,43.64650806596525
159700,0.06,0,0.4201901022923723,0.631578947368421,0.31484425349087003,0.28,0,0,0,50.76276943874729,25.367288606549458,43.6474177321374
159800,0.06,0,0.4203288221970936,0.631578947368421,0.3110955961331901,0.24,0,0,0,50.74206997202682,25.367481975718537,43.65081233465005
159900,0.06,0,0.4202546561993214,0.631578947368421,0.3156390977443609,0.23,0,0,0,50.739336349766695,25.368785740961407,43.660867910909424
160000,0.06,0,0.42021958025785544,0.631578947368421,0.3144253490870032,0.24,0,0,0,50.736581836357956,25.36722849379742,43.666882873050774
160100,0.06,0,0.4201438444061562,0.631578947368421,0.3093877551020408,0.18,0,0,0,50.74058959545021,25.367647046781617,43.671304678231515
160200,0.06,0,0.4201941489089051,0.631578947368421,0.31131041890440386,0.35,0,0,0,50.745464394015244,25.368500876391625,43.661881742037615
160300,0.06,0,0.4201279495643883,0.631578947368421,0.30955961331901183,0.26,0,0,0,50.74914144497827,25.370392779284327,43.665597483266744
160400,0.06,0,0.42019435710401454,0.631578947368421,0.3124597207303974,0.32,0,0,0,50.74807812782372,25.371273813621883,43.659611344172006
160500,0.06,0,0.4202026220870657,0.631578947368421,0.3112567132116004,0.21,0,0,0,50.74382633979951,25.37177177402766,43.66241073632736
160600,0.06,0,0.4202089194949386,0.631578947368421,0.31250268528464015,0.31,0,0,0,50.75483393250594,25.371911349424483,43.652287132910025
160700,0.06,0,0.4201778296627989,0.631578947368421,0.3137593984962406,0.26,0,0,0,50.75323579069174,25.372828339053964,43.65689170198997
160800,0.06,0,0.42021385520460885,0.631578947368421,0.3086358754027927,0.23,0,0,0,50.749274413971136,25.374269939727814,43.65655640227355
160900,0.06,0,0.4202306328215824,0.631578947368421,0.3102792696025779,0.33,0,0,0,50.765648987342324,25.374677766829702,43.640732466225906
161000,0.06,0,0.42024147391936717,0.631578947368421,0.31326530612244896,0.36,0,0,0,50.77074637857645,25.37155129764787,43.63522522926784
161100,0.06,0,0.4202252368660672,0.631578947368421,0.31484425349087003,0.25,0,0,0,50.78012490098088,25.369374459738097,43.628851997103936
161200,0.06,0,0.4202098082642772,0.631578947368421,0.3128141783029001,0.25,0,0,0,50.783225747293145,25.36895567337086,43.62778979767679
161300,0.06,0,0.4203165246067005,0.631578947368421,0.30685284640171856,0.3,0,0,0,50.77517757328035,25.3694056650744,43.62362642573675
161400,0.06,0,0.42015759727494656,0.631578947368421,0.30773361976369495,0.28,0,0,0,50.78882741623231,25.368504159243496,43.62839876373626
161500,0.06,0,0.4201916280890984,0.631578947368421,0.3102577873254565,0.24,0,0,0,50.80459529381927,25.36723497687106,43.6113257987265
161600,0.06,0,0.4202247841058255,0.631578947368421,0.30828141783029,0.34,0,0,0,50.791244341732735,25.3703187381358,43.61934757500359
161700,0.06,0,0.42014356300145356,0.631578947368421,0.3162620837808808,0.27,0,0,0,50.80226277931356,25.370603277596665,43.61831758513725
161800,0.06,0,0.4200950883144694,0.631578947368421,0.31758324382384534,0.33,0,0,0,50.80763669541602,25.3716013588614,43.61873665870015
161900,0.06,0,0.4200196367168225,0.631578947368421,0.3104940923737916,0.34,0,0,0,50.81467368727638,25.37242267283484,43.62053069405595
162000,0.06,0,0.41996203234172746,0.631578947368421,0.3174006444683136,0.33,0,0,0,50.814145472158664,25.373443532696545,43.626967432930094
162100,0.06,0,0.4200404870178013,0.631578947368421,0.31747583243823846,0.34,0,0,0,50.811432620118076,25.37360150431168,43.62114767263348
162200,0.06,0,0.41992985912591446,0.631578947368421,0.31844253490870034,0.34,0,0,0,50.82212977445749,25.3741915611224,43.62345549634887
162300,0.06,0,0.41992241384474244,0.631578947368421,0.3183566058002148,0.24,0,0,0,50.81700550775559,25.37128205345316,43.628627910230264
162400,0.06,0,0.41981532327311466,0.631578947368421,0.31790547798066593,0.3,0,0,0,50.82413485228714,25.3711922301809,43.633635567039086
162500,0.06,0,0.4197154904857764,0.631578947368421,0.319484425349087,0.26,0,0,0,50.83311986756328,25.37181616741752,43.63629988285788
162600,0.06,0,0.4196616170203222,0.631578947368421,0.319828141783029,0.2,0,0,0,50.83225847883082,25.373370887652516,43.64264117405325
162700,0.06,0,0.4196769007919711,0.631578947368421,0.3225671321160043,0.21,0,0,0,50.83077076434462,25.37473066952238,43.6423290844701
162800,0.06,0,0.4197711896508643,0.631578947368421,0.32190118152524166,0.24,0,0,0,50.8254211638255,25.375630568133595,43.637118676147686
162900,0.06,0,0.41993510911114823,0.631578947368421,0.31476906552094525,0.28,0,0,0,50.81331097453452,25.37299792640683,43.63048100508376
163000,0.06,0,0.4201288671684777,0.631578947368421,0.31523093447905476,0.28,0,0,0,50.784035083099354,25.371462984465445,43.635499608905974
163100,0.06,0,0.42010156390730985,0.631578947368421,0.31143931256713214,0.38,0,0,0,50.78100375695316,25.372091668513903,43.640940520428906
163200,0.06,0,0.42003614234657527,0.631578947368421,0.31116004296455424,0.33,0,0,0,50.77531327584049,25.37105240086499,43.65262937453992
163300,0.06,0,0.42009424584936533,0.631578947368421,0.3138345864661654,0.26,0,0,0,50.757302923376216,25.373513651529763,43.66207899095241
163400,0.06,0,0.4201445730174007,0.631578947368421,0.3171428571428571,0.29,0,0,0,50.75466971623135,25.375790118266924,43.65911387772208
163500,0.06,0,0.4201713023614819,0.631578947368421,0.31168635875402795,0.19,0,0,0,50.75555910850433,25.377428729478225,43.65557149572154
163600,0.06,0,0.4201776376553449,0.631578947368421,0.31267454350161117,0.37,0,0,0,50.75668426257823,25.37694781245368,43.653945547206426
163700,0.06,0,0.42027811002403115,0.631578947368421,0.3150590762620838,0.28,0,0,0,50.75347541531559,25.376722135500795,43.64626888941434
163800,0.06,0,0.4202400286514003,0.631578947368421,0.3063050483351235,0.22,0,0,0,50.755461455591906,25.3772811082128,43.64851601815222
163900,0.06,0,0.4202206443450572,0.631578947368421,0.3110204081632653,0.21,0,0,0,50.75898083754059,25.378745685808678,43.64750295881989
164000,0.06,0,0.4202492270882422,0.631578947368421,0.30824919441460796,0.26,0,0,0,50.76137853453477,25.378813655736554,43.64247279146473
164100,0.06,0,0.4202640160194716,0.631578947368421,0.3118796992481203,0.3,0,0,0,50.76120375848692,25.379561820868545,43.64108728964678
164200,0.06,0,0.42021412084562626,0.631578947368421,0.31733619763694954,0.26,0,0,0,50.76240409967637,25.379355835491186,43.64523705202889
164300,0.06,0,0.42022333766346437,0.631578947368421,0.31584317937701395,0.23,0,0,0,50.76275680911311,25.380274239348505,43.643976525994304
164400,0.06,0,0.4201185999578659,0.631578947368421,0.31559613319011814,0.25,0,0,0,50.771494350581534,25.383595995783807,43.64734439068128
164500,0.06,0,0.4201958224158877,0.631578947368421,0.31387755102040815,0.18,0,0,0,50.77166961592737,25.38265016265921,43.63917235486096
164600,0.06,0,0.42014353513869973,0.631578947368421,0.3130719656283566,0.32,0,0,0,50.77932724006111,25.38468565768599,43.638021599397284
164700,0.06,0,0.420149650934246,0.631578947368421,0.31336197636949514,0.27,0,0,0,50.78139496281533,25.388666317924173,43.63560956207525
164800,0.06,0,0.4200671718957499,0.631578947368421,0.31815252416756173,0.31,0,0,0,50.7885830184741,25.391422398370484,43.6380003791789
164900,0.06,0,0.42002926090429415,0.631578947368421,0.3156605800214823,0.31,0,0,0,50.79491441964648,25.38854054507734,43.63649924798979
165000,0.06,0,0.4200242081598051,0.631578947368421,0.31773361976369496,0.29,0,0,0,50.79837154885162,25.387461304385678,43.63405442261046
165100,0.06,0,0.42006795124477836,0.631578947368421,0.3167776584317938,0.31,0,0,0,50.78773550269538,25.388267553004994,43.63864762177716
165200,0.06,0,0.4200845674256635,0.631578947368421,0.3176906552094522,0.28,0,0,0,50.7906888304904,25.389430661740725,43.63438416505321
165300,0.06,0,0.42019166164359945,0.631578947368421,0.3172610096670247,0.32,0,0,0,50.7846303047302,25.38979995659738,43.62846725878659
165400,0.06,0,0.42022197992439875,0.631578947368421,0.3187540279269603,0.21,0,0,0,50.7821371500004,25.390225622753622,43.62746133115386
165500,0.06,0,0.42009984375480147,0.631578947368421,0.31808807733619765,0.3,0,0,0,50.787049470764195,25.39288902374467,43.63592415486328
165600,0.06,0,0.4202200454771236,0.631578947368421,0.3185499462943072,0.22,0,0,0,50.78402485948578,25.390554532284167,43.62604046846231
165700,0.06,0,0.4202346350597339,0.631578947368421,0.307765843179377,0.4,0,0,0,50.77977835435903,25.38678339226562,43.62817401303847
165800,0.06,0,0.42031870927043286,0.631578947368421,0.309140708915145,0.28,0,0,0,50.77155063286034,25.385060679964706,43.62651598773754
165900,0.06,0,0.4203393813171738,0.631578947368421,0.315671321160043,0.32,0,0,0,50.777166825481636,25.380814027445016,43.619545401187715
166000,0.06,0,0.42038208902046614,0.631578947368421,0.310515574650913,0.26,0,0,0,50.77070934132605,25.38034729533266,43.6206613487475
166100,0.06,0,0.4204515937930073,0.631578947368421,0.3092373791621912,0.25,0,0,0,50.768207947904294,25.379658974579137,43.61559929790781
166200,0.06,0,0.42045777544496116,0.631578947368421,0.3128249194414608,0.29,0,0,0,50.77567776657365,25.37635607432851,43.60854167712965
166300,0.06,0,0.4204870076482848,0.631578947368421,0.30978517722878623,0.44,0,0,0,50.77303142553075,25.379778005372348,43.60778277953297
166400,0.06,0,0.4204681679258968,0.631578947368421,0.3075187969924812,0.36,0,0,0,50.77259784434503,25.382716003965037,43.61010910597308
166500,0.06,0,0.42039992000179904,0.631578947368421,0.3071750805585392,0.26,0,0,0,50.77384273160376,25.380637398821538,43.61611937352646
166600,0.06,0,0.4203769517210273,0.631578947368421,0.3065950590762621,0.29,0,0,0,50.762939826297554,25.380725634072736,43.627870859773964
166700,0.06,0,0.42042481362136386,0.631578947368421,0.3096670247046187,0.34,0,0,0,50.75958137758429,25.37896719758486,43.62579044497164
166800,0.06,0,0.4204960422421089,0.631578947368421,0.30548872180451125,0.27,0,0,0,50.76069593072413,25.3759186116861,43.61744286004377
166900,0.06,0,0.42050774312087713,0.631578947368421,0.3110955961331901,0.34,0,0,0,50.760471090032105,25.37928380050543,43.616422374348765
167000,0.06,0,0.4205036208632231,0.631578947368421,0.3075295381310419,0.25,0,0,0,50.77200623082544,25.381339514736297,43.60694042663891
167100,0.06,0,0.4205218569966749,0.631578947368421,0.30831364124597205,0.38,0,0,0,50.77180232087651,25.384004456589132,43.60522451740645
167200,0.06,0,0.4205503708723919,0.631578947368421,0.3085177228786251,0.29,0,0,0,50.78657116913725,25.384467619333304,43.589588388190876
167300,0.06,0,0.4206022027639678,0.631578947368421,0.3065843179377014,0.36,0,0,0,50.78515199201058,25.385915014288585,43.58543468003429
167400,0.06,0,0.4206102782099753,0.631578947368421,0.30773361976369495,0.22,0,0,0,50.78741622737637,25.38266781535931,43.582654752852235
167500,0.06,0,0.4206450552037789,0.631578947368421,0.3032545649838883,0.24,0,0,0,50.791842365905104,25.379846499214047,43.57525394346613
167600,0.06,0,0.42061204021181353,0.631578947368421,0.3037271750805585,0.3,0,0,0,50.78126729822744,25.37841170165551,43.587749430887875
167700,0.06,0,0.4205748028409548,0.631578947368421,0.3056605800214823,0.24,0,0,0,50.786872411013576,25.37797961025263,43.58679765210844
167800,0.06,0,0.4206191156909395,0.631578947368421,0.30748657357679915,0.31,0,0,0,50.78506840431036,25.378399393186076,43.58375386193983
167900,0.06,0,0.42056873548870605,0.631578947368421,0.3059613319011815,0.34,0,0,0,50.78998762497541,25.375318805060672,43.58475301540208
168000,0.06,0,0.4206188358940297,0.631578947368421,0.3025671321160043,0.29,0,0,0,50.784676319538704,25.375488270065333,43.584119344019186
168100,0.06,0,0.420509029286098,0.631578947368421,0.3070354457572503,0.28,0,0,0,50.78322315543924,25.374539999674433,43.59674785738415
168200,0.06,0,0.420509424842893,0.631578947368421,0.3060794844253491,0.26,0,0,0,50.7830921680507,25.373791554840817,43.59681929880866
168300,0.06,0,0.42041266721651294,0.631578947368421,0.3100214822771214,0.31,0,0,0,50.782220748105956,25.374103002582714,43.60760136163516
168400,0.06,0,0.4205061916032866,0.631578947368421,0.30687432867883996,0.31,0,0,0,50.76122368213452,25.373008873297884,43.61593663857069
168500,0.06,0,0.4204589295601538,0.631578947368421,0.3097529538131042,0.25,0,0,0,50.775023041131476,25.372891007888242,43.60898429103507
168600,0.06,0,0.420510523201244,0.631578947368421,0.31178302900107413,0.38,0,0,0,50.771685582604604,25.368376035986262,43.60650004900283
168700,0.06,0,0.42041496950158735,0.631578947368421,0.3078947368421053,0.28,0,0,0,50.77431299014527,25.369971019883298,43.614154110399106
168800,0.06,0,0.42034915905967135,0.631578947368421,0.3132330827067669,0.28,0,0,0,50.78057368689011,25.369540534657364,43.61560440589284
168900,0.06,0,0.4204226347983721,0.631578947368421,0.31329752953813106,0.38,0,0,0,50.77909390185565,25.368103114289447,43.60925267215268
169000,0.06,0,0.42029966273425107,0.631578947368421,0.30771213748657356,0.28,0,0,0,50.78113155468869,25.368292983202863,43.62026156443322
169100,0.06,0,0.42031310295422936,0.631578947368421,0.31490870032223417,0.33,0,0,0,50.773547611500106,25.37123650636226,43.625381995865254
169200,0.06,0,0.420294850087145,0.631578947368421,0.31337271750805584,0.26,0,0,0,50.788658916037306,25.371305236822234,43.6142960337166
169300,0.06,0,0.4203458375298448,0.631578947368421,0.3089044038668099,0.32,0,0,0,50.789956918797536,25.373599412452656,43.607891187950855
169400,0.06,0,0.4202927406384886,0.631578947368421,0.31193340494092375,0.31,0,0,0,50.801290953437025,25.37502708329705,43.603669930194584
169500,0.06,0,0.42017763276925735,0.631578947368421,0.31,0.28,0,0,0,50.80833232317597,25.376445876116247,43.60957062372485
169600,0.06,0,0.42020346763352556,0.631578947368421,0.30686358754027926,0.37,0,0,0,50.81243017212549,25.376440233476124,43.6033726822611
169700,0.06,0,0.420200317055353,0.631578947368421,0.3121267454350161,0.32,0,0,0,50.80361595655168,25.375567102674317,43.61126467175684
169800,0.06,0,0.42019888460871874,0.631578947368421,0.3141783029001074,0.24,0,0,0,50.80200239106098,25.375554340315226,43.61279852047122
169900,0.06,0,0.4201345221354058,0.631578947368421,0.3080451127819549,0.28,0,0,0,50.792037376386496,25.375469413645014,43.62803759249483
170000,0.06,0,0.4201188731725237,0.631578947368421,0.31225563909774434,0.3,0,0,0,50.79144290737568,25.374487444977813,43.63017333528576
170100,0.06,0,0.42004347953271126,0.631578947368421,0.31400644468313643,0.31,0,0,0,50.80083098215751,25.373499432105053,43.62994014580285
170200,0.06,0,0.4201044395373126,0.631578947368421,0.3116970998925886,0.37,0,0,0,50.78811499240813,25.373157291331644,43.63453133398088
170300,0.06,0,0.4201233558011257,0.631578947368421,0.31054779806659505,0.28,0,0,0,50.79068815216008,25.371707405967562,43.63035615269371
170400,0.06,0,0.42008140142375877,0.631578947368421,0.3134586466165414,0.31,0,0,0,50.78673137862271,25.369686192369308,43.63811316716556
170500,0.06,0,0.4200381360213696,0.631578947368421,0.3167454350161117,0.24,0,0,0,50.78807907178448,25.36863849856355,43.64144996233763
170600,0.06,0,0.4201333260459022,0.631578947368421,0.3078839957035446,0.31,0,0,0,50.78085499203275,25.367963675773925,43.637769097719485
170700,0.06,0,0.4201655650075218,0.631578947368421,0.3081740064446831,0.36,0,0,0,50.791258089238305,25.371190632982625,43.62548357791192
170800,0.06,0,0.4201079983837433,0.631578947368421,0.31177228786251343,0.38,0,0,0,50.78235991328259,25.37033708990324,43.639106680165
170900,0.06,0,0.4201851011905343,0.631578947368421,0.31003222341568204,0.27,0,0,0,50.77713699706956,25.37033285971531,43.63558690206381
171000,0.06,0,0.42012127821750855,0.631578947368421,0.31638023630504836,0.24,0,0,0,50.78726750154366,25.371465039852307,43.63351054262793
171100,0.06,0,0.42018115474881124,0.631578947368421,0.31501611170784105,0.28,0,0,0,50.785902066648966,25.36876595953926,43.628465660744666
171200,0.06,0,0.4202403649959195,0.631578947368421,0.31149301825993553,0.26,0,0,0,50.78060402421919,25.36856372815859,43.62686978228031
171300,0.06,0,0.4203250061166592,0.631578947368421,0.31684210526315787,0.29,0,0,0,50.78373642169658,25.368329953856307,43.615394198960864
171400,0.06,0,0.4203288947212737,0.631578947368421,0.31285714285714283,0.17,0,0,0,50.77966692163159,25.369497826867438,43.61848601864868
171500,0.06,0,0.42028217532355583,0.631578947368421,0.3134156820622986,0.35,0,0,0,50.7751558147839,25.369098638406292,43.62721044078611
171600,0.06,0,0.4203142201239795,0.631578947368421,0.3096240601503759,0.28,0,0,0,50.773663024270974,25.37001500238253,43.6251668783728
171700,0.06,0,0.4202286272826202,0.631578947368421,0.3093877551020408,0.27,0,0,0,50.77345125654594,25.369183138707317,43.63423451285569
171800,0.06,0,0.4202775216447455,0.631578947368421,0.31645542427497314,0.21,0,0,0,50.77835323180996,25.370371204748615,43.624946365776964
171900,0.06,0,0.4203221224594051,0.631578947368421,0.31,0.23,0,0,0,50.77722400609292,25.36754966027979,43.621287342180324
172000,0.06,0,0.4203352869742683,0.631578947368421,0.3042212674543502,0.23,0,0,0,50.77412488528232,25.36627189787389,43.62258361033503
172100,0.06,0,0.42035560641093733,0.631578947368421,0.31092373791621913,0.32,0,0,0,50.760550166191486,25.369553605802487,43.63214022543657
172200,0.06,0,0.42034793690885447,0.631578947368421,0.3110096670247046,0.25,0,0,0,50.766091492070984,25.370720792913254,43.62817360728966
172300,0.06,0,0.4203300784053945,0.631578947368421,0.3086143931256713,0.3,0,0,0,50.77289497645453,25.37103418651926,43.6241808793549
172400,0.06,0,0.4204032045423369,0.631578947368421,0.312577873254565,0.21,0,0,0,50.77351134667508,25.372421790598235,43.616063276366674
172500,0.06,0,0.420361977752299,0.631578947368421,0.30774436090225565,0.26,0,0,0,50.78142521807914,25.372969179865542,43.613543025132316
172600,0.06,0,0.4204573653439668,0.631578947368421,0.3117293233082707,0.31,0,0,0,50.771121540559065,25.372600645748825,43.612497667848196
172700,0.06,0,0.4203081828793291,0.631578947368421,0.3077765843179377,0.3,0,0,0,50.78458392864125,25.373783559506354,43.61641205217074
172800,0.06,0,0.42027537004139687,0.631578947368421,0.3127067669172932,0.33,0,0,0,50.7899063276152,25.373237309557254,43.61524635902128
172900,0.06,0,0.4203276189207833,0.631578947368421,0.31268528464017187,0.35,0,0,0,50.79323194356531,25.37158220779752,43.60696946775158
173000,0.06,0,0.4203767069176919,0.631578947368421,0.3165091299677766,0.29,0,0,0,50.78674446678904,25.371685286431056,43.60744710373634
173100,0.06,0,0.42036192306591086,0.631578947368421,0.311203007518797,0.28,0,0,0,50.79208677243383,25.368987050349062,43.604393961502375
173200,0.06,0,0.42047431186494005,0.631578947368421,0.3112781954887218,0.29,0,0,0,50.78469358068339,25.366949647125427,43.59908511341766
173300,0.06,0,0.42044980175265445,0.631578947368421,0.309484425349087,0.36,0,0,0,50.770883812700795,25.370373899680587,43.61348643884657
173400,0.06,0,0.420320295906253,0.631578947368421,0.307422126745435,0.39,0,0,0,50.777436564804674,25.371752924048632,43.621294300559235
173500,0.06,0,0.4203101117228406,0.631578947368421,0.3099892588614393,0.26,0,0,0,50.769286361981415,25.37186999572192,43.62935412759185
173600,0.06,0,0.42031432914162353,0.631578947368421,0.31251342642320085,0.3,0,0,0,50.76575690739712,25.370555892538885,43.63194962284786
173700,0.06,0,0.42034869711647926,0.631578947368421,0.3152094522019334,0.23,0,0,0,50.75605062232462,25.37332876564917,43.63672547928953
173800,0.06,0,0.4202933898793997,0.631578947368421,0.3125671321160043,0.31,0,0,0,50.76392039274959,25.372708921372656,43.63570196807512
173900,0.06,0,0.4202490864759323,0.631578947368421,0.30946294307196565,0.26,0,0,0,50.76047901925291,25.37230815655302,43.64326077283917
174000,0.06,0,0.42022982462819636,0.631578947368421,0.307937701396348,0.28,0,0,0,50.7601396511355,25.371391908495628,43.64555302546273
174100,0.06,0,0.4201390551416601,0.631578947368421,0.31268528464017187,0.27,0,0,0,50.76269955020743,25.370250030429354,43.65278101967421
174200,0.06,0,0.4200170127099202,0.631578947368421,0.3151987110633727,0.24,0,0,0,50.769687224785855,25.372749365137995,43.6594551230379
174300,0.06,0,0.420109671144163,0.631578947368421,0.31485499462943073,0.25,0,0,0,50.77039118962463,25.372880911999236,43.64922045932641
174400,0.06,0,0.42012061951584195,0.631578947368421,0.31018259935553166,0.35,0,0,0,50.76703313587571,25.3757830363657,43.650970118903295
174500,0.06,0,0.420153120807851,0.631578947368421,0.31524167561761546,0.37,0,0,0,50.75856560615367,25.3776590020199,43.654874741359855
174600,0.06,0,0.4201325944361454,0.631578947368421,0.3147046186895811,0.26,0,0,0,50.76091376810117,25.378082855410955,43.654988042192784
174700,0.06,0,0.42009947252578705,0.631578947368421,0.31398496240601503,0.32,0,0,0,50.75964730025924,25.37640495951398,43.65951922362979
174800,0.06,0,0.42002487329731814,0.631578947368421,0.3178732545649839,0.33,0,0,0,50.76835711126165,25.3775342029171,43.659781896174636
174900,0.06,0,0.419969383514788,0.631578947368421,0.3207518796992481,0.32,0,0,0,50.785217075424605,25.377216137837042,43.651054245954235
175000,0.06,0,0.41982310015295893,0.631578947368421,0.32277121374865736,0.25,0,0,0,50.79282764557332,25.377962029167072,43.659721282446974
175100,0.06,0,0.4198348466519095,0.631578947368421,0.323780880773362,0.29,0,0,0,50.795386990345136,25.379729650384128,43.656299983358096
175200,0.06,0,0.4199540547035785,0.631578947368421,0.31577873254564987,0.32,0,0,0,50.784656351275466,25.38170782044787,43.653129538309464
175300,0.06,0,0.4200627332380349,0.631578947368421,0.30842105263157893,0.32,0,0,0,50.76803534537335,25.38285385593986,43.656123561715795
175400,0.06,0,0.4200219727539167,0.631578947368421,0.31200859291084854,0.28,0,0,0,50.78087312078655,25.38320526854233,43.64932245549846
175500,0.06,0,0.4199903846608326,0.631578947368421,0.31684210526315787,0.27,0,0,0,50.77710389568389,25.383556475800415,43.65584575295755
175600,0.06,0,0.4200297553060993,0.631578947368421,0.31720730397422126,0.24,0,0,0,50.76624843615611,25.382735081207922,43.66108791130893
175700,0.06,0,0.42001362628528816,0.631578947368421,0.32263157894736844,0.32,0,0,0,50.774193205223106,25.384440494923496,43.655932523337654
175800,0.06,0,0.4199758442894877,0.631578947368421,0.31833512352309346,0.25,0,0,0,50.77470665328082,25.386049102226348,43.65941841100363
175900,0.06,0,0.4200141208262605,0.631578947368421,0.3196025778732546,0.31,0,0,0,50.77831906496207,25.386446522091756,43.65233397650392
176000,0.06,0,0.42007353229345373,0.631578947368421,0.3199033297529538,0.25,0,0,0,50.780133068360215,25.38817131893809,43.644601019693326
176100,0.06,0,0.42001932856199525,0.631578947368421,0.3158968850698174,0.36,0,0,0,50.79057956836773,25.386831474109563,43.641255491531595
176200,0.06,0,0.4200388842529319,0.631578947368421,0.31311493018259934,0.3,0,0,0,50.786436202241696,25.38715841425391,43.642783958935425
176300,0.06,0,0.42009106551898967,0.631578947368421,0.31422126745435014,0.3,0,0,0,50.78532085217664,25.38798550913943,43.63832127264644
176400,0.06,0,0.4200896891163669,0.631578947368421,0.3164983888292159,0.31,0,0,0,50.78062222350228,25.38486452896113,43.642502030584744
176500,0.06,0,0.4200409329535573,0.631578947368421,0.31620837808807734,0.24,0,0,0,50.786667991605846,25.384071746708237,43.64237191250545
176600,0.06,0,0.42007808678628,0.631578947368421,0.3175295381310419,0.32,0,0,0,50.78054907255669,25.384261418368325,43.64377028304703
176700,0.06,0,0.42003479542399474,0.631578947368421,0.3140816326530612,0.3,0,0,0,50.776021874769484,25.38103204735856,43.652160163916626
176800,0.06,0,0.42001377184458405,0.631578947368421,0.31287862513426423,0.23,0,0,0,50.77667347247938,25.382906445288864,43.653784951391174
176900,0.06,0,0.4200375190417057,0.631578947368421,0.314296455424275,0.36,0,0,0,50.781155145789114,25.38276691358014,43.647464513681996
177000,0.06,0,0.42009531277625745,0.631578947368421,0.31672395273899034,0.3,0,0,0,50.77653478135008,25.380429929242815,43.645430919789256
177100,0.06,0,0.4201122537570812,0.631578947368421,0.3112352309344791,0.24,0,0,0,50.76741962679081,25.38143451874207,43.651507027058365
177200,0.06,0,0.42015303628303835,0.631578947368421,0.3170139634801289,0.27,0,0,0,50.76426365983584,25.381373699859886,43.649983465023055
177300,0.06,0,0.42019500451152914,0.631578947368421,0.31694951664876475,0.29,0,0,0,50.759964709624164,25.37980905908079,43.64932021705669
177400,0.06,0,0.42010760093200045,0.631578947368421,0.31067669172932333,0.37,0,0,0,50.76593331616946,25.380740993195953,43.65326851197707
177500,0.06,0,0.4200734155230841,0.631578947368421,0.3147905477980666,0.26,0,0,0,50.76252193765855,25.378331168089936,43.65975485398113
177600,0.06,0,0.42000800204021327,0.631578947368421,0.3154027926960258,0.34,0,0,0,50.75681952974436,25.37588567249709,43.67146040705526
177700,0.06,0,0.4200257149832235,0.631578947368421,0.3221160042964554,0.16,0,0,0,50.75509110718007,25.376301833065444,43.671105866561476
177800,0.06,0,0.42000726110239134,0.631578947368421,0.3090225563909774,0.21,0,0,0,50.751581845187644,25.37483432208725,43.67604445524349
177900,0.06,0,0.4200200737972295,0.631578947368421,0.31487647690655207,0.18,0,0,0,50.753370609569316,25.374883392119145,43.6731728369423
178000,0.06,0,0.4200231106701394,0.631578947368421,0.3160687432867884,0.3,0,0,0,50.75935998944605,25.37732418790501,43.66770386501102
178100,0.06,0,0.41994524309981984,0.631578947368421,0.3193233082706767,0.28,0,0,0,50.76745479564408,25.381372700024325,43.668836817283704
178200,0.06,0,0.4200702554269032,0.631578947368421,0.31142857142857144,0.28,0,0,0,50.76466982483884,25.3819299631348,43.65823600935254
178300,0.06,0,0.4201078882736955,0.631578947368421,0.31006444683136414,0.23,0,0,0,50.76904229289609,25.38440914697755,43.65056543274854
178400,0.06,0,0.42018516294614383,0.631578947368421,0.31030075187969924,0.26,0,0,0,50.76882068109648,25.379917621631,43.642728326234135
178500,0.06,0,0.42028138222977673,0.631578947368421,0.3124704618689581,0.35,0,0,0,50.77253849792665,25.381402155722366,43.62954174819575
178600,0.06,0,0.4202561731367282,0.631578947368421,0.3082062298603652,0.28,0,0,0,50.772340154741954,25.37905897819707,43.63232931892949
178700,0.06,0,0.4201895415344428,0.631578947368421,0.31713211600429647,0.27,0,0,0,50.77432161454287,25.37787125040525,43.63754530559664
178800,0.06,0,0.4201817807825997,0.631578947368421,0.3172932330827068,0.27,0,0,0,50.7828387584532,25.380817109531698,43.63103239836113
178900,0.06,0,0.4201259488204764,0.631578947368421,0.3127282491944146,0.3,0,0,0,50.78455916673349,25.38134395599021,43.635352406694125
179000,0.06,0,0.4200885208777451,0.631578947368421,0.31373791621911923,0.28,0,0,0,50.78194330541438,25.377530190105293,43.641488043561466
179100,0.06,0,0.4200767362567274,0.631578947368421,0.3129323308270677,0.23,0,0,0,50.77956810118302,25.377457437142127,43.644753719087326
179200,0.06,0,0.4201826312886793,0.631578947368421,0.3139312567132116,0.33,0,0,0,50.77473330879012,25.379186874031223,43.637909130628564
179300,0.06,0,0.42018199579779086,0.631578947368421,0.31203007518796994,0.36,0,0,0,50.7660302315656,25.374326776462286,43.64545620809604
179400,0.06,0,0.4202143997237619,0.631578947368421,0.3187647690655209,0.27,0,0,0,50.76339009706328,25.37674579570949,43.64436034844668
179500,0.06,0,0.4203034924766832,0.631578947368421,0.31045112781954887,0.28,0,0,0,50.75614072415176,25.376925345432443,43.64134124101261
179600,0.06,0,0.42030324857739404,0.631578947368421,0.3091514500537057,0.31,0,0,0,50.76022069874849,25.37824569454718,43.637858786198194
179700,0.06,0,0.42033985515059913,0.631578947368421,0.3124919441460795,0.24,0,0,0,50.760726661990866,25.376687365711987,43.633623523324786
179800,0.06,0,0.42029894036951615,0.631578947368421,0.31483351235230933,0.32,0,0,0,50.75773314211879,25.377036049409437,43.64044473388744
179900,0.06,0,0.4201425568593462,0.631578947368421,0.3132116004296455,0.25,0,0,0,50.76361495117607,25.375712917542412,43.65163002401894
180000,0.06,0,0.420113396481057,0.631578947368421,0.3056390977443609,0.35,0,0,0,50.75834748375551,25.37717727834641,43.659190195059914
180100,0.06,0,0.4201146062447274,0.631578947368421,0.3070569280343716,0.34,0,0,0,50.76644027469821,25.3733039734854,43.652104685495985
180200,0.06,0,0.4200290966537289,0.631578947368421,0.3158861439312567,0.36,0,0,0,50.774723822886344,25.376067709705076,43.653868396485066
180300,0.06,0,0.4200413414195125,0.631578947368421,0.31885069817400646,0.42,0,0,0,50.76840604921214,25.379976832181658,43.65802808872494
180400,0.06,0,0.4200637262510452,0.631578947368421,0.3163050483351235,0.27,0,0,0,50.76926419527942,25.377843076520442,43.654963683812845
180500,0.06,0,0.42004064650334516,0.631578947368421,0.31646616541353384,0.26,0,0,0,50.77114381635398,25.374833312030315,43.655746111034226
180600,0.06,0,0.42009267115867543,0.631578947368421,0.3169387755102041,0.4,0,0,0,50.764749305859524,25.376163532865974,43.655838097922825
180700,0.06,0,0.42000514088612556,0.631578947368421,0.3148012889366273,0.28,0,0,0,50.769319107940106,25.374115323017815,43.66100577065933
180800,0.06,0,0.4199602016508417,0.631578947368421,0.3184747583243824,0.27,0,0,0,50.777847928092804,25.375684076186356,43.65834362563564
180900,0.06,0,0.42001910350878785,0.631578947368421,0.3138345864661654,0.23,0,0,0,50.76859053185383,25.374387829062297,43.66018091023215
181000,0.06,0,0.4200351662539421,0.631578947368421,0.3117937701396348,0.31,0,0,0,50.75453710895118,25.373505278965702,43.67059988694068
181100,0.06,0,0.4200205138935589,0.631578947368421,0.31508055853920514,0.33,0,0,0,50.75092019380754,25.373633542252943,43.67523575372304
181200,0.06,0,0.41998742409332035,0.631578947368421,0.31265306122448977,0.26,0,0,0,50.75074141830211,25.373446218824007,43.67883068394935
181300,0.06,0,0.4200340999737949,0.631578947368421,0.3167454350161117,0.24,0,0,0,50.74070127210438,25.369433882403385,43.682618758210275
181400,0.06,0,0.42014353305288143,0.631578947368421,0.3067991407089151,0.25,0,0,0,50.73757543340995,25.368419063714622,43.673931420192986
181500,0.06,0,0.42008102927379676,0.631578947368421,0.3140923737916219,0.36,0,0,0,50.74181971472221,25.363699566117596,43.67677602254323
181600,0.06,0,0.4199917251694331,0.631578947368421,0.3190010741138561,0.37,0,0,0,50.7483933691965,25.36532160211324,43.68040430595213
181700,0.06,0,0.4199185356697328,0.631578947368421,0.3210204081632653,0.38,0,0,0,50.74892294615537,25.36933599672902,43.687561666314245
181800,0.06,0,0.4199252863278012,0.631578947368421,0.3165198711063373,0.3,0,0,0,50.742140230505996,25.369611563373024,43.6926989857423
181900,0.06,0,0.4198464061228803,0.631578947368421,0.3196133190118153,0.39,0,0,0,50.74500513535489,25.369641528111238,43.698440696981514
182000,0.06,0,0.4198695955300773,0.631578947368421,0.31979591836734694,0.37,0,0,0,50.73889516951057,25.366205619405076,43.7012890964604
182100,0.06,0,0.4200099543911817,0.631578947368421,0.31756176154672394,0.25,0,0,0,50.73835479552751,25.366560501093442,43.687150278720395
182200,0.06,0,0.42000407728004796,0.631578947368421,0.31363050483351235,0.21,0,0,0,50.73825020145086,25.364875849015103,43.687851652285616
182300,0.06,0,0.42004636135194734,0.631578947368421,0.3210848549946294,0.21,0,0,0,50.72973751868032,25.364496432528185,43.6907840878107
182400,0.06,0,0.42000811682432626,0.631578947368421,0.31996777658431796,0.31,0,0,0,50.73399751225174,25.36567691227003,43.691093495327195
182500,0.06,0,0.4199563208907114,0.631578947368421,0.31943071965628356,0.21,0,0,0,50.74033348151397,25.36614622188913,43.69102580068141
182600,0.06,0,0.4199957892225979,0.631578947368421,0.31818474758324383,0.3,0,0,0,50.743403613784906,25.36628674903621,43.68427682361242
182700,0.06,0,0.4199819849641948,0.631578947368421,0.3213426423200859,0.32,0,0,0,50.75491201943554,25.36635289236601,43.67580716624729
182800,0.06,0,0.4199318328919249,0.631578947368421,0.31535982814178304,0.31,0,0,0,50.75698347200657,25.368442074579214,43.67924065343263
182900,0.06,0,0.41989913154041764,0.631578947368421,0.3207411385606874,0.32,0,0,0,50.764354058508914,25.370132699258193,43.67629997438516
183000,0.06,0,0.41991874646039673,0.631578947368421,0.3241890440386681,0.31,0,0,0,50.770468391712086,25.370383878273046,43.66900007039721
183100,0.06,0,0.4199494130619129,0.631578947368421,0.3192266380236305,0.26,0,0,0,50.77154028980173,25.36828892464268,43.66488928228864
183200,0.06,0,0.41991936851513995,0.631578947368421,0.3164876476906552,0.35,0,0,0,50.77318423490034,25.369071340130873,43.666599541639584
183300,0.06,0,0.4199638654542949,0.631578947368421,0.31371643394199783,0.29,0,0,0,50.769109777313396,25.367468566341156,43.66547695836703
183400,0.06,0,0.42001790023138735,0.631578947368421,0.316530612244898,0.24,0,0,0,50.768431031177315,25.368464303566505,43.660443157840874
183500,0.06,0,0.4200193025690134,0.631578947368421,0.3118689581095596,0.27,0,0,0,50.763706195244986,25.371296802789175,43.664361072326315
183600,0.06,0,0.4200840683503853,0.631578947368421,0.3077873254564984,0.32,0,0,0,50.757408155662276,25.37119946693932,43.66304628068768
183700,0.06,0,0.4200590881876029,0.631578947368421,0.31595059076262083,0.31,0,0,0,50.7693666628965,25.369621475453254,43.65535758850404
183800,0.06,0,0.42016588156415635,0.631578947368421,0.30972073039742215,0.37,0,0,0,50.77060512797193,25.37031998215146,43.643197095850155
183900,0.06,0,0.4201141878695353,0.631578947368421,0.31669172932330825,0.24,0,0,0,50.77870957492965,25.37087788634245,43.64160079727875
184000,0.06,0,0.42019507339638024,0.631578947368421,0.31253490870032224,0.21,0,0,0,50.76673451873875,25.36927607029311,43.64349236954652
184100,0.06,0,0.4203011804830012,0.631578947368421,0.3097314715359828,0.28,0,0,0,50.75258087179379,25.36688850038249,43.64464238095487
184200,0.06,0,0.4202747634666742,0.631578947368421,0.31450053705692804,0.26,0,0,0,50.76042651075247,25.365843761430416,43.64063949972387
184300,0.06,0,0.42043177513554675,0.631578947368421,0.30919441460794844,0.22,0,0,0,50.75527483588533,25.36530960474823,43.62876963837947
184400,0.06,0,0.42047039081140436,0.631578947368421,0.31290010741138563,0.32,0,0,0,50.74766844393687,25.365999415579434,43.631301570217374
184500,0.06,0,0.42046462981161936,0.631578947368421,0.30660580021482275,0.21,0,0,0,50.74785818428666,25.3688033746351,43.63173625026957
184600,0.06,0,0.4204191487457083,0.631578947368421,0.31585392051557465,0.22,0,0,0,50.74906006874618,25.368817727208437,43.63542290675939
184700,0.06,0,0.42036882188091423,0.631578947368421,0.31093447905477983,0.41,0,0,0,50.75040140555666,25.366082845540866,43.63949354622808
184800,0.06,0,0.42029336538973994,0.631578947368421,0.31175080558539203,0.25,0,0,0,50.757650750984304,25.364559759624484,43.64109444164451
184900,0.06,0,0.4203836281644784,0.631578947368421,0.3123845327604726,0.31,0,0,0,50.75711542789196,25.361922096443973,43.63218420655573
185000,0.06,0,0.4204135019162266,0.631578947368421,0.3096455424274973,0.33,0,0,0,50.75058815646933,25.361212754035098,43.63469513117269
185100,0.06,0,0.4205079499821613,0.631578947368421,0.31373791621911923,0.28,0,0,0,50.73738763428504,25.35938889501891,43.636244613336395
185200,0.06,0,0.4204855546350767,0.631578947368421,0.3061761546723953,0.34,0,0,0,50.7376467833311,25.359086095139983,43.63834581985733
185300,0.06,0,0.42054133447572345,0.631578947368421,0.3093984962406015,0.26,0,0,0,50.73441501205162,25.360474706928372,43.63533709323695
185400,0.06,0,0.42053846086932267,0.631578947368421,0.3078839957035446,0.31,0,0,0,50.73830446551772,25.360757822504524,43.63229027732095
185500,0.06,0,0.4205861770099115,0.631578947368421,0.3079484425349087,0.3,0,0,0,50.73785976052708,25.361652250959022,43.62772251073495
185600,0.06,0,0.420625275518744,0.631578947368421,0.30735767991407087,0.28,0,0,0,50.75339328827287,25.360988270050825,43.610315758200684
185700,0.06,0,0.42063934710832707,0.631578947368421,0.30918367346938774,0.31,0,0,0,50.75034321396936,25.364379444135007,43.61147774234701
185800,0.06,0,0.4207571334261515,0.631578947368421,0.3050590762620838,0.39,0,0,0,50.74052958646567,25.360707660793942,43.6077016404316
185900,0.06,0,0.42075600749002545,0.631578947368421,0.3041783029001074,0.32,0,0,0,50.73549503732543,25.362005628495822,43.61214559443424
186000,0.06,0,0.42077612955376825,0.631578947368421,0.30895810955961334,0.38,0,0,0,50.726543102867446,25.36142106288222,43.61775606233185
186100,0.06,0,0.42080965985981045,0.631578947368421,0.30781954887218044,0.29,0,0,0,50.73209481025855,25.36166253568764,43.60950778783637
186200,0.06,0,0.4208331059567091,0.631578947368421,0.3056390977443609,0.39,0,0,0,50.72763212708677,25.361651908223816,43.6109144120191
186300,0.06,0,0.4206375578625432,0.631578947368421,0.3070676691729323,0.32,0,0,0,50.73904558847684,25.3617256103397,43.62137388316004
186400,0.06,0,0.42071499290931413,0.631578947368421,0.3116219119226638,0.28,0,0,0,50.72332442238782,25.361601713584825,43.62686261708777
186500,0.06,0,0.42070214723184135,0.631578947368421,0.30870032223415683,0.19,0,0,0,50.729102698945546,25.36334275605465,43.62322526466955
186600,0.06,0,0.4207177262657705,0.631578947368421,0.3112567132116004,0.24,0,0,0,50.72270461027046,25.360351447948315,43.62711227836402
186700,0.06,0,0.42062340140751,0.631578947368421,0.30639097744360905,0.25,0,0,0,50.728938118865926,25.357135141608573,43.63153361729591
186800,0.06,0,0.42056894988489657,0.631578947368421,0.3028141783029001,0.3,0,0,0,50.723427419977284,25.36012907076591,43.64192347422965
186900,0.06,0,0.4204742056437483,0.631578947368421,0.3075295381310419,0.29,0,0,0,50.72885088092211,25.361606762234494,43.64709033974312
187000,0.06,0,0.42050503316607407,0.631578947368421,0.312062298603652,0.3,0,0,0,50.72672074947887,25.362793584419354,43.645723247727844
187100,0.06,0,0.4205912886711427,0.631578947368421,0.30431793770139637,0.29,0,0,0,50.72991727058672,25.36282139347235,43.63402273803105
187200,0.06,0,0.42052253005007445,0.631578947368421,0.3104940923737916,0.3,0,0,0,50.72972445528258,25.362063600860928,43.64132310430933
187300,0.06,0,0.42056324333159467,0.631578947368421,0.3049624060150376,0.27,0,0,0,50.726824941795044,25.36331068451879,43.6395926070391
187400,0.06,0,0.4204872988799238,0.631578947368421,0.3129323308270677,0.22,0,0,0,50.73532960876261,25.36416087420334,43.64015783557865
187500,0.06,0,0.4203654146066339,0.631578947368421,0.31379162191192267,0.43,0,0,0,50.747651121950405,25.362394381759238,43.64221234051732
187600,0.06,0,0.4204102362607977,0.631578947368421,0.31722878625134265,0.16,0,0,0,50.74442041902245,25.3630744787533,43.640337702131525
187700,0.06,0,0.4204417842180122,0.631578947368421,0.3087755102040816,0.36,0,0,0,50.73638887586298,25.36432761182079,43.64397086188983
187800,0.06,0,0.42044959547957045,0.631578947368421,0.3066702470461869,0.24,0,0,0,50.7338856092747,25.363017345415365,43.64531343100268
187900,0.06,0,0.42043379098297595,0.631578947368421,0.3118796992481203,0.43,0,0,0,50.73260907105788,25.360900506044906,43.64805234722598
188000,0.06,0,0.42030244569727254,0.631578947368421,0.31575725026852847,0.33,0,0,0,50.732555742098334,25.358394710060008,43.6617383399179
188100,0.06,0,0.42033539846505275,0.631578947368421,0.31439312567132116,0.31,0,0,0,50.729982942540296,25.358713600641952,43.66052957426516
188200,0.06,0,0.42029273267830136,0.631578947368421,0.31089151450053704,0.28,0,0,0,50.72699430167091,25.357982666928546,43.667534321900085
188300,0.06,0,0.42014797228230927,0.631578947368421,0.3151772287862513,0.28,0,0,0,50.740260428493464,25.359290671244814,43.671158921520046
188400,0.06,0,0.42008524839444744,0.631578947368421,0.3141675617615467,0.27,0,0,0,50.74021977980733,25.358285252450624,43.677714552786554
188500,0.06,0,0.4202149066930045,0.631578947368421,0.31240601503759396,0.33,0,0,0,50.7296058835921,25.35828391581857,43.673373336484936
188600,0.06,0,0.4201245011140708,0.631578947368421,0.314672395273899,0.27,0,0,0,50.72845383054453,25.360869712508535,43.68376334867224
188700,0.06,0,0.4199853040920547,0.631578947368421,0.31697099892588615,0.33,0,0,0,50.739686630669176,25.36357388413585,43.68856763449446
188800,0.06,0,0.4199826908666076,0.631578947368421,0.31732545649838884,0.26,0,0,0,50.73301715294285,25.364754723575587,43.69458290857234
188900,0.06,0,0.42007731676965815,0.631578947368421,0.3165843179377014,0.39,0,0,0,50.73228802009807,25.362081729475392,43.68536818534572
189000,0.06,0,0.420166979766537,0.631578947368421,0.3183995703544576,0.27,0,0,0,50.7275191374627,25.362112400572087,43.68015176917994
189100,0.06,0,0.42018095894012647,0.631578947368421,0.31560687432867884,0.29,0,0,0,50.72262879243568,25.360305786367093,43.68290977141679
189200,0.06,0,0.4201612511177315,0.631578947368421,0.3122019334049409,0.36,0,0,0,50.720901182802564,25.358047702182173,43.68644669252246
189300,0.06,0,0.4201374322607301,0.631578947368421,0.30979591836734693,0.28,0,0,0,50.735151770729814,25.361754481047228,43.67665197919702
189400,0.06,0,0.4200999025079999,0.631578947368421,0.3138345864661654,0.32,0,0,0,50.73328612432885,25.361622284431256,43.68216013813296
189500,0.06,0,0.42000476251681096,0.631578947368421,0.31214822771213746,0.24,0,0,0,50.743172300362716,25.362568307043773,43.68354265132232
189600,0.06,0,0.4199091416698637,0.631578947368421,0.3156605800214823,0.25,0,0,0,50.744173416829156,25.36545007235664,43.69262816223064
189700,0.06,0,0.4198742396819789,0.631578947368421,0.3161546723952739,0.27,0,0,0,50.7458415292095,25.36563779085174,43.69482372665742
189800,0.06,0,0.41992145372176354,0.631578947368421,0.31894736842105265,0.28,0,0,0,50.74672307522013,25.36728334259195,43.6891519226508
189900,0.06,0,0.41980390801500733,0.631578947368421,0.314296455424275,0.34,0,0,0,50.74733673607559,25.363658368740545,43.70085649106758
190000,0.06,0,0.41989449170799775,0.631578947368421,0.3116970998925886,0.3,0,0,0,50.74005353391862,25.359152791238493,43.697700366531755
190100,0.06,0,0.419810148100151,0.631578947368421,0.3141031149301826,0.32,0,0,0,50.73434460837206,25.355693332907308,43.71139773380019
190200,0.06,0,0.4197107452144046,0.631578947368421,0.31808807733619765,0.4,0,0,0,50.73717847425225,25.35451164988177,43.71930816736727
190300,0.06,0,0.41971656221354997,0.631578947368421,0.3216863587540279,0.32,0,0,0,50.73253430982969,25.352619805571116,43.722704349403294
190400,0.06,0,0.4197118068109812,0.631578947368421,0.32209452201933403,0.3,0,0,0,50.736441677013346,25.35722855463739,43.71983247854559
190500,0.06,0,0.41974681015313103,0.631578947368421,0.32532760472610095,0.32,0,0,0,50.7311149962863,25.355021840647268,43.72077673861083
190600,0.06,0,0.41969929363723607,0.631578947368421,0.3189795918367347,0.33,0,0,0,50.73116748407027,25.35405276092509,43.7256813736992
190700,0.06,0,0.41971167452094665,0.631578947368421,0.3187432867883996,0.28,0,0,0,50.72329032417773,25.353551923012944,43.731181783686125
190800,0.06,0,0.41977926447224345,0.631578947368421,0.3151450053705693,0.29,0,0,0,50.72351162380875,25.35533128814024,43.72394972917123
190900,0.06,0,0.419778261979256,0.631578947368421,0.3184640171858217,0.25,0,0,0,50.71401458767405,25.352791573896035,43.73224219916424
191000,0.06,0,0.4197792863767935,0.631578947368421,0.3204296455424275,0.25,0,0,0,50.7313874325447,25.354689718464673,43.71715951089344
191100,0.06,0,0.4197588224695574,0.631578947368421,0.3168313641245972,0.2,0,0,0,50.73120325410439,25.35673400054519,43.71944951349781
191200,0.06,0,0.41989111912423954,0.631578947368421,0.32037593984962404,0.37,0,0,0,50.7228915070284,25.35491247310008,43.712836529374634
191300,0.06,0,0.4198430237448809,0.631578947368421,0.32583243823845326,0.27,0,0,0,50.72461167723596,25.350029315752593,43.71636152352349
191400,0.06,0,0.4198315938164948,0.631578947368421,0.32040816326530613,0.27,0,0,0,50.72690263862485,25.3492986749799,43.7155773023247
191500,0.06,0,0.4197643356077465,0.631578947368421,0.313813104189044,0.24,0,0,0,50.72858953977035,25.34869194206073,43.721127856444234
191600,0.06,0,0.4197685233191209,0.631578947368421,0.32250268528464016,0.29,0,0,0,50.744645773704725,25.344310479003795,43.70685791606368
191700,0.06,0,0.4197276324980649,0.631578947368421,0.3254027926960258,0.28,0,0,0,50.749890085613444,25.34689572175575,43.70659898742389
191800,0.06,0,0.41973785695817534,0.631578947368421,0.3214393125671321,0.33,0,0,0,50.7619461524453,25.3497613754417,43.695154177061745
191900,0.06,0,0.4196900957302539,0.631578947368421,0.3224704618689581,0.36,0,0,0,50.782577711025965,25.349758454150585,43.68237258276063
192000,0.06,0,0.4197051343833858,0.631578947368421,0.3203544575725027,0.32,0,0,0,50.772094055931206,25.351957558378004,43.689826792675866
192100,0.06,0,0.4196579745481425,0.631578947368421,0.3202577873254565,0.31,0,0,0,50.76093406896142,25.352351589610727,43.70434297336918
192200,0.06,0,0.4198174884247274,0.631578947368421,0.3200966702470462,0.36,0,0,0,50.76454321630485,25.354039507319904,43.68463105281216
192300,0.06,0,0.4196859310061699,0.631578947368421,0.316390977443609,0.35,0,0,0,50.77890235569519,25.35121281470302,43.685967804642814
192400,0.06,0,0.4196903971726996,0.631578947368421,0.3187540279269603,0.38,0,0,0,50.76998230182357,25.352119981658287,43.6931782603919
192500,0.06,0,0.41967345619446567,0.631578947368421,0.3208270676691729,0.34,0,0,0,50.780741303725776,25.350705479999764,43.685684303408024
192600,0.06,0,0.41966301571330455,0.631578947368421,0.3193662728249194,0.3,0,0,0,50.77530853752027,25.35213633232819,43.69144544623663
192700,0.06,0,0.4196780778988477,0.631578947368421,0.31593984962406013,0.26,0,0,0,50.77235875350208,25.348603480762343,43.69241567098369
192800,0.06,0,0.4196223266044607,0.631578947368421,0.32140708915145005,0.25,0,0,0,50.78688019980173,25.34714651316879,43.68572608130746
192900,0.06,0,0.41964509652671805,0.631578947368421,0.3206981740064447,0.33,0,0,0,50.787389780254294,25.348513010810525,43.68291739456072
193000,0.06,0,0.4195487874628275,0.631578947368421,0.31329752953813106,0.28,0,0,0,50.78609689324346,25.34993387754309,43.694057292078284
193100,0.06,0,0.41974182664336773,0.631578947368421,0.3158968850698174,0.39,0,0,0,50.77040848925535,25.35103674860175,43.68745795757228
193200,0.06,0,0.41976507884131425,0.631578947368421,0.3209452201933405,0.34,0,0,0,50.767443745838555,25.3488452413687,43.68758910392863
193300,0.06,0,0.4198535348725679,0.631578947368421,0.3188936627282492,0.25,0,0,0,50.764257954512026,25.348985216998557,43.68112597472924
193400,0.06,0,0.4199676313453942,0.631578947368421,0.311890440386681,0.33,0,0,0,50.76752332390366,25.350285450228935,43.66644991239478
193500,0.06,0,0.4198454305504324,0.631578947368421,0.3206766917293233,0.28,0,0,0,50.770248038875884,25.3514841594105,43.676815376435584
193600,0.06,0,0.41979079247244117,0.631578947368421,0.31930182599355533,0.27,0,0,0,50.76969297260682,25.354086059594536,43.68297773573963
193700,0.06,0,0.4197304675737744,0.631578947368421,0.31491944146079487,0.26,0,0,0,50.76887752065649,25.355798628588563,43.68995772067816
193800,0.06,0,0.41967934928752226,0.631578947368421,0.3144575725026853,0.29,0,0,0,50.773483778067785,25.351889849491318,43.69131518660638
193900,0.06,0,0.419841608904655,0.631578947368421,0.3145220193340494,0.31,0,0,0,50.762906736629766,25.351568974034194,43.683529521856045
194000,0.06,0,0.4197435812121019,0.631578947368421,0.3181310418904404,0.3,0,0,0,50.76451462863211,25.353303423741085,43.692347518910275
194100,0.06,0,0.41972202626019356,0.631578947368421,0.32006444683136415,0.36,0,0,0,50.75136048357891,25.354611275056502,43.70591646764015
194200,0.06,0,0.4197573775999775,0.631578947368421,0.3202255639097744,0.32,0,0,0,50.75104559227233,25.35207356630686,43.702506776663654
194300,0.06,0,0.41973559373129504,0.631578947368421,0.32116004296455425,0.28,0,0,0,50.75185767830757,25.351090611654957,43.704075569327415
194400,0.06,0,0.4196694590795532,0.631578947368421,0.3161439312567132,0.24,0,0,0,50.75725774438209,25.351243546879893,43.706312373828105
194500,0.06,0,0.4196048537771363,0.631578947368421,0.31993555316863587,0.23,0,0,0,50.75958986461866,25.34908168504565,43.71103333319901
194600,0.06,0,0.4194902731489191,0.631578947368421,0.3251450053705693,0.28,0,0,0,50.7604338562242,25.349113329316747,43.72224569474245
194700,0.06,0,0.41951645510357594,0.631578947368421,0.3208485499462943,0.22,0,0,0,50.75657815652747,25.348227838684895,43.7228381290436
194800,0.06,0,0.41953874365042093,0.631578947368421,0.3288506981740064,0.35,0,0,0,50.75849830183548,25.350300367353817,43.71886139067444
194900,0.06,0,0.41953108621642665,0.631578947368421,0.32363050483351236,0.31,0,0,0,50.75875170039976,25.348526229180028,43.71944110532861
195000,0.06,0,0.4195144888947384,0.631578947368421,0.3238453276047261,0.33,0,0,0,50.77040604112301,25.350026283946754,43.711134595267374
195100,0.06,0,0.4195790102600273,0.631578947368421,0.3271321160042965,0.33,0,0,0,50.76033598493998,25.344195623396473,43.713083124196274
195200,0.06,0,0.41960481353604184,0.631578947368421,0.32286788399570354,0.45,0,0,0,50.76233789401943,25.347296860730093,43.70867121935749
195300,0.06,0,0.41965174086728635,0.631578947368421,0.32052631578947366,0.31,0,0,0,50.75981319880793,25.348025495883512,43.705957262503425
195400,0.06,0,0.419767297290763,0.631578947368421,0.32139634801288935,0.23,0,0,0,50.750539240952925,25.349705892101223,43.701910046013445
195500,0.06,0,0.4199016924140614,0.631578947368421,0.3227175080558539,0.31,0,0,0,50.741935633211085,25.3465104527573,43.695330224658015
195600,0.06,0,0.4198677978452461,0.631578947368421,0.31859291084854996,0.39,0,0,0,50.74399071713804,25.348548832671504,43.69708784463035
195700,0.06,0,0.41994644851986923,0.631578947368421,0.32092373791621914,0.2,0,0,0,50.73866329953799,25.346982398419755,43.693491143664595
195800,0.06,0,0.4199654346857611,0.631578947368421,0.31772287862513426,0.29,0,0,0,50.747162621745034,25.34854649056326,43.68419819355359
195900,0.06,0,0.419960443876705,0.631578947368421,0.31533834586466164,0.31,0,0,0,50.75054073328421,25.34796014943988,43.681809547798096
196000,0.06,0,0.41995225170111866,0.631578947368421,0.3151450053705693,0.26,0,0,0,50.74400340330299,25.3498239325338,43.68828928633412
196100,0.06,0,0.4199755029647752,0.631578947368421,0.3159291084854995,0.31,0,0,0,50.740307823142295,25.349364047110384,43.68905233769928
196200,0.06,0,0.4199541645020484,0.631578947368421,0.3165735767991407,0.21,0,0,0,50.74074007297572,25.345699528741996,43.69090004311731
196300,0.06,0,0.419938218137635,0.631578947368421,0.31190118152524166,0.25,0,0,0,50.73349495339324,25.346274178484418,43.69879874460789
196400,0.06,0,0.41980295164494535,0.631578947368421,0.3184854994629431,0.36,0,0,0,50.73523494456362,25.34682835629634,43.71137996437809
196500,0.06,0,0.4198744952268466,0.631578947368421,0.32448979591836735,0.25,0,0,0,50.734190043815325,25.34892064130268,43.70483196929935
196600,0.06,0,0.4199622457153598,0.631578947368421,0.314328678839957,0.38,0,0,0,50.72380653294573,25.353880351739033,43.704644718737384
196700,0.06,0,0.41986637075059463,0.631578947368421,0.3177765843179377,0.25,0,0,0,50.737995337580486,25.357881810893524,43.70239978656401
196800,0.06,0,0.41993308143379643,0.631578947368421,0.3154457572502685,0.21,0,0,0,50.73116177966361,25.357724612934135,43.70134305022644
196900,0.06,0,0.41989301436799226,0.631578947368421,0.320859291084855,0.32,0,0,0,50.7286412223765,25.356931160938956,43.70768472204839
197000,0.06,0,0.4199932806879007,0.631578947368421,0.3162406015037594,0.31,0,0,0,50.71565000575324,25.356984031323073,43.70844364646102
197100,0.06,0,0.41994991261281994,0.631578947368421,0.31532760472610094,0.3,0,0,0,50.71593506747751,25.356036102843987,43.712711701855824
197200,0.06,0,0.4198843564503993,0.631578947368421,0.31952738990332974,0.26,0,0,0,50.720016751264296,25.358438270358786,43.71601820628885
197300,0.06,0,0.4199351210349803,0.631578947368421,0.3171858216970999,0.31,0,0,0,50.726363454127785,25.35741527780171,43.7052645875929
197400,0.06,0,0.41990705466656303,0.631578947368421,0.31969924812030076,0.41,0,0,0,50.737995378787566,25.35397088518627,43.69816551699618
197500,0.06,0,0.4198174872130122,0.631578947368421,0.31532760472610094,0.18,0,0,0,50.744784834344685,25.35626181037009,43.701640564817644
197600,0.06,0,0.4196045705262462,0.631578947368421,0.3206122448979592,0.32,0,0,0,50.760617540520215,25.35541171154128,43.710177886112064
197700,0.06,0,0.41949117145850895,0.631578947368421,0.3207303974221267,0.33,0,0,0,50.76735806097775,25.355736104175108,43.71618876386604
197800,0.06,0,0.41948446269004225,0.631578947368421,0.3249409237379162,0.32,0,0,0,50.773745961388,25.352819612766556,43.71138784262735
197900,0.06,0,0.41944589224053913,0.631578947368421,0.32349087003222343,0.34,0,0,0,50.77967839125465,25.353923217513707,43.71030022148432
198000,0.06,0,0.41939511428868137,0.631578947368421,0.3207196562835661,0.39,0,0,0,50.789969719736426,25.353417233193152,43.70673453234104
198100,0.06,0,0.41942418974653917,0.631578947368421,0.3227389903329753,0.32,0,0,0,50.7791151090114,25.351850890502327,43.71304684175287
198200,0.06,0,0.4194456866712842,0.631578947368421,0.3209774436090226,0.32,0,0,0,50.76931519337745,25.35079602617858,43.71924393692635
198300,0.06,0,0.4196083911053934,0.631578947368421,0.31856068743286786,0.37,0,0,0,50.75281167255381,25.34958048711588,43.71650253809181
198400,0.06,0,0.41954307935172014,0.631578947368421,0.3219656283566058,0.37,0,0,0,50.75522058929116,25.348095167741807,43.7212328686001
198500,0.06,0,0.4196074370971816,0.631578947368421,0.32064446831364124,0.39,0,0,0,50.76195108609399,25.351958870274792,43.70873099406213
198600,0.06,0,0.4195512649602676,0.631578947368421,0.3207733619763695,0.22,0,0,0,50.76425035492651,25.3542906950565,43.7126030235047
198700,0.06,0,0.41953770815910835,0.631578947368421,0.32607948442534906,0.23,0,0,0,50.75671247505511,25.356017046946953,43.72050750681588
198800,0.06,0,0.41947649232915846,0.631578947368421,0.32006444683136415,0.34,0,0,0,50.75762996620046,25.356108328751287,43.72609740591552
198900,0.06,0,0.419648821487691,0.631578947368421,0.32263157894736844,0.37,0,0,0,50.74109510802692,25.357007987473892,43.72238429471216
199000,0.06,0,0.4195858469005817,0.631578947368421,0.320343716433942,0.27,0,0,0,50.746381569217256,25.356286282134405,43.72439105182968
199100,0.06,0,0.41955337693016825,0.631578947368421,0.32012889366272823,0.31,0,0,0,50.75024304128618,25.35819811727703,43.724447810771224
199200,0.06,0,0.41969370033282116,0.631578947368421,0.3176047261009667,0.3,0,0,0,50.73424646560278,25.356270865679228,43.723610432578326
199300,0.06,0,0.4196468168899934,0.631578947368421,0.3180236305048335,0.3,0,0,0,50.731830466808596,25.35549392976713,43.73057776587816
199400,0.06,0,0.41980964567507933,0.631578947368421,0.3152846401718582,0.32,0,0,0,50.724028302598704,25.356910336516012,43.72034012757172
199500,0.06,0,0.4198250289225459,0.631578947368421,0.31476906552094525,0.26,0,0,0,50.71950889226816,25.35850026906404,43.72263372487363
199600,0.06,0,0.41986071261837893,0.631578947368421,0.31685284640171857,0.28,0,0,0,50.71504131568412,25.357408868276217,43.72276904178629
199700,0.06,0,0.4198658445387298,0.631578947368421,0.3171535982814178,0.34,0,0,0,50.72569984852457,25.35506447287653,43.71304767078743
199800,0.06,0,0.4198081167406972,0.631578947368421,0.31941997851772286,0.25,0,0,0,50.73279639274176,25.354005033202025,43.712943193335285
199900,0.06,0,0.4197854311379842,0.631578947368421,0.3176799140708915,0.45,0,0,0,50.73977251532583,25.35236306271456,43.7092951413345
200000,0.06,0,0.419826074466189,0.631578947368421,0.31301825993555316,0.4,0,0,0,50.728007563562095,25.35374197770205,43.71519982308906
