sweep,T,tuning,density,e_per_N,acc_part,acc_box,flip_cand,flip_prop,flip_acc,a,b,c
100,0.06,1,0.45790486364664007,0.631578947368421,,,0,0,0,48.67416202162103,-23.670441633911654,41.771102792028714
200,0.06,1,0.45790486364664007,0.631578947368421,,,0,0,0,48.67416202162103,-23.670441633911654,41.771102792028714
300,0.06,1,0.45790486364664007,0.631578947368421,,,0,0,0,48.67416202162103,-23.670441633911654,41.771102792028714
400,0.06,1,0.45790486364664007,0.631578947368421,,,0,0,0,48.67416202162103,-23.670441633911654,41.771102792028714
500,0.06,1,0.45790486364664007,0.631578947368421,,,0,0,0,48.67416202162103,-23.670441633911654,41.771102792028714
600,0.06,1,0.45790486364664007,0.631578947368421,,,0,0,0,48.67416202162103,-23.670441633911654,41.771102792028714
700,0.06,1,0.45790486364664007,0.631578947368421,,,0,0,0,48.67416202162103,-23.670441633911654,41.771102792028714
800,0.06,1,0.45790486364664007,0.631578947368421,,,0,0,0,48.67416202162103,-23.670441633911654,41.771102792028714
900,0.06,1,0.45790486364664007,0.631578947368421,,,0,0,0,48.67416202162103,-23.670441633911654,41.771102792028714
1000,0.06,1,0.45790486364664007,0.631578947368421,,,0,0,0,48.67416202162103,-23.670441633911654,41.771102792028714
1100,0.06,1,0.45790486364664007,0.631578947368421,,,0,0,0,48.67416202162103,-23.670441633911654,41.771102792028714
1200,0.06,1,0.45790486364664007,0.631578947368421,,,0,0,0,48.67416202162103,-23.670441633911654,41.771102792028714
1300,0.06,1,0.45790486364664007,0.631578947368421,,,0,0,0,48.67416202162103,-23.670441633911654,41.771102792028714
1400,0.06,1,0.45790486364664007,0.631578947368421,,,0,0,0,48.67416202162103,-23.670441633911654,41.771102792028714
1500,0.06,1,0.45790486364664007,0.631578947368421,,,0,0,0,48.67416202162103,-23.670441633911654,41.771102792028714
1600,0.06,1,0.45790486364664007,0.631578947368421,,,0,0,0,48.67416202162103,-23.670441633911654,41.771102792028714
1700,0.06,1,0.45790486364664007,0.631578947368421,,,0,0,0,48.67416202162103,-23.670441633911654,41.771102792028714
1800,0.06,1,0.45790486364664007,0.631578947368421,,,0,0,0,48.67416202162103,-23.670441633911654,41.771102792028714
1900,0.06,1,0.45790486364664007,0.631578947368421,,,0,0,0,48.67416202162103,-23.670441633911654,41.771102792028714
2000,0.06,1,0.45781154397728996,0.631578947368421,,,0,0,0,48.675856948560345,-23.67156583708598,41.77816256049698
2100,0.06,1,0.4577962885065233,0.631578947368421,,,0,0,0,48.67729670663952,-23.672276478988064,41.77831902451058
2200,0.06,1,0.45777171620466145,0.631578947368421,,,0,0,0,48.678892894352835,-23.67185849350978,41.779191613545876
2300,0.06,1,0.45776203309017777,0.631578947368421,,,0,0,0,48.68011221468725,-23.672393986876205,41.77902888463672
2400,0.06,1,0.45768576886379975,0.631578947368421,,,0,0,0,48.684366329191256,-23.674032089005404,41.78233920462412
2500,0.06,1,0.45768576886379975,0.631578947368421,,,0,0,0,48.684366329191256,-23.674032089005404,41.78233920462412
2600,0.06,1,0.45763454153038524,0.631578947368421,,,0,0,0,48.68475647074369,-23.67349508553521,41.78668142874429
2700,0.06,1,0.457540618949416,0.631578947368421,,,0,0,0,48.691134317522334,-23.674332042806796,41.78978468962178
2800,0.06,1,0.4574456972311366,0.631578947368421,,,0,0,0,48.69994342392276,-23.674028529272036,41.79089550008509
2900,0.06,1,0.45741855953433525,0.631578947368421,,,0,0,0,48.70232471127917,-23.67538415149907,41.79133139138444
3000,0.06,1,0.45735968423112383,0.631578947368421,,,0,0,0,48.704519940478875,-23.674977628031165,41.794827256097
3100,0.06,1,0.45721638950026294,0.631578947368421,,,0,0,0,48.713762586366805,-23.676766964485267,41.79999366417401
3200,0.06,1,0.4570190592016742,0.631578947368421,,,0,0,0,48.72094559417181,-23.676588575719073,41.81187663667824
3300,0.06,1,0.45696785072848684,0.631578947368421,,,0,0,0,48.724394782714825,-23.67553630289035,41.81360195090105
3400,0.06,1,0.45680770831795814,0.631578947368421,,,0,0,0,48.73426568709621,-23.67543767243991,41.8197883598487
3500,0.06,1,0.45667267995233557,0.631578947368421,,,0,0,0,48.74060471955088,-23.674807650002464,41.82671303531242
3600,0.06,1,0.4565693566696272,0.631578947368421,,,0,0,0,48.745986824797896,-23.67423729971872,41.83155938577297
3700,0.06,1,0.45648015500218575,0.631578947368421,,,0,0,0,48.750662265711135,-23.67462630785306,41.83572112437754
3800,0.06,1,0.4563629125109903,0.631578947368421,,,0,0,0,48.75615451233243,-23.675509588575903,41.841755093659174
3900,0.06,1,0.45620462763498637,0.631578947368421,,,0,0,0,48.76508285416358,-23.67409107293854,41.84860910401648
4000,0.06,1,0.4560154143261042,0.631578947368421,,,0,0,0,48.77578194709629,-23.675340734516247,41.856789831635936
4100,0.06,1,0.4559126462170382,0.631578947368421,,,0,0,0,48.783240504019574,-23.67530379884946,41.859823845680026
4200,0.06,1,0.45580496858257913,0.631578947368421,,,0,0,0,48.785522194570824,-23.67501483933751,41.86775441214735
4300,0.06,1,0.45563004296829746,0.631578947368421,,,0,0,0,48.797984244556574,-23.676350873568254,41.87313198230434
4400,0.06,1,0.4555116766293876,0.631578947368421,,,0,0,0,48.800952448008914,-23.675051567801145,41.88146536863596
4500,0.06,1,0.4553377747807894,0.631578947368421,,,0,0,0,48.81107916238305,-23.67334895522203,41.88876830553245
4600,0.06,1,0.4551657978476589,0.631578947368421,,,0,0,0,48.82114234838659,-23.672595032165347,41.89595776682899
4700,0.06,1,0.4550347219608438,0.631578947368421,,,0,0,0,48.82716335377008,-23.67207842779343,41.90285839766439
4800,0.06,1,0.454839475337955,0.631578947368421,,,0,0,0,48.83894190109193,-23.67412422262417,41.91073572244168
4900,0.06,1,0.45470691344223557,0.631578947368421,,,0,0,0,48.847534816732434,-23.67291034690424,41.91557927686651
5000,0.06,1,0.45458243298019807,0.631578947368421,,,0,0,0,48.85882980429977,-23.67359024117714,41.917364690303046
5100,0.06,0,0.45447391894457595,0.631578947368421,0.3849301825993555,0.38,0,0,0,48.86305802221064,-23.673717823669637,41.923745175455494
5200,0.06,0,0.45433698235982656,0.631578947368421,0.3844253490870032,0.28,0,0,0,48.87267530567579,-23.67308567410737,41.92812859591918
5300,0.06,0,0.45418099348178,0.631578947368421,0.3893447905477981,0.37,0,0,0,48.88549677851158,-23.67402811596207,41.931528348293924
5400,0.06,0,0.4541278277059587,0.631578947368421,0.38980665950590765,0.25,0,0,0,48.8866000396071,-23.673327343539682,41.93549095603026
5500,0.06,0,0.45401732959419383,0.631578947368421,0.4046186895810956,0.38,0,0,0,48.888848366180795,-23.673278302697387,41.94376813679365
5600,0.06,0,0.45391757657843385,0.631578947368421,0.410687432867884,0.32,0,0,0,48.89219280592626,-23.67473415845073,41.95011593987387
5700,0.06,0,0.45376617767223004,0.631578947368421,0.408796992481203,0.27,0,0,0,48.900073954387935,-23.67428074576732,41.957349289099454
5800,0.06,0,0.4536167473641203,0.631578947368421,0.41135338345864664,0.29,0,0,0,48.911372050249646,-23.673668838562868,41.96147589737195
5900,0.06,0,0.45354845157462975,0.631578947368421,0.4199355531686359,0.29,0,0,0,48.91513071881132,-23.672798193310854,41.96456966831138
6000,0.06,0,0.4534886868627522,0.631578947368421,0.4209344790547798,0.24,0,0,0,48.91714401181909,-23.67382423349051,41.9683727548403
6100,0.06,0,0.4534052527831377,0.631578947368421,0.4272717508055854,0.3,0,0,0,48.92015406004101,-23.672668385439437,41.973512849295496
6200,0.06,0,0.45327549967450415,0.631578947368421,0.4316111707841031,0.4,0,0,0,48.93277217793711,-23.67142660245017,41.974701387809965
6300,0.06,0,0.4531318267707451,0.631578947368421,0.43613319011815255,0.41,0,0,0,48.943119191771515,-23.67156554818053,41.9791335162651
6400,0.06,0,0.4529674181892027,0.631578947368421,0.4523952738990333,0.4,0,0,0,48.954941610138704,-23.67325334483973,41.984228749953616
6500,0.06,0,0.452924314026371,0.631578947368421,0.45031149301825996,0.32,0,0,0,48.95027382108706,-23.674055887216422,41.992228232818526
6600,0.06,0,0.4527985875516161,0.631578947368421,0.45596133190118154,0.4,0,0,0,48.95949788027045,-23.674493861166848,41.99597440970978
6700,0.06,0,0.4526611169640926,0.631578947368421,0.4662298603651987,0.4,0,0,0,48.967562690305684,-23.672377327249475,42.00180963551982
6800,0.06,0,0.4525236959914007,0.631578947368421,0.4611170784103115,0.48,0,0,0,48.97245577614667,-23.671234776897528,42.010366725232885
6900,0.06,0,0.45242888888840466,0.631578947368421,0.47192266380236303,0.32,0,0,0,48.97199317828417,-23.67044225837656,42.01956697631723
7000,0.06,0,0.4523635594779832,0.631578947368421,0.47257787325456496,0.35,0,0,0,48.97383894578224,-23.671377697018624,42.02405145762425
7100,0.06,0,0.4522394003229214,0.631578947368421,0.4810418904403867,0.39,0,0,0,48.97796433964767,-23.670166658703224,42.03204822574408
7200,0.06,0,0.4520816327683737,0.631578947368421,0.48156820622986035,0.31,0,0,0,48.983959400872536,-23.66973330604002,42.041570555627075
7300,0.06,0,0.4519631605818648,0.631578947368421,0.4894951664876477,0.39,0,0,0,48.98815851656788,-23.669712817464365,42.04898620727487
7400,0.06,0,0.4519207471812569,0.631578947368421,0.49328678839957035,0.36,0,0,0,48.99141163309002,-23.670765479365063,42.05014017481805
7500,0.06,0,0.45177348188820526,0.631578947368421,0.49055853920515574,0.38,0,0,0,49.00187317444634,-23.67118018287454,42.05486699973719
7600,0.06,0,0.45161635688944046,0.631578947368421,0.49644468313641243,0.38,0,0,0,49.00898407284612,-23.671772072179127,42.06339457976384
7700,0.06,0,0.45150501317157893,0.631578947368421,0.49832438238453275,0.35,0,0,0,49.01599980592283,-23.67307696165984,42.06774557233099
7800,0.06,0,0.4514003205075792,0.631578947368421,0.508453276047261,0.41,0,0,0,49.01667296323922,-23.67247991177388,42.07692442741646
7900,0.06,0,0.45136186905876013,0.631578947368421,0.5065520945220193,0.37,0,0,0,49.02163574474807,-23.672100366360176,42.07624886844739
8000,0.06,0,0.451294860836568,0.631578947368421,0.49832438238453275,0.34,0,0,0,49.02459986035443,-23.670911443569118,42.079951962742626
8100,0.06,0,0.45117299283139883,0.631578947368421,0.5097529538131041,0.31,0,0,0,49.03610781958116,-23.671433648679955,42.081440201545995
8200,0.06,0,0.45106143155228084,0.631578947368421,0.5132760472610096,0.38,0,0,0,49.04686852901953,-23.672302493252303,42.08261342537497
8300,0.06,0,0.4509524357711331,0.631578947368421,0.5203544575725026,0.41,0,0,0,49.05635220115181,-23.672160362360568,42.084647385562036
8400,0.06,0,0.4508474127201141,0.631578947368421,0.5280236305048335,0.49,0,0,0,49.063509309384614,-23.673077868643553,42.0883103298715
8500,0.06,0,0.450688087893074,0.631578947368421,0.527110633727175,0.4,0,0,0,49.073123351683186,-23.673679092668756,42.09494061830658
8600,0.06,0,0.45049822070278767,0.631578947368421,0.5279699248120301,0.41,0,0,0,49.08413862096262,-23.674978951979206,42.10323120921408
8700,0.06,0,0.45049172173527396,0.631578947368421,0.5354887218045112,0.41,0,0,0,49.08205376341008,-23.67469763517569,42.105627050711156
8800,0.06,0,0.4504886734881881,0.631578947368421,0.5264232008592911,0.33,0,0,0,49.0827308251514,-23.67573564482742,42.105331138449785
8900,0.06,0,0.4503849767560488,0.631578947368421,0.5319119226638024,0.44,0,0,0,49.08617968285654,-23.6772642621638,42.112066423277646
9000,0.06,0,0.45026126752430345,0.631578947368421,0.5359398496240602,0.32,0,0,0,49.094866638184186,-23.677532610856247,42.116183258372345
9100,0.06,0,0.4501326362084166,0.631578947368421,0.5370354457572503,0.4,0,0,0,49.09943494015808,-23.67677053383596,42.124298824036245
9200,0.06,0,0.45004191381536923,0.631578947368421,0.544500537056928,0.45,0,0,0,49.10270016878789,-23.675306923968375,42.12998877179507
9300,0.06,0,0.44992792145164856,0.631578947368421,0.5488506981740064,0.51,0,0,0,49.11157801384427,-23.672699014805396,42.13304497656261
9400,0.06,0,0.4498632528424495,0.631578947368421,0.5462943071965628,0.46,0,0,0,49.11385114293146,-23.673672041797637,42.137151355783985
9500,0.06,0,0.4497814576605744,0.631578947368421,0.55,0.45,0,0,0,49.116246210688495,-23.67325133134299,42.142759105747004
9600,0.06,0,0.449668587101252,0.631578947368421,0.5586036519871106,0.37,0,0,0,49.1283701117913,-23.673277269256452,42.142934686935675
9700,0.06,0,0.44950608309848405,0.631578947368421,0.560719656283566,0.42,0,0,0,49.13705322988099,-23.672474508328083,42.15072020191028
9800,0.06,0,0.4493914884495399,0.631578947368421,0.5655209452201934,0.48,0,0,0,49.14697559055341,-23.671735010197814,42.15295657300544
9900,0.06,0,0.4492676777951776,0.631578947368421,0.5703544575725027,0.38,0,0,0,49.14497609136165,-23.671152138691266,42.1662887188981
10000,0.06,0,0.44907067629268854,0.631578947368421,0.566015037593985,0.43,0,0,0,49.15486881451897,-23.67188513477299,42.17629657412389
10100,0.06,0,0.4490242088118894,0.631578947368421,0.5746938775510204,0.43,0,0,0,49.15777352664255,-23.67197905631889,42.178168770454896
10200,0.06,0,0.44890747015870675,0.631578947368421,0.5767883995703544,0.48,0,0,0,49.16445177464163,-23.672196547081988,42.18340647129501
10300,0.06,0,0.44880035207782903,0.631578947368421,0.5769602577873254,0.56,0,0,0,49.16953947815934,-23.670362583785344,42.189108786105706
10400,0.06,0,0.44868997913538455,0.631578947368421,0.5819656283566058,0.4,0,0,0,49.17460636491409,-23.672391624397576,42.19513867663272
10500,0.06,0,0.4485858308008612,0.631578947368421,0.5773469387755102,0.36,0,0,0,49.18074266390607,-23.674193497167987,42.19966921226287
10600,0.06,0,0.4486001921654676,0.631578947368421,0.59,0.35,0,0,0,49.17816223307418,-23.676268583402745,42.20053243446789
10700,0.06,0,0.4485643797918614,0.631578947368421,0.5962943071965628,0.35,0,0,0,49.182211125889864,-23.677294426218307,42.20042722216074
10800,0.06,0,0.4484220337621738,0.631578947368421,0.5821804511278196,0.57,0,0,0,49.18862092459756,-23.67732473815756,42.20832231732164
10900,0.06,0,0.44833425323467546,0.631578947368421,0.5978732545649839,0.41,0,0,0,49.190320827212204,-23.67758205690069,42.21512748769981
11000,0.06,0,0.44819223016453585,0.631578947368421,0.5988829215896885,0.54,0,0,0,49.20018530671005,-23.67773220871867,42.220037929551296
11100,0.06,0,0.44812248917563624,0.631578947368421,0.5924704618689581,0.41,0,0,0,49.20095413525118,-23.676276127558836,42.22594875908996
11200,0.06,0,0.44805614100334745,0.631578947368421,0.6063802363050483,0.37,0,0,0,49.207792385093825,-23.675040723566454,42.22633270511253
11300,0.06,0,0.4479714521439532,0.631578947368421,0.6080665950590762,0.52,0,0,0,49.21057576725829,-23.67438676816128,42.231926779419396
11400,0.06,0,0.44785634282647774,0.631578947368421,0.6052094522019335,0.46,0,0,0,49.21617917591596,-23.672084648949475,42.23797188342917
11500,0.06,0,0.4478537375938831,0.631578947368421,0.6084854994629431,0.35,0,0,0,49.21597484701361,-23.67326062981469,42.2383929475664
11600,0.06,0,0.4476867705498377,0.631578947368421,0.6064661654135338,0.53,0,0,0,49.23120394332793,-23.67147125149322,42.2410751445733
11700,0.06,0,0.44765107154219036,0.631578947368421,0.6057142857142858,0.38,0,0,0,49.2374933184491,-23.672025501653224,42.239047645816036
11800,0.06,0,0.4475313586663807,0.631578947368421,0.6162406015037594,0.41,0,0,0,49.24509774946897,-23.671873011538107,42.24382212360926
11900,0.06,0,0.44738994226241996,0.631578947368421,0.6152094522019335,0.45,0,0,0,49.24783009048831,-23.673029220827736,42.25483057059825
12000,0.06,0,0.4473406149096116,0.631578947368421,0.616047261009667,0.45,0,0,0,49.249171081358604,-23.67322432288865,42.2583392551118
12100,0.06,0,0.4472982781970989,0.631578947368421,0.618109559613319,0.38,0,0,0,49.256573719504715,-23.6740508052831,42.25598750695573
12200,0.06,0,0.44728936858313517,0.631578947368421,0.6157357679914071,0.45,0,0,0,49.25736522880403,-23.673471784204295,42.25615019063479
12300,0.06,0,0.44727403391421783,0.631578947368421,0.6227282491944146,0.47,0,0,0,49.260213712544854,-23.67332633580177,42.25515537542905
12400,0.06,0,0.44719324693221996,0.631578947368421,0.622610096670247,0.51,0,0,0,49.259887191580034,-23.673203402252007,42.263069053498064
12500,0.06,0,0.4470516157777996,0.631578947368421,0.6304081632653061,0.48,0,0,0,49.26494935526768,-23.673362996529868,42.27211441633044
12600,0.06,0,0.4469694329037918,0.631578947368421,0.623609022556391,0.4,0,0,0,49.268604455439636,-23.67397216253643,42.27675023128663
12700,0.06,0,0.44698777664203476,0.631578947368421,0.6182921589688507,0.54,0,0,0,49.26901480083408,-23.67357473134285,42.27466315932358
12800,0.06,0,0.44688964130101827,0.631578947368421,0.6227926960257787,0.48,0,0,0,49.27122444937834,-23.672435510245293,42.28205022905481
12900,0.06,0,0.4468321055532897,0.631578947368421,0.6316970998925886,0.43,0,0,0,49.27327834523944,-23.672620455009234,42.285731919500826
13000,0.06,0,0.4467256980656073,0.631578947368421,0.6303866809881847,0.47,0,0,0,49.27940043131137,-23.671689815501125,42.29054963837456
13100,0.06,0,0.4466664118678492,0.631578947368421,0.6372073039742213,0.37,0,0,0,49.277306672656906,-23.6719760561518,42.29796001332836
13200,0.06,0,0.446564750352868,0.631578947368421,0.6317508055853921,0.42,0,0,0,49.2842401983471,-23.673345166622443,42.30163722387491
13300,0.06,0,0.44652958570060874,0.631578947368421,0.6305907626208378,0.52,0,0,0,49.28316771543548,-23.67333301813037,42.30588914599123
13400,0.06,0,0.4464080872309219,0.631578947368421,0.631342642320086,0.53,0,0,0,49.29044567236933,-23.673717122608455,42.3111551443304
13500,0.06,0,0.44631876483971544,0.631578947368421,0.6322234156820623,0.37,0,0,0,49.29126639615624,-23.67354218537127,42.3189182917819
13600,0.06,0,0.44630246017272746,0.631578947368421,0.628421052631579,0.35,0,0,0,49.28884308754993,-23.673706468943383,42.322545024330815
13700,0.06,0,0.4462661548367169,0.631578947368421,0.6341783029001075,0.44,0,0,0,49.294091391052106,-23.673730238765373,42.32148169864467
13800,0.06,0,0.4461864158554682,0.631578947368421,0.6424704618689581,0.4,0,0,0,49.29488137829933,-23.672551845743367,42.32836671161841
13900,0.06,0,0.4460901719264012,0.631578947368421,0.6473684210526316,0.53,0,0,0,49.29869489479163,-23.672734523680244,42.3342240233783
14000,0.06,0,0.44605208418516346,0.631578947368421,0.645016111707841,0.48,0,0,0,49.29458786901773,-23.673022190864888,42.34136629900761
14100,0.06,0,0.4459081456150036,0.631578947368421,0.6486358754027927,0.48,0,0,0,49.299224623021125,-23.672157737978925,42.35105040697657
14200,0.06,0,0.4457893063187891,0.631578947368421,0.6461654135338346,0.48,0,0,0,49.308283086613805,-23.671816303645457,42.354558005389364
14300,0.06,0,0.4457995302306967,0.631578947368421,0.6458539205155747,0.37,0,0,0,49.307411463443174,-23.669269571701424,42.354335349280525
14400,0.06,0,0.4457301197319569,0.631578947368421,0.6430504833512353,0.44,0,0,0,49.30708052517822,-23.669598775803472,42.36121521707809
14500,0.06,0,0.44564517511425283,0.631578947368421,0.6489258861439312,0.46,0,0,0,49.313300562886326,-23.67002860240421,42.363945538113846
14600,0.06,0,0.44549874610318735,0.631578947368421,0.6522019334049409,0.39,0,0,0,49.33042418343601,-23.670345137825286,42.36315971210245
14700,0.06,0,0.44547711371965226,0.631578947368421,0.6484103114930183,0.4,0,0,0,49.337935026405255,-23.67145233428305,42.358767500718244
14800,0.06,0,0.44539254571569636,0.631578947368421,0.6500107411385607,0.45,0,0,0,49.3395900490173,-23.673338490392457,42.36538915440136
14900,0.06,0,0.4453548088983715,0.631578947368421,0.6479162191192266,0.41,0,0,0,49.33486064241745,-23.674276411694755,42.373040588603175
15000,0.06,0,0.4452641420579581,0.631578947368421,0.6520837808807733,0.44,0,0,0,49.33472235226116,-23.673186667169205,42.38178759233514
15100,0.06,0,0.4452084651021169,0.631578947368421,0.652610096670247,0.34,0,0,0,49.33631063725097,-23.674219914119796,42.38572321262819
15200,0.06,0,0.4451707849384044,0.631578947368421,0.6505692803437164,0.48,0,0,0,49.342676584404614,-23.673997104380856,42.383841968312865
15300,0.06,0,0.4450830384232829,0.631578947368421,0.650375939849624,0.48,0,0,0,49.34667065492456,-23.67295318242552,42.388766607439564
15400,0.06,0,0.4450252478135117,0.631578947368421,0.6543823845327604,0.35,0,0,0,49.35436147474537,-23.672701350997603,42.38766493866482
15500,0.06,0,0.445043650933985,0.631578947368421,0.6571428571428571,0.44,0,0,0,49.35486171721558,-23.67229587948373,42.38548254706184
15600,0.06,0,0.4449863389755414,0.631578947368421,0.65484425349087,0.43,0,0,0,49.36102768173103,-23.672478980563653,42.385646288121315
15700,0.06,0,0.444943632189984,0.631578947368421,0.6584103114930182,0.47,0,0,0,49.36363228234701,-23.671592536114776,42.387477934892296
15800,0.06,0,0.44495750269094275,0.631578947368421,0.6702900107411386,0.5,0,0,0,49.36287058824247,-23.672687853042547,42.38681064508803
15900,0.06,0,0.4449222054909719,0.631578947368421,0.6590010741138561,0.51,0,0,0,49.364558901862274,-23.67267075008976,42.388723552541954
16000,0.06,0,0.44488165282659714,0.631578947368421,0.6600214822771214,0.45,0,0,0,49.360625512676016,-23.671629268879208,42.395965575521906
16100,0.06,0,0.4448157824019351,0.631578947368421,0.6593125671321161,0.38,0,0,0,49.36443268379379,-23.672521009709957,42.3989735497353
16200,0.06,0,0.4447308158405269,0.631578947368421,0.6619978517722879,0.53,0,0,0,49.368682125422346,-23.671885251517093,42.40342372744188
16300,0.06,0,0.44470375888555963,0.631578947368421,0.6611707841031149,0.46,0,0,0,49.36157863520527,-23.671570444812126,42.412106196477126
16400,0.06,0,0.44462964695991375,0.631578947368421,0.663780880773362,0.43,0,0,0,49.36239889273292,-23.673814429771983,42.418470665448474
16500,0.06,0,0.4445839522052016,0.631578947368421,0.6660580021482277,0.45,0,0,0,49.36952518906477,-23.67520322923232,42.4167069072288
16600,0.06,0,0.44449634383494735,0.631578947368421,0.6660365198711063,0.44,0,0,0,49.37471911320406,-23.6769677223751,42.42060420030104
16700,0.06,0,0.4443853108125968,0.631578947368421,0.6727389903329754,0.35,0,0,0,49.37640518265898,-23.675989869267628,42.42975439851252
16800,0.06,0,0.44429223699026255,0.631578947368421,0.6698925886143932,0.51,0,0,0,49.38170187290046,-23.675500224367543,42.43409093974863
16900,0.06,0,0.44429520208951667,0.631578947368421,0.6754779806659506,0.53,0,0,0,49.37543943036275,-23.67589719272082,42.43918976027014
17000,0.06,0,0.44424861838062407,0.631578947368421,0.6771321160042965,0.54,0,0,0,49.37737739075872,-23.675900605510435,42.441974089008376
17100,0.06,0,0.4441783523380951,0.631578947368421,0.6720193340494093,0.48,0,0,0,49.38086150008133,-23.675864378890605,42.44569312140792
17200,0.06,0,0.44410305391114013,0.631578947368421,0.6772717508055854,0.5,0,0,0,49.38638789747136,-23.67569161682972,42.44813933030272
17300,0.06,0,0.44399780860906446,0.631578947368421,0.6768958109559613,0.48,0,0,0,49.39728158813932,-23.67530015472364,42.448837843045645
17400,0.06,0,0.44397515752613714,0.631578947368421,0.6766809881847475,0.55,0,0,0,49.402787598392564,-23.674232038634837,42.446272307987314
17500,0.06,0,0.44399403929864845,0.631578947368421,0.6757787325456498,0.44,0,0,0,49.40896413196649,-23.675473978833704,42.439161278498425
17600,0.06,0,0.44403758538187565,0.631578947368421,0.6783995703544575,0.4,0,0,0,49.410161240882104,-23.675783900446067,42.43397122044867
17700,0.06,0,0.44396887335010005,0.631578947368421,0.6730182599355532,0.5,0,0,0,49.40515750158433,-23.675926742332052,42.444836992476816
17800,0.06,0,0.4438941576002287,0.631578947368421,0.676390977443609,0.36,0,0,0,49.408352042338976,-23.675308347292297,42.449236487779295
17900,0.06,0,0.44385080958511486,0.631578947368421,0.6729752953813104,0.37,0,0,0,49.412338027118594,-23.67558012054649,42.44995760688105
18000,0.06,0,0.44372201319325505,0.631578947368421,0.6789903329752954,0.48,0,0,0,49.41699641126582,-23.67509503578362,42.45827650356762
18100,0.06,0,0.4436863109137507,0.631578947368421,0.6767776584317937,0.52,0,0,0,49.41772734630247,-23.674980578140353,42.46106496157569
18200,0.06,0,0.44362306019878683,0.631578947368421,0.6825886143931257,0.4,0,0,0,49.42245404518769,-23.674141115403124,42.46305745893733
18300,0.06,0,0.44357214030790215,0.631578947368421,0.6793984962406016,0.55,0,0,0,49.42312305874996,-23.674717317659326,42.467357143230196
18400,0.06,0,0.4434873024348847,0.631578947368421,0.684812030075188,0.51,0,0,0,49.4265589245136,-23.67326172745409,42.47252836454732
18500,0.06,0,0.44343463193657134,0.631578947368421,0.6907733619763695,0.46,0,0,0,49.42884604964597,-23.674141311786375,42.47560770519067
18600,0.06,0,0.4434612650126346,0.631578947368421,0.6831686358754028,0.44,0,0,0,49.423233102300394,-23.675070327740087,42.47788035858969
18700,0.06,0,0.443346369804232,0.631578947368421,0.6898174006444683,0.49,0,0,0,49.432529071672576,-23.675762588704607,42.48089850039472
18800,0.06,0,0.443282992020613,0.631578947368421,0.6916970998925887,0.48,0,0,0,49.43725758175435,-23.6768532754181,42.48290841086967
18900,0.06,0,0.44324788257654085,0.631578947368421,0.6884210526315789,0.37,0,0,0,49.437829737695765,-23.677201334389057,42.48578175698934
19000,0.06,0,0.44321134210785806,0.631578947368421,0.6941783029001074,0.56,0,0,0,49.4448796007237,-23.676892030584344,42.48322635602351
19100,0.06,0,0.44309993445245177,0.631578947368421,0.6928464017185821,0.44,0,0,0,49.44559533883536,-23.677784772197484,42.49329271088688
19200,0.06,0,0.4430897704884669,0.631578947368421,0.6840171858216971,0.41,0,0,0,49.44413564166415,-23.678853703908217,42.495521979721154
19300,0.06,0,0.44296959843368466,0.631578947368421,0.6924597207303974,0.51,0,0,0,49.448879941787624,-23.67863433255763,42.50297220137335
19400,0.06,0,0.44285170198361096,0.631578947368421,0.68171858216971,0.53,0,0,0,49.45014486226552,-23.677142041993218,42.513199884499365
19500,0.06,0,0.4428019979630063,0.631578947368421,0.6908485499462943,0.41,0,0,0,49.44996568879876,-23.6779838838118,42.51812599940632
19600,0.06,0,0.4427842210912492,0.631578947368421,0.6951342642320086,0.44,0,0,0,49.44321515753825,-23.678444958983142,42.52563828935158
19700,0.06,0,0.44276603076402987,0.631578947368421,0.6849624060150376,0.48,0,0,0,49.45024983452775,-23.680474803970963,42.52133554004338
19800,0.06,0,0.4427166136550933,0.631578947368421,0.6865843179377014,0.52,0,0,0,49.451543158139806,-23.678472056812733,42.524969675710665
19900,0.06,0,0.44271449168753735,0.631578947368421,0.6867132116004296,0.45,0,0,0,49.44949933496409,-23.680159315291274,42.52693113167944
20000,0.06,0,0.44261381147432344,0.631578947368421,0.6952201933404941,0.53,0,0,0,49.45098578650325,-23.6816630779086,42.5353260106176
20100,0.06,0,0.44252883254562436,0.631578947368421,0.6988292158968851,0.51,0,0,0,49.452886226802214,-23.681242737822068,42.54185916339018
20200,0.06,0,0.44244533903679434,0.631578947368421,0.6990655209452202,0.47,0,0,0,49.45174005191738,-23.681334070287704,42.55087341006246
20300,0.06,0,0.44236691030962794,0.631578947368421,0.7043071965628357,0.54,0,0,0,49.44721445724813,-23.6814532321007,42.5623125045708
20400,0.06,0,0.4423508514681183,0.631578947368421,0.7030612244897959,0.5,0,0,0,49.44919306824086,-23.682024927403578,42.562154553374185
20500,0.06,0,0.4422155704959345,0.631578947368421,0.7050375939849624,0.48,0,0,0,49.45408089529511,-23.681484875557647,42.570967066436275
20600,0.06,0,0.44218487813411467,0.631578947368421,0.7100214822771214,0.56,0,0,0,49.449955237946455,-23.68240388873317,42.57747393032507
20700,0.06,0,0.44220619700600083,0.631578947368421,0.7067239527389904,0.46,0,0,0,49.448686730836734,-23.683018447976565,42.576513446844636
20800,0.06,0,0.4421563348787682,0.631578947368421,0.7021804511278196,0.53,0,0,0,49.44924580481667,-23.682143115383315,42.580833390377464
20900,0.06,0,0.4421936228944837,0.631578947368421,0.6988936627282492,0.4,0,0,0,49.44630951954571,-23.682021885505282,42.57977113528341
21000,0.06,0,0.44212588883635046,0.631578947368421,0.6991192266380236,0.54,0,0,0,49.437390252985615,-23.682424533932423,42.59397761540075
21100,0.06,0,0.4420030351674618,0.631578947368421,0.6950805585392051,0.45,0,0,0,49.44742108698556,-23.683140625574566,42.59717355215272
21200,0.06,0,0.44195225732628296,0.631578947368421,0.7004618689581096,0.43,0,0,0,49.45403112035021,-23.68446892615309,42.59637353012825
21300,0.06,0,0.4418941570309282,0.631578947368421,0.7086143931256713,0.54,0,0,0,49.45914166070946,-23.68314187971633,42.5975721069709
21400,0.06,0,0.4417210269223914,0.631578947368421,0.7066058002148228,0.5,0,0,0,49.47257554767235,-23.683753484680356,42.602696421548515
21500,0.06,0,0.44167637923448033,0.631578947368421,0.7056176154672396,0.55,0,0,0,49.473552066615504,-23.684141297575163,42.606162009669625
21600,0.06,0,0.4416433390028956,0.631578947368421,0.7066165413533835,0.54,0,0,0,49.47430935576048,-23.683813846302034,42.60869725367541
21700,0.06,0,0.4416217333105456,0.631578947368421,0.7025349087003222,0.56,0,0,0,49.47760740394265,-23.682668498537037,42.607941497873185
21800,0.06,0,0.4415513597737861,0.631578947368421,0.7132116004296455,0.5,0,0,0,49.48542868939693,-23.68147305274992,42.607996906780656
21900,0.06,0,0.4415488308564642,0.631578947368421,0.7139205155746509,0.59,0,0,0,49.48098513541593,-23.68174384036083,42.61206729802821
22000,0.06,0,0.44137966012021757,0.631578947368421,0.7118474758324382,0.52,0,0,0,49.49676493562378,-23.68055715158095,42.61480939636322
22100,0.06,0,0.4413160317165516,0.631578947368421,0.7129108485499462,0.55,0,0,0,49.502309046879994,-23.682056388547583,42.616180127340925
22200,0.06,0,0.4412879423678196,0.631578947368421,0.717422126745435,0.48,0,0,0,49.504629865956744,-23.681577668520173,42.6168947697497
22300,0.06,0,0.44123188990079126,0.631578947368421,0.7151450053705692,0.45,0,0,0,49.50500489315322,-23.682839598220912,42.62198577535838
22400,0.06,0,0.44113355037610064,0.631578947368421,0.7189151450053706,0.51,0,0,0,49.512016986820484,-23.684542036530885,42.62544961991471
22500,0.06,0,0.44108846432479093,0.631578947368421,0.7128249194414608,0.49,0,0,0,49.51483471464042,-23.684663032971805,42.627380675672484
22600,0.06,0,0.4410673100916869,0.631578947368421,0.7143394199785177,0.5,0,0,0,49.51288489773376,-23.682308512677896,42.63110389350912
22700,0.06,0,0.4410215633212295,0.631578947368421,0.7093233082706767,0.54,0,0,0,49.518578647642364,-23.681036341248863,42.63062365751368
22800,0.06,0,0.44097768399924625,0.631578947368421,0.7129108485499462,0.58,0,0,0,49.51583509977809,-23.681708980049116,42.637227892668626
22900,0.06,0,0.4408007165254872,0.631578947368421,0.7153061224489796,0.51,0,0,0,49.5217741484096,-23.68007391633728,42.6492299326916
23000,0.06,0,0.44076845058506176,0.631578947368421,0.721890440386681,0.52,0,0,0,49.521418014095154,-23.67960049926964,42.6526587551162
23100,0.06,0,0.4406538135814235,0.631578947368421,0.7286466165413534,0.59,0,0,0,49.52719354325417,-23.679666544401986,42.65877977178686
23200,0.06,0,0.440509344690819,0.631578947368421,0.7251987110633727,0.49,0,0,0,49.53550564842719,-23.679507583497912,42.6656095599538
23300,0.06,0,0.4405234585802296,0.631578947368421,0.7187755102040816,0.55,0,0,0,49.53403573825854,-23.67887763160271,42.66550865129475
23400,0.06,0,0.4404758416909749,0.631578947368421,0.7128249194414608,0.49,0,0,0,49.53832760050511,-23.679573827031977,42.66642411328753
23500,0.06,0,0.4404660027983241,0.631578947368421,0.7172932330827068,0.5,0,0,0,49.54152637246153,-23.67983352430585,42.664622247515815
23600,0.06,0,0.4404373854317058,0.631578947368421,0.7231578947368421,0.49,0,0,0,49.53859668962287,-23.678849873249682,42.66991770032374
23700,0.06,0,0.4404363574037468,0.631578947368421,0.7261976369495167,0.54,0,0,0,49.54182987727405,-23.68003301043254,42.66723257572829
23800,0.06,0,0.4403689250995785,0.631578947368421,0.7350805585392052,0.58,0,0,0,49.54355876365279,-23.679001043368327,42.6722769183376
23900,0.06,0,0.4402802622056233,0.631578947368421,0.7269602577873254,0.5,0,0,0,49.55009210258442,-23.677835720136898,42.675242579293496
24000,0.06,0,0.44029055155577485,0.631578947368421,0.7236197636949516,0.47,0,0,0,49.54669309321182,-23.677255968884612,42.67717282685865
24100,0.06,0,0.4402469163093992,0.631578947368421,0.7220515574650913,0.44,0,0,0,49.547704731043815,-23.67541901387069,42.680531346190804
24200,0.06,0,0.44019356656709674,0.631578947368421,0.7260257787325457,0.54,0,0,0,49.54694634556737,-23.67305936060987,42.68635742456263
24300,0.06,0,0.4400882637977937,0.631578947368421,0.7252309344790547,0.59,0,0,0,49.542962625958616,-23.67483706517328,42.70000447120788
24400,0.06,0,0.4400413453776663,0.631578947368421,0.7311278195488722,0.52,0,0,0,49.54979368674532,-23.67430618962256,42.698669904226335
24500,0.06,0,0.4400842372636939,0.631578947368421,0.7257465091299677,0.54,0,0,0,49.5505559890318,-23.674519875113262,42.693851541467154
24600,0.06,0,0.44016592038085856,0.631578947368421,0.7255639097744361,0.38,0,0,0,49.55128638942351,-23.675848067191914,42.68529949227442
24700,0.06,0,0.44004444473607185,0.631578947368421,0.7282062298603652,0.4,0,0,0,49.559968132133115,-23.677550910062326,42.68960337629326
24800,0.06,0,0.4400546574657638,0.631578947368421,0.7354135338345865,0.53,0,0,0,49.55486774759405,-23.67761558103361,42.693006323873384
24900,0.06,0,0.4399853944068604,0.631578947368421,0.7326638023630505,0.49,0,0,0,49.558751390082364,-23.67924374143424,42.69638097201116
25000,0.06,0,0.4399381130492403,0.631578947368421,0.7315789473684211,0.57,0,0,0,49.56202689435557,-23.68224273357053,42.6981476054364
25100,0.06,0,0.4399778907538188,0.631578947368421,0.7277121374865736,0.49,0,0,0,49.55245846768781,-23.681984811947945,42.70253146851231
25200,0.06,0,0.43998094832943946,0.631578947368421,0.7276906552094522,0.55,0,0,0,49.55535018328507,-23.683838580801584,42.69974290019941
25300,0.06,0,0.4400095234226373,0.631578947368421,0.730139634801289,0.52,0,0,0,49.56078337837671,-23.682727136198636,42.69228915751714
25400,0.06,0,0.44000859328010244,0.631578947368421,0.7307089151450054,0.56,0,0,0,49.56299311089692,-23.68131308444184,42.69047599470337
25500,0.06,0,0.4400028533344281,0.631578947368421,0.7238023630504834,0.46,0,0,0,49.564472674676445,-23.682732742540036,42.68975851979559
25600,0.06,0,0.44001593980668297,0.631578947368421,0.7241783029001074,0.53,0,0,0,49.56408272340349,-23.68202176793273,42.68882474447053
25700,0.06,0,0.44002459226386414,0.631578947368421,0.7270998925886144,0.43,0,0,0,49.55936410844381,-23.680771011414905,42.692049711075825
25800,0.06,0,0.4400389666488357,0.631578947368421,0.7316111707841031,0.47,0,0,0,49.560289095624704,-23.681797970103975,42.689858352414426
25900,0.06,0,0.44009477475451714,0.631578947368421,0.7332116004296455,0.55,0,0,0,49.556363929928835,-23.68148448087509,42.68782574968433
26000,0.06,0,0.4400611010875104,0.631578947368421,0.7321589688506982,0.53,0,0,0,49.552013792372485,-23.681266826755866,42.69484006261619
26100,0.06,0,0.4399163607488929,0.631578947368421,0.7314393125671321,0.57,0,0,0,49.55662815458668,-23.68155100320468,42.70491067833315
26200,0.06,0,0.43982369819042744,0.631578947368421,0.734296455424275,0.5,0,0,0,49.55912530942532,-23.67995472596473,42.71175555541759
26300,0.06,0,0.4397730468822965,0.631578947368421,0.7373361976369495,0.52,0,0,0,49.5608095286925,-23.679085038657323,42.71522328949037
26400,0.06,0,0.43975331503148174,0.631578947368421,0.7361117078410312,0.44,0,0,0,49.561750009574475,-23.679215155925835,42.71632933521392
26500,0.06,0,0.4397567860846492,0.631578947368421,0.7353813104189044,0.49,0,0,0,49.56302326793789,-23.679384096703476,42.71489480978831
26600,0.06,0,0.43972675139040635,0.631578947368421,0.7383888292158969,0.6,0,0,0,49.56693464310768,-23.67858838628905,42.71444146468506
26700,0.06,0,0.43968509091845914,0.631578947368421,0.7276906552094522,0.54,0,0,0,49.571147101116395,-23.678970085534186,42.71485855543498
26800,0.06,0,0.4397203652396083,0.631578947368421,0.732406015037594,0.51,0,0,0,49.56696469771516,-23.677285821111873,42.71503591544827
26900,0.06,0,0.4396970583768574,0.631578947368421,0.7338882921589689,0.57,0,0,0,49.57171511940997,-23.67646966650292,42.71320652784068
27000,0.06,0,0.4396588933031892,0.631578947368421,0.7300644468313642,0.47,0,0,0,49.56709118751069,-23.675894147417722,42.720899198754
27100,0.06,0,0.439662955763221,0.631578947368421,0.7386680988184747,0.54,0,0,0,49.56608902388504,-23.6742905591471,42.72136821470511
27200,0.06,0,0.43956998076997233,0.631578947368421,0.735810955961332,0.51,0,0,0,49.57236429586938,-23.674778231700156,42.72499520041374
27300,0.06,0,0.43957926646336704,0.631578947368421,0.7347475832438238,0.53,0,0,0,49.56392406042242,-23.674169657193712,42.7313681568524
27400,0.06,0,0.43947982273018005,0.631578947368421,0.7266595059076262,0.5,0,0,0,49.567098535065924,-23.67408300600568,42.738299933145555
27500,0.06,0,0.4393718175839664,0.631578947368421,0.7395918367346939,0.43,0,0,0,49.5816057731114,-23.67516594428476,42.736297734419274
27600,0.06,0,0.4393695230229243,0.631578947368421,0.7378410311493018,0.44,0,0,0,49.5773395854335,-23.675122478825276,42.740198447514544
27700,0.06,0,0.43940168104482474,0.631578947368421,0.730859291084855,0.53,0,0,0,49.580954768677096,-23.675873764501315,42.733954303136954
27800,0.06,0,0.4393934062887985,0.631578947368421,0.7397959183673469,0.61,0,0,0,49.572741803802884,-23.678049857462586,42.74183916059701
27900,0.06,0,0.43934742934819127,0.631578947368421,0.7377551020408163,0.49,0,0,0,49.5764261613716,-23.677730842473764,42.74313525349999
28000,0.06,0,0.4393387234225963,0.631578947368421,0.7355853920515575,0.6,0,0,0,49.57276441509486,-23.677855014690053,42.747139581280855
28100,0.06,0,0.4394358147144116,0.631578947368421,0.7448764769065521,0.41,0,0,0,49.56690021436987,-23.678257022186397,42.742751045943834
28200,0.06,0,0.43938442294565466,0.631578947368421,0.7427389903329753,0.57,0,0,0,49.56719989052088,-23.680935696299713,42.74749192431058
28300,0.06,0,0.43936906551199134,0.631578947368421,0.7352094522019335,0.47,0,0,0,49.57023856319214,-23.68130883172101,42.74636556606711
28400,0.06,0,0.4393145904415386,0.631578947368421,0.736186895810956,0.49,0,0,0,49.572614921948734,-23.68050656434706,42.74961673791494
28500,0.06,0,0.43932538387889003,0.631578947368421,0.7401503759398497,0.51,0,0,0,49.57237339344321,-23.680190596626858,42.74877473772451
28600,0.06,0,0.439295025683767,0.631578947368421,0.7372073039742213,0.48,0,0,0,49.57419683162171,-23.679628872550666,42.750156466969806
28700,0.06,0,0.4392304766197948,0.631578947368421,0.7427712137486574,0.62,0,0,0,49.57141434444093,-23.681425267467066,42.75883896254436
28800,0.06,0,0.4393303000040366,0.631578947368421,0.7380988184747583,0.57,0,0,0,49.56775492242145,-23.68182977457401,42.75227944567454
28900,0.06,0,0.43931695231859114,0.631578947368421,0.7393447905477981,0.61,0,0,0,49.5729400686701,-23.682046795871887,42.74910651401931
29000,0.06,0,0.4393140061329462,0.631578947368421,0.7333941997851773,0.56,0,0,0,49.569722993320624,-23.68175816422551,42.752167639627984
29100,0.06,0,0.43928663522506667,0.631578947368421,0.7321374865735768,0.5,0,0,0,49.57342513072342,-23.680082342640436,42.75163850010087
29200,0.06,0,0.4392100259750297,0.631578947368421,0.7367991407089152,0.56,0,0,0,49.5819245775332,-23.68004835195905,42.75176559681052
29300,0.06,0,0.43907496109272515,0.631578947368421,0.7421482277121375,0.59,0,0,0,49.58762962386407,-23.678618498928387,42.759996473425
29400,0.06,0,0.4390303019448509,0.631578947368421,0.7405585392051558,0.44,0,0,0,49.58738593903281,-23.679158512792153,42.76455627096144
29500,0.06,0,0.4389896779566533,0.631578947368421,0.7385177228786252,0.47,0,0,0,49.58728609050285,-23.678908756955675,42.7685998099489
29600,0.06,0,0.438913476689768,0.631578947368421,0.7466165413533835,0.48,0,0,0,49.58791174442608,-23.68023846146654,42.77548530464607
29700,0.06,0,0.4389052950685051,0.631578947368421,0.7407303974221268,0.62,0,0,0,49.59205871729095,-23.679408402230735,42.772705655262435
29800,0.06,0,0.43891196382851744,0.631578947368421,0.7425349087003222,0.47,0,0,0,49.588783185393154,-23.680163931792,42.774881033988414
29900,0.06,0,0.43885239302052365,0.631578947368421,0.7485499462943072,0.47,0,0,0,49.584797135249175,-23.681574669416815,42.78412646986663
30000,0.06,0,0.43886794795303796,0.631578947368421,0.7449516648764769,0.49,0,0,0,49.587235105833805,-23.68238928003243,42.780506639580324
30100,0.06,0,0.43885287312571886,0.631578947368421,0.7403544575725027,0.42,0,0,0,49.58980392432665,-23.68190045953992,42.77976000864881
30200,0.06,0,0.43872733615435966,0.631578947368421,0.7368635875402793,0.53,0,0,0,49.596796921965044,-23.682514821393262,42.785967421395874
30300,0.06,0,0.4388193935541959,0.631578947368421,0.7396777658431793,0.58,0,0,0,49.59495805846144,-23.682766589441087,42.77857766853466
30400,0.06,0,0.4388642577066537,0.631578947368421,0.7372395273899033,0.46,0,0,0,49.590801722405764,-23.685017318326217,42.7777895252671
30500,0.06,0,0.43878004960911604,0.631578947368421,0.7404833512352309,0.49,0,0,0,49.5888116259661,-23.684019038750243,42.78771627432832
30600,0.06,0,0.43868586268382165,0.631578947368421,0.7373576799140709,0.5,0,0,0,49.59371273519146,-23.68485405366241,42.79267348838657
30700,0.06,0,0.4385992388497228,0.631578947368421,0.7458861439312567,0.61,0,0,0,49.59925212824574,-23.68407483650124,42.79634493080193
30800,0.06,0,0.4385367808483744,0.631578947368421,0.7462406015037594,0.57,0,0,0,49.602436721895316,-23.685088586213176,42.79969212390759
30900,0.06,0,0.4385655742310201,0.631578947368421,0.7539205155746509,0.55,0,0,0,49.60705513860245,-23.685948762338903,42.79289778297031
31000,0.06,0,0.4385271140590681,0.631578947368421,0.7437271750805585,0.55,0,0,0,49.60239115266328,-23.687423155201277,42.80067491085271
31100,0.06,0,0.43862054898954034,0.631578947368421,0.7396455424274974,0.53,0,0,0,49.59415593232263,-23.685992952248963,42.7986631466072
31200,0.06,0,0.4386473702916497,0.631578947368421,0.7446938775510205,0.55,0,0,0,49.59329250665865,-23.686859143430333,42.79679128671387
31300,0.06,0,0.4386389562204388,0.631578947368421,0.7406229860365199,0.5,0,0,0,49.59442395613248,-23.685329692394006,42.79663583770162
31400,0.06,0,0.4386216868552834,0.631578947368421,0.7496455424274974,0.5,0,0,0,49.59626915633769,-23.68656532595485,42.79672853566344
31500,0.06,0,0.4386593486527515,0.631578947368421,0.7423523093447906,0.52,0,0,0,49.59086124689412,-23.68587091074412,42.79772075934277
31600,0.06,0,0.43856359502097647,0.631578947368421,0.7418259935553169,0.55,0,0,0,49.596685492859585,-23.685748216682562,42.80203805883871
31700,0.06,0,0.43853890600402795,0.631578947368421,0.7382384532760473,0.48,0,0,0,49.59936800563755,-23.683151199474626,42.80213272399687
31800,0.06,0,0.4384261691548166,0.631578947368421,0.7481525241675617,0.51,0,0,0,49.607998252269965,-23.683825930736464,42.80569070621879
31900,0.06,0,0.438315104181023,0.631578947368421,0.7462406015037594,0.54,0,0,0,49.61395246265223,-23.682992285000935,42.811398823304884
32000,0.06,0,0.4383622437315974,0.631578947368421,0.7453168635875402,0.5,0,0,0,49.61104626277642,-23.681159031743125,42.80930268241424
32100,0.06,0,0.4383082093392997,0.631578947368421,0.7509559613319012,0.46,0,0,0,49.60240759005063,-23.68052233661489,42.82203670544839
32200,0.06,0,0.4383092467441549,0.631578947368421,0.7476476906552094,0.52,0,0,0,49.59983321637583,-23.6811991827075,42.8241579341583
32300,0.06,0,0.4383281537385535,0.631578947368421,0.7411170784103115,0.47,0,0,0,49.601002553328605,-23.680602226577612,42.82130121228201
32400,0.06,0,0.438285287587348,0.631578947368421,0.7486466165413533,0.61,0,0,0,49.606530394700094,-23.680669828321772,42.82071711171582
32500,0.06,0,0.43829023326197636,0.631578947368421,0.7538990332975295,0.6,0,0,0,49.61801139657402,-23.681391472905332,42.81032584281328
32600,0.06,0,0.43826446478358044,0.631578947368421,0.7582921589688507,0.49,0,0,0,49.62487771663152,-23.682524575293233,42.80691916971685
32700,0.06,0,0.43822316507089487,0.631578947368421,0.748453276047261,0.38,0,0,0,49.62207116552506,-23.682575744807092,42.813374770662946
32800,0.06,0,0.4381854778428045,0.631578947368421,0.7519978517722878,0.51,0,0,0,49.62345626284064,-23.68423646597979,42.81586192499066
32900,0.06,0,0.4380956849838353,0.631578947368421,0.7529860365198711,0.54,0,0,0,49.62392708225343,-23.68679839482353,42.82423122959409
33000,0.06,0,0.43804401833617246,0.631578947368421,0.7570676691729323,0.56,0,0,0,49.62597655462523,-23.68680037626187,42.82751350476121
33100,0.06,0,0.4380053249079503,0.631578947368421,0.7578732545649839,0.49,0,0,0,49.622673176307394,-23.686850176921205,42.834148167816146
33200,0.06,0,0.4379990908107939,0.631578947368421,0.7552631578947369,0.43,0,0,0,49.62260883210254,-23.68696825582094,42.83481337432736
33300,0.06,0,0.438033043259862,0.631578947368421,0.7458968850698174,0.47,0,0,0,49.615253192980454,-23.68547222288387,42.83784312066495
33400,0.06,0,0.43799859278313474,0.631578947368421,0.7551235230934479,0.51,0,0,0,49.61737379484036,-23.685259599372706,42.8393815067911
33500,0.06,0,0.43789379338666823,0.631578947368421,0.7550912996777659,0.49,0,0,0,49.62377140186814,-23.685708899974447,42.844109817027274
33600,0.06,0,0.43793583140864656,0.631578947368421,0.7476799140708915,0.5,0,0,0,49.626760914601135,-23.685476038479287,42.83741647744966
33700,0.06,0,0.43787421413103744,0.631578947368421,0.7526208378088077,0.52,0,0,0,49.62950695265122,-23.68534138389072,42.84107396124664
33800,0.06,0,0.4378712834687071,0.631578947368421,0.7509667024704618,0.45,0,0,0,49.63523624101579,-23.686254782182452,42.83641560960975
33900,0.06,0,0.4379114295566025,0.631578947368421,0.7493555316863587,0.5,0,0,0,49.63593308068421,-23.683163560979803,42.831887200665165
34000,0.06,0,0.4378363732452509,0.631578947368421,0.7571106337271751,0.46,0,0,0,49.63719579443512,-23.684414072105383,42.83813989634441
34100,0.06,0,0.43786694778716995,0.631578947368421,0.7573254564983888,0.52,0,0,0,49.635104202431044,-23.683342812342932,42.83695372220643
34200,0.06,0,0.4378875662510673,0.631578947368421,0.7593662728249194,0.52,0,0,0,49.627547964758755,-23.684626923618506,42.84145869450791
34300,0.06,0,0.4378263735764488,0.631578947368421,0.7532223415682062,0.48,0,0,0,49.631321475320455,-23.686059820297572,42.84418869149903
34400,0.06,0,0.43787145779506015,0.631578947368421,0.7570676691729323,0.57,0,0,0,49.625491258146994,-23.684130826194203,42.84481036077527
34500,0.06,0,0.4379386189138129,0.631578947368421,0.7517293233082707,0.56,0,0,0,49.61655297395031,-23.685366619707317,42.84595698286073
34600,0.06,0,0.43794404070033016,0.631578947368421,0.7526638023630505,0.66,0,0,0,49.61447288506318,-23.684290863458017,42.847222842400335
34700,0.06,0,0.43795106642065434,0.631578947368421,0.7534049409237379,0.46,0,0,0,49.61897935751907,-23.684319747908244,42.84264408792942
34800,0.06,0,0.4379092419299997,0.631578947368421,0.7557357679914071,0.55,0,0,0,49.63203081543567,-23.68634414274426,42.8354688004101
34900,0.06,0,0.4379499886789042,0.631578947368421,0.7525241675617615,0.5,0,0,0,49.63009137673729,-23.684887249483562,42.833157163457976
35000,0.06,0,0.43788529561889133,0.631578947368421,0.7504940923737916,0.56,0,0,0,49.63215639946223,-23.685678787044683,42.83770291986288
35100,0.06,0,0.43780094543817255,0.631578947368421,0.7518259935553169,0.52,0,0,0,49.632447429773926,-23.685029149784555,42.8457051330453
35200,0.06,0,0.4377792104831812,0.631578947368421,0.7507303974221268,0.46,0,0,0,49.632705413083805,-23.686353857609905,42.84760962912721
35300,0.06,0,0.43785128717842436,0.631578947368421,0.7523630504833513,0.55,0,0,0,49.622819303033914,-23.68538103120587,42.84909120206283
35400,0.06,0,0.43778059558009225,0.631578947368421,0.7517078410311493,0.6,0,0,0,49.62705064053528,-23.68420046857137,42.852356334493244
35500,0.06,0,0.43774720314656246,0.631578947368421,0.7519119226638024,0.57,0,0,0,49.62241417348727,-23.684038463412357,42.85962943021383
35600,0.06,0,0.4376777532307516,0.631578947368421,0.7576476906552094,0.46,0,0,0,49.62634758170341,-23.684598780900295,42.863032704926574
35700,0.06,0,0.4376776858250377,0.631578947368421,0.7571535982814178,0.52,0,0,0,49.62113396023384,-23.68609959604376,42.86754286430605
35800,0.06,0,0.4376579559573454,0.631578947368421,0.75515574650913,0.61,0,0,0,49.61914688396127,-23.68605366300342,42.87119213246428
35900,0.06,0,0.43766768345689455,0.631578947368421,0.7505048335123523,0.56,0,0,0,49.61390714572213,-23.68485795877457,42.874766825017694
36000,0.06,0,0.4376520757267222,0.631578947368421,0.7477121374865736,0.49,0,0,0,49.61384148249588,-23.685262850214887,42.8763525889457
36100,0.06,0,0.43771762462435404,0.631578947368421,0.7555531686358754,0.49,0,0,0,49.612350738093056,-23.68707332378583,42.87121993742808
36200,0.06,0,0.437618412242475,0.631578947368421,0.7513319011815253,0.59,0,0,0,49.62174512556233,-23.68804680503556,42.872821044761466
36300,0.06,0,0.4375654155804001,0.631578947368421,0.754779806659506,0.53,0,0,0,49.61567691154354,-23.68796392720998,42.88325784566087
36400,0.06,0,0.4375998861749461,0.631578947368421,0.7559505907626208,0.55,0,0,0,49.609105477783,-23.68808397667567,42.88555989981966
36500,0.06,0,0.43760090349311226,0.631578947368421,0.7512567132116005,0.54,0,0,0,49.61997458124937,-23.688190922271215,42.87606627236218
36600,0.06,0,0.43763995990384025,0.631578947368421,0.7425349087003222,0.46,0,0,0,49.62551444068678,-23.689656366586792,42.867453903839724
36700,0.06,0,0.43765175741805856,0.631578947368421,0.7539312567132116,0.48,0,0,0,49.62567742463387,-23.688974966689937,42.866157567418306
36800,0.06,0,0.4376418316685255,0.631578947368421,0.7573469387755102,0.58,0,0,0,49.62170526193368,-23.68945007875871,42.87056124147647
36900,0.06,0,0.4376676961854475,0.631578947368421,0.7506981740064447,0.51,0,0,0,49.62237076005278,-23.69048588403049,42.86745283841018
37000,0.06,0,0.43776720540280195,0.631578947368421,0.7490332975295382,0.53,0,0,0,49.61940192227344,-23.691594140548634,42.860272873870734
37100,0.06,0,0.43773410547885633,0.631578947368421,0.755016111707841,0.53,0,0,0,49.62282757754899,-23.69095352812814,42.86055478422077
37200,0.06,0,0.4378518120458212,0.631578947368421,0.7501825993555317,0.48,0,0,0,49.620091616497334,-23.69187312453322,42.85139530969962
37300,0.06,0,0.43784686481912144,0.631578947368421,0.7562728249194415,0.51,0,0,0,49.621210880174345,-23.692961328859028,42.850912913528084
37400,0.06,0,0.4377453898434784,0.631578947368421,0.7487755102040816,0.5,0,0,0,49.63520310636127,-23.694063634571002,42.848763776282276
37500,0.06,0,0.4378177352013377,0.631578947368421,0.7505585392051557,0.51,0,0,0,49.63293842716123,-23.694742327625985,42.843638215838936
37600,0.06,0,0.43784128366960584,0.631578947368421,0.7460580021482277,0.56,0,0,0,49.62916884757845,-23.695518186508217,42.844587961624136
37700,0.06,0,0.4376782762652691,0.631578947368421,0.75828141783029,0.53,0,0,0,49.63780355894326,-23.694978983173183,42.85308907602737
37800,0.06,0,0.43763245151575353,0.631578947368421,0.7549301825993555,0.5,0,0,0,49.64647709704299,-23.69443371380806,42.85008877170876
37900,0.06,0,0.43766166312809496,0.631578947368421,0.7526960257787325,0.48,0,0,0,49.642360488419094,-23.693844916116998,42.8507818739797
38000,0.06,0,0.4377582693268119,0.631578947368421,0.7548764769065521,0.5,0,0,0,49.643095494711595,-23.694394635775602,42.84069109608248
38100,0.06,0,0.4378347740491253,0.631578947368421,0.7528786251342642,0.55,0,0,0,49.642679979014474,-23.696067091037207,42.83356388039897
38200,0.06,0,0.43787895656075004,0.631578947368421,0.7542857142857143,0.56,0,0,0,49.6417864027859,-23.696836753494633,42.830012869580926
38300,0.06,0,0.43776750601583153,0.631578947368421,0.7486788399570354,0.43,0,0,0,49.6494246915489,-23.69608379066603,42.83432605801302
38400,0.06,0,0.4376837397626047,0.631578947368421,0.7508700322234156,0.53,0,0,0,49.65089972902953,-23.694614771615893,42.8412511471738
38500,0.06,0,0.43781192490428383,0.631578947368421,0.7512996777658432,0.51,0,0,0,49.6387840631254,-23.69265889092068,42.83916132015857
38600,0.06,0,0.4377808881718995,0.631578947368421,0.7577980665950591,0.51,0,0,0,49.64221279025055,-23.692215671890935,42.83923936916025
38700,0.06,0,0.4377922071710308,0.631578947368421,0.7561331901181525,0.55,0,0,0,49.63324089462681,-23.692118158639794,42.845875357760384
38800,0.06,0,0.43786882096824836,0.631578947368421,0.7511278195488722,0.55,0,0,0,49.626207437733406,-23.692738558959306,42.844450052623635
38900,0.06,0,0.43779712872864546,0.631578947368421,0.7536519871106337,0.58,0,0,0,49.62881832911076,-23.693592391324884,42.849211775068525
39000,0.06,0,0.43776837230036914,0.631578947368421,0.7566380236305048,0.52,0,0,0,49.63289488236749,-23.693708776390455,42.84850687068157
39100,0.06,0,0.43769271609107374,0.631578947368421,0.7528141783029001,0.42,0,0,0,49.64157165417381,-23.691271556275094,42.84842261795375
39200,0.06,0,0.4376701297704777,0.631578947368421,0.7458324382384532,0.57,0,0,0,49.64581257636559,-23.691193263395913,42.84697339160158
39300,0.06,0,0.4376590775597917,0.631578947368421,0.7448872180451128,0.53,0,0,0,49.647859947378905,-23.69065992675203,42.84628844511608
39400,0.06,0,0.4376229037897785,0.631578947368421,0.75484425349087,0.62,0,0,0,49.65022784154916,-23.68966443248871,42.84778653273239
39500,0.06,0,0.4375941254873007,0.631578947368421,0.7553490870032223,0.6,0,0,0,49.650399449972426,-23.691460723804507,42.850456303999536
39600,0.06,0,0.43750099489372857,0.631578947368421,0.7547583243823845,0.48,0,0,0,49.66259462407248,-23.692197275668935,42.849053235257784
39700,0.06,0,0.4374461034930112,0.631578947368421,0.7536305048335123,0.62,0,0,0,49.662141164479145,-23.691839941998435,42.854821298589535
39800,0.06,0,0.4374031638488392,0.631578947368421,0.7511385606874329,0.58,0,0,0,49.6728009306969,-23.6921036157603,42.84983080147684
39900,0.06,0,0.43735446378297915,0.631578947368421,0.7555853920515575,0.55,0,0,0,49.682109862329966,-23.69228814129065,42.846572531211244
40000,0.06,0,0.4373194544715617,0.631578947368421,0.7564446831364124,0.51,0,0,0,49.684561462885746,-23.693773579001764,42.84788822360582
40100,0.06,0,0.43723323318612217,0.631578947368421,0.7561546723952739,0.64,0,0,0,49.68759255599634,-23.695065906344364,42.85372335262004
40200,0.06,0,0.4372137097617274,0.631578947368421,0.7634264232008593,0.44,0,0,0,49.68589618679526,-23.69439801721323,42.85710012236371
40300,0.06,0,0.43712451288255844,0.631578947368421,0.7612889366272825,0.57,0,0,0,49.691367605372314,-23.6942071793025,42.86112539893897
40400,0.06,0,0.4371070225149705,0.631578947368421,0.7662620837808808,0.64,0,0,0,49.69542239534783,-23.695642960767668,42.85934314049154
40500,0.06,0,0.4371041953922431,0.631578947368421,0.7654779806659506,0.53,0,0,0,49.693258649819825,-23.693941341786406,42.861486543153816
40600,0.06,0,0.43708695751558196,0.631578947368421,0.7606444683136413,0.59,0,0,0,49.690151698564065,-23.694203274302915,42.865857002922404
40700,0.06,0,0.437076035437706,0.631578947368421,0.7569602577873255,0.54,0,0,0,49.691654025424214,-23.694265893465275,42.86563218128555
40800,0.06,0,0.43699526548865286,0.631578947368421,0.7619656283566058,0.5,0,0,0,49.69239975893201,-23.693350299636865,42.87291164412588
40900,0.06,0,0.4369790130709406,0.631578947368421,0.7566380236305048,0.41,0,0,0,49.68579229794134,-23.69256228115163,42.880207864997054
41000,0.06,0,0.43695816219192646,0.631578947368421,0.7623308270676692,0.51,0,0,0,49.68072210726292,-23.69245578383291,42.8866304031498
41100,0.06,0,0.4369270325594492,0.631578947368421,0.7690332975295381,0.54,0,0,0,49.67933222865602,-23.69270427410543,42.89088586100615
41200,0.06,0,0.43693206805174734,0.631578947368421,0.7597529538131041,0.43,0,0,0,49.67663301055924,-23.694551956987468,42.892722040693435
41300,0.06,0,0.4368458538264218,0.631578947368421,0.7528571428571429,0.51,0,0,0,49.68160658790557,-23.69439243899192,42.89689238795813
41400,0.06,0,0.436904025978737,0.631578947368421,0.7523200859291085,0.53,0,0,0,49.68555310896024,-23.694107286600204,42.88777398127474
41500,0.06,0,0.43686291278658246,0.631578947368421,0.7588936627282492,0.46,0,0,0,49.68726407546664,-23.694241575822684,42.89033318496017
41600,0.06,0,0.43681909539560304,0.631578947368421,0.7621589688506982,0.55,0,0,0,49.69014241073671,-23.693748754688464,42.89215081999658
41700,0.06,0,0.4367428311471694,0.631578947368421,0.7679699248120301,0.53,0,0,0,49.69362527732044,-23.69134770729245,42.89663397048892
41800,0.06,0,0.43673180778050125,0.631578947368421,0.7554350161117078,0.48,0,0,0,49.693549686070945,-23.692919051415426,42.89778196044037
41900,0.06,0,0.43672983477855465,0.631578947368421,0.7675510204081633,0.53,0,0,0,49.69209107814923,-23.692823977544712,42.89923493933461
42000,0.06,0,0.43677353823904463,0.631578947368421,0.7642857142857142,0.45,0,0,0,49.68886856258187,-23.692137522099003,42.89772435483023
42100,0.06,0,0.43669687518536404,0.631578947368421,0.7616111707841031,0.53,0,0,0,49.685857378745034,-23.692759874013046,42.90785538964133
42200,0.06,0,0.43681129245728395,0.631578947368421,0.7611385606874329,0.56,0,0,0,49.68622374193586,-23.6927992047997,42.89629991212381
42300,0.06,0,0.43670946858606985,0.631578947368421,0.7622126745435016,0.56,0,0,0,49.6874032270836,-23.69459374230994,42.90528316673746
42400,0.06,0,0.4366788288207567,0.631578947368421,0.7637379162191192,0.53,0,0,0,49.68875308562266,-23.694165531635054,42.907127976434126
42500,0.06,0,0.4366595783884754,0.631578947368421,0.7647690655209453,0.58,0,0,0,49.695019807526684,-23.693072232572106,42.903608583428664
42600,0.06,0,0.43657706936592194,0.631578947368421,0.7649087003222341,0.6,0,0,0,49.694315661123724,-23.69288566594031,42.91232500806869
42700,0.06,0,0.43662361452765003,0.631578947368421,0.7692696025778732,0.62,0,0,0,49.689124774055756,-23.692323104608406,42.91223290306886
42800,0.06,0,0.4365479090399434,0.631578947368421,0.7623308270676692,0.52,0,0,0,49.697677406476956,-23.69399073732647,42.91228849430708
42900,0.06,0,0.43653003940118557,0.631578947368421,0.7652094522019334,0.49,0,0,0,49.70028613831924,-23.6923328203618,42.91179260952642
43000,0.06,0,0.43659119187341094,0.631578947368421,0.7629323308270677,0.59,0,0,0,49.69724030142775,-23.69071312570402,42.908411641904635
43100,0.06,0,0.43673414603478494,0.631578947368421,0.7644038668098818,0.49,0,0,0,49.68982946023502,-23.691614531953995,42.900763982823555
43200,0.06,0,0.4367280990990285,0.631578947368421,0.7642857142857142,0.48,0,0,0,49.68671826004474,-23.690560844978073,42.90404431245298
43300,0.06,0,0.4366633597265117,0.631578947368421,0.7640494092373792,0.55,0,0,0,49.68962411762295,-23.691284058210215,42.907895825214474
43400,0.06,0,0.43664119849512767,0.631578947368421,0.763297529538131,0.47,0,0,0,49.702041899804094,-23.692348774454118,42.89935272085778
43500,0.06,0,0.4365939728692347,0.631578947368421,0.7723093447905478,0.51,0,0,0,49.709645516913994,-23.693094538047838,42.897430450280595
43600,0.06,0,0.4366506268484182,0.631578947368421,0.7649409237379162,0.52,0,0,0,49.70135795526958,-23.69067809196092,42.89901674790256
43700,0.06,0,0.4366813061486763,0.631578947368421,0.7657357679914071,0.47,0,0,0,49.6979195925351,-23.690054802945237,42.89897062288028
43800,0.06,0,0.43669277677795815,0.631578947368421,0.7683351235230934,0.55,0,0,0,49.69838019358258,-23.689690272962434,42.89744621948244
43900,0.06,0,0.43668811206140823,0.631578947368421,0.762406015037594,0.58,0,0,0,49.70765945766591,-23.69083074408471,42.889896410209104
44000,0.06,0,0.4366583484319893,0.631578947368421,0.7616970998925886,0.54,0,0,0,49.711425780022935,-23.68972964451394,42.88957016398215
44100,0.06,0,0.4365598054007275,0.631578947368421,0.7687432867883995,0.55,0,0,0,49.7129819834394,-23.68793646788581,42.89790856011711
44200,0.06,0,0.43649589964196367,0.631578947368421,0.7687540279269602,0.59,0,0,0,49.71077943774861,-23.687847615021713,42.90609004978191
44300,0.06,0,0.4365293045826091,0.631578947368421,0.7628141783029001,0.62,0,0,0,49.70858797735672,-23.687556564986384,42.9046981265658
44400,0.06,0,0.4364972256162981,0.631578947368421,0.7656498388829216,0.52,0,0,0,49.71018268437877,-23.687181643168575,42.906474782377515
44500,0.06,0,0.43642990294833217,0.631578947368421,0.7690118152524168,0.64,0,0,0,49.725767652168706,-23.687435646808712,42.89964368528006
44600,0.06,0,0.436361856597697,0.631578947368421,0.7683243823845327,0.51,0,0,0,49.72702691732874,-23.68715165768183,42.90524692290231
44700,0.06,0,0.43639568872304313,0.631578947368421,0.7609989258861439,0.47,0,0,0,49.72387210540306,-23.685690974128487,42.904642621722815
44800,0.06,0,0.43645499007314276,0.631578947368421,0.7654672395273899,0.64,0,0,0,49.724700309104556,-23.68299695598085,42.89809863400528
44900,0.06,0,0.43649314410082485,0.631578947368421,0.7656176154672395,0.53,0,0,0,49.725721613194196,-23.684504993301797,42.89346789904324
45000,0.06,0,0.4365807553972124,0.631578947368421,0.7627067669172932,0.43,0,0,0,49.72194742344435,-23.685078346787716,42.88811542224815
45100,0.06,0,0.4366204910103785,0.631578947368421,0.7671643394199785,0.45,0,0,0,49.7163895402161,-23.684167180234805,42.88900639651219
45200,0.06,0,0.43664611297651795,0.631578947368421,0.7617615467239527,0.47,0,0,0,49.71026357887567,-23.684321932811347,42.89177475659425
45300,0.06,0,0.43674126589296003,0.631578947368421,0.7614607948442534,0.6,0,0,0,49.711151791040145,-23.684000931185075,42.88166371588816
45400,0.06,0,0.4366745303390183,0.631578947368421,0.7648979591836734,0.53,0,0,0,49.71627432875186,-23.683585292347576,42.88379817573992
45500,0.06,0,0.4367163400526562,0.631578947368421,0.7643609022556391,0.48,0,0,0,49.71464730470101,-23.683671099135392,42.881095963787615
45600,0.06,0,0.4366380445405202,0.631578947368421,0.7662513426423201,0.48,0,0,0,49.72213406641635,-23.683886270193714,42.882327313426835
45700,0.06,0,0.43669259710368086,0.631578947368421,0.7693877551020408,0.44,0,0,0,49.72823165660462,-23.684167553414383,42.871712862052014
45800,0.06,0,0.43667447729188524,0.631578947368421,0.7616863587540279,0.51,0,0,0,49.73276237861659,-23.685051120642246,42.869585991031215
45900,0.06,0,0.4367278058337306,0.631578947368421,0.767422126745435,0.42,0,0,0,49.73103676228408,-23.684910687200126,42.86583856374067
46000,0.06,0,0.4367404027134996,0.631578947368421,0.7640279269602578,0.49,0,0,0,49.73088792403753,-23.685396838281616,42.86473047500513
46100,0.06,0,0.436836716516898,0.631578947368421,0.7662620837808808,0.49,0,0,0,49.72458977900281,-23.686131412224153,42.86070772917681
46200,0.06,0,0.43689646993966375,0.631578947368421,0.7674973147153599,0.65,0,0,0,49.717873383200384,-23.68469264082316,42.86063502745854
46300,0.06,0,0.43690318803823086,0.631578947368421,0.7533404940923738,0.58,0,0,0,49.72044292446832,-23.684140447724456,42.8577609814576
46400,0.06,0,0.4369299698363939,0.631578947368421,0.7549946294307197,0.48,0,0,0,49.71600425089999,-23.682508737427977,42.858960128878124
46500,0.06,0,0.4368203462571518,0.631578947368421,0.75687432867884,0.48,0,0,0,49.72447770079966,-23.681215070342045,42.862410586133734
46600,0.06,0,0.43683549666758176,0.631578947368421,0.7614822771213748,0.54,0,0,0,49.73061222926968,-23.680160908912107,42.855636907123916
46700,0.06,0,0.4369050185398761,0.631578947368421,0.7607518796992481,0.39,0,0,0,49.72732832595677,-23.680154285361596,42.85164722539399
46800,0.06,0,0.43685498112434684,0.631578947368421,0.7596455424274973,0.52,0,0,0,49.731252385019495,-23.679647685114205,42.853173848494194
46900,0.06,0,0.43680582269555407,0.631578947368421,0.7642320085929108,0.53,0,0,0,49.73083859764092,-23.678301590925575,42.8583531758876
47000,0.06,0,0.4368101671177405,0.631578947368421,0.76171858216971,0.59,0,0,0,49.73746869241752,-23.678039553542476,42.85221387632613
47100,0.06,0,0.4367918293417275,0.631578947368421,0.76171858216971,0.47,0,0,0,49.737237523482776,-23.677505570101825,42.854212112445815
47200,0.06,0,0.4368773419560574,0.631578947368421,0.754189044038668,0.58,0,0,0,49.72131538034657,-23.6749232766972,42.859544421526714
47300,0.06,0,0.43682151224097077,0.631578947368421,0.7616756176154672,0.58,0,0,0,49.7249850581124,-23.674712257951807,42.861858840376925
47400,0.06,0,0.4367377757313955,0.631578947368421,0.7613856068743287,0.6,0,0,0,49.72835004347363,-23.676174515183998,42.86717591648461
47500,0.06,0,0.4367229024000889,0.631578947368421,0.7615037593984962,0.58,0,0,0,49.73130081701689,-23.67778668395028,42.86609224819952
47600,0.06,0,0.4367565116235436,0.631578947368421,0.7614822771213748,0.46,0,0,0,49.731142240629055,-23.676476637738272,42.86293029837856
47700,0.06,0,0.4367671382069654,0.631578947368421,0.7564124597207303,0.55,0,0,0,49.729991855027585,-23.676416683314372,42.86287894773146
47800,0.06,0,0.4367218577951694,0.631578947368421,0.7624919441460795,0.63,0,0,0,49.726921392933036,-23.676928084308223,42.869969984040225
47900,0.06,0,0.4366630936765201,0.631578947368421,0.766219119226638,0.36,0,0,0,49.72937236867514,-23.677645748906386,42.873626042535115
48000,0.06,0,0.436541962038519,0.631578947368421,0.7693018259935553,0.54,0,0,0,49.737083403756245,-23.67917061545428,42.8788738168044
48100,0.06,0,0.4365682344406338,0.631578947368421,0.7620085929108485,0.5,0,0,0,49.735814291674835,-23.678745219247674,42.8773874703432
48200,0.06,0,0.4365559349418523,0.631578947368421,0.7669924812030076,0.51,0,0,0,49.74161795226397,-23.678683466708147,42.873592585558924
48300,0.06,0,0.4364710808224436,0.631578947368421,0.7674328678839957,0.58,0,0,0,49.74010175104279,-23.678984942693372,42.88323476587343
48400,0.06,0,0.43649214044681045,0.631578947368421,0.7628356605800215,0.53,0,0,0,49.738378198064964,-23.678819214580194,42.88265169424386
48500,0.06,0,0.43641098306080417,0.631578947368421,0.771750805585392,0.61,0,0,0,49.73592582556681,-23.676879257078454,42.89274123331482
48600,0.06,0,0.43641596882927813,0.631578947368421,0.7669172932330827,0.54,0,0,0,49.727239588408814,-23.67686465458255,42.89974352913322
48700,0.06,0,0.4363342883954727,0.631578947368421,0.766498388829216,0.49,0,0,0,49.725255973378204,-23.677540328272585,42.90948588434528
48800,0.06,0,0.4363165263249701,0.631578947368421,0.7618152524167562,0.55,0,0,0,49.72730287971403,-23.676949704369314,42.909466353615706
48900,0.06,0,0.43623390240530197,0.631578947368421,0.7624167561761547,0.61,0,0,0,49.72963882727199,-23.674410844240953,42.91557756067108
49000,0.06,0,0.4362810818244928,0.631578947368421,0.7595273899033298,0.58,0,0,0,49.72419772651046,-23.673356482989796,42.915632227287375
49100,0.06,0,0.43632155912436726,0.631578947368421,0.7588936627282492,0.63,0,0,0,49.725861049428815,-23.675188239196803,42.910215580221006
49200,0.06,0,0.4362881273387957,0.631578947368421,0.761063372717508,0.56,0,0,0,49.73042309577673,-23.675063584239663,42.90956700159728
49300,0.06,0,0.4363656152226429,0.631578947368421,0.7570998925886144,0.52,0,0,0,49.72865700598307,-23.67458636457041,42.903470952116635
49400,0.06,0,0.43638645146405647,0.631578947368421,0.7594414607948442,0.46,0,0,0,49.72319569476627,-23.675880083783362,42.90613447718872
49500,0.06,0,0.43638944997026186,0.631578947368421,0.7686358754027927,0.51,0,0,0,49.72178009013049,-23.67735744209661,42.90706121314248
49600,0.06,0,0.4364500881301056,0.631578947368421,0.7664876476906552,0.59,0,0,0,49.729531569941514,-23.677109800855114,42.894412810592726
49700,0.06,0,0.43649558716704495,0.631578947368421,0.7674758324382385,0.52,0,0,0,49.725331866481405,-23.67774279207829,42.893564021003804
49800,0.06,0,0.43651645699875763,0.631578947368421,0.7701288936627283,0.56,0,0,0,49.727742125827945,-23.67840366376756,42.889434368256204
49900,0.06,0,0.43650964143489446,0.631578947368421,0.7663480128893663,0.59,0,0,0,49.730963065351546,-23.67602517136022,42.887326158638935
50000,0.06,0,0.4366154693205023,0.631578947368421,0.7605585392051557,0.59,0,0,0,49.722815251555964,-23.677675362632808,42.88395704261962
50100,0.06,0,0.4366445286120266,0.631578947368421,0.7649946294307196,0.57,0,0,0,49.7184966790477,-23.67846228070591,42.88482772974635
50200,0.06,0,0.4366290170027679,0.631578947368421,0.7527712137486574,0.61,0,0,0,49.71374279374702,-23.679442891911595,42.8904522637436
50300,0.06,0,0.4366125900775176,0.631578947368421,0.7646509129967777,0.59,0,0,0,49.71881321832936,-23.67728806700002,42.88769173660117
50400,0.06,0,0.4366424875229596,0.631578947368421,0.762781954887218,0.6,0,0,0,49.70776895072734,-23.677312332953775,42.89428346743062
50500,0.06,0,0.4365450485233724,0.631578947368421,0.7673361976369495,0.53,0,0,0,49.71101159975652,-23.674271130938223,42.90105906382685
50600,0.06,0,0.43650711429125477,0.631578947368421,0.7691836734693878,0.65,0,0,0,49.7132781267695,-23.676051938671314,42.90283122481324
50700,0.06,0,0.4364876371274528,0.631578947368421,0.7716111707841031,0.62,0,0,0,49.71920614706209,-23.67533444205948,42.89963012357271
50800,0.06,0,0.4365009227806746,0.631578947368421,0.7673684210526316,0.59,0,0,0,49.71520815345801,-23.675112551954705,42.90177419384717
50900,0.06,0,0.4365769901532869,0.631578947368421,0.7686143931256714,0.47,0,0,0,49.70809105131555,-23.674388534214405,42.90044068325431
51000,0.06,0,0.43656578910077554,0.631578947368421,0.75484425349087,0.57,0,0,0,49.70750543038444,-23.671339426946492,42.90204682568852
51100,0.06,0,0.43660983450376817,0.631578947368421,0.7567991407089152,0.45,0,0,0,49.703611353075274,-23.671229486338028,42.901079710373544
51200,0.06,0,0.4365523117503542,0.631578947368421,0.7625349087003223,0.45,0,0,0,49.711616032120766,-23.67141121762362,42.89982367316457
51300,0.06,0,0.43647288127468564,0.631578947368421,0.7623415682062299,0.44,0,0,0,49.71608813308622,-23.669883538840146,42.90377103399099
51400,0.06,0,0.4364447053248714,0.631578947368421,0.7613319011815253,0.57,0,0,0,49.71957249303608,-23.668686949705574,42.90353390997194
51500,0.06,0,0.43642402639061445,0.631578947368421,0.7612244897959184,0.55,0,0,0,49.719996122104305,-23.669337183678294,42.90520122571134
51600,0.06,0,0.4364580009237585,0.631578947368421,0.7695703544575725,0.6,0,0,0,49.71489728009114,-23.67077298652901,42.90626150750046
51700,0.06,0,0.4364821968150328,0.631578947368421,0.7640816326530612,0.54,0,0,0,49.71053790371439,-23.670848831558946,42.907645513282155
51800,0.06,0,0.43650265719609893,0.631578947368421,0.7667776584317938,0.62,0,0,0,49.705305455276424,-23.67229882530842,42.91015093536935
51900,0.06,0,0.43652832210852144,0.631578947368421,0.7630075187969925,0.51,0,0,0,49.7047134322074,-23.673644597681623,42.90813917308434
52000,0.06,0,0.4364933636239096,0.631578947368421,0.765703544575725,0.49,0,0,0,49.706402509721144,-23.672853327356368,42.91011747759764
52100,0.06,0,0.43641416047462783,0.631578947368421,0.7662943071965629,0.59,0,0,0,49.71248673909245,-23.67279647607793,42.91265242021219
52200,0.06,0,0.43646717089622333,0.631578947368421,0.7621804511278195,0.55,0,0,0,49.712579161715176,-23.67270302678848,42.90736076178179
52300,0.06,0,0.4364917532520841,0.631578947368421,0.7672287862513426,0.61,0,0,0,49.7106631841048,-23.672218102849637,42.90659797132241
52400,0.06,0,0.4364284975192009,0.631578947368421,0.7637379162191192,0.52,0,0,0,49.71455529007432,-23.670668566881346,42.909457228401514
52500,0.06,0,0.4364062027337178,0.631578947368421,0.7615252416756176,0.53,0,0,0,49.709501051025114,-23.671931193030957,42.91601241783943
52600,0.06,0,0.4363143070659191,0.631578947368421,0.7632760472610096,0.53,0,0,0,49.71170906302227,-23.672799656136903,42.92314473109308
52700,0.06,0,0.43624291261681125,0.631578947368421,0.767561761546724,0.59,0,0,0,49.716977410543194,-23.676168939670713,42.92562025667697
52800,0.06,0,0.43626982747683757,0.631578947368421,0.7649946294307196,0.56,0,0,0,49.71578545227939,-23.674319219264024,42.92400113745018
52900,0.06,0,0.43623699064879534,0.631578947368421,0.7676154672395273,0.51,0,0,0,49.70841987321471,-23.674218115800503,42.93359292389745
53000,0.06,0,0.43627161249672963,0.631578947368421,0.7611493018259936,0.52,0,0,0,49.707576814495134,-23.67261110422917,42.93091389130946
53100,0.06,0,0.43617987934370994,0.631578947368421,0.7660257787325456,0.56,0,0,0,49.71756313852651,-23.67388894867654,42.93131774402387
53200,0.06,0,0.4362557316854177,0.631578947368421,0.7680880773361977,0.55,0,0,0,49.71011926711311,-23.674443383664265,42.930280878894095
53300,0.06,0,0.4363249830905879,0.631578947368421,0.7665843179377014,0.6,0,0,0,49.703387300202124,-23.674298743855093,42.929280866369965
53400,0.06,0,0.4363462743338179,0.631578947368421,0.7593662728249194,0.48,0,0,0,49.701970147337576,-23.674970131667987,42.92841014235935
53500,0.06,0,0.4363866423915596,0.631578947368421,0.7651664876476907,0.54,0,0,0,49.7026348806234,-23.67548391683604,42.923864958524476
53600,0.06,0,0.43648054864468117,0.631578947368421,0.7681095596133191,0.45,0,0,0,49.7022473593788,-23.67766091185711,42.91496473763484
53700,0.06,0,0.43655846551024385,0.631578947368421,0.7699892588614393,0.47,0,0,0,49.69753131694998,-23.677220848915713,42.91137696809893
53800,0.06,0,0.4365885486263646,0.631578947368421,0.7667883995703545,0.63,0,0,0,49.69900562415972,-23.677229076125307,42.90714729504421
53900,0.06,0,0.43662047513705804,0.631578947368421,0.7663694951664877,0.51,0,0,0,49.700105256642274,-23.679127874607712,42.90306057724175
54000,0.06,0,0.43659336295483203,0.631578947368421,0.7562298603651987,0.55,0,0,0,49.69613602705702,-23.67932649459508,42.909151710754585
54100,0.06,0,0.4364988497750155,0.631578947368421,0.7532438238453276,0.47,0,0,0,49.70328311590068,-23.677718685443583,42.91227117902245
54200,0.06,0,0.43663793917808763,0.631578947368421,0.7568958109559614,0.48,0,0,0,49.6926141748759,-23.67878473416865,42.90781190868657
54300,0.06,0,0.4365399131084576,0.631578947368421,0.7593877551020408,0.53,0,0,0,49.69597816867322,-23.676380192885127,42.9145418142428
54400,0.06,0,0.4365994961906441,0.631578947368421,0.7670354457572502,0.54,0,0,0,49.69363389873783,-23.676311501958644,42.91070942612483
54500,0.06,0,0.43653962400004237,0.631578947368421,0.7626530612244898,0.67,0,0,0,49.690825957697285,-23.676697632535685,42.91901984787551
54600,0.06,0,0.43653058667987427,0.631578947368421,0.7633082706766917,0.67,0,0,0,49.69935456997245,-23.67835757240823,42.912543151762534
54700,0.06,0,0.43652387553083843,0.631578947368421,0.7597422126745434,0.45,0,0,0,49.70425018919521,-23.677181833636173,42.908976157103645
54800,0.06,0,0.436483256351374,0.631578947368421,0.7718582169709989,0.6,0,0,0,49.70498471171741,-23.677782440583346,42.91233511856459
54900,0.06,0,0.4364618686239029,0.631578947368421,0.7652416756176155,0.53,0,0,0,49.71214850709177,-23.677258694522067,42.90825372302639
55000,0.06,0,0.436485327638399,0.631578947368421,0.7643609022556391,0.57,0,0,0,49.71035460430183,-23.676608184100225,42.907495959501034
55100,0.06,0,0.43652744142184013,0.631578947368421,0.7631686358754028,0.51,0,0,0,49.713585446215184,-23.680293580804214,42.90056822747045
55200,0.06,0,0.4364398065843057,0.631578947368421,0.7671213748657357,0.57,0,0,0,49.71387680710655,-23.679639899576962,42.90893095764452
55300,0.06,0,0.43646644862645706,0.631578947368421,0.7662298603651987,0.63,0,0,0,49.70808919875738,-23.67977383565056,42.911307448039885
55400,0.06,0,0.43634363580691715,0.631578947368421,0.7698818474758324,0.57,0,0,0,49.71340845855606,-23.680235245034176,42.9187924818343
55500,0.06,0,0.43628609637515703,0.631578947368421,0.7695703544575725,0.46,0,0,0,49.717347257989225,-23.681767247787263,42.92105217082152
55600,0.06,0,0.43632661729952943,0.631578947368421,0.7744360902255639,0.55,0,0,0,49.71664904683525,-23.683322719310976,42.91766888348229
55700,0.06,0,0.4364380929251834,0.631578947368421,0.7695488721804511,0.52,0,0,0,49.70993762430003,-23.686789109368917,42.91249969957585
55800,0.06,0,0.43648934204305745,0.631578947368421,0.767078410311493,0.56,0,0,0,49.71280372492593,-23.689098269652092,42.90498750301623
55900,0.06,0,0.43644640765896286,0.631578947368421,0.7578195488721805,0.48,0,0,0,49.70942124872232,-23.687517862238675,42.91212793567575
56000,0.06,0,0.4365267135635338,0.631578947368421,0.7609881847475832,0.48,0,0,0,49.7061518487573,-23.686929947580044,42.907055586568255
56100,0.06,0,0.4364694722787639,0.631578947368421,0.7585714285714286,0.54,0,0,0,49.70835143197494,-23.68781451373631,42.91078380469064
56200,0.06,0,0.43647139973446675,0.631578947368421,0.771203007518797,0.53,0,0,0,49.706324229773614,-23.689925265346123,42.91234435882441
56300,0.06,0,0.436396414449618,0.631578947368421,0.766498388829216,0.6,0,0,0,49.70686491344541,-23.688593808517492,42.91925106017999
56400,0.06,0,0.4364458785533817,0.631578947368421,0.7726208378088077,0.42,0,0,0,49.69551246429445,-23.689300580019594,42.92419022299452
56500,0.06,0,0.4364421483416665,0.631578947368421,0.7678410311493018,0.59,0,0,0,49.70260413903387,-23.689228753456955,42.918432521843535
56600,0.06,0,0.4364962947381278,0.631578947368421,0.7633190118152524,0.51,0,0,0,49.69722687498316,-23.689517150846513,42.917751804717795
56700,0.06,0,0.4365856033056722,0.631578947368421,0.7645112781954887,0.52,0,0,0,49.69624380551779,-23.691621991544885,42.90982129541979
56800,0.06,0,0.4366415097917047,0.631578947368421,0.7588292158968851,0.59,0,0,0,49.69199247991513,-23.693457819941436,42.90799784614937
56900,0.06,0,0.43662631836001614,0.631578947368421,0.7737164339419978,0.53,0,0,0,49.68848078811806,-23.694948747893495,42.9125233258722
57000,0.06,0,0.4367339127718745,0.631578947368421,0.766358754027927,0.62,0,0,0,49.683157216078875,-23.695267009116787,42.90654829609984
57100,0.06,0,0.4368006333836622,0.631578947368421,0.7664876476906552,0.55,0,0,0,49.67483134681188,-23.695766728420683,42.90718474459798
57200,0.06,0,0.4368743443653892,0.631578947368421,0.7652201933404941,0.57,0,0,0,49.67029171260586,-23.696509219398592,42.90386614886371
57300,0.06,0,0.436792762030586,0.631578947368421,0.7618152524167562,0.59,0,0,0,49.675283958760545,-23.696081824428322,42.907567014145805
57400,0.06,0,0.43689367429935183,0.631578947368421,0.7624597207303975,0.34,0,0,0,49.672774572694784,-23.695878579354023,42.8998234833138
57500,0.06,0,0.4369100979274114,0.631578947368421,0.7615037593984962,0.56,0,0,0,49.67100916443143,-23.69420625128936,42.89973555081746
57600,0.06,0,0.43695682611463404,0.631578947368421,0.7590762620837809,0.59,0,0,0,49.670580826597984,-23.69311097547363,42.8955177601169
57700,0.06,0,0.43693086508368756,0.631578947368421,0.7625134264232009,0.49,0,0,0,49.66921806636049,-23.694435241507243,42.89924345630725
57800,0.06,0,0.4370089729191037,0.631578947368421,0.7606337271750806,0.45,0,0,0,49.65675818111842,-23.694834803757338,42.90233831875062
57900,0.06,0,0.4370016781541586,0.631578947368421,0.7537164339419978,0.48,0,0,0,49.65188160020892,-23.696222736648,42.90726821921791
58000,0.06,0,0.43690728723197786,0.631578947368421,0.7579269602577873,0.47,0,0,0,49.6571037491417,-23.696547149608115,42.912024767166685
58100,0.06,0,0.4368961559724633,0.631578947368421,0.7615037593984962,0.5,0,0,0,49.654543118947245,-23.69769221051287,42.91533106394205
58200,0.06,0,0.436955873332872,0.631578947368421,0.7585177228786252,0.52,0,0,0,49.65300549148609,-23.699316910560896,42.9107947601983
58300,0.06,0,0.43686118993744183,0.631578947368421,0.7552094522019334,0.64,0,0,0,49.66326045370732,-23.70304911021392,42.91123249273657
58400,0.06,0,0.4368707713627296,0.631578947368421,0.7630075187969925,0.61,0,0,0,49.6594770417551,-23.70437058722271,42.91356057700171
58500,0.06,0,0.4367971875914298,0.631578947368421,0.7567991407089152,0.56,0,0,0,49.66071338399303,-23.705313082436533,42.91972133893627
58600,0.06,0,0.4368383101878194,0.631578947368421,0.7642857142857142,0.56,0,0,0,49.66165316003133,-23.706650713447512,42.91486889207431
58700,0.06,0,0.43685723713498104,0.631578947368421,0.7651879699248121,0.56,0,0,0,49.65327919967544,-23.708621665711348,42.92024681756789
58800,0.06,0,0.4368661004749506,0.631578947368421,0.768829215896885,0.59,0,0,0,49.649750014514254,-23.708532181360223,42.922426811107755
58900,0.06,0,0.43681699681141245,0.631578947368421,0.7627175080558539,0.41,0,0,0,49.65365568138602,-23.706651434344533,42.92387524565353
59000,0.06,0,0.4368039012004662,0.631578947368421,0.7591944146079485,0.57,0,0,0,49.650059990211325,-23.709134041822708,42.928270795523105
59100,0.06,0,0.43678046289720857,0.631578947368421,0.764640171858217,0.54,0,0,0,49.65230890660287,-23.708761345240138,42.92862992483109
59200,0.06,0,0.43684714407114367,0.631578947368421,0.7607626208378088,0.53,0,0,0,49.65218099828463,-23.708320703880986,42.9221877885904
59300,0.06,0,0.4368634270101469,0.631578947368421,0.7659183673469387,0.57,0,0,0,49.64459286561488,-23.709147525332853,42.92714835095507
59400,0.06,0,0.4369052609817483,0.631578947368421,0.7568206229860365,0.6,0,0,0,49.636591546589294,-23.709234732760013,42.92995715538958
59500,0.06,0,0.43687616104654964,0.631578947368421,0.7621911922663802,0.51,0,0,0,49.63383791994534,-23.709384508980865,42.93519854382459
59600,0.06,0,0.43688093213733165,0.631578947368421,0.7606229860365199,0.56,0,0,0,49.63445772561564,-23.70771513000449,42.93419351352135
59700,0.06,0,0.43695305784130445,0.631578947368421,0.7541460794844254,0.47,0,0,0,49.62994565370614,-23.70716748295775,42.931009264171394
59800,0.06,0,0.4369483522462438,0.631578947368421,0.7592696025778732,0.6,0,0,0,49.63470336580859,-23.706794819034283,42.92735642101897
59900,0.06,0,0.43695723939049647,0.631578947368421,0.7583566058002148,0.56,0,0,0,49.635902297207544,-23.70589669930056,42.92544646558989
60000,0.06,0,0.4370628678740634,0.631578947368421,0.7597422126745434,0.61,0,0,0,49.62977232367883,-23.705991695083263,42.92037294299326
60100,0.06,0,0.4370137120986494,0.631578947368421,0.7529430719656284,0.63,0,0,0,49.6399416760402,-23.705349216498487,42.9164069178931
60200,0.06,0,0.4369736953544659,0.631578947368421,0.7590010741138561,0.51,0,0,0,49.64631676968149,-23.703747938689506,42.91482566487093
60300,0.06,0,0.43691282468586234,0.631578947368421,0.7609774436090225,0.54,0,0,0,49.658692451811106,-23.70203014647559,42.910108055209314
60400,0.06,0,0.4369512364415654,0.631578947368421,0.755843179377014,0.53,0,0,0,49.65467849340944,-23.703402706660075,42.909804328715595
60500,0.06,0,0.4369107291942007,0.631578947368421,0.7603329752953814,0.52,0,0,0,49.66311202097042,-23.704030512705415,42.90649522773416
60600,0.06,0,0.43692149454463686,0.631578947368421,0.7613856068743287,0.52,0,0,0,49.66605877398354,-23.70380052550595,42.902892414063935
60700,0.06,0,0.4367906809347907,0.631578947368421,0.7593770139634801,0.57,0,0,0,49.67541207979068,-23.70387493604375,42.90766078172114
60800,0.06,0,0.43679804074306333,0.631578947368421,0.7576047261009667,0.55,0,0,0,49.67430930208346,-23.70489448587163,42.90789035205107
60900,0.06,0,0.43683513809371327,0.631578947368421,0.7673791621911923,0.57,0,0,0,49.67061593673249,-23.70626310194135,42.90743672267213
61000,0.06,0,0.436852767975592,0.631578947368421,0.7688077336197637,0.48,0,0,0,49.670573794854164,-23.706440687958857,42.905741527824304
61100,0.06,0,0.43678613470622235,0.631578947368421,0.7659291084854994,0.59,0,0,0,49.67550763482231,-23.706763372408282,42.9080248428566
61200,0.06,0,0.43673078974127905,0.631578947368421,0.7638453276047261,0.59,0,0,0,49.671434454158835,-23.705460624331167,42.9169813976326
61300,0.06,0,0.43676071380705417,0.631578947368421,0.7644360902255639,0.43,0,0,0,49.66338413351205,-23.704990335375737,42.920997266678775
61400,0.06,0,0.43676715717539794,0.631578947368421,0.764189044038668,0.59,0,0,0,49.65965778394938,-23.70442153425273,42.923584726561266
61500,0.06,0,0.4367750220504886,0.631578947368421,0.77,0.66,0,0,0,49.65853164759887,-23.704609838138282,42.92378520100104
61600,0.06,0,0.43673376330518016,0.631578947368421,0.7656283566058002,0.47,0,0,0,49.66267988392846,-23.70583875125624,42.92425457377059
61700,0.06,0,0.43666135646480847,0.631578947368421,0.7669817400644469,0.52,0,0,0,49.66922653499987,-23.706050348816408,42.925713671309005
61800,0.06,0,0.4367204369647307,0.631578947368421,0.7739742212674543,0.46,0,0,0,49.66208310523342,-23.70525445066119,42.92608021672672
61900,0.06,0,0.43681942681085634,0.631578947368421,0.7619441460794845,0.59,0,0,0,49.65614400122293,-23.70397267338221,42.92148551574885
62000,0.06,0,0.43680249464592014,0.631578947368421,0.7670676691729323,0.52,0,0,0,49.655598340176944,-23.70306751121927,42.92362099834832
62100,0.06,0,0.4366740294428225,0.631578947368421,0.759108485499463,0.54,0,0,0,49.66179019906044,-23.703820567127007,42.930895390597954
62200,0.06,0,0.43660382494969174,0.631578947368421,0.7587003222341568,0.53,0,0,0,49.66931989411037,-23.70043522844372,42.931289320753464
62300,0.06,0,0.43653067484236435,0.631578947368421,0.7613963480128894,0.54,0,0,0,49.6743531691603,-23.70081085502102,42.934132621857565
62400,0.06,0,0.43653388161830625,0.631578947368421,0.7549731471535983,0.45,0,0,0,49.67540544177867,-23.701480226296148,42.932907762153214
62500,0.06,0,0.43654738448452773,0.631578947368421,0.7652201933404941,0.54,0,0,0,49.67620460961111,-23.702668267353644,42.93088913908342
62600,0.06,0,0.436579774220412,0.631578947368421,0.7778410311493018,0.52,0,0,0,49.67340808507009,-23.702762075197395,42.930120861381894
62700,0.06,0,0.436539352188563,0.631578947368421,0.7660580021482277,0.57,0,0,0,49.68162947609706,-23.703232655426667,42.926991242853916
62800,0.06,0,0.4365907482219985,0.631578947368421,0.7655102040816326,0.57,0,0,0,49.68202016103095,-23.705340062074523,42.92160029573042
62900,0.06,0,0.43663760866614293,0.631578947368421,0.7595810955961332,0.6,0,0,0,49.686678496789106,-23.704501847944645,42.91297025156835
63000,0.06,0,0.43653075894179333,0.631578947368421,0.7603007518796993,0.55,0,0,0,49.6926240549409,-23.70395330244812,42.918338416452634
63100,0.06,0,0.4364992029394012,0.631578947368421,0.7609022556390977,0.55,0,0,0,49.69743471276231,-23.703922555179815,42.91728637917998
63200,0.06,0,0.43647036579586646,0.631578947368421,0.7684210526315789,0.58,0,0,0,49.69874264927855,-23.70350987209142,42.91899233814835
63300,0.06,0,0.43645916601700463,0.631578947368421,0.7704081632653061,0.59,0,0,0,49.70026702627623,-23.704934623049677,42.91877724320644
63400,0.06,0,0.4365158838057757,0.631578947368421,0.7673039742212675,0.58,0,0,0,49.702189017289555,-23.702413328279473,42.91154122080075
63500,0.06,0,0.4364400913669284,0.631578947368421,0.764779806659506,0.56,0,0,0,49.70143626847992,-23.70398870022392,42.919643289788304
63600,0.06,0,0.43643113180059223,0.631578947368421,0.7634908700322234,0.53,0,0,0,49.70017634063637,-23.70448491145845,42.92161245398608
63700,0.06,0,0.43641184731495825,0.631578947368421,0.765703544575725,0.51,0,0,0,49.69552658438687,-23.704255841497627,42.92752523877403
63800,0.06,0,0.43637837896916115,0.631578947368421,0.7632116004296455,0.56,0,0,0,49.6944786090466,-23.705858516368135,42.93172293620935
63900,0.06,0,0.43637812131168313,0.631578947368421,0.7694951664876477,0.55,0,0,0,49.69426261417123,-23.705399122953278,42.931934886825175
64000,0.06,0,0.43637552226855375,0.631578947368421,0.7632116004296455,0.53,0,0,0,49.69708122344242,-23.707494255928772,42.929755655348664
64100,0.06,0,0.4363932891117335,0.631578947368421,0.7710955961331901,0.63,0,0,0,49.691117116277745,-23.710144197843356,42.93316023421686
64200,0.06,0,0.4365613962652211,0.631578947368421,0.7639419978517723,0.6,0,0,0,49.679603098999756,-23.7105082626268,42.92657451035778
64300,0.06,0,0.43663904865598513,0.631578947368421,0.7632116004296455,0.47,0,0,0,49.67845230475931,-23.70881670070023,42.91993461007424
64400,0.06,0,0.4364770988749257,0.631578947368421,0.7612781954887218,0.54,0,0,0,49.69036630623595,-23.707386329073774,42.925565047161676
64500,0.06,0,0.43635845267375006,0.631578947368421,0.7688721804511278,0.6,0,0,0,49.70219421776619,-23.706477124202017,42.92701852514675
64600,0.06,0,0.4363588000112596,0.631578947368421,0.7598388829215897,0.57,0,0,0,49.69758601885295,-23.707676922576514,42.930964751845245
64700,0.06,0,0.4364270641037645,0.631578947368421,0.7627712137486573,0.52,0,0,0,49.69400728411086,-23.708011371594402,42.927340878055354
64800,0.06,0,0.43650277169570334,0.631578947368421,0.7633082706766917,0.51,0,0,0,49.68121886510672,-23.7087284549417,42.93094349580721
64900,0.06,0,0.43649668608385267,0.631578947368421,0.7547690655209452,0.55,0,0,0,49.68595667637422,-23.71047694813013,42.92744829344205
65000,0.06,0,0.43653414391666445,0.631578947368421,0.7648335123523093,0.47,0,0,0,49.68231090784248,-23.710219358407368,42.926914618839156
65100,0.06,0,0.4365141668686611,0.631578947368421,0.7626852846401718,0.5,0,0,0,49.686795018006286,-23.710051664482137,42.92500494184098
65200,0.06,0,0.4364275603658546,0.631578947368421,0.7605048335123523,0.57,0,0,0,49.68517499471989,-23.709400856113202,42.9349230390983
65300,0.06,0,0.4364186727093197,0.631578947368421,0.7606659505907626,0.59,0,0,0,49.687503549453396,-23.711121169686614,42.93378526501258
65400,0.06,0,0.4364314910491034,0.631578947368421,0.7593555316863587,0.45,0,0,0,49.688014447326054,-23.711879842119426,42.932082828467465
65500,0.06,0,0.436438797422342,0.631578947368421,0.7610096670247046,0.56,0,0,0,49.69064777022925,-23.712516310613506,42.92908898810534
65600,0.06,0,0.43649219253956545,0.631578947368421,0.7613533834586467,0.51,0,0,0,49.68637705326969,-23.714115834963575,42.92752702147858
65700,0.06,0,0.43648509887847997,0.631578947368421,0.7644897959183673,0.49,0,0,0,49.695599774849406,-23.715917556008282,42.9202578671153
65800,0.06,0,0.4364088493542941,0.631578947368421,0.7622126745435016,0.52,0,0,0,49.70949921518824,-23.716119441305363,42.91575373673783
65900,0.06,0,0.4364787482014392,0.631578947368421,0.7580021482277122,0.52,0,0,0,49.702519735745874,-23.71578195030761,42.91490657811793
66000,0.06,0,0.43648107696066235,0.631578947368421,0.7654135338345864,0.61,0,0,0,49.701892127495476,-23.716931053699078,42.91521951707229
66100,0.06,0,0.4363525581071277,0.631578947368421,0.7735338345864662,0.56,0,0,0,49.71574355658075,-23.71776546514323,42.91589909075542
66200,0.06,0,0.43639615502436546,0.631578947368421,0.767078410311493,0.5,0,0,0,49.71966823696696,-23.71566871796908,42.908224421411916
66300,0.06,0,0.43635881917882885,0.631578947368421,0.7678947368421053,0.55,0,0,0,49.71909078894754,-23.71526171806243,42.91239413376641
66400,0.06,0,0.4363985528188643,0.631578947368421,0.7731149301825994,0.5,0,0,0,49.71701750813151,-23.714619079475145,42.91027635832923
66500,0.06,0,0.4365283509181592,0.631578947368421,0.759344790547798,0.65,0,0,0,49.71616701652817,-23.714415869810093,42.89825118746181
66600,0.06,0,0.4364912917955789,0.631578947368421,0.7637808807733619,0.52,0,0,0,49.719623177747636,-23.713370744532853,42.89891110821619
66700,0.06,0,0.4364844075313303,0.631578947368421,0.7653168635875403,0.47,0,0,0,49.72185015612222,-23.711825873915366,42.89766629508002
66800,0.06,0,0.4365032962775762,0.631578947368421,0.7633404940923738,0.57,0,0,0,49.724506993767044,-23.712011399778454,42.893518017847164
66900,0.06,0,0.4365003163551536,0.631578947368421,0.761342642320086,0.53,0,0,0,49.72813445196249,-23.711565862422454,42.890681922442774
67000,0.06,0,0.43653359111435863,0.631578947368421,0.7682599355531686,0.53,0,0,0,49.72931397057665,-23.712360759749732,42.88639534450061
67100,0.06,0,0.43648112989683796,0.631578947368421,0.7648227712137486,0.54,0,0,0,49.72913378719583,-23.712823756822402,42.89170532323743
67200,0.06,0,0.43649919523497543,0.631578947368421,0.7648012889366272,0.56,0,0,0,49.728283505336826,-23.712763883181708,42.89066352542986
67300,0.06,0,0.43649300284299797,0.631578947368421,0.7684854994629431,0.59,0,0,0,49.729934544312954,-23.711675534268227,42.889848007409626
67400,0.06,0,0.43653739408453385,0.631578947368421,0.7676906552094522,0.7,0,0,0,49.72143227694138,-23.712296521489744,42.89281989700785
67500,0.06,0,0.43659964387588884,0.631578947368421,0.7685069817400645,0.49,0,0,0,49.7119002654619,-23.714670055599495,42.89492761014849
67600,0.06,0,0.43659788940201855,0.631578947368421,0.7666487647690655,0.56,0,0,0,49.711790363200315,-23.714329061380003,42.89519481593097
67700,0.06,0,0.43658558601745634,0.631578947368421,0.7652201933404941,0.47,0,0,0,49.71017991482611,-23.71335230275102,42.89779334624512
67800,0.06,0,0.4365860872498672,0.631578947368421,0.770171858216971,0.54,0,0,0,49.71291457746209,-23.71272979512441,42.895384330226356
67900,0.06,0,0.4366455228512469,0.631578947368421,0.759484425349087,0.46,0,0,0,49.70777586990506,-23.712174994028725,42.893979318384616
68000,0.06,0,0.4367179237362327,0.631578947368421,0.7685284640171858,0.54,0,0,0,49.70921630664125,-23.712699825108427,42.885625435116964
68100,0.06,0,0.4367292168598165,0.631578947368421,0.7662728249194415,0.49,0,0,0,49.704347726444084,-23.712415462994397,42.88871705331788
68200,0.06,0,0.4367433827368119,0.631578947368421,0.7644575725026853,0.5,0,0,0,49.702956610869926,-23.71222537524807,42.88852630312786
68300,0.06,0,0.43674131788275977,0.631578947368421,0.760343716433942,0.6,0,0,0,49.706637840448764,-23.7120349186197,42.8855527730028
68400,0.06,0,0.43667298436138546,0.631578947368421,0.764779806659506,0.61,0,0,0,49.71729328298703,-23.713874827744508,42.88307109453674
68500,0.06,0,0.43664273473936355,0.631578947368421,0.7598174006444683,0.6,0,0,0,49.71761494783766,-23.715398676555026,42.88576447111456
68600,0.06,0,0.43666612265862875,0.631578947368421,0.7649301825993555,0.5,0,0,0,49.71050777941364,-23.716545748663634,42.889598600172015
68700,0.06,0,0.43665111364139214,0.631578947368421,0.7658109559613319,0.61,0,0,0,49.7138929467538,-23.71682335381932,42.88815226402336
68800,0.06,0,0.4365961462772281,0.631578947368421,0.7617078410311493,0.57,0,0,0,49.72343180360103,-23.71539670625624,42.88532324895161
68900,0.06,0,0.43657341922361553,0.631578947368421,0.761858216970999,0.61,0,0,0,49.72428889833169,-23.714951082527413,42.88681651436415
69000,0.06,0,0.43657218607960746,0.631578947368421,0.760687432867884,0.48,0,0,0,49.73006825524674,-23.71432014835243,42.881953567030806
69100,0.06,0,0.43654010714922536,0.631578947368421,0.7672717508055854,0.59,0,0,0,49.72888186933787,-23.714084672197,42.88612783920816
69200,0.06,0,0.43661777751825936,0.631578947368421,0.7671858216970999,0.5,0,0,0,49.72497666269191,-23.715668815788458,42.881866294286006
69300,0.06,0,0.4366036997956338,0.631578947368421,0.7677980665950591,0.54,0,0,0,49.72250642818339,-23.713785413218915,42.88537942209555
69400,0.06,0,0.43659813119187435,0.631578947368421,0.7626423200859291,0.45,0,0,0,49.7186427575893,-23.71358684848763,42.88925910034889
69500,0.06,0,0.4366506371207663,0.631578947368421,0.7638882921589688,0.55,0,0,0,49.72391345276661,-23.71478266837801,42.879556115040806
69600,0.06,0,0.4366594629646525,0.631578947368421,0.7646723952738991,0.5,0,0,0,49.71984319906051,-23.71417541045277,42.88219963640074
69700,0.06,0,0.43662034846029274,0.631578947368421,0.7638882921589688,0.47,0,0,0,49.72433635199529,-23.713858066993172,42.88216598945673
69800,0.06,0,0.43660839704275317,0.631578947368421,0.7670354457572502,0.51,0,0,0,49.722645718086184,-23.71250765626634,42.88479790504428
69900,0.06,0,0.43664548343426673,0.631578947368421,0.7634586466165414,0.47,0,0,0,49.71817243001905,-23.711205378390243,42.88501363566929
70000,0.06,0,0.43658541474997825,0.631578947368421,0.7706981740064447,0.55,0,0,0,49.72454381961083,-23.713162256031026,42.88541830500259
70100,0.06,0,0.43655858765417715,0.631578947368421,0.765703544575725,0.59,0,0,0,49.73370680096615,-23.71343596631392,42.880151937735235
70200,0.06,0,0.4364634110588858,0.631578947368421,0.7690655209452202,0.5,0,0,0,49.74854099779325,-23.712128101716306,42.87671357527749
70300,0.06,0,0.43650846327958265,0.631578947368421,0.7674865735767992,0.47,0,0,0,49.747914386945915,-23.71352282506662,42.87282825915153
70400,0.06,0,0.4365449790764763,0.631578947368421,0.7609022556390977,0.5,0,0,0,49.74824126099871,-23.714507976796103,42.868960388854944
70500,0.06,0,0.4364309412530225,0.631578947368421,0.7645542427497315,0.62,0,0,0,49.752096474755504,-23.715653984360504,42.8768391747893
70600,0.06,0,0.43652600699635175,0.631578947368421,0.7659828141783029,0.5,0,0,0,49.7500237916347,-23.71771383764925,42.869287488025634
70700,0.06,0,0.4364822361965195,0.631578947368421,0.7649624060150376,0.55,0,0,0,49.756482834618886,-23.71638640429851,42.86802090273958
70800,0.06,0,0.4363983554666051,0.631578947368421,0.7635123523093448,0.56,0,0,0,49.76321197558777,-23.716070026396586,42.87046275883282
70900,0.06,0,0.4364114694620353,0.631578947368421,0.7682599355531686,0.6,0,0,0,49.751337734753015,-23.71578334166632,42.879406180671175
71000,0.06,0,0.43638659891518683,0.631578947368421,0.7704189044038668,0.53,0,0,0,49.751216232135114,-23.715303746432824,42.8819546901897
71100,0.06,0,0.43640728698151704,0.631578947368421,0.7700322234156821,0.54,0,0,0,49.75652912400278,-23.713909020087215,42.87534323056053
71200,0.06,0,0.4363437123122609,0.631578947368421,0.7720085929108486,0.6,0,0,0,49.765943342086146,-23.71248961443513,42.87347820243521
71300,0.06,0,0.43626364397748296,0.631578947368421,0.7664017185821697,0.46,0,0,0,49.770670905002184,-23.71392301468202,42.87727368999239
71400,0.06,0,0.4362046572932875,0.631578947368421,0.7627389903329753,0.46,0,0,0,49.779908263982335,-23.714917058664923,42.87511430430105
71500,0.06,0,0.43626989478712347,0.631578947368421,0.7613963480128894,0.54,0,0,0,49.769981221408806,-23.7146941099594,42.87725351077244
71600,0.06,0,0.43627406843777006,0.631578947368421,0.7689151450053706,0.61,0,0,0,49.77113915181901,-23.715629941468926,42.87584578816461
71700,0.06,0,0.43618763182987796,0.631578947368421,0.7721374865735768,0.53,0,0,0,49.781195779683536,-23.717514304964336,42.87567888063733
71800,0.06,0,0.4362235110476842,0.631578947368421,0.7706122448979592,0.51,0,0,0,49.78898362320231,-23.716625147338245,42.86544643884739
71900,0.06,0,0.4362125869773472,0.631578947368421,0.7723308270676692,0.51,0,0,0,49.78206084536955,-23.715994405032426,42.872481009056955
72000,0.06,0,0.4361818347070243,0.631578947368421,0.765359828141783,0.48,0,0,0,49.78419458357001,-23.716027524811178,42.873666028159626
72100,0.06,0,0.4361031105723531,0.631578947368421,0.7648549946294307,0.53,0,0,0,49.786229690806415,-23.71513894962692,42.87965260513404
72200,0.06,0,0.43613869072256245,0.631578947368421,0.765359828141783,0.62,0,0,0,49.78339217547607,-23.713735754868964,42.87859830935046
72300,0.06,0,0.4361560242747369,0.631578947368421,0.7717293233082707,0.54,0,0,0,49.788113400068916,-23.712267233630044,42.87282838490734
72400,0.06,0,0.4361157102413713,0.631578947368421,0.7729430719656284,0.55,0,0,0,49.79318264522673,-23.712376443187022,42.872426384741644
72500,0.06,0,0.43610410553070567,0.631578947368421,0.7699462943071965,0.49,0,0,0,49.797842393072735,-23.71437361762668,42.86955539743148
72600,0.06,0,0.4362068169433256,0.631578947368421,0.7625671321160042,0.58,0,0,0,49.79097575514939,-23.712856796950692,42.86537183776707
72700,0.06,0,0.4362778681032565,0.631578947368421,0.7739742212674543,0.62,0,0,0,49.77880646875786,-23.71266797044009,42.868868358473726
72800,0.06,0,0.43628729464982535,0.631578947368421,0.768453276047261,0.44,0,0,0,49.775977565462995,-23.71341690107055,42.87037842256638
72900,0.06,0,0.43638513600829076,0.631578947368421,0.7631901181525241,0.49,0,0,0,49.76833477520154,-23.715042419655795,42.867348522784994
73000,0.06,0,0.43636159104583705,0.631578947368421,0.7690762620837809,0.59,0,0,0,49.776252313432714,-23.715445195080633,42.86284257775944
73100,0.06,0,0.4363093639442435,0.631578947368421,0.7640708915145006,0.51,0,0,0,49.77754950921638,-23.714682329373655,42.86685621233385
73200,0.06,0,0.4363541660165714,0.631578947368421,0.7620085929108485,0.54,0,0,0,49.77919195583327,-23.716067687191043,42.86104068464236
73300,0.06,0,0.43631544185367005,0.631578947368421,0.7716863587540279,0.58,0,0,0,49.783109610274934,-23.718408356579122,42.86147149129589
73400,0.06,0,0.4364107405026803,0.631578947368421,0.7672395273899033,0.56,0,0,0,49.776736787482264,-23.71940669973042,42.85759814353118
73500,0.06,0,0.4363690272655731,0.631578947368421,0.7704403866809881,0.53,0,0,0,49.77956363889962,-23.718748487115832,42.85926096850566
73600,0.06,0,0.43639780934820105,0.631578947368421,0.76828141783029,0.53,0,0,0,49.77427792378146,-23.719142947041874,42.86098532212886
73700,0.06,0,0.43642807102986014,0.631578947368421,0.7650375939849624,0.59,0,0,0,49.776441195067115,-23.721038878559188,42.85615076685589
73800,0.06,0,0.4364972887190282,0.631578947368421,0.7628034371643394,0.59,0,0,0,49.76939092966819,-23.71997247136229,42.8554248221619
73900,0.06,0,0.4365306747840133,0.631578947368421,0.766219119226638,0.53,0,0,0,49.77043274906539,-23.721941008905592,42.851250217326054
74000,0.06,0,0.436561953189305,0.631578947368421,0.7568421052631579,0.63,0,0,0,49.766425718980116,-23.72037013450153,42.8516300443283
74100,0.06,0,0.4365428650944922,0.631578947368421,0.7618259935553169,0.58,0,0,0,49.76963882832766,-23.719984772398732,42.85073715093815
74200,0.06,0,0.436463817877465,0.631578947368421,0.7581525241675617,0.53,0,0,0,49.769568837834875,-23.718620910345226,42.85855804631513
74300,0.06,0,0.43638653668169813,0.631578947368421,0.753297529538131,0.53,0,0,0,49.77855801053077,-23.720809902284454,42.85840710868446
74400,0.06,0,0.43633532017529736,0.631578947368421,0.7518689581095596,0.43,0,0,0,49.78151810580248,-23.71978011294289,42.860889041874955
74500,0.06,0,0.4364060142954209,0.631578947368421,0.7659183673469387,0.58,0,0,0,49.77592774009208,-23.7173598868559,42.85875889032672
74600,0.06,0,0.43638690804562064,0.631578947368421,0.7648549946294307,0.6,0,0,0,49.77796646683709,-23.718577748018678,42.858879949982956
74700,0.06,0,0.4364141524495672,0.631578947368421,0.7622234156820623,0.52,0,0,0,49.7828076119688,-23.718501938455628,42.852036796224645
74800,0.06,0,0.4362728688513322,0.631578947368421,0.7640279269602578,0.58,0,0,0,49.78682903212004,-23.718860627893964,42.862451698623325
74900,0.06,0,0.436221545159862,0.631578947368421,0.7610204081632653,0.58,0,0,0,49.79113926794662,-23.719611534071625,42.86378380348026
75000,0.06,0,0.43620314671858146,0.631578947368421,0.7634586466165414,0.48,0,0,0,49.795112398489685,-23.719332495891322,42.86217151111173
75100,0.06,0,0.4362726846276648,0.631578947368421,0.7651235230934479,0.44,0,0,0,49.79079447479516,-23.720601921154326,42.8590561415792
75200,0.06,0,0.4362948661164015,0.631578947368421,0.7635982814178303,0.57,0,0,0,49.795068094551574,-23.723203652645118,42.853199006479265
75300,0.06,0,0.4363209801757759,0.631578947368421,0.7611707841031149,0.51,0,0,0,49.79621317290377,-23.722512053716507,42.84964885534024
75400,0.06,0,0.4362614982518644,0.631578947368421,0.7699140708915145,0.55,0,0,0,49.799383294914584,-23.723909013395662,42.85276308725313
75500,0.06,0,0.43630906304600103,0.631578947368421,0.7673147153598281,0.56,0,0,0,49.7960681625514,-23.723046930676773,42.85094401463991
75600,0.06,0,0.43629350612946605,0.631578947368421,0.764640171858217,0.44,0,0,0,49.80359530296206,-23.72356976473936,42.84599537860139
75700,0.06,0,0.43634756679365,0.631578947368421,0.7630397422126746,0.51,0,0,0,49.80310385320681,-23.724203800098543,42.84110978029086
75800,0.06,0,0.43624161435645764,0.631578947368421,0.7658324382384533,0.57,0,0,0,49.81501926188112,-23.7224954129034,42.84126505338735
75900,0.06,0,0.43626483614294226,0.631578947368421,0.7629108485499463,0.58,0,0,0,49.80496216561001,-23.723440380974395,42.84763513005603
76000,0.06,0,0.4363023037854613,0.631578947368421,0.7637056928034371,0.48,0,0,0,49.80331187641464,-23.725339636380706,42.84537525453304
76100,0.06,0,0.4363804635071373,0.631578947368421,0.7602685284640172,0.4,0,0,0,49.792532473811676,-23.72368118803927,42.84697503370848
76200,0.06,0,0.4363908842987656,0.631578947368421,0.7665091299677765,0.53,0,0,0,49.791883821645435,-23.723664822360163,42.84651003546531
76300,0.06,0,0.4363088901654937,0.631578947368421,0.7681525241675617,0.41,0,0,0,49.79310891072819,-23.722374388096966,42.85350766701923
76400,0.06,0,0.43624934932384773,0.631578947368421,0.7684103114930183,0.64,0,0,0,49.79756699084318,-23.722841502262366,42.85551952070858
76500,0.06,0,0.43625063648403906,0.631578947368421,0.7697851772287863,0.47,0,0,0,49.792886154762115,-23.721777059460155,42.8594217445013
76600,0.06,0,0.4362117064517251,0.631578947368421,0.7664446831364125,0.54,0,0,0,49.79198956627807,-23.72220296638869,42.86401858971683
76700,0.06,0,0.43625255578699673,0.631578947368421,0.7660687432867884,0.59,0,0,0,49.78613606110418,-23.720505209637377,42.865044115245674
76800,0.06,0,0.43629858999840276,0.631578947368421,0.7697851772287863,0.47,0,0,0,49.78776491445596,-23.719644375522353,42.8591191682391
76900,0.06,0,0.4363131072444192,0.631578947368421,0.7642964554242749,0.55,0,0,0,49.78626917282837,-23.72119754829066,42.8589807210575
77000,0.06,0,0.43626598978072795,0.631578947368421,0.7669495166487648,0.56,0,0,0,49.79166691112019,-23.72145740717281,42.85896287123066
77100,0.06,0,0.43624007427633976,0.631578947368421,0.7614178302900108,0.45,0,0,0,49.79960391019712,-23.722585018272564,42.85467775892024
77200,0.06,0,0.43629294210326436,0.631578947368421,0.7642534908700322,0.49,0,0,0,49.80073346568721,-23.722968387568862,42.84851294970605
77300,0.06,0,0.4362126767694324,0.631578947368421,0.7624489795918368,0.56,0,0,0,49.806323818784215,-23.724815470821177,42.85158701171766
77400,0.06,0,0.4362421049758533,0.631578947368421,0.7761117078410311,0.59,0,0,0,49.806763569076814,-23.72610292874625,42.84831799441509
77500,0.06,0,0.4361069300530432,0.631578947368421,0.7661331901181525,0.49,0,0,0,49.805012208423484,-23.725925920254056,42.86310638238266
77600,0.06,0,0.43608615769421305,0.631578947368421,0.7681954887218045,0.57,0,0,0,49.80856059395212,-23.726961729901085,42.862094373437635
77700,0.06,0,0.4360154045476792,0.631578947368421,0.7754994629430719,0.58,0,0,0,49.81037557080941,-23.72771923543981,42.86748764588217
77800,0.06,0,0.43602729430917186,0.631578947368421,0.7678947368421053,0.64,0,0,0,49.8082000827131,-23.726997982922466,42.86819100399708
77900,0.06,0,0.43595967426311366,0.631578947368421,0.7673147153598281,0.64,0,0,0,49.80874436430812,-23.726564696470813,42.87437161413356
78000,0.06,0,0.43594441272984474,0.631578947368421,0.7740279269602578,0.42,0,0,0,49.813795211322834,-23.725875341839796,42.871525179760184
78100,0.06,0,0.435916917196303,0.631578947368421,0.7637808807733619,0.57,0,0,0,49.80875881309808,-23.72491978074402,42.878564523769484
78200,0.06,0,0.43586104660114633,0.631578947368421,0.7742105263157895,0.63,0,0,0,49.81353349679956,-23.72944986554817,42.879950401773556
78300,0.06,0,0.4358994073396747,0.631578947368421,0.7682921589688507,0.57,0,0,0,49.802767808172185,-23.72917185714006,42.88544520154708
78400,0.06,0,0.4358657829869387,0.631578947368421,0.7721589688506981,0.63,0,0,0,49.8030005631517,-23.72956663157587,42.888553107578296
78500,0.06,0,0.4359752380476841,0.631578947368421,0.7664339419978518,0.46,0,0,0,49.794843261246776,-23.728226456049278,42.884809756177056
78600,0.06,0,0.43591671312883656,0.631578947368421,0.7658539205155747,0.47,0,0,0,49.79495820025501,-23.729238684727697,42.8904683448945
78700,0.06,0,0.4359049780177644,0.631578947368421,0.7693555316863587,0.52,0,0,0,49.795255580463724,-23.73005870845287,42.89136685901991
78800,0.06,0,0.4358694725805037,0.631578947368421,0.766423200859291,0.48,0,0,0,49.796683765025065,-23.730282145057735,42.89363050344357
78900,0.06,0,0.4359270910247332,0.631578947368421,0.7719226638023631,0.6,0,0,0,49.79732775407285,-23.73028142922719,42.88740642365374
79000,0.06,0,0.4359640744928191,0.631578947368421,0.7730827067669173,0.6,0,0,0,49.79609384545463,-23.73232839190817,42.88483084898158
79100,0.06,0,0.43590009134569385,0.631578947368421,0.7652094522019334,0.5,0,0,0,49.799538924341675,-23.73200535046173,42.888158492584466
79200,0.06,0,0.4358987683834583,0.631578947368421,0.7684854994629431,0.5,0,0,0,49.79425042639774,-23.73310834315382,42.89284369554165
79300,0.06,0,0.4358433598252595,0.631578947368421,0.7785177228786251,0.49,0,0,0,49.7976829137843,-23.733820478065944,42.89533972031801
79400,0.06,0,0.4358471027331431,0.631578947368421,0.7655102040816326,0.54,0,0,0,49.796828096795075,-23.733591371854054,42.895707688684865
79500,0.06,0,0.43584675584815197,0.631578947368421,0.7680236305048335,0.62,0,0,0,49.79444113115369,-23.73319453217102,42.8977980957592
79600,0.06,0,0.43600381657771003,0.631578947368421,0.7696348012889366,0.58,0,0,0,49.781493500482036,-23.735962133874025,42.89349834941907
79700,0.06,0,0.4360438559297568,0.631578947368421,0.7696133190118153,0.6,0,0,0,49.779998549426615,-23.737167961192686,42.89084771401406
79800,0.06,0,0.4360560545121206,0.631578947368421,0.7668421052631579,0.55,0,0,0,49.77572482437729,-23.73641264274679,42.893330340049985
79900,0.06,0,0.43605367706415726,0.631578947368421,0.7676047261009667,0.51,0,0,0,49.779628923048385,-23.73709686522943,42.89020016179625
80000,0.06,0,0.4359563164367366,0.631578947368421,0.7719334049409238,0.52,0,0,0,49.79233973688788,-23.73723083245781,42.888827377917785
80100,0.06,0,0.4358600300792101,0.631578947368421,0.7689044038668099,0.49,0,0,0,49.80012886333401,-23.738244395424204,42.891592372584746
80200,0.06,0,0.43589425936643045,0.631578947368421,0.7581632653061224,0.62,0,0,0,49.79993002968486,-23.738836740208647,42.88839547998157
80300,0.06,0,0.43578212244382875,0.631578947368421,0.7715252416756176,0.54,0,0,0,49.79966794052725,-23.738573406348245,42.89965744038399
80400,0.06,0,0.43579192757815316,0.631578947368421,0.7717937701396348,0.51,0,0,0,49.80235554493208,-23.739705982836387,42.896377170808236
80500,0.06,0,0.4356730103261832,0.631578947368421,0.7739742212674543,0.57,0,0,0,49.80553481644097,-23.736994863906325,42.905346785045644
80600,0.06,0,0.4356349306973341,0.631578947368421,0.7744897959183673,0.56,0,0,0,49.80225445956375,-23.73714602314993,42.91192353907621
80700,0.06,0,0.4356076618948772,0.631578947368421,0.7747690655209453,0.51,0,0,0,49.7984833602743,-23.736816305696518,42.917859605003024
80800,0.06,0,0.4355922838260655,0.631578947368421,0.7683136412459721,0.65,0,0,0,49.801678081086926,-23.738096121480957,42.91662154021078
80900,0.06,0,0.43561186148444986,0.631578947368421,0.7639312567132116,0.61,0,0,0,49.7963058518032,-23.737668462150946,42.91932255566839
81000,0.06,0,0.43567649775215733,0.631578947368421,0.7763157894736842,0.57,0,0,0,49.791373059665574,-23.737696657825822,42.917206466371795
81100,0.06,0,0.4356887933821885,0.631578947368421,0.7726638023630504,0.61,0,0,0,49.799829455445625,-23.73863649761763,42.908707826756384
81200,0.06,0,0.4356256741399441,0.631578947368421,0.7613641245972073,0.6,0,0,0,49.80240306651812,-23.739898207576854,42.91270732040505
81300,0.06,0,0.4356381292937418,0.631578947368421,0.7727926960257787,0.6,0,0,0,49.799274263260266,-23.73849673515009,42.914176475469844
81400,0.06,0,0.43571987703563986,0.631578947368421,0.7673469387755102,0.55,0,0,0,49.79162706944678,-23.738232620928844,42.91271480812794
81500,0.06,0,0.4357536753711074,0.631578947368421,0.772545649838883,0.56,0,0,0,49.79573432028524,-23.739917876264553,42.90584712065979
81600,0.06,0,0.43579245941646383,0.631578947368421,0.7684640171858217,0.61,0,0,0,49.7957035515059,-23.741666811727683,42.90205515550248
81700,0.06,0,0.43573942154975237,0.631578947368421,0.7669924812030076,0.44,0,0,0,49.79916649425093,-23.74177762751167,42.904293467210515
81800,0.06,0,0.43565203082715576,0.631578947368421,0.7740279269602578,0.49,0,0,0,49.80664164231793,-23.74100222717079,42.90645945047064
81900,0.06,0,0.43573139570860414,0.631578947368421,0.7708055853920516,0.58,0,0,0,49.79954309273673,-23.740444722964085,42.90475927108975
82000,0.06,0,0.4356967856030948,0.631578947368421,0.7713211600429646,0.51,0,0,0,49.80226487509162,-23.74040941423258,42.905822455296736
82100,0.06,0,0.43572415887070004,0.631578947368421,0.7715682062298603,0.62,0,0,0,49.798323111689065,-23.740375833038883,42.906522982902125
82200,0.06,0,0.43577426770238764,0.631578947368421,0.7677121374865736,0.54,0,0,0,49.79682650024438,-23.7427628170391,42.90287862519345
82300,0.06,0,0.4357108355677219,0.631578947368421,0.7728141783029001,0.57,0,0,0,49.80269350354057,-23.744388386188664,42.90406965249022
82400,0.06,0,0.4357249122985175,0.631578947368421,0.7767132116004296,0.58,0,0,0,49.79397893536874,-23.7427593676522,42.910192079168446
82500,0.06,0,0.43566127979355795,0.631578947368421,0.7745220193340494,0.5,0,0,0,49.79373820080063,-23.743258374480686,42.916667009373526
82600,0.06,0,0.4355670369066663,0.631578947368421,0.7705263157894737,0.62,0,0,0,49.79551843699716,-23.744163723577135,42.924418171609595
82700,0.06,0,0.43558030885942856,0.631578947368421,0.7644360902255639,0.57,0,0,0,49.7991809884628,-23.742925411592545,42.91995344116843
82800,0.06,0,0.43558547353514515,0.631578947368421,0.7664446831364125,0.55,0,0,0,49.79742122747323,-23.743401871596447,42.920961249641124
82900,0.06,0,0.43558847533018946,0.631578947368421,0.7794307196562835,0.53,0,0,0,49.79272125418845,-23.74523524069167,42.92471678068735
83000,0.06,0,0.435590577593667,0.631578947368421,0.774500537056928,0.63,0,0,0,49.788663846927946,-23.745693344384577,42.92800764536117
83100,0.06,0,0.43565211113218455,0.631578947368421,0.7774865735767992,0.52,0,0,0,49.78777396914271,-23.745638039143987,42.922711455031866
83200,0.06,0,0.43574497056189115,0.631578947368421,0.7717078410311493,0.58,0,0,0,49.77945503229859,-23.744710381126087,42.92073594840062
83300,0.06,0,0.4356471378075044,0.631578947368421,0.7757142857142857,0.63,0,0,0,49.787044768409395,-23.743996020618287,42.92383012860693
83400,0.06,0,0.435613368660607,0.631578947368421,0.7735553168635876,0.4,0,0,0,49.793276781106826,-23.744224853772526,42.92178495827193
83500,0.06,0,0.435652574435995,0.631578947368421,0.7684747583243824,0.5,0,0,0,49.79007809842415,-23.74418873121981,42.920679481086864
83600,0.06,0,0.43541948224884275,0.631578947368421,0.7680988184747584,0.56,0,0,0,49.79765772600368,-23.74538772025507,42.93711972715781
83700,0.06,0,0.4354327694509835,0.631578947368421,0.7700644468313641,0.52,0,0,0,49.800225624738225,-23.743908277460477,42.933595561795705
83800,0.06,0,0.43539800082448576,0.631578947368421,0.7740386680988185,0.61,0,0,0,49.80336383053198,-23.74272247445368,42.93431847158722
83900,0.06,0,0.4353593198352536,0.631578947368421,0.7708915145005371,0.53,0,0,0,49.80399346910241,-23.74334779202646,42.937590280007036
84000,0.06,0,0.43542198587322456,0.631578947368421,0.7704618689581095,0.52,0,0,0,49.80056878550837,-23.743358031382567,42.93436299717949
84100,0.06,0,0.435377522037946,0.631578947368421,0.7760902255639097,0.58,0,0,0,49.80019560950588,-23.74349654622409,42.939069518315186
84200,0.06,0,0.4352718863662072,0.631578947368421,0.7803544575725027,0.51,0,0,0,49.81070198264715,-23.741360468920828,42.94043119040716
84300,0.06,0,0.43533599416540264,0.631578947368421,0.7773147153598281,0.66,0,0,0,49.801169981172805,-23.740221512670704,42.9423253985725
84400,0.06,0,0.4353056047648947,0.631578947368421,0.7725134264232009,0.62,0,0,0,49.804197859783855,-23.73687646970238,42.94271238409641
84500,0.06,0,0.4353446803558522,0.631578947368421,0.7784640171858217,0.54,0,0,0,49.8030559692585,-23.7379091369991,42.93984244705791
84600,0.06,0,0.43529774266476823,0.631578947368421,0.7777013963480129,0.51,0,0,0,49.800297371812775,-23.73620899758735,42.9468514358742
84700,0.06,0,0.4354279593892718,0.631578947368421,0.776047261009667,0.54,0,0,0,49.80156206027109,-23.736377881356564,42.932917693370236
84800,0.06,0,0.43543913602480216,0.631578947368421,0.7781740064446832,0.56,0,0,0,49.808595882447136,-23.73510275035865,42.925753008879525
84900,0.06,0,0.4355024921811645,0.631578947368421,0.7724704618689581,0.59,0,0,0,49.812934009167634,-23.737158305214408,42.915770454304706
85000,0.06,0,0.4355313456998465,0.631578947368421,0.7778088077336197,0.52,0,0,0,49.81204726277007,-23.738250559488282,42.913691256502034
85100,0.06,0,0.4355037953476689,0.631578947368421,0.7819011815252417,0.49,0,0,0,49.81503149107478,-23.737656602563643,42.91383505626409
85200,0.06,0,0.43557022761017394,0.631578947368421,0.772610096670247,0.62,0,0,0,49.813470759764876,-23.739326385409264,42.90863427788941
85300,0.06,0,0.4355756120037303,0.631578947368421,0.7714178302900108,0.52,0,0,0,49.81966728971188,-23.740813678525157,42.902766985007666
85400,0.06,0,0.43548594914978633,0.631578947368421,0.7732867883995703,0.52,0,0,0,49.821702471136206,-23.740657954561428,42.90984739130095
85500,0.06,0,0.43552872627878614,0.631578947368421,0.7666702470461869,0.49,0,0,0,49.82211313552116,-23.73927088232578,42.90527918108156
85600,0.06,0,0.43546905343573256,0.631578947368421,0.7758109559613319,0.46,0,0,0,49.83326215282789,-23.74113600772708,42.90155818273813
85700,0.06,0,0.43543473278188943,0.631578947368421,0.7756928034371643,0.68,0,0,0,49.835653576001796,-23.7406475404777,42.902880808220054
85800,0.06,0,0.4354135586167654,0.631578947368421,0.7758324382384533,0.6,0,0,0,49.83478592022271,-23.74027596087812,42.90571417884832
85900,0.06,0,0.43538650178625227,0.631578947368421,0.7734264232008593,0.54,0,0,0,49.83326600349902,-23.74216386461656,42.909689235898604
86000,0.06,0,0.4353683752841986,0.631578947368421,0.7721482277121375,0.43,0,0,0,49.83557288709855,-23.740804885172736,42.90948940702305
86100,0.06,0,0.4353930209003783,0.631578947368421,0.7707948442534909,0.41,0,0,0,49.83348833122763,-23.74079772441211,42.90885531670122
86200,0.06,0,0.4353658334782466,0.631578947368421,0.7698925886143931,0.55,0,0,0,49.82966961255698,-23.740553199549275,42.914823403359584
86300,0.06,0,0.43535469572734364,0.631578947368421,0.773093447905478,0.49,0,0,0,49.83169729747853,-23.739506926726953,42.91417502296228
86400,0.06,0,0.4352893085113657,0.631578947368421,0.7743501611170784,0.58,0,0,0,49.838391005206496,-23.73883591486045,42.91485680457689
86500,0.06,0,0.4352841411391969,0.631578947368421,0.7723523093447906,0.49,0,0,0,49.837600849633304,-23.73811783422395,42.916046664358554
86600,0.06,0,0.435276517260786,0.631578947368421,0.7657679914070892,0.52,0,0,0,49.83931441252842,-23.7370816811173,42.915322785251014
86700,0.06,0,0.43528082526960005,0.631578947368421,0.77171858216971,0.58,0,0,0,49.84019769817132,-23.73701434740206,42.91413749587256
86800,0.06,0,0.43529810062005186,0.631578947368421,0.7756820622986037,0.55,0,0,0,49.83467849426872,-23.736560688513453,42.917186958091236
86900,0.06,0,0.43522795173074785,0.631578947368421,0.778313641245972,0.64,0,0,0,49.84177384474044,-23.73952641814015,42.91799366839302
87000,0.06,0,0.43526430006195177,0.631578947368421,0.7752416756176155,0.57,0,0,0,49.84055375791427,-23.74108779855068,42.915460181163965
87100,0.06,0,0.43533781601501464,0.631578947368421,0.7728034371643394,0.53,0,0,0,49.84299392454242,-23.741009132969804,42.90611234232684
87200,0.06,0,0.43532949388822173,0.631578947368421,0.7779162191192266,0.44,0,0,0,49.844529147686764,-23.740734253561133,42.90561102831021
87300,0.06,0,0.43523185373695167,0.631578947368421,0.7761439312567132,0.56,0,0,0,49.851717850420776,-23.740584092567577,42.909048046179095
87400,0.06,0,0.435256375389419,0.631578947368421,0.77374865735768,0.57,0,0,0,49.84932077626721,-23.73930407295598,42.90869384381338
87500,0.06,0,0.4352552220058411,0.631578947368421,0.7765306122448979,0.64,0,0,0,49.854111989375866,-23.73971873703216,42.9046838107372
87600,0.06,0,0.4351123982516412,0.631578947368421,0.778796992481203,0.61,0,0,0,49.86388439068951,-23.739718101842065,42.91035580031606
87700,0.06,0,0.4350874057340485,0.631578947368421,0.7744146079484425,0.58,0,0,0,49.86580042558125,-23.738814948552555,42.91117180454481
87800,0.06,0,0.4350849521856379,0.631578947368421,0.770343716433942,0.45,0,0,0,49.866711412357546,-23.740734243906907,42.91062986656209
87900,0.06,0,0.4351558859242375,0.631578947368421,0.7774650912996778,0.62,0,0,0,49.869821047016984,-23.739958420318807,42.900959847742584
88000,0.06,0,0.43519754303748764,0.631578947368421,0.7756820622986037,0.5,0,0,0,49.867745141859814,-23.739744965988418,42.898639086813105
88100,0.06,0,0.43516447559997945,0.631578947368421,0.7680236305048335,0.47,0,0,0,49.868855290099354,-23.739364413510245,42.90094382995054
88200,0.06,0,0.43511759431636743,0.631578947368421,0.7745112781954887,0.59,0,0,0,49.869817993720154,-23.740334249931436,42.90473788325531
88300,0.06,0,0.43508811271270376,0.631578947368421,0.7733297529538131,0.51,0,0,0,49.86747313446053,-23.739269715661397,42.90966270705398
88400,0.06,0,0.43506539497690505,0.631578947368421,0.7790118152524168,0.6,0,0,0,49.86658643973134,-23.73915992243082,42.912666344763686
88500,0.06,0,0.43505089343977466,0.631578947368421,0.7777551020408163,0.56,0,0,0,49.868399416210345,-23.739110225918836,42.91253659996338
88600,0.06,0,0.43493596667833323,0.631578947368421,0.7775510204081633,0.5,0,0,0,49.87324052850099,-23.737441739360023,42.919709188715935
88700,0.06,0,0.4349238664478634,0.631578947368421,0.7749087003222341,0.52,0,0,0,49.866962992297324,-23.736912791641373,42.926306405823176
88800,0.06,0,0.4349321920867955,0.631578947368421,0.7806122448979592,0.58,0,0,0,49.86701446855755,-23.735759712534865,42.9254403832703
88900,0.06,0,0.434909171228343,0.631578947368421,0.7776906552094522,0.63,0,0,0,49.8639791780516,-23.736756760295588,42.930325607185914
89000,0.06,0,0.4349519502351647,0.631578947368421,0.776186895810956,0.5,0,0,0,49.85858598399992,-23.735854552084554,42.93074657201034
89100,0.06,0,0.43495606037243145,0.631578947368421,0.7778195488721804,0.62,0,0,0,49.85607772275822,-23.735325999203233,42.9325007230972
89200,0.06,0,0.4349458611160948,0.631578947368421,0.7770032223415682,0.48,0,0,0,49.86148548696804,-23.736037252865483,42.92885108287768
89300,0.06,0,0.4349108556164153,0.631578947368421,0.782234156820623,0.58,0,0,0,49.863431621711406,-23.737338370312987,42.930630761417376
89400,0.06,0,0.4348725568492506,0.631578947368421,0.7828034371643394,0.44,0,0,0,49.867214837568255,-23.7386528570404,42.93115436352958
89500,0.06,0,0.43491879205097855,0.631578947368421,0.7813856068743287,0.53,0,0,0,49.86532688909368,-23.73868566746962,42.92821569405145
89600,0.06,0,0.43488466068759274,0.631578947368421,0.7789903329752954,0.6,0,0,0,49.8640092853451,-23.738601831424752,42.932719281619185
89700,0.06,0,0.43489764258115604,0.631578947368421,0.7745435016111708,0.53,0,0,0,49.87356721656613,-23.73920641638841,42.92321020116828
89800,0.06,0,0.43493384365681415,0.631578947368421,0.7826208378088078,0.53,0,0,0,49.873626007619926,-23.739207918347184,42.91958695751742
89900,0.06,0,0.43490471498613237,0.631578947368421,0.7845757250268528,0.57,0,0,0,49.872157185648895,-23.739264579258293,42.923725729696415
90000,0.06,0,0.4349129986415003,0.631578947368421,0.7762835660580022,0.43,0,0,0,49.86904638543693,-23.73672390299241,42.92558567898579
90100,0.06,0,0.43496072426840304,0.631578947368421,0.7756498388829216,0.58,0,0,0,49.866900113787096,-23.736550550476707,42.92272302710085
90200,0.06,0,0.4349917489065932,0.631578947368421,0.7779269602577873,0.52,0,0,0,49.86697812751635,-23.73725769229938,42.91959453209663
90300,0.06,0,0.43494604539381165,0.631578947368421,0.7737379162191192,0.6,0,0,0,49.86697949887509,-23.739997934416635,42.92410328171246
90400,0.06,0,0.4349948934190099,0.631578947368421,0.7735016111707841,0.6,0,0,0,49.86845428124695,-23.73940402803498,42.918013821145536
90500,0.06,0,0.43495448346306903,0.631578947368421,0.7770354457572503,0.5,0,0,0,49.86957337332666,-23.739941546508682,42.92103798357552
90600,0.06,0,0.43494998688370223,0.631578947368421,0.7732545649838883,0.53,0,0,0,49.87040532502452,-23.740228441839015,42.92076567995923
90700,0.06,0,0.4349786666375663,0.631578947368421,0.7839634801288936,0.66,0,0,0,49.87911893423838,-23.739788519264483,42.9104382263836
90800,0.06,0,0.43494678838952955,0.631578947368421,0.7812996777658432,0.5,0,0,0,49.87719383975117,-23.739867887936356,42.91523955303376
90900,0.06,0,0.4348761370875213,0.631578947368421,0.7765735767991407,0.58,0,0,0,49.87812531363155,-23.73990528417618,42.92141012137675
91000,0.06,0,0.43485997395992065,0.631578947368421,0.7821374865735768,0.52,0,0,0,49.87546842507621,-23.738124757147293,42.925291976966484
91100,0.06,0,0.4348479852190691,0.631578947368421,0.7788829215896885,0.47,0,0,0,49.87704366232087,-23.737778324391115,42.92511970393091
91200,0.06,0,0.434885686516154,0.631578947368421,0.7820837808807733,0.53,0,0,0,49.87496813962726,-23.737357998233445,42.923184574231634
91300,0.06,0,0.43496197827208555,0.631578947368421,0.7833512352309345,0.6,0,0,0,49.87409970533759,-23.739322047228367,42.9164031745792
91400,0.06,0,0.43491571926567,0.631578947368421,0.7770998925886143,0.52,0,0,0,49.874001976933165,-23.740495624600808,42.921052002352475
91500,0.06,0,0.43490733225853007,0.631578947368421,0.7644897959183673,0.48,0,0,0,49.875491144389336,-23.741326713467128,42.92059816838919
91600,0.06,0,0.4349065902379995,0.631578947368421,0.7749301825993555,0.59,0,0,0,49.871695245668114,-23.740009191023375,42.92393823126552
91700,0.06,0,0.434834769283852,0.631578947368421,0.7742749731471535,0.6,0,0,0,49.87453774002684,-23.742508679166527,42.92858114495769
91800,0.06,0,0.4347187246974389,0.631578947368421,0.7779269602577873,0.61,0,0,0,49.87890230913414,-23.74188773479095,42.936283180720146
91900,0.06,0,0.434696374490808,0.631578947368421,0.7796670247046187,0.48,0,0,0,49.87874582563672,-23.74102327054616,42.93862548860178
92000,0.06,0,0.434709151269291,0.631578947368421,0.7754564983888292,0.57,0,0,0,49.87639972433944,-23.74177196563872,42.93938315636793
92100,0.06,0,0.43470831694164247,0.631578947368421,0.7758539205155747,0.55,0,0,0,49.87589242235985,-23.74141541809603,42.93990231872982
92200,0.06,0,0.43467085608536277,0.631578947368421,0.7744897959183673,0.54,0,0,0,49.878515343391946,-23.740890881403885,42.94134473016401
92300,0.06,0,0.4346100243836583,0.631578947368421,0.779656283566058,0.6,0,0,0,49.87755403906879,-23.739130610147825,42.94818290126215
92400,0.06,0,0.4346712408204846,0.631578947368421,0.7783566058002148,0.68,0,0,0,49.875624749862546,-23.740478467386556,42.94379542996889
92500,0.06,0,0.4347499696218772,0.631578947368421,0.7797744360902256,0.52,0,0,0,49.87512744757012,-23.74170884203796,42.93644685783058
92600,0.06,0,0.4348132841702512,0.631578947368421,0.7779591836734694,0.55,0,0,0,49.86918122098807,-23.74520291797907,42.93531359106125
92700,0.06,0,0.4347997127565221,0.631578947368421,0.7738560687432868,0.53,0,0,0,49.87346139863184,-23.74472306416163,42.93296887638334
92800,0.06,0,0.43479964839662016,0.631578947368421,0.771031149301826,0.64,0,0,0,49.87494484317168,-23.745857324675605,42.931698263824764
92900,0.06,0,0.4348648222806364,0.631578947368421,0.7742749731471535,0.66,0,0,0,49.87217878906619,-23.747103034160176,42.927644780063765
93000,0.06,0,0.434832750159109,0.631578947368421,0.777078410311493,0.44,0,0,0,49.875749862025955,-23.7482277115359,42.92773719077269
93100,0.06,0,0.4349955093483066,0.631578947368421,0.7805370569280343,0.55,0,0,0,49.87259368066973,-23.748393197833828,42.91439088378418
93200,0.06,0,0.4351007412070818,0.631578947368421,0.774328678839957,0.62,0,0,0,49.86203357841441,-23.750335552793747,42.91309825528721
93300,0.06,0,0.4351023696731292,0.631578947368421,0.7754457572502685,0.5,0,0,0,49.86641479412991,-23.750070289761922,42.90916735377014
93400,0.06,0,0.4350740600711604,0.631578947368421,0.7806122448979592,0.43,0,0,0,49.870008026720434,-23.75041127878527,42.90886749605388
93500,0.06,0,0.43502260151311234,0.631578947368421,0.7754887218045112,0.6,0,0,0,49.872249426194834,-23.75036678819459,42.91201448622765
93600,0.06,0,0.43502677553426056,0.631578947368421,0.7785392051557465,0.55,0,0,0,49.8675841585338,-23.74981700584569,42.91561726539932
93700,0.06,0,0.4350738159896719,0.631578947368421,0.7753813104189045,0.68,0,0,0,49.853621437567305,-23.752893371488085,42.92299546613771
93800,0.06,0,0.435016548899339,0.631578947368421,0.7736519871106338,0.52,0,0,0,49.85758667351665,-23.754010056335577,42.92523182976367
93900,0.06,0,0.43503528106764905,0.631578947368421,0.7733190118152524,0.54,0,0,0,49.852332568012834,-23.753081854234736,42.92790735395948
94000,0.06,0,0.43495055610522104,0.631578947368421,0.781063372717508,0.62,0,0,0,49.85523947090544,-23.753255753198253,42.933765894750074
94100,0.06,0,0.43503007937898985,0.631578947368421,0.7772073039742212,0.54,0,0,0,49.85058782403494,-23.752822526199868,42.92992311812252
94200,0.06,0,0.435102758289983,0.631578947368421,0.7815252416756177,0.56,0,0,0,49.84638779928172,-23.75089811118034,42.92636881191148
94300,0.06,0,0.43502861618307975,0.631578947368421,0.7805907626208378,0.49,0,0,0,49.84941727293684,-23.750439872823556,42.93107558338507
94400,0.06,0,0.4350738153650673,0.631578947368421,0.7838775510204081,0.68,0,0,0,49.84311456251974,-23.75121043581511,42.93204364914239
94500,0.06,0,0.4351100091668116,0.631578947368421,0.7752201933404941,0.67,0,0,0,49.83705849260614,-23.752421269953683,42.93368898490909
94600,0.06,0,0.4351508750413507,0.631578947368421,0.7692158968850699,0.52,0,0,0,49.835807732358816,-23.75026196198981,42.930734430022724
94700,0.06,0,0.43520211590475555,0.631578947368421,0.7706552094522019,0.59,0,0,0,49.83774762640758,-23.74753559022186,42.924008901555545
94800,0.06,0,0.43521854730124904,0.631578947368421,0.7690547798066595,0.54,0,0,0,49.82697100458774,-23.747014680772047,42.93167162570012
94900,0.06,0,0.4352560660046001,0.631578947368421,0.7791299677765843,0.55,0,0,0,49.82220552640285,-23.745665325898592,42.932076998886146
95000,0.06,0,0.4353170606383202,0.631578947368421,0.776047261009667,0.54,0,0,0,49.8202258743915,-23.748387023060555,42.92776725891207
95100,0.06,0,0.4352368059035704,0.631578947368421,0.7718474758324383,0.64,0,0,0,49.8266034256438,-23.74709896805726,42.930187301439084
95200,0.06,0,0.4352461038474195,0.631578947368421,0.7740601503759399,0.45,0,0,0,49.83655292823391,-23.748998583743553,42.92069969120483
95300,0.06,0,0.4352168583297843,0.631578947368421,0.7755961331901181,0.58,0,0,0,49.834026684245025,-23.748160565807993,42.92575979000333
95400,0.06,0,0.43526667314554207,0.631578947368421,0.7769817400644469,0.61,0,0,0,49.840717565079125,-23.745944132904924,42.91508515936693
95500,0.06,0,0.4351350386146175,0.631578947368421,0.7725886143931257,0.53,0,0,0,49.85126540004505,-23.74694380831097,42.91898459977986
95600,0.06,0,0.43517805692478967,0.631578947368421,0.7742105263157895,0.51,0,0,0,49.85276971036349,-23.74700665650176,42.91344700863289
95700,0.06,0,0.43508646233464476,0.631578947368421,0.783297529538131,0.51,0,0,0,49.861411676560245,-23.746524826778618,42.91504185338551
95800,0.06,0,0.435141308928323,0.631578947368421,0.7801611170784103,0.53,0,0,0,49.86026083418766,-23.745476787462348,42.91062311756282
95900,0.06,0,0.43528216084881466,0.631578947368421,0.7710848549946294,0.57,0,0,0,49.856311026751754,-23.742709352839533,42.900136214408455
96000,0.06,0,0.43529470749506294,0.631578947368421,0.7803974221267455,0.53,0,0,0,49.852901111806794,-23.74231737605525,42.901833953829744
96100,0.06,0,0.4352630536638226,0.631578947368421,0.7739419978517723,0.59,0,0,0,49.852879426144206,-23.742518267407032,42.904972586600145
96200,0.06,0,0.43524822793322143,0.631578947368421,0.7750483351235231,0.57,0,0,0,49.855911335367885,-23.742243698176335,42.9038247582493
96300,0.06,0,0.4351405147293322,0.631578947368421,0.7821482277121374,0.47,0,0,0,49.86363041540309,-23.74245146775587,42.90780170554041
96400,0.06,0,0.43516048745605596,0.631578947368421,0.7756283566058002,0.53,0,0,0,49.866765858970794,-23.74266968182789,42.90313458480498
96500,0.06,0,0.4351446078796341,0.631578947368421,0.7742534908700323,0.46,0,0,0,49.86529261716883,-23.7419987620492,42.905967828584764
96600,0.06,0,0.4350842110104177,0.631578947368421,0.7736197636949517,0.47,0,0,0,49.871762817498336,-23.740767979830448,42.90635663158999
96700,0.06,0,0.4350658298339103,0.631578947368421,0.7792373791621912,0.65,0,0,0,49.874211838384824,-23.740189277966657,42.90606242949192
96800,0.06,0,0.43523086892935,0.631578947368421,0.7723737916219119,0.52,0,0,0,49.85856940619805,-23.73902412006485,42.90324857041335
96900,0.06,0,0.43518041983786176,0.631578947368421,0.7728571428571429,0.49,0,0,0,49.858934989282986,-23.737746802634042,42.90790759046686
97000,0.06,0,0.4352372106257975,0.631578947368421,0.7737593984962406,0.57,0,0,0,49.84943857538364,-23.738508044140563,42.91048183681338
97100,0.06,0,0.4353031769620993,0.631578947368421,0.779108485499463,0.57,0,0,0,49.84564684031938,-23.73645558102125,42.90724281945653
97200,0.06,0,0.43531975943785667,0.631578947368421,0.7802255639097745,0.67,0,0,0,49.84178873041504,-23.737852839763168,42.90892956968798
97300,0.06,0,0.4353948783333446,0.631578947368421,0.7770354457572503,0.61,0,0,0,49.83569438898329,-23.73900971019009,42.906772841840386
97400,0.06,0,0.4354908398885296,0.631578947368421,0.7742964554242749,0.47,0,0,0,49.829173635867534,-23.739935079070115,42.90293185684529
97500,0.06,0,0.4354908032123905,0.631578947368421,0.7740386680988185,0.42,0,0,0,49.82824578942396,-23.739550440292895,42.9037343610216
97600,0.06,0,0.43552492297748246,0.631578947368421,0.7696348012889366,0.5,0,0,0,49.828339742013426,-23.740085101028768,42.90029231958128
97700,0.06,0,0.4354271200604309,0.631578947368421,0.7668206229860365,0.59,0,0,0,49.83364156924583,-23.73874281915244,42.90536310524119
97800,0.06,0,0.4354302422466607,0.631578947368421,0.7714500537056928,0.54,0,0,0,49.82578125588277,-23.73695924430963,42.91182398657338
97900,0.06,0,0.43544313455409356,0.631578947368421,0.7733941997851772,0.47,0,0,0,49.830648235770155,-23.736791039549164,42.906362390763356
98000,0.06,0,0.4353979409785327,0.631578947368421,0.7739419978517723,0.54,0,0,0,49.83626709753586,-23.73624692459859,42.90597795737173
98100,0.06,0,0.43549750888113065,0.631578947368421,0.7712137486573577,0.53,0,0,0,49.82801990909353,-23.736162155711547,42.903268229500576
98200,0.06,0,0.4355532447681664,0.631578947368421,0.7736305048335124,0.6,0,0,0,49.8298795489204,-23.737721566802815,42.896177146278816
98300,0.06,0,0.43553616594080635,0.631578947368421,0.7770569280343717,0.51,0,0,0,49.82707365971079,-23.737386670331077,42.90027493614652
98400,0.06,0,0.4354739381045038,0.631578947368421,0.7718689581095596,0.52,0,0,0,49.82940004827637,-23.737407749627803,42.904402074314596
98500,0.06,0,0.4354722725109816,0.631578947368421,0.7751127819548872,0.48,0,0,0,49.828340521760666,-23.738472830147625,42.90547847760827
98600,0.06,0,0.43543708291336686,0.631578947368421,0.7771643394199785,0.58,0,0,0,49.82563407534842,-23.73900732004063,42.91127660248981
98700,0.06,0,0.4354065990519991,0.631578947368421,0.7792051557465092,0.57,0,0,0,49.829183351313134,-23.73937705133954,42.911224188648205
98800,0.06,0,0.43536956244553787,0.631578947368421,0.7774436090225564,0.47,0,0,0,49.832189729487986,-23.740161992812254,42.912285562420735
98900,0.06,0,0.43532894039602466,0.631578947368421,0.775703544575725,0.57,0,0,0,49.84110498126038,-23.739721263591857,42.90861327023829
99000,0.06,0,0.4353687440328661,0.631578947368421,0.7792051557465092,0.67,0,0,0,49.845250504382875,-23.739019841114455,42.90112205385542
99100,0.06,0,0.4352753788686095,0.631578947368421,0.78031149301826,0.6,0,0,0,49.855817112449486,-23.739793490344233,42.901229648958
99200,0.06,0,0.43515718896781563,0.631578947368421,0.7834479054779807,0.45,0,0,0,49.86516266359633,-23.739667502539202,42.90483916262816
99300,0.06,0,0.43521503118812743,0.631578947368421,0.77687432867884,0.63,0,0,0,49.85527676424485,-23.73957688543959,42.907643451182814
99400,0.06,0,0.4351871915944365,0.631578947368421,0.774640171858217,0.5,0,0,0,49.86152875762285,-23.74024271291201,42.90500790918613
99500,0.06,0,0.4352086207982512,0.631578947368421,0.7789581095596133,0.44,0,0,0,49.85562184541696,-23.739703371909656,42.9079784634388
99600,0.06,0,0.4352462721229638,0.631578947368421,0.7762835660580022,0.56,0,0,0,49.857953864814206,-23.73921381983784,42.90225990192929
99700,0.06,0,0.43529546191866847,0.631578947368421,0.7775832438238454,0.61,0,0,0,49.85280052542123,-23.738976994894436,42.90184616087086
99800,0.06,0,0.4353871104708055,0.631578947368421,0.7765091299677765,0.57,0,0,0,49.84650389266954,-23.740019456954723,42.898233604774795
99900,0.06,0,0.4354083283277745,0.631578947368421,0.7700537056928034,0.59,0,0,0,49.843100099269655,-23.73937224290788,42.89907251812266
100000,0.06,0,0.4354415853617474,0.631578947368421,0.7739742212674543,0.51,0,0,0,49.84370255718101,-23.73777600041785,42.89527760446791
100100,0.06,0,0.4353493685998527,0.631578947368421,0.7822234156820623,0.48,0,0,0,49.85716120070515,-23.73942673173468,42.892782009178504
100200,0.06,0,0.4354518754416698,0.631578947368421,0.7693877551020408,0.54,0,0,0,49.85237951610674,-23.74029202788816,42.88679807671397
100300,0.06,0,0.43540053960522906,0.631578947368421,0.7748872180451127,0.58,0,0,0,49.85644623776428,-23.74241747751977,42.88835600880698
100400,0.06,0,0.4354235774248149,0.631578947368421,0.7843823845327604,0.55,0,0,0,49.854903086104585,-23.742194731261154,42.887414276306714
100500,0.06,0,0.43535321272451327,0.631578947368421,0.7762513426423201,0.61,0,0,0,49.86179864651982,-23.74150760992816,42.88841401995249
100600,0.06,0,0.43538803110312785,0.631578947368421,0.7757894736842105,0.65,0,0,0,49.85606268786658,-23.742096156354116,42.889918127766876
100700,0.06,0,0.4355047373257251,0.631578947368421,0.7815896885069817,0.57,0,0,0,49.84314179599226,-23.7435598328617,42.88953994132494
100800,0.06,0,0.4354982378125731,0.631578947368421,0.7731578947368422,0.48,0,0,0,49.84642954098966,-23.743786748466373,42.887351110062205
100900,0.06,0,0.43553017703359465,0.631578947368421,0.7770676691729324,0.48,0,0,0,49.846148236161085,-23.742562776079236,42.8844480194062
101000,0.06,0,0.43557828495740436,0.631578947368421,0.7728034371643394,0.57,0,0,0,49.8441822867151,-23.74498939151136,42.88140285673684
101100,0.06,0,0.4355165528721747,0.631578947368421,0.7729323308270677,0.52,0,0,0,49.839020831250885,-23.74467776334018,42.891922597016
101200,0.06,0,0.4354251567109685,0.631578947368421,0.7744897959183673,0.56,0,0,0,49.840724136470065,-23.74465129309668,42.89945951520282
101300,0.06,0,0.43545366601325836,0.631578947368421,0.775703544575725,0.56,0,0,0,49.83825905627719,-23.743241124735956,42.89877260985785
101400,0.06,0,0.43544740778481233,0.631578947368421,0.7733190118152524,0.54,0,0,0,49.84121690264914,-23.74488652718557,42.89684326797194
101500,0.06,0,0.4354796778983046,0.631578947368421,0.7770998925886143,0.59,0,0,0,49.836125376872644,-23.744338342188673,42.89804675329904
101600,0.06,0,0.43553375722897464,0.631578947368421,0.7804511278195488,0.62,0,0,0,49.83886345025453,-23.745050253192463,42.89036372852853
101700,0.06,0,0.4355633445213692,0.631578947368421,0.7682384532760472,0.58,0,0,0,49.84331927047848,-23.743587622915108,42.88361624826844
101800,0.06,0,0.4356373306168546,0.631578947368421,0.7761439312567132,0.49,0,0,0,49.83756293097239,-23.7437253888578,42.88128544914051
101900,0.06,0,0.435759980566106,0.631578947368421,0.7745972073039742,0.55,0,0,0,49.83209241684356,-23.74222544635518,42.87392212648953
102000,0.06,0,0.4358501396594201,0.631578947368421,0.7696455424274973,0.43,0,0,0,49.8238579891286,-23.74305805423856,42.87213765286235
102100,0.06,0,0.43586481818303663,0.631578947368421,0.7723630504833512,0.6,0,0,0,49.81653656394061,-23.741698741858276,42.876994467500595
102200,0.06,0,0.43589501449930684,0.631578947368421,0.7694092373791622,0.48,0,0,0,49.81538607774973,-23.74135618163088,42.87501436974582
102300,0.06,0,0.4358852672816199,0.631578947368421,0.7774006444683137,0.48,0,0,0,49.80740113937538,-23.7423215584809,42.88284685349849
102400,0.06,0,0.4358111460765605,0.631578947368421,0.7733082706766917,0.64,0,0,0,49.81713575513953,-23.745321685594327,42.88175918259075
102500,0.06,0,0.43575720828052744,0.631578947368421,0.7681310418904403,0.45,0,0,0,49.81561170877443,-23.747510583630298,42.888379140192946
102600,0.06,0,0.4357175761998807,0.631578947368421,0.7742427497314716,0.46,0,0,0,49.81827680392658,-23.74922945770785,42.889985609663086
102700,0.06,0,0.4357308955040963,0.631578947368421,0.7715574650912996,0.56,0,0,0,49.821478572573845,-23.748848304155764,42.8859183269738
102800,0.06,0,0.43566145115479804,0.631578947368421,0.7673469387755102,0.52,0,0,0,49.82536143635157,-23.74884434579398,42.88941172447511
102900,0.06,0,0.43562986763910716,0.631578947368421,0.7690547798066595,0.38,0,0,0,49.827032325796836,-23.748259142253634,42.89108289233422
103000,0.06,0,0.43559893278725675,0.631578947368421,0.7756820622986037,0.48,0,0,0,49.83462138675699,-23.74871111144242,42.88759675206535
103100,0.06,0,0.4355339728209403,0.631578947368421,0.7683995703544576,0.55,0,0,0,49.83748568718487,-23.74775562723805,42.89152820602836
103200,0.06,0,0.43560302219047975,0.631578947368421,0.7733082706766917,0.51,0,0,0,49.83872844578802,-23.749068374000874,42.88365992295254
103300,0.06,0,0.4356853425669593,0.631578947368421,0.7719871106337272,0.56,0,0,0,49.83082665798448,-23.748743316977247,42.882356163466774
103400,0.06,0,0.4357594976414771,0.631578947368421,0.7661976369495167,0.52,0,0,0,49.82053278589147,-23.74876592976946,42.88391749253394
103500,0.06,0,0.43570616499714115,0.631578947368421,0.7753061224489796,0.58,0,0,0,49.828808235362004,-23.74933151945095,42.88204377114852
103600,0.06,0,0.43571274079852584,0.631578947368421,0.7725241675617616,0.51,0,0,0,49.82537489061253,-23.748998364637654,42.88435144509751
103700,0.06,0,0.4357870947305242,0.631578947368421,0.7704726100966702,0.57,0,0,0,49.81567947386157,-23.748829788766493,42.88537950055285
103800,0.06,0,0.4358112595230572,0.631578947368421,0.773297529538131,0.58,0,0,0,49.815012029832786,-23.75014896091433,42.883576164759134
103900,0.06,0,0.4358680166269656,0.631578947368421,0.7747798066595059,0.54,0,0,0,49.80840607537827,-23.751762022107307,42.883678818109814
104000,0.06,0,0.43592392032501986,0.631578947368421,0.7714930182599355,0.55,0,0,0,49.80868477422091,-23.7516503659929,42.877939415025196
104100,0.06,0,0.43600325114014354,0.631578947368421,0.7730290010741139,0.55,0,0,0,49.80174042021019,-23.749674986953337,42.876115583060965
104200,0.06,0,0.43594475051554166,0.631578947368421,0.7646294307196563,0.62,0,0,0,49.79998785447068,-23.751290562999195,42.88337834956415
104300,0.06,0,0.4360020213236341,0.631578947368421,0.7680236305048335,0.55,0,0,0,49.79665713022541,-23.75192152393459,42.88061336919098
104400,0.06,0,0.43596877644921456,0.631578947368421,0.7632116004296455,0.46,0,0,0,49.79667197800583,-23.752587939588565,42.88387045116961
104500,0.06,0,0.4360748313320896,0.631578947368421,0.7682384532760472,0.59,0,0,0,49.79034679102055,-23.753018129481823,42.878887436036784
104600,0.06,0,0.4361121752413867,0.631578947368421,0.7671535982814178,0.45,0,0,0,49.79388066868437,-23.75391252481873,42.872172894712975
104700,0.06,0,0.436092006121308,0.631578947368421,0.771031149301826,0.56,0,0,0,49.79393301377022,-23.75434928541236,42.874110648638194
104800,0.06,0,0.43620489826803915,0.631578947368421,0.7683136412459721,0.54,0,0,0,49.779825704928406,-23.754377529438912,42.87516172625719
104900,0.06,0,0.4362429577953906,0.631578947368421,0.7735553168635876,0.45,0,0,0,49.779485904774454,-23.754584357089175,42.87171377583871
105000,0.06,0,0.436234044041395,0.631578947368421,0.76515574650913,0.6,0,0,0,49.782652432918304,-23.754962908237616,42.86986279224989
105100,0.06,0,0.43618920480856677,0.631578947368421,0.7682491944146079,0.6,0,0,0,49.78374380275607,-23.75547996053713,42.87332981527475
105200,0.06,0,0.43611384167226663,0.631578947368421,0.7681310418904403,0.6,0,0,0,49.791912792850155,-23.75593964540197,42.8737034636383
105300,0.06,0,0.4361822969410768,0.631578947368421,0.7652416756176155,0.56,0,0,0,49.78816438677544,-23.758044930220446,42.8702021139437
105400,0.06,0,0.43617916226713377,0.631578947368421,0.7668635875402793,0.59,0,0,0,49.788674420248775,-23.756331916713986,42.87007104373005
105500,0.06,0,0.4361611761066715,0.631578947368421,0.7711170784103115,0.52,0,0,0,49.78527396671736,-23.75463146580144,42.8747671440893
105600,0.06,0,0.43602044787783084,0.631578947368421,0.7670891514500537,0.55,0,0,0,49.79115331511535,-23.75345634273194,42.88354093945738
105700,0.06,0,0.4359629427823717,0.631578947368421,0.7726852846401718,0.5,0,0,0,49.79322640070393,-23.752887203238235,42.887411790226416
105800,0.06,0,0.4359201974343035,0.631578947368421,0.7752416756176155,0.57,0,0,0,49.79762978248743,-23.75527090589496,42.88782451880511
105900,0.06,0,0.43590101565522016,0.631578947368421,0.7736842105263158,0.4,0,0,0,49.796758738733004,-23.754519701923655,42.89046201893337
106000,0.06,0,0.4359772550740384,0.631578947368421,0.7737916219119226,0.53,0,0,0,49.800205617408544,-23.754262664182487,42.87999364878867
106100,0.06,0,0.4359404338374509,0.631578947368421,0.7668098818474758,0.52,0,0,0,49.80517862326257,-23.755126130984035,42.879333567507594
106200,0.06,0,0.4360051729874126,0.631578947368421,0.7684103114930183,0.55,0,0,0,49.79614990320811,-23.754551039029145,42.88074018836723
106300,0.06,0,0.43598314238915054,0.631578947368421,0.7697207303974222,0.56,0,0,0,49.795786026138444,-23.754073664892314,42.88322035055617
106400,0.06,0,0.43596514729875874,0.631578947368421,0.7727604726100966,0.47,0,0,0,49.79754904757769,-23.75517270340818,42.88347212660215
106500,0.06,0,0.43597996628918345,0.631578947368421,0.7657894736842106,0.55,0,0,0,49.79815198063807,-23.75583319712665,42.8814953186417
106600,0.06,0,0.43591837067489847,0.631578947368421,0.7702685284640172,0.59,0,0,0,49.802529062618596,-23.755256817317512,42.883785174696186
106700,0.06,0,0.43590831189029167,0.631578947368421,0.7753813104189045,0.5,0,0,0,49.80402324607825,-23.755164337521386,42.88348814046031
106800,0.06,0,0.4359546878985678,0.631578947368421,0.7638882921589688,0.41,0,0,0,49.79993154957289,-23.754250595161903,42.88244932681521
106900,0.06,0,0.43595404556319023,0.631578947368421,0.7723415682062299,0.69,0,0,0,49.797935557676865,-23.754930144764824,42.88423131903689
107000,0.06,0,0.43604856978753964,0.631578947368421,0.7685606874328679,0.5,0,0,0,49.79459173763066,-23.755661144692166,42.87781425926298
107100,0.06,0,0.43604241721391307,0.631578947368421,0.7661654135338346,0.62,0,0,0,49.798793243430204,-23.755117955317957,42.87480163030674
107200,0.06,0,0.43599787267159723,0.631578947368421,0.7696455424274973,0.55,0,0,0,49.80164300927953,-23.75382945427283,42.87672836848789
107300,0.06,0,0.43601795340976157,0.631578947368421,0.7689903329752954,0.61,0,0,0,49.797438334940004,-23.753604108133924,42.87837384113642
107400,0.06,0,0.435979766044497,0.631578947368421,0.7715896885069817,0.47,0,0,0,49.80422074933857,-23.75270613747872,42.87628979431689
107500,0.06,0,0.43589231603729356,0.631578947368421,0.7713319011815253,0.55,0,0,0,49.81009620480207,-23.75393999165895,42.87983318424377
107600,0.06,0,0.4359108147711333,0.631578947368421,0.7761009667024704,0.44,0,0,0,49.813348446934285,-23.755144388539154,42.87521405002951
107700,0.06,0,0.43588659044740935,0.631578947368421,0.7684317937701396,0.59,0,0,0,49.81803823689718,-23.754882091191764,42.873560404840475
107800,0.06,0,0.43577978119207084,0.631578947368421,0.7711600429645542,0.53,0,0,0,49.825305344567354,-23.755711137065166,42.877813961990846
107900,0.06,0,0.4357608070948137,0.631578947368421,0.7813426423200859,0.38,0,0,0,49.82201752597013,-23.75482353512455,42.882510652402125
108000,0.06,0,0.43580359479500713,0.631578947368421,0.7763802363050484,0.63,0,0,0,49.8229101399789,-23.754012682062296,42.87753220175909
108100,0.06,0,0.43578838930419367,0.631578947368421,0.7701181525241676,0.5,0,0,0,49.8257869291838,-23.754226334055215,42.87655257639145
108200,0.06,0,0.4357777013758847,0.631578947368421,0.7677228786251342,0.5,0,0,0,49.827537674086706,-23.753868560365376,42.87609761968277
108300,0.06,0,0.4357228420413808,0.631578947368421,0.7751987110633727,0.58,0,0,0,49.82463087278254,-23.75131211433143,42.88399763462372
108400,0.06,0,0.43574168154961335,0.631578947368421,0.7731149301825994,0.49,0,0,0,49.82152781263397,-23.752784871349647,42.884814374531025
108500,0.06,0,0.43563061121827645,0.631578947368421,0.7678088077336198,0.52,0,0,0,49.827588160681735,-23.752414981810155,42.89053122519997
108600,0.06,0,0.4356157163857495,0.631578947368421,0.7720622986036519,0.45,0,0,0,49.828818150519176,-23.75092499198247,42.89093900460401
108700,0.06,0,0.43566539047605973,0.631578947368421,0.7736842105263158,0.58,0,0,0,49.81781300988475,-23.75281733894721,42.895522486958754
108800,0.06,0,0.43569084313322565,0.631578947368421,0.7729001074113856,0.33,0,0,0,49.809691775324985,-23.752645532043655,42.900010073497896
108900,0.06,0,0.4357139073665006,0.631578947368421,0.7744146079484425,0.53,0,0,0,49.79903384523154,-23.75208600573552,42.906920112476236
109000,0.06,0,0.43571179546174027,0.631578947368421,0.7695918367346939,0.52,0,0,0,49.80074366369476,-23.75359857790934,42.905654944631856
109100,0.06,0,0.4357394554597692,0.631578947368421,0.7714285714285715,0.59,0,0,0,49.79617206226378,-23.75295793141562,42.90687012540697
109200,0.06,0,0.4356155654929439,0.631578947368421,0.7763480128893663,0.54,0,0,0,49.805705016672334,-23.754093863037067,42.91085809459027
109300,0.06,0,0.4356096240229773,0.631578947368421,0.7775510204081633,0.52,0,0,0,49.80830457587707,-23.753453373880504,42.90920377134436
109400,0.06,0,0.4355284163932326,0.631578947368421,0.7744253490870032,0.55,0,0,0,49.81825479704637,-23.752063221558238,42.90863265160814
109500,0.06,0,0.4354781733434386,0.631578947368421,0.7777228786251342,0.63,0,0,0,49.8213237250262,-23.75133410069632,42.91093979075927
109600,0.06,0,0.43535330491135055,0.631578947368421,0.7810955961331901,0.61,0,0,0,49.82702182081001,-23.75013215966651,42.91833894853656
109700,0.06,0,0.43523344280460546,0.631578947368421,0.7807089151450054,0.56,0,0,0,49.836099473501775,-23.74993161575997,42.92233880783045
109800,0.06,0,0.4352023224496369,0.631578947368421,0.76484425349087,0.47,0,0,0,49.83875697962284,-23.749243421103216,42.923119217303174
109900,0.06,0,0.4351912159771821,0.631578947368421,0.7759505907626209,0.62,0,0,0,49.838246638235965,-23.747810329815167,42.924654196042916
110000,0.06,0,0.43521469104298066,0.631578947368421,0.7756498388829216,0.48,0,0,0,49.832143919467995,-23.747232279241175,42.92759538708157
110100,0.06,0,0.4352119689621632,0.631578947368421,0.7720730397422126,0.54,0,0,0,49.827355028726245,-23.747460294852562,42.931989665329446
110200,0.06,0,0.43521737613579065,0.631578947368421,0.7742212674543502,0.55,0,0,0,49.83859912082268,-23.746294561691027,42.921770504237585
110300,0.06,0,0.43525932613394613,0.631578947368421,0.7776047261009666,0.54,0,0,0,49.839786832284986,-23.745761354686717,42.916610980676985
110400,0.06,0,0.4353160501602915,0.631578947368421,0.7809452201933405,0.56,0,0,0,49.834727053028544,-23.74431249685054,42.91537552197182
110500,0.06,0,0.4353220059915324,0.631578947368421,0.7867454350161117,0.53,0,0,0,49.828155632278104,-23.744457323188545,42.92044805218197
110600,0.06,0,0.43536063960123195,0.631578947368421,0.7835553168635876,0.51,0,0,0,49.8315382262808,-23.744855810113712,42.913726113938026
110700,0.06,0,0.43530502860843806,0.631578947368421,0.777250268528464,0.57,0,0,0,49.83853777517462,-23.744752150660187,42.913180651799415
110800,0.06,0,0.4352811214147297,0.631578947368421,0.7771965628356606,0.56,0,0,0,49.834267122055664,-23.74553170021726,42.919215334868376
110900,0.06,0,0.4352200815860339,0.631578947368421,0.7808378088077336,0.56,0,0,0,49.8402858852876,-23.74775679038316,42.920051081070504
111000,0.06,0,0.4352334139260013,0.631578947368421,0.7772824919441461,0.47,0,0,0,49.839971783018356,-23.748525589051166,42.919006810585074
111100,0.06,0,0.43527978808328655,0.631578947368421,0.7839957035445757,0.56,0,0,0,49.84007150731244,-23.74770853509886,42.91434840707734
111200,0.06,0,0.4353426044538126,0.631578947368421,0.7809129967776585,0.49,0,0,0,49.84216402099972,-23.747459216948055,42.9063548136393
111300,0.06,0,0.43540797552342575,0.631578947368421,0.7733512352309345,0.53,0,0,0,49.84098447268012,-23.74812705130661,42.90092823963985
111400,0.06,0,0.43538488288356963,0.631578947368421,0.7750053705692803,0.51,0,0,0,49.84256791489161,-23.74755478154455,42.90184070126531
111500,0.06,0,0.4354203980407413,0.631578947368421,0.7769280343716434,0.5,0,0,0,49.844003650943996,-23.748168051534687,42.89710573441963
111600,0.06,0,0.43545159739952133,0.631578947368421,0.7754564983888292,0.59,0,0,0,49.83525601855657,-23.748450907189547,42.901561462923546
111700,0.06,0,0.43542255128979,0.631578947368421,0.7757465091299678,0.55,0,0,0,49.83831099422115,-23.746871762703464,42.90179339054412
111800,0.06,0,0.43543766604153555,0.631578947368421,0.7685284640171858,0.51,0,0,0,49.84457988271421,-23.74644541180087,42.89490868340595
111900,0.06,0,0.43529490614175714,0.631578947368421,0.767110633727175,0.55,0,0,0,49.855955385399895,-23.747877446925326,42.899186126313296
112000,0.06,0,0.4351822181448424,0.631578947368421,0.7723200859291085,0.56,0,0,0,49.85370229719893,-23.74949563687678,42.912233918019716
112100,0.06,0,0.4351942122461814,0.631578947368421,0.7719871106337272,0.51,0,0,0,49.85383808132561,-23.750076391394742,42.91093436773145
112200,0.06,0,0.43521591207357807,0.631578947368421,0.7709667024704618,0.64,0,0,0,49.85714757042555,-23.74990699311378,42.905946570891516
112300,0.06,0,0.435206240983148,0.631578947368421,0.7728141783029001,0.66,0,0,0,49.8500307884293,-23.750232554611674,42.91302557462061
112400,0.06,0,0.4351442557015999,0.631578947368421,0.7690225563909775,0.55,0,0,0,49.855256302493444,-23.749795936873042,42.91463992089173
112500,0.06,0,0.43510089175503336,0.631578947368421,0.770827067669173,0.6,0,0,0,49.859702376801565,-23.750730049461982,42.91508981793365
112600,0.06,0,0.43519144684645694,0.631578947368421,0.7658109559613319,0.53,0,0,0,49.8527618706277,-23.75131424753546,42.912133400771125
112700,0.06,0,0.43514565008181366,0.631578947368421,0.7687540279269602,0.44,0,0,0,49.85607057898591,-23.752563402880742,42.9138015022484
112800,0.06,0,0.4352460576433289,0.631578947368421,0.7739419978517723,0.55,0,0,0,49.850879604461724,-23.752218466266594,42.90836923881351
112900,0.06,0,0.43529695075301666,0.631578947368421,0.7746509129967777,0.52,0,0,0,49.852706917276954,-23.752170489889846,42.90177998112768
113000,0.06,0,0.4352636216335171,0.631578947368421,0.7772717508055854,0.5,0,0,0,49.85858710193464,-23.752431155607646,42.900004962017675
113100,0.06,0,0.43534143521764107,0.631578947368421,0.7750483351235231,0.67,0,0,0,49.86584300267954,-23.752756597465087,42.886095753689965
113200,0.06,0,0.4353908753594858,0.631578947368421,0.7729645542427497,0.56,0,0,0,49.86028524108942,-23.75170967362894,42.886005717840355
113300,0.06,0,0.4353970357638729,0.631578947368421,0.7734479054779807,0.58,0,0,0,49.85994088975563,-23.751785988694877,42.88569510907789
113400,0.06,0,0.4354345114862943,0.631578947368421,0.7743501611170784,0.58,0,0,0,49.85878644808357,-23.75045752850962,42.88299704635576
113500,0.06,0,0.43544029690449004,0.631578947368421,0.7783780880773362,0.57,0,0,0,49.85580746751302,-23.750078180241392,42.884989594923155
113600,0.06,0,0.43549645130126363,0.631578947368421,0.7781525241675618,0.57,0,0,0,49.846473728882714,-23.747805971718407,42.887489025376354
113700,0.06,0,0.4355358041962953,0.631578947368421,0.7770998925886143,0.49,0,0,0,49.842884365500645,-23.748206347856133,42.88670212221388
113800,0.06,0,0.43554990991487386,0.631578947368421,0.7704189044038668,0.54,0,0,0,49.84730397210439,-23.747794112648183,42.88151085725724
113900,0.06,0,0.4355654198724596,0.631578947368421,0.76656283566058,0.66,0,0,0,49.84498927482365,-23.748045748201587,42.88197515550674
114000,0.06,0,0.4355729120485138,0.631578947368421,0.7763265306122449,0.66,0,0,0,49.84004644127309,-23.74995902628769,42.885490254923425
114100,0.06,0,0.4356085201603119,0.631578947368421,0.7643394199785177,0.58,0,0,0,49.836825365131254,-23.74941255729864,42.88475621783965
114200,0.06,0,0.43558426928275523,0.631578947368421,0.7662083780880773,0.56,0,0,0,49.84188012048609,-23.75164308643223,42.882794364368
114300,0.06,0,0.4355320161747513,0.631578947368421,0.7730397422126746,0.42,0,0,0,49.84420050551962,-23.754281246297413,42.88594269093836
114400,0.06,0,0.43549810949685397,0.631578947368421,0.7833727175080558,0.6,0,0,0,49.84944998435861,-23.755149799623442,42.88476514498751
114500,0.06,0,0.4355393098522117,0.631578947368421,0.772577873254565,0.5,0,0,0,49.84637005106187,-23.75628260984801,42.88335794537677
114600,0.06,0,0.4356526251050707,0.631578947368421,0.7733834586466165,0.61,0,0,0,49.83562530886489,-23.75531932270786,42.88144718977959
114700,0.06,0,0.4356862408294566,0.631578947368421,0.7710204081632653,0.56,0,0,0,49.825549504056504,-23.75721456113306,42.886809524953165
114800,0.06,0,0.4358032299569529,0.631578947368421,0.7715037593984962,0.52,0,0,0,49.823961324281655,-23.75808551600024,42.87666346768835
114900,0.06,0,0.435848800501607,0.631578947368421,0.7661117078410311,0.66,0,0,0,49.82180324900004,-23.756587110736472,42.87403750766496
115000,0.06,0,0.4357953927828125,0.631578947368421,0.7712674543501611,0.56,0,0,0,49.832472795293135,-23.756525493987528,42.87011100619562
115100,0.06,0,0.43589418806906505,0.631578947368421,0.7773361976369495,0.51,0,0,0,49.81771880444116,-23.754804611761564,42.87308802161128
115200,0.06,0,0.4359502057342062,0.631578947368421,0.7772073039742212,0.57,0,0,0,49.81136451243857,-23.75562229524138,42.87304751355244
115300,0.06,0,0.43597583912368737,0.631578947368421,0.7733619763694952,0.59,0,0,0,49.81068137432897,-23.7544809472254,42.87111473007061
115400,0.06,0,0.4359283316258122,0.631578947368421,0.7616970998925886,0.51,0,0,0,49.812516895752104,-23.75333382188645,42.87420691429288
115500,0.06,0,0.43593348609596666,0.631578947368421,0.7674973147153599,0.51,0,0,0,49.807707580937276,-23.753901750829648,42.87783975378458
115600,0.06,0,0.43584783808658195,0.631578947368421,0.7698818474758324,0.5,0,0,0,49.807752452709835,-23.753039940821573,42.88622699766608
115700,0.06,0,0.43575197134630944,0.631578947368421,0.7635553168635876,0.54,0,0,0,49.815311311190484,-23.754094536586905,42.889153209056346
115800,0.06,0,0.43572788350137964,0.631578947368421,0.7746723952738991,0.54,0,0,0,49.82247575971068,-23.753527567629437,42.885356419977384
115900,0.06,0,0.4357377253178457,0.631578947368421,0.7627067669172932,0.53,0,0,0,49.81896121133497,-23.7527058704128,42.88741312646653
116000,0.06,0,0.43574668901724184,0.631578947368421,0.7699033297529538,0.51,0,0,0,49.818199210892566,-23.751701505413813,42.88718687024361
116100,0.06,0,0.4357136531843227,0.631578947368421,0.7728678839957035,0.62,0,0,0,49.818593005243514,-23.752901925227583,42.89009954879052
116200,0.06,0,0.4356119882565255,0.631578947368421,0.7699570354457572,0.53,0,0,0,49.81962575920193,-23.753870276938475,42.89922010430418
116300,0.06,0,0.4356213586981979,0.631578947368421,0.7761546723952739,0.48,0,0,0,49.814745562154116,-23.752543230122868,42.90249993373572
116400,0.06,0,0.4356185659461364,0.631578947368421,0.7731149301825994,0.52,0,0,0,49.816029487728834,-23.752974622016776,42.901669233903476
116500,0.06,0,0.4356022130853201,0.631578947368421,0.7748872180451127,0.64,0,0,0,49.81018215929526,-23.752497536902187,42.90831630915822
116600,0.06,0,0.4356176720245172,0.631578947368421,0.7778947368421053,0.5,0,0,0,49.810175115355435,-23.749245970323607,42.9067996722061
116700,0.06,0,0.43562614070207806,0.631578947368421,0.7718152524167562,0.55,0,0,0,49.812387905232406,-23.749659617973506,42.90405956418229
116800,0.06,0,0.4356728523186937,0.631578947368421,0.774812030075188,0.55,0,0,0,49.806483923650305,-23.750487633607335,42.90454474557643
116900,0.06,0,0.4356391673089371,0.631578947368421,0.7748657357679914,0.56,0,0,0,49.81166867117635,-23.750803386679912,42.90339611083016
117000,0.06,0,0.43563329864754996,0.631578947368421,0.7740494092373792,0.58,0,0,0,49.811934954654106,-23.751451619026003,42.9037447315678
117100,0.06,0,0.4356582626489348,0.631578947368421,0.7748335123523094,0.59,0,0,0,49.81089877341972,-23.753108656865642,42.902178715296714
117200,0.06,0,0.43556648897004924,0.631578947368421,0.7751772287862514,0.51,0,0,0,49.80920614948281,-23.753124903208526,42.912676402061145
117300,0.06,0,0.4354936552042489,0.631578947368421,0.7789473684210526,0.56,0,0,0,49.81117731844447,-23.755156628322354,42.918154836303515
117400,0.06,0,0.43543104223402873,0.631578947368421,0.7767024704618689,0.51,0,0,0,49.81893126070358,-23.75576262947976,42.91764541968839
117500,0.06,0,0.43549755835832593,0.631578947368421,0.7785821697099893,0.64,0,0,0,49.8220591261974,-23.75525102909608,42.908396363436204
117600,0.06,0,0.4355801202774324,0.631578947368421,0.7838238453276047,0.54,0,0,0,49.81873236543243,-23.755542937130762,42.9031280667907
117700,0.06,0,0.4355955615409173,0.631578947368421,0.7732008592910848,0.52,0,0,0,49.818767740767036,-23.754189658979982,42.90157674632105
117800,0.06,0,0.4355976289094166,0.631578947368421,0.7674650912996778,0.61,0,0,0,49.82051859433726,-23.752411304545326,42.89986544075428
117900,0.06,0,0.4356816429095667,0.631578947368421,0.7752416756176155,0.43,0,0,0,49.81398711913399,-23.75100347779066,42.89721674072665
118000,0.06,0,0.4357509922053261,0.631578947368421,0.7718689581095596,0.61,0,0,0,49.815094165512185,-23.752562915814078,42.889436537508395
118100,0.06,0,0.43581651849203884,0.631578947368421,0.7707518796992481,0.51,0,0,0,49.81084795603536,-23.752219519165653,42.88664361783782
118200,0.06,0,0.43583032864172555,0.631578947368421,0.767422126745435,0.6,0,0,0,49.80282087012685,-23.7515802547454,42.89219680520944
118300,0.06,0,0.4357560485527165,0.631578947368421,0.7583243823845328,0.54,0,0,0,49.80700187141858,-23.753453846021916,42.89590716029837
118400,0.06,0,0.4357977148290736,0.631578947368421,0.766219119226638,0.57,0,0,0,49.80546390791961,-23.753468289530844,42.89313039018926
118500,0.06,0,0.43580004861345667,0.631578947368421,0.7749624060150376,0.63,0,0,0,49.79663064630686,-23.753713338748234,42.90050932159412
118600,0.06,0,0.4358406210368488,0.631578947368421,0.7780451127819549,0.52,0,0,0,49.791531562633466,-23.753213224844032,42.90090868560302
118700,0.06,0,0.43576110646072785,0.631578947368421,0.7731256713211601,0.47,0,0,0,49.80179294464473,-23.753019817815446,42.89989583096189
118800,0.06,0,0.4358261579370379,0.631578947368421,0.768968850698174,0.47,0,0,0,49.79756345535336,-23.753249324942924,42.89713568750073
118900,0.06,0,0.4358604977776384,0.631578947368421,0.7737593984962406,0.58,0,0,0,49.79835566525481,-23.75120715895609,42.89307361135909
119000,0.06,0,0.43594964671641306,0.631578947368421,0.770827067669173,0.54,0,0,0,49.789148025482056,-23.74797994511553,42.89223295800368
119100,0.06,0,0.4360392797455984,0.631578947368421,0.7685606874328679,0.55,0,0,0,49.787978244822646,-23.74749829479232,42.88442350869894
119200,0.06,0,0.4360643401204581,0.631578947368421,0.7663694951664877,0.57,0,0,0,49.788254877211955,-23.743769987160277,42.88172070497237
119300,0.06,0,0.43607372033745867,0.631578947368421,0.7675402792696026,0.54,0,0,0,49.79075370782015,-23.744534690596353,42.87864624931721
119400,0.06,0,0.43601906017072606,0.631578947368421,0.7662835660580022,0.55,0,0,0,49.7840959782734,-23.742091672919354,42.889756565198425
119500,0.06,0,0.4359561637414229,0.631578947368421,0.7759505907626209,0.57,0,0,0,49.78288080128954,-23.743272780989848,42.89699144212698
119600,0.06,0,0.435993836036067,0.631578947368421,0.7669924812030076,0.49,0,0,0,49.78210686184632,-23.74303197465041,42.893951745362685
119700,0.06,0,0.43605766972821575,0.631578947368421,0.7694199785177229,0.51,0,0,0,49.77827985683577,-23.740878355678774,42.89096982557241
119800,0.06,0,0.43608565456996506,0.631578947368421,0.7664446831364125,0.49,0,0,0,49.77308123536867,-23.739503114764172,42.8926969134293
119900,0.06,0,0.4361108785397141,0.631578947368421,0.7696885069817401,0.49,0,0,0,49.76806092441556,-23.739635234489892,42.89454258124461
120000,0.06,0,0.4360946224352025,0.631578947368421,0.7650268528464017,0.57,0,0,0,49.766365420307736,-23.738129978256037,42.89760298249958
120100,0.06,0,0.43606209126944884,0.631578947368421,0.7678732545649839,0.6,0,0,0,49.76837635819175,-23.736617959617494,42.89906978838274
120200,0.06,0,0.43606002083829404,0.631578947368421,0.7726745435016111,0.5,0,0,0,49.769201842295075,-23.736977094800455,42.898561937155996
120300,0.06,0,0.43607017612846594,0.631578947368421,0.7787110633727176,0.55,0,0,0,49.76963347613475,-23.73848533991801,42.89719087191394
120400,0.06,0,0.4360570798801769,0.631578947368421,0.7771213748657357,0.64,0,0,0,49.774665905371904,-23.738886129921315,42.89414199992979
120500,0.06,0,0.43602981576308364,0.631578947368421,0.7800214822771214,0.47,0,0,0,49.775897375884306,-23.739282626094973,42.895762809052954
120600,0.06,0,0.43608496963627646,0.631578947368421,0.7857572502685285,0.6,0,0,0,49.77161669797868,-23.739385342524105,42.894026408643626
120700,0.06,0,0.4361561974967406,0.631578947368421,0.7682921589688507,0.59,0,0,0,49.779542808424,-23.740711202303977,42.88019281077552
120800,0.06,0,0.43607596596275827,0.631578947368421,0.7652953813104189,0.61,0,0,0,49.782948060710645,-23.738817149080916,42.88514850283006
120900,0.06,0,0.4360956286994827,0.631578947368421,0.7744790547798066,0.62,0,0,0,49.78583430511712,-23.738483420915085,42.88072881421505
121000,0.06,0,0.43611582416766925,0.631578947368421,0.7695166487647691,0.52,0,0,0,49.78570763409668,-23.738709871848016,42.87885220891563
121100,0.06,0,0.43614575225584207,0.631578947368421,0.7661439312567132,0.56,0,0,0,49.782087298935934,-23.739264871028265,42.879027977740385
121200,0.06,0,0.43615633357776107,0.631578947368421,0.7665950590762621,0.52,0,0,0,49.78286028100623,-23.740031542586035,42.877321946266036
121300,0.06,0,0.43612763390193615,0.631578947368421,0.7620085929108485,0.48,0,0,0,49.78287003816506,-23.739338991497448,42.88013511335992
121400,0.06,0,0.43615937257409443,0.631578947368421,0.7653383458646617,0.5,0,0,0,49.77778048499121,-23.738422922531836,42.88139877043436
121500,0.06,0,0.43626601479677946,0.631578947368421,0.7623523093447906,0.56,0,0,0,49.77724873099866,-23.737237571130905,42.87137468375261
121600,0.06,0,0.4362980308252359,0.631578947368421,0.7643394199785177,0.47,0,0,0,49.780561794236384,-23.738581880221247,42.86537571091099
121700,0.06,0,0.4363609915273253,0.631578947368421,0.7642749731471536,0.57,0,0,0,49.77151425765835,-23.737044563666196,42.86698184977034
121800,0.06,0,0.43638427853529643,0.631578947368421,0.7701611170784103,0.54,0,0,0,49.77352291646187,-23.735314350337497,42.86296446973652
121900,0.06,0,0.4363409112286148,0.631578947368421,0.7678410311493018,0.61,0,0,0,49.78331497398274,-23.73539917666339,42.858792852149946
122000,0.06,0,0.43632949554232175,0.631578947368421,0.7713963480128894,0.46,0,0,0,49.788453293112696,-23.734795033530855,42.85549089360776
122100,0.06,0,0.4363334026784484,0.631578947368421,0.765392051557465,0.53,0,0,0,49.78771657596032,-23.735408081180438,42.85574127940061
122200,0.06,0,0.43627615362796207,0.631578947368421,0.7724704618689581,0.57,0,0,0,49.78522474380681,-23.73286200169854,42.86351017916308
122300,0.06,0,0.43632243769701595,0.631578947368421,0.7739097744360902,0.6,0,0,0,49.77408913773109,-23.733206939921715,42.86855185145329
122400,0.06,0,0.4364591451105173,0.631578947368421,0.767250268528464,0.59,0,0,0,49.7700615875626,-23.732474352492247,42.858592566749316
122500,0.06,0,0.43647534756034934,0.631578947368421,0.7632760472610096,0.45,0,0,0,49.75953204567113,-23.732721564693964,42.86607051568495
122600,0.06,0,0.4364519710556906,0.631578947368421,0.7601611170784103,0.53,0,0,0,49.75732639483542,-23.733768212348885,42.870266711787124
122700,0.06,0,0.4364096409906844,0.631578947368421,0.7666702470461869,0.58,0,0,0,49.765897602965374,-23.734151287931482,42.86704067761344
122800,0.06,0,0.4363223544098128,0.631578947368421,0.7599785177228786,0.51,0,0,0,49.7732028666303,-23.735416203080508,42.86932336011771
122900,0.06,0,0.43635400658349477,0.631578947368421,0.7597851772287862,0.47,0,0,0,49.77230258678151,-23.73574199641534,42.866989075065725
123000,0.06,0,0.43626644298995493,0.631578947368421,0.7647475832438239,0.51,0,0,0,49.77940381823401,-23.73490288001258,42.86947658788594
123100,0.06,0,0.43623667968563723,0.631578947368421,0.7680021482277122,0.57,0,0,0,49.78044380410073,-23.73388792746322,42.871505794967796
123200,0.06,0,0.4362133128255247,0.631578947368421,0.7688399570354457,0.53,0,0,0,49.78252840504821,-23.735295993673663,42.87200701076553
123300,0.06,0,0.43627724340400686,0.631578947368421,0.7657142857142857,0.44,0,0,0,49.77910014458636,-23.73609381192697,42.868676833084315
123400,0.06,0,0.4361984294336592,0.631578947368421,0.7635338345864662,0.52,0,0,0,49.78307981250228,-23.735120098320728,42.872994958055855
123500,0.06,0,0.4362167085136176,0.631578947368421,0.7721804511278195,0.59,0,0,0,49.774301119775764,-23.735135795290972,42.87875961493524
123600,0.06,0,0.43618996562290246,0.631578947368421,0.7743609022556391,0.5,0,0,0,49.776371193109924,-23.734814479055217,42.87960519148668
123700,0.06,0,0.4362467597798011,0.631578947368421,0.7672180451127819,0.59,0,0,0,49.782831723644,-23.73591764152935,42.868458830269546
123800,0.06,0,0.4363585484274064,0.631578947368421,0.7649301825993555,0.59,0,0,0,49.78033748282866,-23.73671828293536,42.85962393237541
123900,0.06,0,0.43636724925553144,0.631578947368421,0.7632330827067669,0.54,0,0,0,49.77871416617572,-23.736980472411954,42.86016699705531
124000,0.06,0,0.43625982037319044,0.631578947368421,0.7631149301825993,0.61,0,0,0,49.780804864383576,-23.738853319416037,42.868920815540456
124100,0.06,0,0.4362232312785148,0.631578947368421,0.7657142857142857,0.56,0,0,0,49.78489922768578,-23.739937992456493,42.86899065032033
124200,0.06,0,0.43627914109024274,0.631578947368421,0.7666380236305048,0.63,0,0,0,49.78156422011008,-23.740574841904866,42.86636847301203
124300,0.06,0,0.4362501175498032,0.631578947368421,0.7719119226638024,0.5,0,0,0,49.78687602571771,-23.74148215255569,42.86464659999357
124400,0.06,0,0.4362414678726163,0.631578947368421,0.767593984962406,0.58,0,0,0,49.787738111376825,-23.742997145638878,42.864754283029065
124500,0.06,0,0.43613475245211514,0.631578947368421,0.7656390977443609,0.56,0,0,0,49.791855716776276,-23.742081887013725,42.87169699800444
124600,0.06,0,0.4361543898782244,0.631578947368421,0.7669280343716434,0.49,0,0,0,49.79049140455731,-23.739927700131116,42.870941418681866
124700,0.06,0,0.4361062367130144,0.631578947368421,0.7631793770139634,0.52,0,0,0,49.78758308273763,-23.740583627398603,42.87817962781509
124800,0.06,0,0.4360488491216914,0.631578947368421,0.7696670247046187,0.51,0,0,0,49.78991767035444,-23.742331339601147,42.881811977221155
124900,0.06,0,0.43615279659101736,0.631578947368421,0.7747046186895811,0.64,0,0,0,49.78633859062265,-23.740962497008056,42.87467402320704
125000,0.06,0,0.4361381409999264,0.631578947368421,0.7684962406015038,0.56,0,0,0,49.78214271240584,-23.740811507572612,42.87972854991507
125100,0.06,0,0.4361976579594401,0.631578947368421,0.7597744360902255,0.47,0,0,0,49.778719430555434,-23.739963131875648,42.87682626428338
125200,0.06,0,0.43622103802235024,0.631578947368421,0.7618045112781955,0.58,0,0,0,49.78500015382507,-23.741357137336557,42.86911928322725
125300,0.06,0,0.4362340435264832,0.631578947368421,0.7660902255639098,0.42,0,0,0,49.77956336799842,-23.742453192968178,42.87252312712228
125400,0.06,0,0.43627645652315244,0.631578947368421,0.7658861439312568,0.72,0,0,0,49.772378686107174,-23.74090383440956,42.874543318043784
125500,0.06,0,0.4362967948126086,0.631578947368421,0.7597529538131041,0.52,0,0,0,49.76959845671792,-23.740460938193063,42.87493963647514
125600,0.06,0,0.43626969393498377,0.631578947368421,0.7650912996777658,0.55,0,0,0,49.77172389914651,-23.738939211527182,42.87577197131263
125700,0.06,0,0.4361687369252652,0.631578947368421,0.7637701396348013,0.5,0,0,0,49.777330282585105,-23.73976702588977,42.880865950667086
125800,0.06,0,0.4361565678794565,0.631578947368421,0.765843179377014,0.52,0,0,0,49.778497121603976,-23.7383122185024,42.8810571718293
125900,0.06,0,0.4361284533044849,0.631578947368421,0.7730827067669173,0.52,0,0,0,49.78215921765299,-23.737876236887537,42.880666817713795
126000,0.06,0,0.4360167441215437,0.631578947368421,0.7684962406015038,0.51,0,0,0,49.78749492563529,-23.738739385564084,42.88705632798599
126100,0.06,0,0.43614260321787063,0.631578947368421,0.7749301825993555,0.49,0,0,0,49.785252597400024,-23.739727804701474,42.87661134598032
126200,0.06,0,0.43606710644307645,0.631578947368421,0.7754994629430719,0.57,0,0,0,49.79162426873529,-23.73911828578563,42.87854689089383
126300,0.06,0,0.43601385285720096,0.631578947368421,0.7682706766917293,0.52,0,0,0,49.79978260339387,-23.738451549887788,42.87675862678568
126400,0.06,0,0.4360713923226245,0.631578947368421,0.7674973147153599,0.4,0,0,0,49.790857161134475,-23.73739855950962,42.87878606976751
126500,0.06,0,0.4360912380497025,0.631578947368421,0.7709237379162192,0.61,0,0,0,49.7949509015445,-23.733294614193426,42.87330974488062
126600,0.06,0,0.43605802789720255,0.631578947368421,0.7660365198711063,0.45,0,0,0,49.79415263585739,-23.733073349632978,42.87726234133428
126700,0.06,0,0.43609732921704175,0.631578947368421,0.7634801288936627,0.47,0,0,0,49.794403020434935,-23.733833885798084,42.8731826367637
126800,0.06,0,0.4361415499805027,0.631578947368421,0.7717078410311493,0.71,0,0,0,49.795736211644375,-23.73418474175297,42.867687952321134
126900,0.06,0,0.43618635340630113,0.631578947368421,0.7633512352309345,0.54,0,0,0,49.78829785397994,-23.735202995108306,42.86968850689767
127000,0.06,0,0.4361912451259898,0.631578947368421,0.7594736842105263,0.47,0,0,0,49.78807944704209,-23.733949009299664,42.86939579527509
127100,0.06,0,0.436224670048958,0.631578947368421,0.7647046186895811,0.51,0,0,0,49.785914420201955,-23.736060237227733,42.86797511287834
127200,0.06,0,0.43621736677863815,0.631578947368421,0.7663802363050484,0.49,0,0,0,49.788051652038966,-23.73629440583622,42.86685261294831
127300,0.06,0,0.4361073753687812,0.631578947368421,0.770171858216971,0.62,0,0,0,49.79065600449211,-23.738257849180357,42.87542137623882
127400,0.06,0,0.4361528659569069,0.631578947368421,0.7681525241675617,0.55,0,0,0,49.792207397976675,-23.739341434234657,42.86961373970996
127500,0.06,0,0.43615867234587097,0.631578947368421,0.7664769065520946,0.6,0,0,0,49.7900921793253,-23.74020501002017,42.87086422900246
127600,0.06,0,0.4361648680886092,0.631578947368421,0.7645327604726101,0.53,0,0,0,49.786122397487254,-23.73854364136519,42.873673579644965
127700,0.06,0,0.43620928428586253,0.631578947368421,0.7582277121374865,0.65,0,0,0,49.78574869539004,-23.737493705508154,42.869629833619015
127800,0.06,0,0.43628251544843255,0.631578947368421,0.7641675617615468,0.53,0,0,0,49.77924091369267,-23.73770398433863,42.86803758187328
127900,0.06,0,0.436263142720779,0.631578947368421,0.7648979591836734,0.55,0,0,0,49.78027938381037,-23.739012525050516,42.86904686952027
128000,0.06,0,0.43634616385769615,0.631578947368421,0.7641675617615468,0.66,0,0,0,49.77463569790168,-23.73958089084948,42.86575018889602
128100,0.06,0,0.43634007029600375,0.631578947368421,0.7681632653061224,0.59,0,0,0,49.77768246608677,-23.739986161934045,42.8637250735951
128200,0.06,0,0.43628829937960983,0.631578947368421,0.7659291084854994,0.59,0,0,0,49.782573541892106,-23.740949886526984,42.8645995689416
128300,0.06,0,0.4363069110273877,0.631578947368421,0.7653705692803437,0.61,0,0,0,49.784549588667346,-23.741864960766897,42.86106977575207
128400,0.06,0,0.4363202125624086,0.631578947368421,0.7637916219119226,0.45,0,0,0,49.78006361846561,-23.74191001998305,42.86362546705375
128500,0.06,0,0.43625142065769074,0.631578947368421,0.766702470461869,0.58,0,0,0,49.78709238833405,-23.741425600382765,42.864332282057035
128600,0.06,0,0.43617177085836856,0.631578947368421,0.7669387755102041,0.47,0,0,0,49.79021668539294,-23.741546451078797,42.86946958977207
128700,0.06,0,0.4362018212815416,0.631578947368421,0.7643071965628356,0.47,0,0,0,49.78666756223705,-23.742023703795123,42.86957207384043
128800,0.06,0,0.43625563456066047,0.631578947368421,0.76343716433942,0.58,0,0,0,49.780881899078786,-23.741943960545797,42.8692657976706
128900,0.06,0,0.436297282840194,0.631578947368421,0.7655746509129968,0.52,0,0,0,49.7788461348489,-23.74204819496642,42.86692658380791
129000,0.06,0,0.43625205609143247,0.631578947368421,0.7644897959183673,0.54,0,0,0,49.77843545285338,-23.74182227292144,42.871724344368474
129100,0.06,0,0.43627752729783964,0.631578947368421,0.7591944146079485,0.51,0,0,0,49.78108210133122,-23.743338059845147,42.866942188729894
129200,0.06,0,0.43634337961906444,0.631578947368421,0.7635123523093448,0.55,0,0,0,49.774502601748964,-23.742685786587316,42.86613833152175
129300,0.06,0,0.43622048433926447,0.631578947368421,0.7634264232008593,0.52,0,0,0,49.77778406247349,-23.74485306503237,42.87538827289519
129400,0.06,0,0.4362508267298556,0.631578947368421,0.7575187969924813,0.47,0,0,0,49.7733483282355,-23.74232703159147,42.87622690855283
129500,0.06,0,0.4361904844696623,0.631578947368421,0.767250268528464,0.54,0,0,0,49.78357200726483,-23.740287766081977,42.87335198576396
129600,0.06,0,0.4362904964971713,0.631578947368421,0.7637056928034371,0.57,0,0,0,49.78282217817795,-23.740313248556927,42.86416962418005
129700,0.06,0,0.4362728939533526,0.631578947368421,0.7600107411385607,0.53,0,0,0,49.785744604263805,-23.74048209328736,42.8633828577922
129800,0.06,0,0.43623949543107576,0.631578947368421,0.7681847475832438,0.59,0,0,0,49.78014992052928,-23.739575246305485,42.871482172998164
129900,0.06,0,0.43621586865248124,0.631578947368421,0.7664876476906552,0.46,0,0,0,49.78298704351271,-23.73932531814455,42.8713608529396
130000,0.06,0,0.43626544427955066,0.631578947368421,0.7594307196562836,0.69,0,0,0,49.78015969745836,-23.739996024467363,42.86892377932326
130100,0.06,0,0.43637192526248875,0.631578947368421,0.7651020408163265,0.58,0,0,0,49.76615397061617,-23.73914265972353,42.87052483969955
130200,0.06,0,0.4363615369640327,0.631578947368421,0.7683673469387755,0.61,0,0,0,49.772954101828965,-23.738366386452917,42.865688202568734
130300,0.06,0,0.4364344741132294,0.631578947368421,0.7618796992481203,0.65,0,0,0,49.76364893965411,-23.7376715182907,42.8665384598883
130400,0.06,0,0.4364028645502755,0.631578947368421,0.7702255639097745,0.49,0,0,0,49.770546959289206,-23.73707250763152,42.8637017929121
130500,0.06,0,0.43635086735570894,0.631578947368421,0.7683673469387755,0.52,0,0,0,49.77635897036066,-23.736052940575693,42.86380412278413
130600,0.06,0,0.4363262011665277,0.631578947368421,0.7669172932330827,0.53,0,0,0,49.77361213869839,-23.736741758007764,42.86859291659304
130700,0.06,0,0.43636835358705406,0.631578947368421,0.7683673469387755,0.55,0,0,0,49.77198310669885,-23.73492018131304,42.865854834615654
130800,0.06,0,0.4364242292488479,0.631578947368421,0.7696133190118153,0.37,0,0,0,49.769737215732036,-23.734323448174816,42.86230079416378
130900,0.06,0,0.4363828956997326,0.631578947368421,0.7679806659505908,0.59,0,0,0,49.77817589413305,-23.736491242503266,42.85909370023336
131000,0.06,0,0.43629435614835654,0.631578947368421,0.7670891514500537,0.49,0,0,0,49.783606603304634,-23.735909191728908,42.86311503724925
131100,0.06,0,0.4362601465168376,0.631578947368421,0.7707626208378088,0.5,0,0,0,49.78784681183343,-23.736347200669325,42.86282543080995
131200,0.06,0,0.43619978717559527,0.631578947368421,0.7672180451127819,0.63,0,0,0,49.78742205986825,-23.735979493865642,42.8691223201891
131300,0.06,0,0.43621088200003766,0.631578947368421,0.766358754027927,0.59,0,0,0,49.7853449530096,-23.73669166651907,42.86982047156253
131400,0.06,0,0.4362062206818068,0.631578947368421,0.7691514500537057,0.65,0,0,0,49.79505490093595,-23.736539126116813,42.86191895153691
131500,0.06,0,0.4362415178623633,0.631578947368421,0.7634479054779807,0.53,0,0,0,49.79162700700238,-23.735226889688555,42.8614014881812
131600,0.06,0,0.4363603431957431,0.631578947368421,0.7681310418904403,0.51,0,0,0,49.78555757311216,-23.735424980760044,42.85495377166655
131700,0.06,0,0.4364288218870565,0.631578947368421,0.7669387755102041,0.65,0,0,0,49.77438180130967,-23.73482496015792,42.85785018653098
131800,0.06,0,0.43645850055115043,0.631578947368421,0.76515574650913,0.56,0,0,0,49.779263578628324,-23.734435825577876,42.85073318424027
131900,0.06,0,0.43645405066862486,0.631578947368421,0.7635767991407089,0.49,0,0,0,49.78200379736987,-23.733763268764466,42.848811354981365
132000,0.06,0,0.436535130501017,0.631578947368421,0.7634908700322234,0.6,0,0,0,49.77938866837197,-23.736693955068585,42.84310345033913
132100,0.06,0,0.4365688388663485,0.631578947368421,0.7637808807733619,0.54,0,0,0,49.778924879687715,-23.73649086201513,42.84019458447631
132200,0.06,0,0.43643110254947215,0.631578947368421,0.7580988184747584,0.39,0,0,0,49.78985401837854,-23.735924880455617,42.84430819932438
132300,0.06,0,0.43646187236610484,0.631578947368421,0.7591836734693878,0.49,0,0,0,49.790503967399296,-23.7368098167338,42.840728512548054
132400,0.06,0,0.436409224550156,0.631578947368421,0.7596455424274973,0.55,0,0,0,49.79434091972077,-23.738240005532106,42.84259522676701
132500,0.06,0,0.43634378088431325,0.631578947368421,0.761031149301826,0.58,0,0,0,49.79969643605433,-23.737331384518317,42.844412807532294
132600,0.06,0,0.43629101957754834,0.631578947368421,0.7644897959183673,0.58,0,0,0,49.8026226591527,-23.737413183132436,42.847076356481246
132700,0.06,0,0.4361686329261418,0.631578947368421,0.7674328678839957,0.55,0,0,0,49.810428755779824,-23.73625949637001,42.85238231213578
132800,0.06,0,0.4361512261511481,0.631578947368421,0.7738668098818475,0.46,0,0,0,49.81233149990292,-23.734672533606968,42.85245559716565
132900,0.06,0,0.4361520847866763,0.631578947368421,0.7632867883995703,0.55,0,0,0,49.80670733227265,-23.733823977942578,42.85721012001723
133000,0.06,0,0.43619834929548273,0.631578947368421,0.7693770139634801,0.57,0,0,0,49.80746672139262,-23.733182043761033,42.85201120262991
133100,0.06,0,0.43626084666896947,0.631578947368421,0.777765843179377,0.53,0,0,0,49.8061448093666,-23.73231639703914,42.847009535078314
133200,0.06,0,0.4362512432561526,0.631578947368421,0.7688077336197637,0.51,0,0,0,49.811743434449326,-23.730371576318724,42.843136822286965
133300,0.06,0,0.4361830763721675,0.631578947368421,0.7623200859291085,0.53,0,0,0,49.81372571849952,-23.729270705105865,42.848127203301246
133400,0.06,0,0.43621134876082096,0.631578947368421,0.7593340494092374,0.51,0,0,0,49.80643237199441,-23.727674618989315,42.85162407435893
133500,0.06,0,0.43615636523611984,0.631578947368421,0.7576047261009667,0.57,0,0,0,49.805288414878724,-23.727992740517962,42.858010477869925
133600,0.06,0,0.4361094429951537,0.631578947368421,0.7635875402792696,0.56,0,0,0,49.802302219690176,-23.72663399096467,42.865191776795676
133700,0.06,0,0.436121877822443,0.631578947368421,0.7706229860365199,0.5,0,0,0,49.802272421408816,-23.727559658376464,42.863995239497335
133800,0.06,0,0.4361942015888699,0.631578947368421,0.7617615467239527,0.52,0,0,0,49.79380042529545,-23.727052332282433,42.864179855959925
133900,0.06,0,0.4362068272957273,0.631578947368421,0.7625241675617616,0.52,0,0,0,49.794435267014144,-23.72990903316352,42.86239271138984
134000,0.06,0,0.4361604516423956,0.631578947368421,0.7665091299677765,0.54,0,0,0,49.79668008945634,-23.72888720722161,42.86501771121069
134100,0.06,0,0.4361795065782707,0.631578947368421,0.7651664876476907,0.48,0,0,0,49.792913220748275,-23.728585107806488,42.86638773715248
134200,0.06,0,0.4362447686139451,0.631578947368421,0.7645649838882922,0.42,0,0,0,49.79013082704289,-23.729519156828953,42.86237006312809
134300,0.06,0,0.43623601335936724,0.631578947368421,0.7720515574650914,0.6,0,0,0,49.79132659213058,-23.730108691715905,42.86220092749312
134400,0.06,0,0.4362436727992469,0.631578947368421,0.7698388829215896,0.43,0,0,0,49.79162014910178,-23.730275357885436,42.86119566671535
134500,0.06,0,0.43630481005679905,0.631578947368421,0.766047261009667,0.43,0,0,0,49.79000003648783,-23.729508463310545,42.856584198555666
134600,0.06,0,0.4362236543303977,0.631578947368421,0.7679162191192266,0.64,0,0,0,49.79499330094417,-23.730996455897266,42.86025899903016
134700,0.06,0,0.4361686040496553,0.631578947368421,0.7667883995703545,0.5,0,0,0,49.79964796269772,-23.73143779383531,42.861661975741676
134800,0.06,0,0.4361454824668377,0.631578947368421,0.7736197636949517,0.58,0,0,0,49.79931944710692,-23.731446944181204,42.86421698523373
134900,0.06,0,0.4361352086170359,0.631578947368421,0.7705800214822771,0.51,0,0,0,49.79651470296795,-23.732424686788136,42.86764106472882
135000,0.06,0,0.4361817921385872,0.631578947368421,0.768077336197637,0.61,0,0,0,49.79545186215946,-23.73272548397984,42.863977743821415
135100,0.06,0,0.43624377810683307,0.631578947368421,0.7662298603651987,0.52,0,0,0,49.79048004249337,-23.73240604251319,42.86216675921985
135200,0.06,0,0.436386741553594,0.631578947368421,0.7740064446831364,0.6,0,0,0,49.78503365515259,-23.733662690136644,42.85281230676928
135300,0.06,0,0.4363664012696267,0.631578947368421,0.772266380236305,0.66,0,0,0,49.78737384606431,-23.734188206761143,42.85279546397993
135400,0.06,0,0.4363404231623814,0.631578947368421,0.7737916219119226,0.6,0,0,0,49.799312679768626,-23.73501902531967,42.84507266735673
135500,0.06,0,0.4363210172135002,0.631578947368421,0.7673361976369495,0.48,0,0,0,49.80282891088839,-23.73589138311445,42.843953131178395
135600,0.06,0,0.43630716724956414,0.631578947368421,0.7722126745435016,0.57,0,0,0,49.801781029922715,-23.73656637536426,42.8462146625453
135700,0.06,0,0.43629770294145576,0.631578947368421,0.7654135338345864,0.52,0,0,0,49.79551288807883,-23.735767145216293,42.85253759376969
135800,0.06,0,0.43624834482121305,0.631578947368421,0.7697529538131042,0.51,0,0,0,49.79740033367161,-23.735635968161823,42.85576162463213
135900,0.06,0,0.4363575201818702,0.631578947368421,0.7696992481203008,0.52,0,0,0,49.79049273924553,-23.734497108025852,42.85098326928666
136000,0.06,0,0.4364169517164498,0.631578947368421,0.7658968850698173,0.67,0,0,0,49.78714777559073,-23.735284475889216,42.84802635888791
136100,0.06,0,0.4363992706751574,0.631578947368421,0.7642534908700322,0.51,0,0,0,49.78904641968736,-23.735637080351005,42.84812835554267
136200,0.06,0,0.43636403606771484,0.631578947368421,0.7676906552094522,0.46,0,0,0,49.79003155180789,-23.73461280270426,42.85074031633804
136300,0.06,0,0.4364324271552066,0.631578947368421,0.7702577873254565,0.56,0,0,0,49.79557475579782,-23.734104123440947,42.8392560335612
136400,0.06,0,0.4364592308241257,0.631578947368421,0.7754564983888292,0.65,0,0,0,49.805143587507935,-23.73337222526288,42.82839520287273
136500,0.06,0,0.4365077011722727,0.631578947368421,0.7617400644468314,0.51,0,0,0,49.80425727094671,-23.733273801372054,42.82440157505997
136600,0.06,0,0.4365903860647532,0.631578947368421,0.7640064446831364,0.58,0,0,0,49.80093562611713,-23.733400348639513,42.819146935806295
136700,0.06,0,0.43661811482916185,0.631578947368421,0.7624704618689581,0.57,0,0,0,49.799363086191605,-23.73332971252509,42.81777961155039
136800,0.06,0,0.4365336990505443,0.631578947368421,0.7620085929108485,0.67,0,0,0,49.796985567906304,-23.733530832163233,42.82810430193764
136900,0.06,0,0.4365457701698327,0.631578947368421,0.768077336197637,0.54,0,0,0,49.80068295047185,-23.735356563559154,42.823740417949296
137000,0.06,0,0.4365039461688476,0.631578947368421,0.7666380236305048,0.59,0,0,0,49.80327693604632,-23.73536198530175,42.825612938799324
137100,0.06,0,0.43647508183712785,0.631578947368421,0.7658002148227712,0.5,0,0,0,49.80771869744545,-23.73375005068163,42.82462565707962
137200,0.06,0,0.4365041425613683,0.631578947368421,0.761031149301826,0.5,0,0,0,49.808697658866194,-23.734525017232688,42.820932924954015
137300,0.06,0,0.4365197640993932,0.631578947368421,0.7617078410311493,0.55,0,0,0,49.809626850701115,-23.73358096578928,42.818601721223516
137400,0.06,0,0.4364792025566032,0.631578947368421,0.7618367346938776,0.51,0,0,0,49.80585512636533,-23.73318971487428,42.82582369904036
137500,0.06,0,0.4365477138289032,0.631578947368421,0.7608700322234156,0.59,0,0,0,49.80626226444363,-23.731489604144112,42.818752643868386
137600,0.06,0,0.4364973438222028,0.631578947368421,0.7641997851772288,0.53,0,0,0,49.806130068831465,-23.73347287765807,42.82380741545162
137700,0.06,0,0.43643063275295424,0.631578947368421,0.7594629430719656,0.53,0,0,0,49.81452565214482,-23.734162829063585,42.82313480125569
137800,0.06,0,0.4363389265518049,0.631578947368421,0.7672717508055854,0.53,0,0,0,49.81493531475627,-23.735606853630795,42.831782784592164
137900,0.06,0,0.4363089660024964,0.631578947368421,0.768968850698174,0.58,0,0,0,49.81619602903524,-23.734209357626497,42.83363993386909
138000,0.06,0,0.4363823903623812,0.631578947368421,0.7661224489795918,0.59,0,0,0,49.81263751133629,-23.73527631680348,42.82949231411445
138100,0.06,0,0.43633884858885874,0.631578947368421,0.7652094522019334,0.52,0,0,0,49.81700638417538,-23.734651931826495,42.83000976832209
138200,0.06,0,0.4363037976148721,0.631578947368421,0.764640171858217,0.53,0,0,0,49.82769426367796,-23.7353776230173,42.82426293024737
138300,0.06,0,0.4363049951582025,0.631578947368421,0.7614607948442534,0.41,0,0,0,49.825837758906985,-23.73732288256916,42.82574101137185
138400,0.06,0,0.43620517806185716,0.631578947368421,0.7622126745435016,0.53,0,0,0,49.83092247299353,-23.73634229483296,42.831169941736185
138500,0.06,0,0.4362346882138812,0.631578947368421,0.7618796992481203,0.55,0,0,0,49.82851718508075,-23.737374361846488,42.83033990042719
138600,0.06,0,0.43619091050167536,0.631578947368421,0.7629645542427498,0.58,0,0,0,49.836465835940274,-23.735317905519068,42.8278066130084
138700,0.06,0,0.4362745748953535,0.631578947368421,0.757078410311493,0.49,0,0,0,49.82828667360041,-23.734060135973188,42.82662222930975
138800,0.06,0,0.4363658563752798,0.631578947368421,0.7552094522019334,0.56,0,0,0,49.82332696702963,-23.7332467142584,42.82192583573524
138900,0.06,0,0.436286555899895,0.631578947368421,0.7662406015037594,0.59,0,0,0,49.827317036813035,-23.73433007630449,42.826279534523785
139000,0.06,0,0.4363225235820065,0.631578947368421,0.7641138560687433,0.56,0,0,0,49.81885492457718,-23.732647524697292,42.83002297599258
139100,0.06,0,0.43635559367586946,0.631578947368421,0.7677013963480129,0.51,0,0,0,49.81425855087825,-23.733858811863318,42.83072865290153
139200,0.06,0,0.43638847469357706,0.631578947368421,0.7616756176154672,0.52,0,0,0,49.80905810418047,-23.73491420340603,42.831972960076705
139300,0.06,0,0.43635723281165545,0.631578947368421,0.7665306122448979,0.48,0,0,0,49.808953751266806,-23.73331611594354,42.83512934425466
139400,0.06,0,0.4362753492986596,0.631578947368421,0.7654027926960257,0.51,0,0,0,49.813623008808904,-23.7329213847484,42.83915308561068
139500,0.06,0,0.436257791995737,0.631578947368421,0.7592481203007518,0.58,0,0,0,49.81259301829091,-23.73482341721589,42.841762992115385
139600,0.06,0,0.43624719898498737,0.631578947368421,0.7715574650912996,0.64,0,0,0,49.815604940229896,-23.73410371133547,42.84021294484212
139700,0.06,0,0.43622735617749686,0.631578947368421,0.7690762620837809,0.55,0,0,0,49.80866085653153,-23.73250155826466,42.84813447865818
139800,0.06,0,0.4361490405201626,0.631578947368421,0.7584425349087003,0.53,0,0,0,49.803810075687934,-23.732329073443744,42.860002424760175
139900,0.06,0,0.436114963389892,0.631578947368421,0.7673684210526316,0.59,0,0,0,49.80380846258241,-23.733621706483564,42.86335280590118
140000,0.06,0,0.43613453056341683,0.631578947368421,0.767626208378088,0.53,0,0,0,49.80492562441096,-23.732368766423914,42.86046832778342
140100,0.06,0,0.43604199720641007,0.631578947368421,0.7656498388829216,0.59,0,0,0,49.81178630766098,-23.730830176032224,42.86365931854951
140200,0.06,0,0.4360507110265803,0.631578947368421,0.7694736842105263,0.6,0,0,0,49.80635583120909,-23.731342889942052,42.86747616092205
140300,0.06,0,0.4360987385843818,0.631578947368421,0.7679914070891515,0.49,0,0,0,49.80170908947623,-23.730579702478195,42.86675446898186
140400,0.06,0,0.4361548064820605,0.631578947368421,0.7721804511278195,0.59,0,0,0,49.79492462588681,-23.730497645355115,42.86708369111046
140500,0.06,0,0.4360550490739714,0.631578947368421,0.76484425349087,0.48,0,0,0,49.79906711720474,-23.730556243740217,42.87332382526086
140600,0.06,0,0.4360637675612771,0.631578947368421,0.7636197636949517,0.63,0,0,0,49.80431364827139,-23.732203844408772,42.867950322734956
140700,0.06,0,0.43604567292535384,0.631578947368421,0.7692588614393125,0.61,0,0,0,49.808513729601756,-23.731311830410593,42.86611424751656
140800,0.06,0,0.43597159755522447,0.631578947368421,0.7707411385606874,0.49,0,0,0,49.8059986740144,-23.73377461189099,42.875562553274115
140900,0.06,0,0.43589343905772376,0.631578947368421,0.7761224489795918,0.5,0,0,0,49.80835010227268,-23.73349885205998,42.881225919804244
141000,0.06,0,0.4359456555931251,0.631578947368421,0.7750483351235231,0.62,0,0,0,49.80050618409426,-23.733303560944492,42.88284298391593
141100,0.06,0,0.4360015545854005,0.631578947368421,0.7743609022556391,0.59,0,0,0,49.79524583230858,-23.73327636390591,42.88187459730433
141200,0.06,0,0.43603853258426695,0.631578947368421,0.7708915145005371,0.63,0,0,0,49.79745970152603,-23.735508795894475,42.87633176629902
141300,0.06,0,0.43594039810528123,0.631578947368421,0.7736519871106338,0.58,0,0,0,49.80371485212759,-23.733893161339232,42.88059734026032
141400,0.06,0,0.4358535345050047,0.631578947368421,0.770375939849624,0.56,0,0,0,49.80779164003885,-23.734267934498206,42.885632751904865
141500,0.06,0,0.4358109914827268,0.631578947368421,0.772921589688507,0.5,0,0,0,49.80857092122081,-23.73416669576855,42.889148130367566
141600,0.06,0,0.435699439873315,0.631578947368421,0.7683673469387755,0.59,0,0,0,49.81594644569201,-23.735410211413473,42.89377738824173
141700,0.06,0,0.4355744754993549,0.631578947368421,0.7741997851772288,0.49,0,0,0,49.824828530390526,-23.735546216198614,42.898434715586724
141800,0.06,0,0.4355767302709343,0.631578947368421,0.7687432867883995,0.57,0,0,0,49.83060187758283,-23.735660865783068,42.893242486747894
141900,0.06,0,0.4355621231847464,0.631578947368421,0.7709452201933404,0.49,0,0,0,49.83397394231574,-23.738330839983288,42.89177845123043
142000,0.06,0,0.4355993398782228,0.631578947368421,0.7773576799140709,0.57,0,0,0,49.827192410383375,-23.73872635083834,42.89395098392367
142100,0.06,0,0.4356213725714061,0.631578947368421,0.7739957035445757,0.5,0,0,0,49.82525550065184,-23.738660597364536,42.89344888735924
142200,0.06,0,0.4355238714462257,0.631578947368421,0.7723308270676692,0.5,0,0,0,49.8343871678211,-23.73857449229181,42.89518991550826
142300,0.06,0,0.43549892475297836,0.631578947368421,0.7763265306122449,0.59,0,0,0,49.84614789726071,-23.737381779411002,42.88752578542163
142400,0.06,0,0.4355378320120822,0.631578947368421,0.7713641245972073,0.55,0,0,0,49.840487557932505,-23.7361966353384,42.88856483991155
142500,0.06,0,0.43549666474738125,0.631578947368421,0.7764769065520946,0.57,0,0,0,49.84053652758112,-23.735787208543073,42.89257692966537
142600,0.06,0,0.43548867339894776,0.631578947368421,0.774812030075188,0.59,0,0,0,49.84414682399397,-23.73721764432968,42.89025718200094
142700,0.06,0,0.43551625574323055,0.631578947368421,0.7808055853920516,0.56,0,0,0,49.84547323565342,-23.73907552676363,42.886399575921494
142800,0.06,0,0.43559696958314115,0.631578947368421,0.7714607948442535,0.61,0,0,0,49.84016418149488,-23.740208463907585,42.883020431935385
142900,0.06,0,0.4355203048346832,0.631578947368421,0.7723845327604726,0.53,0,0,0,49.84095045202138,-23.741638701328725,42.88989251663118
143000,0.06,0,0.4355193093983573,0.631578947368421,0.7738345864661654,0.5,0,0,0,49.84246414310156,-23.74092573274074,42.88868799920605
143100,0.06,0,0.4354982979170319,0.631578947368421,0.7748872180451127,0.51,0,0,0,49.84672712882451,-23.74081738369353,42.887089151123604
143200,0.06,0,0.4354004562200809,0.631578947368421,0.7731041890440387,0.44,0,0,0,49.85818688266953,-23.741055298315473,42.886866907482506
143300,0.06,0,0.435458094393865,0.631578947368421,0.7776369495166487,0.61,0,0,0,49.85182568239506,-23.740144919988225,42.88666204135562
143400,0.06,0,0.4355002782234949,0.631578947368421,0.7730397422126746,0.59,0,0,0,49.849393282921525,-23.739779262364312,42.88460036447635
143500,0.06,0,0.43554376693430463,0.631578947368421,0.7754457572502685,0.5,0,0,0,49.84459541829813,-23.740956362401946,42.884445877971515
143600,0.06,0,0.435566898559299,0.631578947368421,0.7760687432867884,0.48,0,0,0,49.83929277243296,-23.739627543122616,42.88673085970592
143700,0.06,0,0.43553676814424974,0.631578947368421,0.7730290010741139,0.57,0,0,0,49.843193257049954,-23.74088475526037,42.88634142386241
143800,0.06,0,0.4355642635660632,0.631578947368421,0.7682384532760472,0.47,0,0,0,49.83807306320874,-23.743686052878978,42.88803989993285
143900,0.06,0,0.43561260268809243,0.631578947368421,0.7743823845327604,0.47,0,0,0,49.8294309074611,-23.74484790727202,42.89071814554737
144000,0.06,0,0.4356000185846011,0.631578947368421,0.7598496240601503,0.58,0,0,0,49.83397905623466,-23.745274402687166,42.888042642783915
144100,0.06,0,0.4356147116594928,0.631578947368421,0.763984962406015,0.51,0,0,0,49.83716921961836,-23.744815820142072,42.88385080453955
144200,0.06,0,0.43551402501354475,0.631578947368421,0.7738775510204081,0.63,0,0,0,49.84135818609901,-23.743510514692858,42.89016008849618
144300,0.06,0,0.4355062445788231,0.631578947368421,0.7716111707841031,0.61,0,0,0,49.846140310411585,-23.745439071786784,42.886811475552356
144400,0.06,0,0.43551167105684857,0.631578947368421,0.7652953813104189,0.61,0,0,0,49.84906375493969,-23.747084992803938,42.883762000170755
144500,0.06,0,0.4354771758256254,0.631578947368421,0.7732653061224489,0.51,0,0,0,49.85174052439846,-23.748340115776124,42.88485612070942
144600,0.06,0,0.43545364038199713,0.631578947368421,0.7764232008592911,0.46,0,0,0,49.85527835717747,-23.747995094415533,42.88413060406813
144700,0.06,0,0.43553775218494556,0.631578947368421,0.7734908700322234,0.58,0,0,0,49.85023069317964,-23.748641293509035,42.88019020861456
144800,0.06,0,0.43556010032422193,0.631578947368421,0.777110633727175,0.48,0,0,0,49.843838944806265,-23.748992120210886,42.88348854973739
144900,0.06,0,0.43544072962528657,0.631578947368421,0.7803007518796993,0.41,0,0,0,49.847357010098555,-23.750673074333342,42.89221712090069
145000,0.06,0,0.43547408412243643,0.631578947368421,0.7719656283566058,0.54,0,0,0,49.83708095561767,-23.749670143998184,42.89777524975632
145100,0.06,0,0.43541519255116967,0.631578947368421,0.7683995703544576,0.58,0,0,0,49.83901590060933,-23.748873670720577,42.901911653827106
145200,0.06,0,0.4354055128198735,0.631578947368421,0.7691192266380237,0.44,0,0,0,49.83530607494468,-23.749559722234743,42.906059191911865
145300,0.06,0,0.43539691757264654,0.631578947368421,0.7726423200859291,0.53,0,0,0,49.83829948943063,-23.750317825764306,42.90432911053122
145400,0.06,0,0.4354808299608893,0.631578947368421,0.7707089151450054,0.59,0,0,0,49.83746332424542,-23.749551757182196,42.896781619468015
145500,0.06,0,0.43554793070263403,0.631578947368421,0.7708485499462943,0.62,0,0,0,49.835407559948244,-23.7495707460903,42.89194218476091
145600,0.06,0,0.435492980788349,0.631578947368421,0.774812030075188,0.56,0,0,0,49.841536251197695,-23.75002248009888,42.89207942179951
145700,0.06,0,0.4355364978940155,0.631578947368421,0.7680021482277122,0.59,0,0,0,49.840452117501606,-23.749964650717345,42.88872671164921
145800,0.06,0,0.4355370753539069,0.631578947368421,0.7685606874328679,0.55,0,0,0,49.840850728773866,-23.75054834541782,42.88832683738886
145900,0.06,0,0.4355851097950457,0.631578947368421,0.7625886143931256,0.63,0,0,0,49.84481464480889,-23.75209399245676,42.880186974055356
146000,0.06,0,0.435628707617684,0.631578947368421,0.7679269602577873,0.59,0,0,0,49.83815660375987,-23.752687210251707,42.881623444944125
146100,0.06,0,0.435645340234813,0.631578947368421,0.7740601503759399,0.5,0,0,0,49.840164883087965,-23.752492672802543,42.87825843311641
146200,0.06,0,0.4355912036531381,0.631578947368421,0.7686143931256714,0.49,0,0,0,49.84594084873235,-23.751192274800417,42.87861827816649
146300,0.06,0,0.4355001725722766,0.631578947368421,0.7674436090225564,0.57,0,0,0,49.854069936130436,-23.75287975659623,42.8805878979644
146400,0.06,0,0.43552319974925063,0.631578947368421,0.7677873254564984,0.55,0,0,0,49.849598893013685,-23.752319708389624,42.88216648100257
146500,0.06,0,0.4355284887188765,0.631578947368421,0.7719548872180451,0.45,0,0,0,49.84985706833429,-23.752786059915287,42.881423642123714
146600,0.06,0,0.43553148261797936,0.631578947368421,0.7675402792696026,0.45,0,0,0,49.853063692624396,-23.75569251994226,42.87837069081342
146700,0.06,0,0.4355042534517631,0.631578947368421,0.7693662728249194,0.5,0,0,0,49.856095633509824,-23.756187859326307,42.87844382671931
146800,0.06,0,0.4355452623883592,0.631578947368421,0.7763157894736842,0.59,0,0,0,49.854238517002536,-23.758270598428105,42.87600370117747
146900,0.06,0,0.4354934520024183,0.631578947368421,0.7739742212674543,0.55,0,0,0,49.863762934244676,-23.760361851614956,42.87291396465266
147000,0.06,0,0.4354677608758919,0.631578947368421,0.7738990332975295,0.5,0,0,0,49.862429174403196,-23.75915275571054,42.8765901881138
147100,0.06,0,0.435455743972295,0.631578947368421,0.7715252416756176,0.46,0,0,0,49.86304280280909,-23.757626530250434,42.87724575133507
147200,0.06,0,0.43537959911349616,0.631578947368421,0.7742212674543502,0.6,0,0,0,49.86859560705455,-23.75988441000369,42.879969521520756
147300,0.06,0,0.43529754820145405,0.631578947368421,0.7701074113856069,0.43,0,0,0,49.87124090409253,-23.75986293762489,42.88577724118686
147400,0.06,0,0.43529981325055883,0.631578947368421,0.7714070891514501,0.63,0,0,0,49.87304020393489,-23.760909544775078,42.88400688026414
147500,0.06,0,0.43535049710611534,0.631578947368421,0.7684854994629431,0.51,0,0,0,49.86779293480023,-23.760547088548773,42.88352617426385
147600,0.06,0,0.4352867173697887,0.631578947368421,0.771890440386681,0.6,0,0,0,49.87602485455742,-23.76198428245913,42.8827307574249
147700,0.06,0,0.43527698861204367,0.631578947368421,0.7733404940923738,0.62,0,0,0,49.86963976241792,-23.761857528613387,42.88917985905749
147800,0.06,0,0.4351957380103836,0.631578947368421,0.7746294307196563,0.48,0,0,0,49.86886764196847,-23.762414917563245,42.89785140312936
147900,0.06,0,0.4351933736536152,0.631578947368421,0.7741031149301826,0.68,0,0,0,49.86568255410949,-23.762143782368415,42.900824506417024
148000,0.06,0,0.43520063602894277,0.631578947368421,0.7730182599355532,0.44,0,0,0,49.864483287609765,-23.762950652460173,42.90114037208887
148100,0.06,0,0.43517627207037196,0.631578947368421,0.7738990332975295,0.52,0,0,0,49.86461240064179,-23.763368895802156,42.90343116412953
148200,0.06,0,0.4352646725957438,0.631578947368421,0.7816219119226638,0.44,0,0,0,49.85146578002789,-23.76322893115676,42.90602966376215
148300,0.06,0,0.43532512112025645,0.631578947368421,0.781031149301826,0.56,0,0,0,49.85149409937038,-23.76251382254314,42.900047433205344
148400,0.06,0,0.435343717091878,0.631578947368421,0.776219119226638,0.51,0,0,0,49.851026964122056,-23.764222894210334,42.89861691464881
148500,0.06,0,0.43544888708285173,0.631578947368421,0.7777228786251342,0.59,0,0,0,49.845691947031966,-23.76428904934686,42.892846361832206
148600,0.06,0,0.4353513032750902,0.631578947368421,0.7823415682062299,0.48,0,0,0,49.84590999379887,-23.76227996702478,42.90227310170448
148700,0.06,0,0.43534578470214935,0.631578947368421,0.7813856068743287,0.57,0,0,0,49.84885960998628,-23.763788684226146,42.90027833310845
148800,0.06,0,0.435314322524486,0.631578947368421,0.779795918367347,0.53,0,0,0,49.8458960040733,-23.763927419245285,42.905929770494936
148900,0.06,0,0.4353058944337105,0.631578947368421,0.7813319011815253,0.54,0,0,0,49.84912136964621,-23.763403662226715,42.903984308267006
149000,0.06,0,0.4352569079767214,0.631578947368421,0.7815896885069817,0.52,0,0,0,49.84872518664034,-23.76436831385578,42.90915400996509
149100,0.06,0,0.4351890944953448,0.631578947368421,0.7803651987110634,0.72,0,0,0,49.852790954131166,-23.763848199587585,42.91234032149824
149200,0.06,0,0.43513779859719803,0.631578947368421,0.7758216970998926,0.5,0,0,0,49.85259558053567,-23.763072007540202,42.91756720543996
149300,0.06,0,0.43511389378954235,0.631578947368421,0.7834264232008593,0.68,0,0,0,49.85839141528866,-23.76198255747222,42.91493579576826
149400,0.06,0,0.4351499852687911,0.631578947368421,0.7741568206229861,0.59,0,0,0,49.856360140269416,-23.759015157925493,42.913124735942844
149500,0.06,0,0.43510508301043893,0.631578947368421,0.7838668098818474,0.67,0,0,0,49.85297509112327,-23.756719751021645,42.920467442135504
149600,0.06,0,0.43522121102924144,0.631578947368421,0.7824167561761547,0.44,0,0,0,49.846286374931104,-23.7562263383079,42.91477300227503
149700,0.06,0,0.4352111286083027,0.631578947368421,0.7770891514500538,0.53,0,0,0,49.841781989259836,-23.755280730432737,42.919645653623114
149800,0.06,0,0.4352060256704166,0.631578947368421,0.782062298603652,0.47,0,0,0,49.84237711420074,-23.757777516771277,42.91963642841894
149900,0.06,0,0.4353277479128687,0.631578947368421,0.7781740064446832,0.59,0,0,0,49.83464401113038,-23.758699703205803,42.91429384699786
150000,0.06,0,0.4352422135778929,0.631578947368421,0.7770569280343717,0.58,0,0,0,49.83495959946411,-23.75686749041023,42.922455601339955
150100,0.06,0,0.4353013293337058,0.631578947368421,0.7803222341568207,0.48,0,0,0,49.82741139746338,-23.756132122635364,42.923127859264824
150200,0.06,0,0.43542069252848126,0.631578947368421,0.772094522019334,0.58,0,0,0,49.815624604973614,-23.75526257066092,42.92151439822369
150300,0.06,0,0.43536587010352856,0.631578947368421,0.7713856068743287,0.54,0,0,0,49.82061292981221,-23.755588639208508,42.9226211003687
150400,0.06,0,0.4353820472911643,0.631578947368421,0.7673791621911923,0.56,0,0,0,49.81345536955123,-23.75452619515615,42.927193460237675
150500,0.06,0,0.43533376238707966,0.631578947368421,0.7694414607948442,0.53,0,0,0,49.81769093749127,-23.755372052728635,42.92830458281098
150600,0.06,0,0.4352977654642287,0.631578947368421,0.7715037593984962,0.64,0,0,0,49.80618078292871,-23.753887501344774,42.941776041602594
150700,0.06,0,0.4351983949827469,0.631578947368421,0.7753598281417831,0.6,0,0,0,49.822895343876986,-23.755372108954685,42.93717172260141
150800,0.06,0,0.4353357828403464,0.631578947368421,0.7812244897959184,0.54,0,0,0,49.81136083079664,-23.755699719160095,42.933560718319306
150900,0.06,0,0.43532056711902767,0.631578947368421,0.7744897959183673,0.62,0,0,0,49.82105588744733,-23.755296224382015,42.926706312455984
151000,0.06,0,0.43529539972440184,0.631578947368421,0.7756176154672395,0.65,0,0,0,49.82080071738814,-23.75529635105736,42.929408070886105
151100,0.06,0,0.43529344842467055,0.631578947368421,0.7783566058002148,0.51,0,0,0,49.82011253066608,-23.754615093059456,42.930193516614025
151200,0.06,0,0.43524364460573856,0.631578947368421,0.7808700322234157,0.57,0,0,0,49.8139691961823,-23.754221561024355,42.94040090402058
151300,0.06,0,0.4352680877833078,0.631578947368421,0.7838023630504833,0.59,0,0,0,49.8062748449351,-23.754296881884216,42.9446228171444
151400,0.06,0,0.4351916333636213,0.631578947368421,0.7729967776584318,0.51,0,0,0,49.815236721072594,-23.751375412117202,42.94444012979371
151500,0.06,0,0.43513516122845824,0.631578947368421,0.7752094522019334,0.48,0,0,0,49.811546003691326,-23.74977671691036,42.95319580989401
151600,0.06,0,0.43527027382762157,0.631578947368421,0.7765413533834586,0.59,0,0,0,49.80810719745535,-23.75097173721136,42.942827288618936
151700,0.06,0,0.4353706416567215,0.631578947368421,0.7748227712137487,0.53,0,0,0,49.79017361292255,-23.75217212822361,42.94839121725966
151800,0.06,0,0.4353930076689506,0.631578947368421,0.7826100966702471,0.67,0,0,0,49.78829578940586,-23.753512130572982,42.94780473623321
151900,0.06,0,0.43545673578601096,0.631578947368421,0.7818582169709989,0.61,0,0,0,49.78763923928595,-23.75174204979773,42.94208569155813
152000,0.06,0,0.43547095588164203,0.631578947368421,0.7653705692803437,0.48,0,0,0,49.78237483437064,-23.751800904261305,42.945224345516486
152100,0.06,0,0.43547572388437705,0.631578947368421,0.7731793770139634,0.5,0,0,0,49.78137531525791,-23.7513056900779,42.9456163925663
152200,0.06,0,0.4354563106517578,0.631578947368421,0.7738023630504833,0.67,0,0,0,49.78661743128565,-23.75098281433191,42.94300894915922
152300,0.06,0,0.4355706184506581,0.631578947368421,0.7725993555316863,0.58,0,0,0,49.782612658807864,-23.75322717607519,42.9351929691503
152400,0.06,0,0.43561484651379695,0.631578947368421,0.767561761546724,0.62,0,0,0,49.78129513102131,-23.755655679891408,42.931969971626906
152500,0.06,0,0.4355284155403401,0.631578947368421,0.7779269602577873,0.5,0,0,0,49.786330339361285,-23.757792334210603,42.93614701155768
152600,0.06,0,0.43556667483148914,0.631578947368421,0.7794414607948442,0.58,0,0,0,49.785787563395694,-23.75830723842912,42.93284364621078
152700,0.06,0,0.43553351605229257,0.631578947368421,0.7746831364124597,0.49,0,0,0,49.78871416200555,-23.75653444797368,42.93358848236685
152800,0.06,0,0.4355858527760685,0.631578947368421,0.7747798066595059,0.5,0,0,0,49.78491052250066,-23.756527356425487,42.93170969933171
152900,0.06,0,0.435626916143891,0.631578947368421,0.7712996777658432,0.57,0,0,0,49.7845037633891,-23.755006965725578,42.928013576612024
153000,0.06,0,0.4355170337993382,0.631578947368421,0.7746509129967777,0.48,0,0,0,49.794823995811804,-23.757558202456575,42.92994515659732
153100,0.06,0,0.4354831359990713,0.631578947368421,0.7750590762620838,0.43,0,0,0,49.79605120012419,-23.759131326332344,42.9322287289651
153200,0.06,0,0.4354747316398567,0.631578947368421,0.7801825993555317,0.54,0,0,0,49.79683642493946,-23.75631368922484,42.93238029825185
153300,0.06,0,0.4356135500688369,0.631578947368421,0.7724382384532761,0.51,0,0,0,49.78988954719952,-23.757609264517804,42.92468707550561
153400,0.06,0,0.4355785393919252,0.631578947368421,0.7761546723952739,0.6,0,0,0,49.79193326891887,-23.759748395238113,42.92637525529854
153500,0.06,0,0.43559301519873483,0.631578947368421,0.772234156820623,0.59,0,0,0,49.78917697520802,-23.761393494198686,42.92732500316109
153600,0.06,0,0.435627423090603,0.631578947368421,0.7760902255639097,0.66,0,0,0,49.79081349648027,-23.75936693922764,42.92252358107622
153700,0.06,0,0.43567609595996715,0.631578947368421,0.7701825993555317,0.49,0,0,0,49.79340363543862,-23.760331793190236,42.915495879811765
153800,0.06,0,0.4356846372203429,0.631578947368421,0.7758646616541354,0.45,0,0,0,49.79128003193691,-23.759394195693694,42.91648486938193
153900,0.06,0,0.43578836155656653,0.631578947368421,0.7638668098818475,0.54,0,0,0,49.78344506483473,-23.760899591004556,42.91302271615995
154000,0.06,0,0.43585346968674304,0.631578947368421,0.7678302900107411,0.55,0,0,0,49.777418239427604,-23.759418498928564,42.91180727466329
154100,0.06,0,0.43587244769390016,0.631578947368421,0.764500537056928,0.51,0,0,0,49.77641324539585,-23.759388325272358,42.91080524145981
154200,0.06,0,0.4359376477723571,0.631578947368421,0.7665843179377014,0.52,0,0,0,49.77663158731755,-23.75794881001029,42.904199181716635
154300,0.06,0,0.4358488583583528,0.631578947368421,0.7742534908700323,0.54,0,0,0,49.78549802249804,-23.756311844102406,42.90529697383701
154400,0.06,0,0.4359530114718557,0.631578947368421,0.7680988184747584,0.49,0,0,0,49.774966441633566,-23.756473091422418,42.90412241138297
154500,0.06,0,0.4359435521529339,0.631578947368421,0.7688399570354457,0.52,0,0,0,49.77407177624483,-23.75783223074599,42.90582456429522
154600,0.06,0,0.43602040447052903,0.631578947368421,0.7678410311493018,0.49,0,0,0,49.7746774482625,-23.75732669913552,42.89774004863052
154700,0.06,0,0.43600135000056356,0.631578947368421,0.766358754027927,0.6,0,0,0,49.77317433570746,-23.75619701322576,42.900910335226264
154800,0.06,0,0.43601935159328975,0.631578947368421,0.7629323308270677,0.55,0,0,0,49.7747187611653,-23.75670805059897,42.89780803078793
154900,0.06,0,0.4360700928157559,0.631578947368421,0.7684854994629431,0.54,0,0,0,49.77177380063132,-23.75661894543445,42.89535436888027
155000,0.06,0,0.4360486871202947,0.631578947368421,0.7569495166487648,0.6,0,0,0,49.772135822950425,-23.757671695727804,42.89714808954325
155100,0.06,0,0.4359803472755094,0.631578947368421,0.7626530612244898,0.49,0,0,0,49.773802039157815,-23.759449620500458,42.902435970125204
155200,0.06,0,0.4359967431410195,0.631578947368421,0.7652416756176155,0.64,0,0,0,49.769930705748955,-23.758904258980287,42.904159626240066
155300,0.06,0,0.435937303309776,0.631578947368421,0.7788399570354457,0.57,0,0,0,49.77004407629988,-23.75699287892128,42.90991184258138
155400,0.06,0,0.4360034006259406,0.631578947368421,0.7725241675617616,0.49,0,0,0,49.763238074263846,-23.758545975976222,42.90927457752237
155500,0.06,0,0.4359231046974862,0.631578947368421,0.7735230934479055,0.49,0,0,0,49.765221440820156,-23.758442399648047,42.915467915467325
155600,0.06,0,0.43596229019613897,0.631578947368421,0.767905477980666,0.56,0,0,0,49.75981618098247,-23.75684477124022,42.9162719140622
155700,0.06,0,0.43593774766459076,0.631578947368421,0.7699033297529538,0.56,0,0,0,49.764281437055445,-23.75790496450519,42.914837011237715
155800,0.06,0,0.43588319395164654,0.631578947368421,0.7695488721804511,0.48,0,0,0,49.77063564620321,-23.758083492393265,42.91472847553282
155900,0.06,0,0.4358775665944134,0.631578947368421,0.7657572502685285,0.51,0,0,0,49.76402309144372,-23.759899303450933,42.92098502849781
156000,0.06,0,0.43583279257420043,0.631578947368421,0.7760150375939849,0.63,0,0,0,49.76728246187797,-23.758955285091943,42.92258311172887
156100,0.06,0,0.43582425363680555,0.631578947368421,0.773093447905478,0.56,0,0,0,49.770092773544064,-23.760450867699976,42.92100036888138
156200,0.06,0,0.43571600886573925,0.631578947368421,0.7706337271750806,0.58,0,0,0,49.77465560072661,-23.761351915800457,42.92772768533464
156300,0.06,0,0.43574025710940956,0.631578947368421,0.7647690655209453,0.56,0,0,0,49.770519814158554,-23.76345004889389,42.92890579819395
156400,0.06,0,0.4357920899876941,0.631578947368421,0.7694522019334049,0.41,0,0,0,49.76367686668423,-23.763624959998392,42.929702260727524
156500,0.06,0,0.43576287525850743,0.631578947368421,0.7690762620837809,0.47,0,0,0,49.76365715632317,-23.761845568098206,42.93259738952223
156600,0.06,0,0.4358806284437473,0.631578947368421,0.7719011815252417,0.52,0,0,0,49.750652606711874,-23.75982124419116,42.932218460437134
156700,0.06,0,0.43588528033493723,0.631578947368421,0.7726208378088077,0.58,0,0,0,49.753318631870606,-23.75820136187844,42.92945978280535
156800,0.06,0,0.43593901076332847,0.631578947368421,0.7683458646616541,0.62,0,0,0,49.74792781596062,-23.759750422606224,42.928820009267824
156900,0.06,0,0.4360596874006807,0.631578947368421,0.7640708915145006,0.55,0,0,0,49.74536081411576,-23.760159372607667,42.91915437790147
157000,0.06,0,0.43603196634939156,0.631578947368421,0.7685177228786252,0.54,0,0,0,49.74419977484739,-23.759343250209305,42.922884799615254
157100,0.06,0,0.4360410774012729,0.631578947368421,0.7749838882921589,0.56,0,0,0,49.75001295351811,-23.759621669718076,42.91697258944841
157200,0.06,0,0.4361593960758371,0.631578947368421,0.7779591836734694,0.56,0,0,0,49.752990380592784,-23.760698743462996,42.90276269907185
157300,0.06,0,0.436172046649295,0.631578947368421,0.7695166487647691,0.62,0,0,0,49.75861831760912,-23.76143283847572,42.896665996825874
157400,0.06,0,0.43619883626300004,0.631578947368421,0.7633404940923738,0.51,0,0,0,49.755541103812746,-23.75980636920895,42.89668430500699
157500,0.06,0,0.43626266565200705,0.631578947368421,0.763609022556391,0.65,0,0,0,49.75067390271521,-23.760021459025367,42.89460415946627
157600,0.06,0,0.4362942389048614,0.631578947368421,0.76484425349087,0.48,0,0,0,49.74923895620236,-23.76125242853583,42.89273715551363
157700,0.06,0,0.4362570874484261,0.631578947368421,0.7707733619763695,0.55,0,0,0,49.750741544268294,-23.76010394332636,42.89509431091858
157800,0.06,0,0.4362569740228822,0.631578947368421,0.7700429645542427,0.5,0,0,0,49.7544889319959,-23.759214500258103,42.89187470795756
157900,0.06,0,0.4362900434422086,0.631578947368421,0.7670461868958109,0.54,0,0,0,49.75132988238474,-23.759044327006404,42.891346927956
158000,0.06,0,0.43627789700199093,0.631578947368421,0.7694629430719656,0.56,0,0,0,49.755798140401225,-23.759106160067383,42.88868915693899
158100,0.06,0,0.43625797487391044,0.631578947368421,0.7726208378088077,0.56,0,0,0,49.75514898607474,-23.757832722898126,42.89120730233675
158200,0.06,0,0.43624775032916296,0.631578947368421,0.7707733619763695,0.48,0,0,0,49.75289138263441,-23.75985214780881,42.89415885487652
158300,0.06,0,0.4362898064822556,0.631578947368421,0.7667776584317938,0.58,0,0,0,49.74892194513341,-23.75770717280648,42.89344624274469
158400,0.06,0,0.43635931341146006,0.631578947368421,0.7624489795918368,0.43,0,0,0,49.74384213688851,-23.756983302059957,42.89099337163282
158500,0.06,0,0.4363543788055657,0.631578947368421,0.7585499462943072,0.52,0,0,0,49.73695285459679,-23.756893469052148,42.897419499280915
158600,0.06,0,0.4363559907807215,0.631578947368421,0.7667454350161117,0.58,0,0,0,49.730918923406705,-23.75684639138836,42.90246582137948
158700,0.06,0,0.4363007334379328,0.631578947368421,0.7588292158968851,0.45,0,0,0,49.74022730069027,-23.75740528938191,42.899869627750455
158800,0.06,0,0.4362213162529629,0.631578947368421,0.7667883995703545,0.55,0,0,0,49.74529038814664,-23.755712180894374,42.9033126994933
158900,0.06,0,0.4362740947137469,0.631578947368421,0.7624167561761547,0.52,0,0,0,49.73819141067061,-23.75842135933538,42.904245167049524
159000,0.06,0,0.4362743864803107,0.631578947368421,0.7596025778732546,0.56,0,0,0,49.74081260574168,-23.759105520476513,42.90195554755426
159100,0.06,0,0.4362914502519188,0.631578947368421,0.769312567132116,0.5,0,0,0,49.73820285543712,-23.759811066934947,42.90252857764389
159200,0.06,0,0.4364105379926439,0.631578947368421,0.7622234156820623,0.51,0,0,0,49.73031220056908,-23.761633064939147,42.8976267726368
159300,0.06,0,0.4363148957860658,0.631578947368421,0.7661976369495167,0.53,0,0,0,49.73731165455425,-23.763834148993563,42.90099188807347
159400,0.06,0,0.43634109586472164,0.631578947368421,0.7640494092373792,0.59,0,0,0,49.73588572919489,-23.764032229732482,42.89964579566329
159500,0.06,0,0.43643722398691587,0.631578947368421,0.7604618689581095,0.52,0,0,0,49.732701402052285,-23.764603248379984,42.89294308064968
159600,0.06,0,0.4363592608400925,0.631578947368421,0.7638775510204082,0.52,0,0,0,49.74460544889577,-23.764209791808387,42.8903403930002
159700,0.06,0,0.4363856653871963,0.631578947368421,0.7687110633727176,0.51,0,0,0,49.747856743585324,-23.762499757614588,42.88494226262484
159800,0.06,0,0.4363289318107401,0.631578947368421,0.7666058002148227,0.52,0,0,0,49.74562105053595,-23.763002370205058,42.89244597564311
159900,0.06,0,0.4363398652279861,0.631578947368421,0.7667669172932331,0.49,0,0,0,49.750671934587146,-23.763625192075853,42.887016713942224
160000,0.06,0,0.4363630450955072,0.631578947368421,0.7565091299677766,0.52,0,0,0,49.75308741150409,-23.76485998592526,42.882656506332395
160100,0.06,0,0.4363957186129237,0.631578947368421,0.7592803437164339,0.45,0,0,0,49.7517910475894,-23.764185341286222,42.880563119603295
160200,0.06,0,0.43634809864127316,0.631578947368421,0.7716863587540279,0.54,0,0,0,49.761564379199505,-23.76605071733104,42.876820003675306
160300,0.06,0,0.43637571198288105,0.631578947368421,0.7599140708915145,0.6,0,0,0,49.75571362990758,-23.76730789908625,42.87914835356876
160400,0.06,0,0.4363988936543644,0.631578947368421,0.7583136412459721,0.51,0,0,0,49.75286745895948,-23.76833295085024,42.87932341877485
160500,0.06,0,0.4364956778677871,0.631578947368421,0.7560794844253491,0.65,0,0,0,49.74526639939953,-23.767404675064537,42.87636627683919
160600,0.06,0,0.4364360144134343,0.631578947368421,0.762406015037594,0.62,0,0,0,49.74826605939246,-23.768555544197028,42.87964207654009
160700,0.06,0,0.4364332756625363,0.631578947368421,0.7593340494092374,0.52,0,0,0,49.73756228185769,-23.76859418540868,42.88913913524665
160800,0.06,0,0.4363753085451772,0.631578947368421,0.7619441460794845,0.45,0,0,0,49.74185268025019,-23.76636998445364,42.89113661158336
160900,0.06,0,0.43641735298817635,0.631578947368421,0.7655531686358754,0.42,0,0,0,49.73215641240846,-23.76585456539766,42.89536614999413
161000,0.06,0,0.4364605932942238,0.631578947368421,0.7599892588614393,0.62,0,0,0,49.728491666569035,-23.768276089049433,42.89427735566643
161100,0.06,0,0.4364657359619454,0.631578947368421,0.7668421052631579,0.51,0,0,0,49.72880792850589,-23.76850813289527,42.893499159908735
161200,0.06,0,0.43644796378091877,0.631578947368421,0.7671213748657357,0.56,0,0,0,49.72917225766221,-23.767758601021956,42.89493152316288
161300,0.06,0,0.4363951661282011,0.631578947368421,0.768657357679914,0.56,0,0,0,49.732692773667,-23.768418991055405,42.897084357465744
161400,0.06,0,0.43643104532750804,0.631578947368421,0.7610526315789473,0.61,0,0,0,49.73556382661288,-23.7706117296037,42.89108167934374
161500,0.06,0,0.4364078713964837,0.631578947368421,0.7647475832438239,0.43,0,0,0,49.73642837623634,-23.772505882824017,42.892613662802574
161600,0.06,0,0.4364090402391741,0.631578947368421,0.7604081632653061,0.49,0,0,0,49.735494726518446,-23.77463809819641,42.89330397362665
161700,0.06,0,0.4364067881216732,0.631578947368421,0.7600859291084855,0.41,0,0,0,49.729657883947915,-23.774732915751894,42.898559804189
161800,0.06,0,0.43639195326689634,0.631578947368421,0.7637056928034371,0.48,0,0,0,49.72575005526856,-23.77540154398738,42.903389522859655
161900,0.06,0,0.4364026502202309,0.631578947368421,0.7652953813104189,0.47,0,0,0,49.72662988343328,-23.774403947473235,42.90157880564646
162000,0.06,0,0.4363974693101534,0.631578947368421,0.7592266380236306,0.46,0,0,0,49.72265149034274,-23.776341085913455,42.90552080145224
162100,0.06,0,0.43641556919570695,0.631578947368421,0.7661331901181525,0.55,0,0,0,49.72353886257117,-23.77550212112703,42.90297567393041
162200,0.06,0,0.43639726517557714,0.631578947368421,0.7600107411385607,0.48,0,0,0,49.727018075182464,-23.77576933378504,42.901773288139566
162300,0.06,0,0.43634178644280247,0.631578947368421,0.7611707841031149,0.45,0,0,0,49.73131150230413,-23.773482378205056,42.90352375252502
162400,0.06,0,0.4362456445255062,0.631578947368421,0.7614178302900108,0.61,0,0,0,49.734409050032134,-23.771949805977822,42.9103063409341
162500,0.06,0,0.4362443471669311,0.631578947368421,0.7652094522019334,0.52,0,0,0,49.727834232465106,-23.773234545440136,42.916107400891505
162600,0.06,0,0.43620069195012845,0.631578947368421,0.7636519871106338,0.52,0,0,0,49.72973579805047,-23.77517489540973,42.918761279364766
162700,0.06,0,0.43621546177364656,0.631578947368421,0.7677336197636949,0.6,0,0,0,49.72349400396781,-23.77494517123243,42.922695505647646
162800,0.06,0,0.436216851887456,0.631578947368421,0.7676691729323308,0.58,0,0,0,49.72322602893187,-23.773680660484885,42.9227900457451
162900,0.06,0,0.43614160345545677,0.631578947368421,0.7724812030075188,0.47,0,0,0,49.726084141182135,-23.77354006759586,42.92772810123741
163000,0.06,0,0.43615337675535976,0.631578947368421,0.7717078410311493,0.65,0,0,0,49.727018559107066,-23.774865544959056,42.925762701203496
163100,0.06,0,0.4360652266409222,0.631578947368421,0.7672932330827068,0.56,0,0,0,49.731815495457404,-23.77471092786419,42.93029880964251
163200,0.06,0,0.4361019201948398,0.631578947368421,0.7703329752953814,0.61,0,0,0,49.72293421673454,-23.77619160071557,42.93435402503484
163300,0.06,0,0.43612357750188446,0.631578947368421,0.7704081632653061,0.49,0,0,0,49.72503043758971,-23.776403573508393,42.93041210156109
163400,0.06,0,0.43619040028132194,0.631578947368421,0.7689581095596133,0.49,0,0,0,49.71883015039463,-23.775237808075612,42.9291882225377
163500,0.06,0,0.43618706398208135,0.631578947368421,0.7613641245972073,0.53,0,0,0,49.71248330972253,-23.77734008945516,42.934997431258424
163600,0.06,0,0.4362825975631744,0.631578947368421,0.7720193340494093,0.48,0,0,0,49.7089174605112,-23.777893801766844,42.92867512840546
163700,0.06,0,0.4363371183956794,0.631578947368421,0.7671750805585392,0.54,0,0,0,49.70137909646748,-23.777626659458345,42.929821453534444
163800,0.06,0,0.4363341842498096,0.631578947368421,0.7751772287862514,0.57,0,0,0,49.7007517206488,-23.778986185476654,42.93065204632673
163900,0.06,0,0.4364050783314425,0.631578947368421,0.7652201933404941,0.67,0,0,0,49.69390944648597,-23.777732124451692,42.929588046279655
164000,0.06,0,0.4363441023277081,0.631578947368421,0.7676047261009667,0.49,0,0,0,49.69720135383114,-23.777544895982473,42.93274312991546
164100,0.06,0,0.43636401627021365,0.631578947368421,0.7635875402792696,0.58,0,0,0,49.69495760619089,-23.77767280751479,42.932722190310685
164200,0.06,0,0.43637502234591014,0.631578947368421,0.7670569280343716,0.47,0,0,0,49.695857382773575,-23.777451224404334,42.930862052508374
164300,0.06,0,0.4364530557114628,0.631578947368421,0.7618474758324383,0.5,0,0,0,49.68984112337365,-23.779695597797645,42.928383429442945
164400,0.06,0,0.43647213409048163,0.631578947368421,0.7562835660580022,0.57,0,0,0,49.6935137682144,-23.780201498277126,42.92333448891681
164500,0.06,0,0.43657983558122204,0.631578947368421,0.7588184747583244,0.6,0,0,0,49.68890030810321,-23.77905997653512,42.9167298883165
164600,0.06,0,0.43650014070136595,0.631578947368421,0.755359828141783,0.58,0,0,0,49.694576918943866,-23.77946560096496,42.91966222295819
164700,0.06,0,0.43650272977074817,0.631578947368421,0.7722986036519871,0.56,0,0,0,49.68961308669793,-23.780575970076605,42.92369516009629
164800,0.06,0,0.43649992177473546,0.631578947368421,0.7620622986036519,0.55,0,0,0,49.6898189012947,-23.778475387328854,42.923793496899975
164900,0.06,0,0.4363835889143703,0.631578947368421,0.7691621911922664,0.64,0,0,0,49.70156930767892,-23.77876708569731,42.92508557608013
165000,0.06,0,0.43655856370023643,0.631578947368421,0.7635016111707841,0.53,0,0,0,49.686871963458096,-23.779827090921803,42.92057311709262
165100,0.06,0,0.4365323554402601,0.631578947368421,0.7615896885069817,0.5,0,0,0,49.68866743017184,-23.77964327320522,42.92159895668424
165200,0.06,0,0.43656498149395734,0.631578947368421,0.7610418904403867,0.51,0,0,0,49.68235491338541,-23.77885943036619,42.923844377288
165300,0.06,0,0.43656196293947197,0.631578947368421,0.7650698174006445,0.59,0,0,0,49.68380848814433,-23.77955794021205,42.92288535848306
165400,0.06,0,0.43653104666968595,0.631578947368421,0.7751987110633727,0.48,0,0,0,49.6859626267548,-23.779238096019334,42.92406421273416
165500,0.06,0,0.43649021760058376,0.631578947368421,0.7627067669172932,0.48,0,0,0,49.68943806270377,-23.777393376769528,42.925076782288734
165600,0.06,0,0.43648460966350194,0.631578947368421,0.7651020408163265,0.59,0,0,0,49.68596556562915,-23.77677544010627,42.92862830657864
165700,0.06,0,0.43653467418338887,0.631578947368421,0.7614500537056929,0.54,0,0,0,49.68215601421674,-23.77762438345964,42.92699630742963
165800,0.06,0,0.4365434863432988,0.631578947368421,0.7640816326530612,0.55,0,0,0,49.67793535444122,-23.77706472171993,42.92977679725846
165900,0.06,0,0.4364990929476846,0.631578947368421,0.7685177228786252,0.51,0,0,0,49.68146658392347,-23.774898133256297,42.93109124971634
166000,0.06,0,0.43658181818403663,0.631578947368421,0.7652846401718583,0.55,0,0,0,49.67237933392861,-23.775453677019556,42.93080898351032
166100,0.06,0,0.4365613107006587,0.631578947368421,0.7642857142857142,0.56,0,0,0,49.67338954906169,-23.77476254166405,42.93195252853707
166200,0.06,0,0.4365039700198613,0.631578947368421,0.7658539205155747,0.53,0,0,0,49.677112653086915,-23.77429691988494,42.93437421574939
166300,0.06,0,0.43652811071774644,0.631578947368421,0.7628249194414608,0.47,0,0,0,49.6725933909505,-23.774296575153002,42.93590587286929
166400,0.06,0,0.43649420731409777,0.631578947368421,0.7689795918367347,0.44,0,0,0,49.6810972022262,-23.772729822752165,42.93189097149248
166500,0.06,0,0.4364525599529298,0.631578947368421,0.7669495166487648,0.51,0,0,0,49.687429554563856,-23.772082707751878,42.93051571332617
166600,0.06,0,0.43641595081690243,0.631578947368421,0.766358754027927,0.59,0,0,0,49.693586884638506,-23.772766351323273,42.92879718573777
166700,0.06,0,0.4363434937100741,0.631578947368421,0.7660580021482277,0.55,0,0,0,49.702145295387304,-23.771996087785368,42.928532427409884
166800,0.06,0,0.43646380892047526,0.631578947368421,0.7628786251342642,0.56,0,0,0,49.703255323099384,-23.770445698089897,42.91574032494002
166900,0.06,0,0.4364393812135861,0.631578947368421,0.7645435016111708,0.52,0,0,0,49.70408538504493,-23.77039892182849,42.91742560188454
167000,0.06,0,0.4364291391128096,0.631578947368421,0.7601611170784103,0.53,0,0,0,49.69932239008678,-23.769914992084537,42.922545926395415
167100,0.06,0,0.4364946853716304,0.631578947368421,0.7685714285714286,0.54,0,0,0,49.699664813342494,-23.769495216005758,42.91580477339235
167200,0.06,0,0.4364681028791736,0.631578947368421,0.7649624060150376,0.56,0,0,0,49.7025712776521,-23.769236294698896,42.91590875530205
167300,0.06,0,0.4364837424642079,0.631578947368421,0.7665735767991407,0.58,0,0,0,49.6999405398168,-23.76636857827256,42.916642602922785
167400,0.06,0,0.4364313930409724,0.631578947368421,0.7620622986036519,0.56,0,0,0,49.701072317830246,-23.76634443992071,42.92081300061142
167500,0.06,0,0.436381738504506,0.631578947368421,0.765392051557465,0.54,0,0,0,49.701950867507826,-23.764852259810088,42.92493805781441
167600,0.06,0,0.4364732229656662,0.631578947368421,0.7652416756176155,0.61,0,0,0,49.6948237374146,-23.76658653112149,42.922095939478325
167700,0.06,0,0.4364304580865097,0.631578947368421,0.7682277121374865,0.54,0,0,0,49.69858243746268,-23.76746846899925,42.92305527009942
167800,0.06,0,0.43637605943425095,0.631578947368421,0.7648012889366272,0.57,0,0,0,49.70350184271304,-23.769603880169466,42.92415721942988
167900,0.06,0,0.43639966995365354,0.631578947368421,0.7645327604726101,0.64,0,0,0,49.688335679211455,-23.76783076924652,42.934935747609494
168000,0.06,0,0.43630184011021006,0.631578947368421,0.761890440386681,0.55,0,0,0,49.691876449659176,-23.76746589914692,42.94150284590745
168100,0.06,0,0.4363262671131406,0.631578947368421,0.7632330827067669,0.6,0,0,0,49.69325071748899,-23.766289383517595,42.93791135541239
168200,0.06,0,0.4363123888928434,0.631578947368421,0.762234156820623,0.56,0,0,0,49.69531678417636,-23.76717912330801,42.93749193755817
168300,0.06,0,0.4363928460907348,0.631578947368421,0.765703544575725,0.51,0,0,0,49.69428808448635,-23.768961819823726,42.9304642727377
168400,0.06,0,0.4364893387157482,0.631578947368421,0.7626423200859291,0.57,0,0,0,49.691573776566294,-23.76851019970985,42.923318315644956
168500,0.06,0,0.4364931436989262,0.631578947368421,0.7708700322234157,0.66,0,0,0,49.68463545007145,-23.768478876921087,42.92893822033874
168600,0.06,0,0.43655907214324274,0.631578947368421,0.7652309344790548,0.5,0,0,0,49.67752208907388,-23.76897584975613,42.92860125957375
168700,0.06,0,0.4365364092943757,0.631578947368421,0.7634479054779807,0.49,0,0,0,49.679892762240065,-23.770925031256834,42.928781289066414
168800,0.06,0,0.43649636078398435,0.631578947368421,0.7606444683136413,0.56,0,0,0,49.67645032395662,-23.770263088173277,42.93569511846942
168900,0.06,0,0.4363868452399935,0.631578947368421,0.763265306122449,0.47,0,0,0,49.68643647664343,-23.772026451221834,42.93783871995609
169000,0.06,0,0.4362951775327502,0.631578947368421,0.7776369495166487,0.54,0,0,0,49.68608004992857,-23.773450028364152,42.94716824803151
169100,0.06,0,0.43633556599880735,0.631578947368421,0.7688829215896885,0.64,0,0,0,49.681017520239315,-23.773012275890753,42.947568876244205
169200,0.06,0,0.4363440415422265,0.631578947368421,0.7776047261009666,0.59,0,0,0,49.67977817386446,-23.774121709932142,42.94780604216389
169300,0.06,0,0.4362682722576815,0.631578947368421,0.7684425349087003,0.51,0,0,0,49.683220131518105,-23.772812352454952,42.952289183100696
169400,0.06,0,0.4362809011202691,0.631578947368421,0.7657679914070892,0.53,0,0,0,49.677229245106034,-23.772022966497317,42.95622559307653
169500,0.06,0,0.43624509645821496,0.631578947368421,0.7707948442534909,0.66,0,0,0,49.66616038220608,-23.771809428687106,42.969325447225025
169600,0.06,0,0.4363632934257784,0.631578947368421,0.7694199785177229,0.66,0,0,0,49.659964464309134,-23.770116118421623,42.963046116357674
169700,0.06,0,0.43643111071811763,0.631578947368421,0.7727389903329753,0.46,0,0,0,49.6579874760211,-23.77044787697533,42.95808024571505
169800,0.06,0,0.43641430386922186,0.631578947368421,0.7644360902255639,0.54,0,0,0,49.66113407066119,-23.77182493523874,42.95701262878022
169900,0.06,0,0.43644807420028153,0.631578947368421,0.7619656283566058,0.5,0,0,0,49.65695665150775,-23.7711685248552,42.957302317061156
170000,0.06,0,0.4366454889235428,0.631578947368421,0.7590118152524168,0.49,0,0,0,49.642487181392504,-23.771676173498037,42.95039585761688
170100,0.06,0,0.43658344424949724,0.631578947368421,0.7712244897959184,0.57,0,0,0,49.64704485157086,-23.77256823093525,42.95255624702582
170200,0.06,0,0.43671216238285004,0.631578947368421,0.767078410311493,0.51,0,0,0,49.63198032665476,-23.774297535141436,42.95292956720645
170300,0.06,0,0.4366723468435891,0.631578947368421,0.761858216970999,0.57,0,0,0,49.62996947328229,-23.772747310201172,42.95858647017299
170400,0.06,0,0.436562018565809,0.631578947368421,0.7596885069817401,0.53,0,0,0,49.62903739316675,-23.773049192064377,42.97025000272577
170500,0.06,0,0.43654429055678395,0.631578947368421,0.7687218045112783,0.57,0,0,0,49.61887862518791,-23.772662776874675,42.98079293118851
170600,0.06,0,0.4364912737477572,0.631578947368421,0.759828141783029,0.61,0,0,0,49.616273520570985,-23.7748251433776,42.988270417823664
170700,0.06,0,0.43649566247156807,0.631578947368421,0.7619548872180452,0.58,0,0,0,49.61678301422569,-23.773674139483802,42.98739677057038
170800,0.06,0,0.4363927644994247,0.631578947368421,0.76656283566058,0.51,0,0,0,49.6132652469374,-23.774634818319466,43.000581546652896
170900,0.06,0,0.4363778464268017,0.631578947368421,0.7704403866809881,0.61,0,0,0,49.6158955646359,-23.775134496148205,42.99977187644563
171000,0.06,0,0.4363972015422707,0.631578947368421,0.7679484425349087,0.65,0,0,0,49.6126159469087,-23.77441999074601,43.000707100756415
171100,0.06,0,0.4363099504791374,0.631578947368421,0.7750590762620838,0.59,0,0,0,49.6163482979208,-23.771966695754525,43.0060708238324
171200,0.06,0,0.4363930875995485,0.631578947368421,0.7704081632653061,0.53,0,0,0,49.60933954925509,-23.771642529902813,43.003952438949064
171300,0.06,0,0.4363862229527065,0.631578947368421,0.7709774436090225,0.53,0,0,0,49.611029936850514,-23.771005770096142,43.00316363095667
171400,0.06,0,0.43641362868180683,0.631578947368421,0.7659505907626208,0.42,0,0,0,49.60829721671103,-23.770261118318434,43.00283185675504
171500,0.06,0,0.436444571555586,0.631578947368421,0.7719978517722879,0.58,0,0,0,49.60634797468252,-23.770135273632512,43.001472701382
171600,0.06,0,0.4364433420730001,0.631578947368421,0.7635016111707841,0.52,0,0,0,49.60552694428089,-23.76841248804996,43.00230556613113
171700,0.06,0,0.43645021215800484,0.631578947368421,0.7669817400644469,0.57,0,0,0,49.612500537675544,-23.76774545783639,42.99558431329511
171800,0.06,0,0.436540985260238,0.631578947368421,0.7639312567132116,0.51,0,0,0,49.600297848620976,-23.766602049132867,42.997219527409044
171900,0.06,0,0.4364209161522589,0.631578947368421,0.7623952738990333,0.6,0,0,0,49.60994069688999,-23.76678485310681,43.0006892084221
172000,0.06,0,0.43643323538920775,0.631578947368421,0.7719978517722879,0.54,0,0,0,49.615389774503605,-23.767265655980808,42.994752948590985
172100,0.06,0,0.4364981468988592,0.631578947368421,0.7652201933404941,0.52,0,0,0,49.608165309360714,-23.766692813215485,42.99461963070329
172200,0.06,0,0.4365654934702252,0.631578947368421,0.7621804511278195,0.49,0,0,0,49.60722865972562,-23.766716567964345,42.988798755504284
172300,0.06,0,0.436534124177007,0.631578947368421,0.7587540279269602,0.59,0,0,0,49.612918544778395,-23.76668280485672,42.986957377275196
172400,0.06,0,0.4365755328300491,0.631578947368421,0.7574436090225564,0.63,0,0,0,49.610174625457056,-23.768345527686265,42.9852574834276
172500,0.06,0,0.4366437447538748,0.631578947368421,0.7609022556390977,0.58,0,0,0,49.60521189457308,-23.767840353028536,42.98284215057111
172600,0.06,0,0.4366923160354406,0.631578947368421,0.7624382384532761,0.49,0,0,0,49.59690956191245,-23.766624574007967,42.98525572919108
172700,0.06,0,0.4366869745802597,0.631578947368421,0.7689151450053706,0.57,0,0,0,49.59795313611538,-23.765602205276533,42.98487706532953
172800,0.06,0,0.4366751196937036,0.631578947368421,0.7642964554242749,0.55,0,0,0,49.5999675876471,-23.764951752946732,42.98429818791827
172900,0.06,0,0.4367193310201239,0.631578947368421,0.7598388829215897,0.61,0,0,0,49.594077405212225,-23.764613497377017,42.985051304349966
173000,0.06,0,0.4367562823117345,0.631578947368421,0.7629860365198711,0.49,0,0,0,49.59473037956952,-23.765059242555516,42.98084869861088
173100,0.06,0,0.43674256745255313,0.631578947368421,0.759795918367347,0.44,0,0,0,49.59427893727867,-23.76720468716617,42.98258966414804
173200,0.06,0,0.4366605450641344,0.631578947368421,0.7646938775510204,0.56,0,0,0,49.600736818366386,-23.766620491052173,42.9850662533271
173300,0.06,0,0.43666118064688214,0.631578947368421,0.7706337271750806,0.5,0,0,0,49.600943101721015,-23.76491022997502,42.9848249177662
173400,0.06,0,0.43668673608245867,0.631578947368421,0.7630075187969925,0.55,0,0,0,49.60168495825959,-23.765174255957163,42.98166653853616
173500,0.06,0,0.4367435092866489,0.631578947368421,0.7644575725026853,0.6,0,0,0,49.59484416061738,-23.765723679504053,42.98200710888533
173600,0.06,0,0.4367051476486341,0.631578947368421,0.7657679914070892,0.52,0,0,0,49.59059544133951,-23.765677455995473,42.9894656378348
173700,0.06,0,0.43666116138969374,0.631578947368421,0.760827067669173,0.54,0,0,0,49.59247961768252,-23.76592292207462,42.99216263125771
173800,0.06,0,0.43661646959603456,0.631578947368421,0.7676369495166487,0.55,0,0,0,49.59200974199496,-23.76652930349528,42.996970667595726
173900,0.06,0,0.436565945621126,0.631578947368421,0.7684317937701396,0.49,0,0,0,49.5969945498164,-23.765803697736832,42.99762476220302
174000,0.06,0,0.43647624794829587,0.631578947368421,0.7602577873254565,0.53,0,0,0,49.60205142423945,-23.765228019074986,43.002076490542535
174100,0.06,0,0.4364366959751393,0.631578947368421,0.7572932330827068,0.55,0,0,0,49.60579786532303,-23.76642172010328,43.00272554938565
174200,0.06,0,0.43648202528692054,0.631578947368421,0.766734693877551,0.54,0,0,0,49.601036997970944,-23.768203806203612,43.002386763465566
174300,0.06,0,0.4364402379945389,0.631578947368421,0.7700644468313641,0.58,0,0,0,49.60404569555602,-23.76896473187257,43.003895530233116
174400,0.06,0,0.4364158809008581,0.631578947368421,0.7650698174006445,0.53,0,0,0,49.59799187365377,-23.76825985157129,43.011544902867996
174500,0.06,0,0.43640255900139313,0.631578947368421,0.7654994629430719,0.54,0,0,0,49.59227878584657,-23.76784883473757,43.01781303130685
174600,0.06,0,0.43638168601664107,0.631578947368421,0.7665735767991407,0.61,0,0,0,49.59871272155488,-23.767583657681932,43.014290127418555
174700,0.06,0,0.4363078203255816,0.631578947368421,0.7582277121374865,0.49,0,0,0,49.608897117279916,-23.76876390235947,43.01274026695082
174800,0.06,0,0.43638236348971743,0.631578947368421,0.7620730397422126,0.56,0,0,0,49.60416900258497,-23.768891489440144,43.00949193817521
174900,0.06,0,0.436429085359763,0.631578947368421,0.7619548872180452,0.51,0,0,0,49.602536665326895,-23.768286856964888,43.006302781080876
175000,0.06,0,0.4363118459036965,0.631578947368421,0.7699140708915145,0.45,0,0,0,49.60762769911921,-23.76866028218578,43.013444065431635
175100,0.06,0,0.43630248418358997,0.631578947368421,0.7695273899033298,0.59,0,0,0,49.60502812049234,-23.770549578359315,43.01662119412947
175200,0.06,0,0.4362695519649718,0.631578947368421,0.7635123523093448,0.54,0,0,0,49.61106848409716,-23.770549047161413,43.014630488065094
175300,0.06,0,0.4363206513863099,0.631578947368421,0.7656176154672395,0.54,0,0,0,49.60824487430309,-23.770896427036472,43.0120408830985
175400,0.06,0,0.43635706383501016,0.631578947368421,0.7640386680988185,0.54,0,0,0,49.60104987384372,-23.770058715578926,43.014690376058006
175500,0.06,0,0.43631998320137755,0.631578947368421,0.7666272824919441,0.54,0,0,0,49.59834619769327,-23.77164442270152,43.02069096854629
175600,0.06,0,0.4363304395452308,0.631578947368421,0.7727712137486573,0.6,0,0,0,49.59784595963457,-23.77153194218225,43.02009390000455
175700,0.06,0,0.4363527220204209,0.631578947368421,0.7636197636949517,0.5,0,0,0,49.59564704793231,-23.772094564575195,43.01980434213361
175800,0.06,0,0.43637756813995715,0.631578947368421,0.7597744360902255,0.55,0,0,0,49.59656995283688,-23.77312102089915,43.01655443737879
175900,0.06,0,0.43638700874532316,0.631578947368421,0.7647690655209453,0.49,0,0,0,49.59257517379932,-23.7742971132579,43.01908882881461
176000,0.06,0,0.43642284203438203,0.631578947368421,0.76828141783029,0.46,0,0,0,49.58876673640737,-23.773329801295336,43.01886028068887
176100,0.06,0,0.43653315187576813,0.631578947368421,0.7710096670247046,0.52,0,0,0,49.583739758009685,-23.774625449141176,43.01234992540165
176200,0.06,0,0.4364753611803855,0.631578947368421,0.7696455424274973,0.63,0,0,0,49.588925838280325,-23.77354161170483,43.013546006100235
176300,0.06,0,0.4365493997164717,0.631578947368421,0.7649194414607948,0.52,0,0,0,49.57924983090568,-23.773177559757375,43.01464413742342
176400,0.06,0,0.43660885184946746,0.631578947368421,0.7650590762620838,0.53,0,0,0,49.583328915815706,-23.77609963461269,43.00524870612868
176500,0.06,0,0.4366575733594087,0.631578947368421,0.7634693877551021,0.58,0,0,0,49.58489872606168,-23.774796892209704,42.99908890063041
176600,0.06,0,0.43662260217470084,0.631578947368421,0.7628893662728249,0.48,0,0,0,49.58636604957148,-23.774147795162353,43.0012604030201
176700,0.06,0,0.4365863455229961,0.631578947368421,0.757013963480129,0.52,0,0,0,49.58738938746131,-23.773387265573902,43.00394398279186
176800,0.06,0,0.43653091989300336,0.631578947368421,0.7621482277121375,0.43,0,0,0,49.58934673128296,-23.773776073457423,43.007706497964506
176900,0.06,0,0.43648265976139616,0.631578947368421,0.7613319011815253,0.51,0,0,0,49.5835615003974,-23.772585789423186,43.017480225731624
177000,0.06,0,0.4365340825500981,0.631578947368421,0.7682062298603652,0.55,0,0,0,49.582613066081244,-23.77345229923622,43.013235614963
177100,0.06,0,0.43655182740071874,0.631578947368421,0.7609667024704618,0.54,0,0,0,49.58204575788845,-23.773634407718443,43.01197935273966
177200,0.06,0,0.4364714517752856,0.631578947368421,0.7654564983888292,0.61,0,0,0,49.587513612574725,-23.775662256915933,43.015156285181256
177300,0.06,0,0.4364791190753216,0.631578947368421,0.7617937701396348,0.49,0,0,0,49.58521623628519,-23.778223301103,43.01639360837032
177400,0.06,0,0.43641571813059116,0.631578947368421,0.7633834586466165,0.59,0,0,0,49.59138657071108,-23.777532950373118,43.017289850872906
177500,0.06,0,0.4365265409278619,0.631578947368421,0.760687432867884,0.48,0,0,0,49.57875623136586,-23.77753951940717,43.017324877314834
177600,0.06,0,0.43661707695575896,0.631578947368421,0.753641245972073,0.58,0,0,0,49.57453003131554,-23.776490541695466,43.01207133410893
177700,0.06,0,0.4366078290382112,0.631578947368421,0.7578302900107411,0.6,0,0,0,49.57542391897121,-23.77600626349442,43.01220682414083
177800,0.06,0,0.436644626440241,0.631578947368421,0.7625349087003223,0.53,0,0,0,49.57493536187975,-23.777191016162167,43.009005897762094
177900,0.06,0,0.43663512831440005,0.631578947368421,0.7621374865735768,0.44,0,0,0,49.57686679092799,-23.776318233770457,43.008265879866784
178000,0.06,0,0.43662416517293157,0.631578947368421,0.7659505907626208,0.52,0,0,0,49.58141274341126,-23.775475941562625,43.00540238719552
178100,0.06,0,0.4365779024003766,0.631578947368421,0.7619119226638024,0.45,0,0,0,49.59118012426693,-23.778165121165873,43.00148837633292
178200,0.06,0,0.4365461178990306,0.631578947368421,0.7651664876476907,0.49,0,0,0,49.59397422592593,-23.77863170464357,43.002196412745576
178300,0.06,0,0.4365395307544276,0.631578947368421,0.7638775510204082,0.51,0,0,0,49.59620319865837,-23.781299742641778,43.00091264119132
178400,0.06,0,0.4364862481689482,0.631578947368421,0.7655961331901181,0.6,0,0,0,49.59464489449473,-23.78297863785619,43.007513121117654
178500,0.06,0,0.43647240554212124,0.631578947368421,0.7611707841031149,0.62,0,0,0,49.59202399675464,-23.7858900514384,43.01115007881763
178600,0.06,0,0.43643475558997386,0.631578947368421,0.762781954887218,0.56,0,0,0,49.59598552526368,-23.787350814548184,43.01142467053365
178700,0.06,0,0.43635387625529487,0.631578947368421,0.7625349087003223,0.47,0,0,0,49.595633851035345,-23.78788574121048,43.01970199408017
178800,0.06,0,0.43634901316656166,0.631578947368421,0.7704511278195488,0.65,0,0,0,49.59798683298659,-23.786173754719535,43.018140522812416
178900,0.06,0,0.4362286074599115,0.631578947368421,0.7648872180451127,0.59,0,0,0,49.60604229646931,-23.786831166394887,43.02302659107155
179000,0.06,0,0.4363499375467129,0.631578947368421,0.7666272824919441,0.56,0,0,0,49.59771285582003,-23.788822256676944,43.01828702274751
179100,0.06,0,0.4363276517185812,0.631578947368421,0.7663480128893663,0.53,0,0,0,49.60121055672937,-23.787170901979543,43.01745056903588
179200,0.06,0,0.4362949808550384,0.631578947368421,0.7713533834586466,0.51,0,0,0,49.60588233855356,-23.78614999382068,43.01662022373937
179300,0.06,0,0.4361892415736366,0.631578947368421,0.7720408163265307,0.5,0,0,0,49.61557588470641,-23.78779477914713,43.01864181830314
179400,0.06,0,0.436132263223565,0.631578947368421,0.7646509129967777,0.61,0,0,0,49.623479647820695,-23.7890108896739,43.017409299093785
179500,0.06,0,0.4361376257980779,0.631578947368421,0.7637593984962406,0.49,0,0,0,49.622922747614034,-23.78928533850042,43.01736313713497
179600,0.06,0,0.4361656997251338,0.631578947368421,0.769344790547798,0.58,0,0,0,49.62377758938665,-23.78934727422414,43.01385332357049
179700,0.06,0,0.43621845527548986,0.631578947368421,0.7613963480128894,0.57,0,0,0,49.63212574667282,-23.790593383751254,43.00141721374111
179800,0.06,0,0.4362265405702577,0.631578947368421,0.7676691729323308,0.6,0,0,0,49.63482981344526,-23.79192836978051,42.99827755844268
179900,0.06,0,0.43620580669035697,0.631578947368421,0.7661117078410311,0.65,0,0,0,49.63841003846177,-23.792452326848796,42.997219921356624
180000,0.06,0,0.43621821221444973,0.631578947368421,0.7632867883995703,0.61,0,0,0,49.6364368569713,-23.79236455238671,42.99770633806277
180100,0.06,0,0.4361964319131861,0.631578947368421,0.76171858216971,0.54,0,0,0,49.637428868795496,-23.79381968399002,42.9989939546045
180200,0.06,0,0.4360843045086064,0.631578947368421,0.7726530612244898,0.58,0,0,0,49.64255757133023,-23.794747874737734,43.00560651396249
180300,0.06,0,0.4361138731787183,0.631578947368421,0.769484425349087,0.49,0,0,0,49.63433478836215,-23.796379599637966,43.009814855934096
180400,0.06,0,0.4360259817767678,0.631578947368421,0.7672717508055854,0.57,0,0,0,49.63942818648758,-23.798751489706692,43.01407046964607
180500,0.06,0,0.4359796552391348,0.631578947368421,0.7712244897959184,0.64,0,0,0,49.6454843108686,-23.798336332504267,43.01339334671105
180600,0.06,0,0.43592940111521655,0.631578947368421,0.7686036519871107,0.5,0,0,0,49.64159005369759,-23.801311722052862,43.02172662960432
180700,0.06,0,0.4359104715830314,0.631578947368421,0.7690118152524168,0.53,0,0,0,49.64290009455828,-23.802151040924866,43.02245949782344
180800,0.06,0,0.4359198073222585,0.631578947368421,0.766358754027927,0.51,0,0,0,49.638025019520555,-23.80342889424895,43.02576337412365
180900,0.06,0,0.4360637482977437,0.631578947368421,0.7675832438238454,0.5,0,0,0,49.628189701782894,-23.802963120799408,43.02008496536732
181000,0.06,0,0.4360465124422412,0.631578947368421,0.7655102040816326,0.55,0,0,0,49.62816521695788,-23.80135173382881,43.0218066699029
181100,0.06,0,0.4360603037904505,0.631578947368421,0.7619656283566058,0.51,0,0,0,49.623706939504665,-23.802498225440818,43.02431104178189
181200,0.06,0,0.4360720240153588,0.631578947368421,0.7609344790547798,0.48,0,0,0,49.627703661117145,-23.80354973024379,43.01968985523515
181300,0.06,0,0.43608938507500483,0.631578947368421,0.7659720730397422,0.54,0,0,0,49.62446215630867,-23.805179709097263,43.020787172280485
181400,0.06,0,0.4360587589620498,0.631578947368421,0.7661439312567132,0.51,0,0,0,49.617263694313,-23.80733602519221,43.03005057546055
181500,0.06,0,0.43605529376391544,0.631578947368421,0.7673576799140709,0.58,0,0,0,49.61199607703011,-23.807453552946736,43.03496132920811
181600,0.06,0,0.4359505323765729,0.631578947368421,0.7707411385606874,0.4,0,0,0,49.62594965312238,-23.807786472047514,43.03319961190342
181700,0.06,0,0.4359325404879189,0.631578947368421,0.7709237379162192,0.51,0,0,0,49.62908861621377,-23.803695609950477,43.03225379045026
181800,0.06,0,0.4358988511421778,0.631578947368421,0.7764232008592911,0.6,0,0,0,49.631001909137794,-23.80508563758094,43.03392059030273
181900,0.06,0,0.43598231996097786,0.631578947368421,0.7656820622986037,0.49,0,0,0,49.62770134604393,-23.805896104548957,43.028543231939665
182000,0.06,0,0.4359157116874894,0.631578947368421,0.7683136412459721,0.57,0,0,0,49.6453779850597,-23.805654803160817,43.019795025756686
182100,0.06,0,0.4359571609639396,0.631578947368421,0.7657679914070892,0.5,0,0,0,49.64555141418099,-23.804104479538346,43.01555458589637
182200,0.06,0,0.4360450201249031,0.631578947368421,0.7739742212674543,0.52,0,0,0,49.64505012868931,-23.807110372092822,43.007321594789815
182300,0.06,0,0.4361290236127423,0.631578947368421,0.7731041890440387,0.47,0,0,0,49.63827986132402,-23.809174845857783,43.00490261531644
182400,0.06,0,0.4361106269829106,0.631578947368421,0.7758646616541354,0.49,0,0,0,49.639139732487045,-23.80884182455436,43.00597172701126
182500,0.06,0,0.43612370538713635,0.631578947368421,0.7709774436090225,0.54,0,0,0,49.63899151889891,-23.806747043869635,43.004810475842326
182600,0.06,0,0.4360287753611918,0.631578947368421,0.7707948442534909,0.58,0,0,0,49.64288317849151,-23.804762737269314,43.01080125577556
182700,0.06,0,0.43606201126742455,0.631578947368421,0.7763909774436091,0.58,0,0,0,49.65173949524069,-23.805126099141496,42.99985184909111
182800,0.06,0,0.43610476993469066,0.631578947368421,0.777765843179377,0.47,0,0,0,49.645139500552766,-23.804835791349824,43.00135183911611
182900,0.06,0,0.4360281207736393,0.631578947368421,0.7768313641245972,0.52,0,0,0,49.64896061816599,-23.80537261470651,43.005600943304295
183000,0.06,0,0.435981082666283,0.631578947368421,0.7726530612244898,0.55,0,0,0,49.65501928945788,-23.804620093008733,43.00499292151823
183100,0.06,0,0.43599066324810226,0.631578947368421,0.7746938775510204,0.47,0,0,0,49.659763998989845,-23.804833198521226,42.999939124162026
183200,0.06,0,0.43604657535294034,0.631578947368421,0.7694629430719656,0.57,0,0,0,49.65135379600673,-23.80660345402965,43.00170807178876
183300,0.06,0,0.4361623991031755,0.631578947368421,0.7683243823845327,0.51,0,0,0,49.64394188309444,-23.80730857794549,42.99670739967538
183400,0.06,0,0.43618107619555435,0.631578947368421,0.7715359828141783,0.58,0,0,0,49.637507473638074,-23.80707936816516,43.000439635885066
183500,0.06,0,0.43618710225097845,0.631578947368421,0.7629323308270677,0.44,0,0,0,49.640907724993255,-23.806756418585678,42.99690021316074
183600,0.06,0,0.43609308991639795,0.631578947368421,0.7667454350161117,0.58,0,0,0,49.64898854416676,-23.80372386472548,42.999169783745835
183700,0.06,0,0.43615209506293895,0.631578947368421,0.7645649838882922,0.52,0,0,0,49.64208309480933,-23.802258863456267,42.999333189856465
183800,0.06,0,0.43617477723956105,0.631578947368421,0.766702470461869,0.58,0,0,0,49.64552357921939,-23.80446201021596,42.994117375441796
183900,0.06,0,0.43618987891029537,0.631578947368421,0.7682384532760472,0.47,0,0,0,49.65115094759266,-23.805464117259085,42.98775613853908
184000,0.06,0,0.4362215929277868,0.631578947368421,0.7689151450053706,0.56,0,0,0,49.653454761122994,-23.80394658706821,42.9826364644871
184100,0.06,0,0.43617849898994465,0.631578947368421,0.7683780880773362,0.5,0,0,0,49.64749668396322,-23.80431424908785,42.992041852786286
184200,0.06,0,0.4362783983495693,0.631578947368421,0.7680665950590763,0.56,0,0,0,49.63799083257312,-23.804475143813423,42.99042874567815
184300,0.06,0,0.436229640239704,0.631578947368421,0.7708055853920516,0.61,0,0,0,49.64282751162124,-23.805801742337675,42.99104485025264
184400,0.06,0,0.4362820458960933,0.631578947368421,0.7634264232008593,0.57,0,0,0,49.64458497553909,-23.8050989245719,42.98435907977544
184500,0.06,0,0.4362822134027558,0.631578947368421,0.7662298603651987,0.56,0,0,0,49.639902575505566,-23.80674061456267,42.988397175068144
184600,0.06,0,0.43627748348939444,0.631578947368421,0.7684425349087003,0.53,0,0,0,49.632067028743556,-23.808160918035323,42.99565000132783
184700,0.06,0,0.43633095934392535,0.631578947368421,0.77031149301826,0.52,0,0,0,49.634883626820894,-23.808745089953167,42.98794099314715
184800,0.06,0,0.43631178729774844,0.631578947368421,0.7662620837808808,0.58,0,0,0,49.63791386141347,-23.81224274711307,42.98720554264802
184900,0.06,0,0.4362753795558827,0.631578947368421,0.7700429645542427,0.54,0,0,0,49.63651397671182,-23.813367383304037,42.99200533756158
185000,0.06,0,0.4362140156650269,0.631578947368421,0.7687003222341569,0.59,0,0,0,49.64523639033906,-23.81390038439431,42.99049864947503
185100,0.06,0,0.436221123153002,0.631578947368421,0.7680128893662729,0.46,0,0,0,49.63898510668409,-23.81324847024177,42.99521211031761
185200,0.06,0,0.4362074166515129,0.631578947368421,0.761890440386681,0.55,0,0,0,49.63745123494855,-23.813988935327828,42.99789176341441
185300,0.06,0,0.4361859783340037,0.631578947368421,0.7679484425349087,0.51,0,0,0,49.63688660871428,-23.81252123430272,43.00049421859772
185400,0.06,0,0.4363002103185818,0.631578947368421,0.7713104189044039,0.53,0,0,0,49.62649236955357,-23.811687380576636,42.99823991240204
185500,0.06,0,0.4362537744600823,0.631578947368421,0.7707089151450054,0.57,0,0,0,49.6325516808472,-23.81242710512554,42.99756681365884
185600,0.06,0,0.43627088249407725,0.631578947368421,0.7692481203007518,0.51,0,0,0,49.63277333924279,-23.81278274139163,42.9956886782252
185700,0.06,0,0.4362678945238386,0.631578947368421,0.7717615467239527,0.51,0,0,0,49.635303670365964,-23.813476014334608,42.99379128406407
185800,0.06,0,0.4362277558734216,0.631578947368421,0.767078410311493,0.53,0,0,0,49.63923894256723,-23.813292114034887,42.99433852264711
185900,0.06,0,0.436184094509242,0.631578947368421,0.7728786251342642,0.58,0,0,0,49.627868755346455,-23.813396915666534,43.008493562822395
186000,0.06,0,0.43622135939765794,0.631578947368421,0.7685284640171858,0.6,0,0,0,49.6250963919264,-23.814453985506194,43.0072220093281
186100,0.06,0,0.4362104546502927,0.631578947368421,0.7665413533834586,0.55,0,0,0,49.62558393745536,-23.813442206932493,43.00787460507064
186200,0.06,0,0.4361810782994912,0.631578947368421,0.7677121374865736,0.55,0,0,0,49.63131766029837,-23.81376331536705,43.005802266012324
186300,0.06,0,0.4362103559965566,0.631578947368421,0.7654779806659506,0.6,0,0,0,49.635632885641606,-23.813699956050364,42.999177199895875
186400,0.06,0,0.43611252357321945,0.631578947368421,0.7713641245972073,0.58,0,0,0,49.64418144938167,-23.813409205276574,43.001417159391295
186500,0.06,0,0.4361100162038217,0.631578947368421,0.7701288936627283,0.47,0,0,0,49.643358681355515,-23.81156917873228,43.00237708298294
186600,0.06,0,0.436146386362627,0.631578947368421,0.7725241675617616,0.53,0,0,0,49.643569563978474,-23.809590765667178,42.99860846742874
186700,0.06,0,0.43608374746634226,0.631578947368421,0.7689151450053706,0.57,0,0,0,49.641873901290445,-23.810118956554696,43.00625372406227
186800,0.06,0,0.4360883953499786,0.631578947368421,0.7735553168635876,0.54,0,0,0,49.639540356467364,-23.809493619115383,43.00781705193513
186900,0.06,0,0.436080669408676,0.631578947368421,0.7745220193340494,0.57,0,0,0,49.63799744371293,-23.80949295933573,43.00991586012965
187000,0.06,0,0.43607620794708507,0.631578947368421,0.7706337271750806,0.58,0,0,0,49.6375103801331,-23.808679788778708,43.010777926442266
187100,0.06,0,0.43607797080706784,0.631578947368421,0.779484425349087,0.54,0,0,0,49.643850184403995,-23.809951558769253,43.00511135320175
187200,0.06,0,0.4361721291777602,0.631578947368421,0.7708163265306123,0.5,0,0,0,49.64023577103145,-23.808898602579177,42.99895827274153
187300,0.06,0,0.4361212730865061,0.631578947368421,0.7644253490870032,0.52,0,0,0,49.643971975455415,-23.807971095592805,43.00073590206456
187400,0.06,0,0.43609552877887775,0.631578947368421,0.771750805585392,0.66,0,0,0,49.655112540909656,-23.80717463636288,42.99362622564879
187500,0.06,0,0.4360466674379449,0.631578947368421,0.7735982814178303,0.52,0,0,0,49.65598225486533,-23.8070252229544,42.99769078082355
187600,0.06,0,0.43603864321109304,0.631578947368421,0.7665306122448979,0.59,0,0,0,49.670841438695284,-23.809080183504328,42.98561892121255
187700,0.06,0,0.4360597763831276,0.631578947368421,0.7761439312567132,0.48,0,0,0,49.66493576371282,-23.80766361997478,42.98864685637961
187800,0.06,0,0.4360641487358364,0.631578947368421,0.7636305048335124,0.51,0,0,0,49.66933477661925,-23.8086516056115,42.98440852226761
187900,0.06,0,0.43606510630349066,0.631578947368421,0.7635767991407089,0.5,0,0,0,49.668945297318366,-23.810664305858726,42.98465119332349
188000,0.06,0,0.43616908947785765,0.631578947368421,0.7672610096670247,0.68,0,0,0,49.6540165180454,-23.810583961937816,42.9873241202082
188100,0.06,0,0.4362232483958713,0.631578947368421,0.7721267454350161,0.52,0,0,0,49.64703667876298,-23.809346895821825,42.988029871374614
188200,0.06,0,0.43614700971450526,0.631578947368421,0.7671750805585392,0.61,0,0,0,49.645895717775595,-23.81153025095793,42.996532319879535
188300,0.06,0,0.43614570994686314,0.631578947368421,0.7773576799140709,0.53,0,0,0,49.642742375748846,-23.81030549084515,42.99939163302603
188400,0.06,0,0.4361156709276824,0.631578947368421,0.7711600429645542,0.61,0,0,0,49.64497960272294,-23.808748062565527,43.0004154889419
188500,0.06,0,0.43616247543503384,0.631578947368421,0.7695488721804511,0.39,0,0,0,49.64800401242941,-23.808219903665915,42.993181945858325
188600,0.06,0,0.43619199209183196,0.631578947368421,0.7588721804511278,0.51,0,0,0,49.6475890567093,-23.8082486180055,42.9906319558258
188700,0.06,0,0.43617439953436454,0.631578947368421,0.759108485499463,0.54,0,0,0,49.646157473861784,-23.806410910776187,42.99360564600088
188800,0.06,0,0.4362239492411087,0.631578947368421,0.767937701396348,0.5,0,0,0,49.64496940338937,-23.806261177934232,42.989750875677764
188900,0.06,0,0.4361945729006373,0.631578947368421,0.769860365198711,0.53,0,0,0,49.64694112618908,-23.808700354329513,42.990938652761486
189000,0.06,0,0.436265786698769,0.631578947368421,0.7676476906552094,0.61,0,0,0,49.64597901910104,-23.809950756861305,42.984754032273614
189100,0.06,0,0.43624845140821095,0.631578947368421,0.7737593984962406,0.54,0,0,0,49.647128208567075,-23.808559976125263,42.985467111866214
189200,0.06,0,0.43623920551508927,0.631578947368421,0.7710526315789473,0.42,0,0,0,49.647367864953964,-23.80795728426426,42.986170666802266
189300,0.06,0,0.4362555013053776,0.631578947368421,0.7619978517722878,0.62,0,0,0,49.64765333467556,-23.807162379073567,42.984317813472124
189400,0.06,0,0.4362256706571237,0.631578947368421,0.7650053705692803,0.54,0,0,0,49.650371987338715,-23.807270034872005,42.9849034249966
189500,0.06,0,0.4361436577337033,0.631578947368421,0.76828141783029,0.6,0,0,0,49.661781630969216,-23.80642894698042,42.983108844408484
189600,0.06,0,0.43616847968424943,0.631578947368421,0.7716326530612245,0.48,0,0,0,49.65497305869254,-23.805479221179272,42.986556121522966
189700,0.06,0,0.43612084539374874,0.631578947368421,0.7674006444683137,0.57,0,0,0,49.659299407282084,-23.806070267938207,42.987505804531715
189800,0.06,0,0.4361351204316343,0.631578947368421,0.7719441460794845,0.54,0,0,0,49.65974568391371,-23.805245396994774,42.98571248775837
189900,0.06,0,0.4361871133415273,0.631578947368421,0.764124597207304,0.65,0,0,0,49.6620564780652,-23.80782098005335,42.97858874642707
190000,0.06,0,0.4360902615417663,0.631578947368421,0.7648335123523093,0.58,0,0,0,49.66480776687259,-23.807754661976336,42.98575249171274
190100,0.06,0,0.4359686558755409,0.631578947368421,0.7708485499462943,0.46,0,0,0,49.667634664655,-23.808481058668864,42.99529532702401
190200,0.06,0,0.43591376636536094,0.631578947368421,0.7709344790547799,0.49,0,0,0,49.668140864737104,-23.8068707764526,43.00027097252814
190300,0.06,0,0.4358830658476644,0.631578947368421,0.7678517722878625,0.49,0,0,0,49.669442867620845,-23.80826489995462,43.00217234634727
190400,0.06,0,0.43587764357768427,0.631578947368421,0.7666702470461869,0.5,0,0,0,49.67520407892814,-23.809886234847962,42.997719937549654
190500,0.06,0,0.4358099920452413,0.631578947368421,0.7715682062298603,0.56,0,0,0,49.681073464198654,-23.810755952720278,42.9993139534302
190600,0.06,0,0.435833720351353,0.631578947368421,0.7746079484425349,0.58,0,0,0,49.6855208992074,-23.811938177985745,42.993124189208885
190700,0.06,0,0.4358549323547265,0.631578947368421,0.767078410311493,0.49,0,0,0,49.68879452546122,-23.812343557549692,42.988199457707985
190800,0.06,0,0.4358140560291664,0.631578947368421,0.7724274973147154,0.52,0,0,0,49.6909848339475,-23.813578229509062,42.99033641476514
190900,0.06,0,0.4357892804459065,0.631578947368421,0.7647475832438239,0.46,0,0,0,49.69301087884418,-23.813125531022415,42.99102764205584
191000,0.06,0,0.43579605605048854,0.631578947368421,0.7660902255639098,0.5,0,0,0,49.690037835505045,-23.81342653804836,42.99293142225456
191100,0.06,0,0.43572568689651064,0.631578947368421,0.767561761546724,0.61,0,0,0,49.696090071707324,-23.812601346692393,42.994637989054816
191200,0.06,0,0.43570318113518824,0.631578947368421,0.7760580021482277,0.52,0,0,0,49.6995204664922,-23.812052866389635,42.99389107005022
191300,0.06,0,0.4356451830042907,0.631578947368421,0.7732653061224489,0.53,0,0,0,49.70815969691619,-23.812912870263013,42.992141622853445
191400,0.06,0,0.4357542175941067,0.631578947368421,0.7751342642320086,0.62,0,0,0,49.70853967183032,-23.814241168087626,42.98105556030137
191500,0.06,0,0.43567245202187405,0.631578947368421,0.7739634801288937,0.52,0,0,0,49.712790498780336,-23.81414608229882,42.985446201929136
191600,0.06,0,0.4356855133381237,0.631578947368421,0.7791514500537057,0.66,0,0,0,49.706637218905044,-23.814196358308585,42.98947864231419
191700,0.06,0,0.4357344217571231,0.631578947368421,0.772545649838883,0.59,0,0,0,49.700735995556556,-23.814221044448622,42.98975713501099
191800,0.06,0,0.4357844080965278,0.631578947368421,0.7684747583243824,0.58,0,0,0,49.69629177267614,-23.813163058938734,42.98867005784211
191900,0.06,0,0.4357334821468312,0.631578947368421,0.7686680988184748,0.48,0,0,0,49.697920319708246,-23.81458639429863,42.992285462284364
192000,0.06,0,0.4357477868482289,0.631578947368421,0.767389903329753,0.56,0,0,0,49.699565091121684,-23.814232246990763,42.98945136209248
192100,0.06,0,0.4357806840515032,0.631578947368421,0.7683995703544576,0.62,0,0,0,49.7005139737199,-23.816063036755782,42.98538538364718
192200,0.06,0,0.43573774293174705,0.631578947368421,0.7764446831364125,0.46,0,0,0,49.70313142030863,-23.814795428633985,42.987357608629765
192300,0.06,0,0.43570233797065927,0.631578947368421,0.7729967776584318,0.52,0,0,0,49.704314221236594,-23.816008340556518,42.989827698157164
192400,0.06,0,0.43564823447606954,0.631578947368421,0.7794736842105263,0.53,0,0,0,49.706045768973475,-23.816201521804913,42.993668869263246
192500,0.06,0,0.43569475943583347,0.631578947368421,0.77374865735768,0.61,0,0,0,49.70477912448272,-23.81561892769635,42.990173365810286
192600,0.06,0,0.4356743651593009,0.631578947368421,0.7762406015037594,0.61,0,0,0,49.70300691706874,-23.81744407781829,42.9937186980795
192700,0.06,0,0.43571272106510756,0.631578947368421,0.7761224489795918,0.54,0,0,0,49.70455169568739,-23.818175032319033,42.98859785613066
192800,0.06,0,0.43567967268602764,0.631578947368421,0.7794414607948442,0.56,0,0,0,49.70545119934654,-23.819837766008106,42.99108073618526
192900,0.06,0,0.43568024680213363,0.631578947368421,0.7750375939849624,0.52,0,0,0,49.699710997926395,-23.81826532590716,42.99598944847241
193000,0.06,0,0.4357340024017497,0.631578947368421,0.7716863587540279,0.47,0,0,0,49.69461659038038,-23.818210088466675,42.99509228135992
193100,0.06,0,0.43580808208623734,0.631578947368421,0.7687540279269602,0.49,0,0,0,49.68971370070299,-23.817467319263052,42.99202548378687
193200,0.06,0,0.4358795084293541,0.631578947368421,0.7747798066595059,0.58,0,0,0,49.687290379625594,-23.817168541335963,42.98707694180216
193300,0.06,0,0.4358976461918363,0.631578947368421,0.7696777658431794,0.49,0,0,0,49.68306804162812,-23.819521709893763,42.98894136762663
193400,0.06,0,0.4358296998456635,0.631578947368421,0.7716326530612245,0.63,0,0,0,49.69082383748174,-23.81942627991512,42.98893258743238
193500,0.06,0,0.43586159214962467,0.631578947368421,0.775703544575725,0.56,0,0,0,49.67987369808212,-23.819746054516976,42.99526172555966
193600,0.06,0,0.43582750544115373,0.631578947368421,0.7793233082706766,0.58,0,0,0,49.69069179149611,-23.821000603353493,42.98926327557577
193700,0.06,0,0.4358015776715958,0.631578947368421,0.769860365198711,0.53,0,0,0,49.693842561591296,-23.821876411298664,42.989095060014925
193800,0.06,0,0.43582020707029634,0.631578947368421,0.7779806659505908,0.45,0,0,0,49.697970283574314,-23.823120908285983,42.98368710908583
193900,0.06,0,0.4359046131140386,0.631578947368421,0.7698925886143931,0.63,0,0,0,49.69394954234496,-23.82459288691816,42.978841136915534
194000,0.06,0,0.43594856225400186,0.631578947368421,0.7675080558539206,0.6,0,0,0,49.69737600959257,-23.82451309374651,42.97154537695841
194100,0.06,0,0.4359943210301466,0.631578947368421,0.7757142857142857,0.55,0,0,0,49.692993198411465,-23.825688314443518,42.970824994446346
194200,0.06,0,0.43604478832513144,0.631578947368421,0.770687432867884,0.59,0,0,0,49.69005155998206,-23.82493814002665,42.96839517077475
194300,0.06,0,0.4360542065694004,0.631578947368421,0.7653383458646617,0.51,0,0,0,49.69538987552493,-23.825727878586452,42.96285150822719
194400,0.06,0,0.4361319217243909,0.631578947368421,0.7656176154672395,0.45,0,0,0,49.685903142010964,-23.82391120485561,42.96339749007326
194500,0.06,0,0.436113649089022,0.631578947368421,0.7722234156820623,0.56,0,0,0,49.68010423639042,-23.823961623682273,42.97021271331606
194600,0.06,0,0.4362211133750577,0.631578947368421,0.7703651987110633,0.55,0,0,0,49.66949819919805,-23.822250973348154,42.96880014536634
194700,0.06,0,0.4362225529686828,0.631578947368421,0.767905477980666,0.48,0,0,0,49.66748601271885,-23.822261497560017,42.970399138340795
194800,0.06,0,0.4362403631099872,0.631578947368421,0.7664124597207304,0.5,0,0,0,49.662270506079565,-23.823183438675308,42.97315735532909
194900,0.06,0,0.43635405873429406,0.631578947368421,0.765671321160043,0.59,0,0,0,49.65466661402186,-23.82364840901694,42.96853934833074
195000,0.06,0,0.4363424044155392,0.631578947368421,0.7628786251342642,0.5,0,0,0,49.651880111222226,-23.822990637166107,42.97209849275509
195100,0.06,0,0.4362922404176127,0.631578947368421,0.7653383458646617,0.44,0,0,0,49.65384139399214,-23.822808406876558,42.97534178258282
195200,0.06,0,0.4362047038686259,0.631578947368421,0.7630182599355532,0.54,0,0,0,49.65875765087623,-23.82445778294863,42.97971052742021
195300,0.06,0,0.43619131730423666,0.631578947368421,0.7628034371643394,0.44,0,0,0,49.65206100293449,-23.825387392111825,42.98682647616314
195400,0.06,0,0.4361971591959344,0.631578947368421,0.768453276047261,0.58,0,0,0,49.652353290778834,-23.825459721705,42.98599771655344
195500,0.06,0,0.4362503175350058,0.631578947368421,0.7675832438238454,0.52,0,0,0,49.64568931304313,-23.825251716742514,42.9865290900492
195600,0.06,0,0.4362458376068236,0.631578947368421,0.7736842105263158,0.62,0,0,0,49.64121651763004,-23.826202580738997,42.99084376203107
195700,0.06,0,0.43624508297863124,0.631578947368421,0.7679806659505908,0.54,0,0,0,49.64255391480145,-23.824413659126446,42.98975993020422
195800,0.06,0,0.43626390809165094,0.631578947368421,0.7627175080558539,0.55,0,0,0,49.638100862229614,-23.826234768783767,42.99176135100634
195900,0.06,0,0.4361950980621201,0.631578947368421,0.7661331901181525,0.6,0,0,0,49.63957825438886,-23.824739146574455,42.99726358714516
196000,0.06,0,0.43618436065177973,0.631578947368421,0.7609989258861439,0.49,0,0,0,49.641436802725366,-23.826076791123292,42.99671220323523
196100,0.06,0,0.43614201500102784,0.631578947368421,0.7675510204081633,0.57,0,0,0,49.644189077491276,-23.82465772117388,42.99850284542829
196200,0.06,0,0.4360812328527367,0.631578947368421,0.7696025778732546,0.59,0,0,0,49.649046205001554,-23.82304115004296,43.00028899340932
196300,0.06,0,0.43610788119146837,0.631578947368421,0.764124597207304,0.59,0,0,0,49.646702344970954,-23.82227550099607,42.99969141759748
196400,0.06,0,0.43605292901481235,0.631578947368421,0.7662835660580022,0.55,0,0,0,49.64643122368448,-23.823512055026345,43.00534516902037
196500,0.06,0,0.4359927967558257,0.631578947368421,0.7592696025778732,0.64,0,0,0,49.65114175436374,-23.822770422768798,43.00719588959601
196600,0.06,0,0.4359420230106996,0.631578947368421,0.7691192266380237,0.6,0,0,0,49.6524258012923,-23.823189128927407,43.011092569931634
196700,0.06,0,0.4359827528601035,0.631578947368421,0.7652846401718583,0.54,0,0,0,49.64963687538938,-23.823175919766744,43.009490239075475
196800,0.06,0,0.43608554349272755,0.631578947368421,0.7697099892588615,0.51,0,0,0,49.64976338122805,-23.824542680004175,42.999242821636464
196900,0.06,0,0.43608344685069766,0.631578947368421,0.7642427497314715,0.61,0,0,0,49.64335398966115,-23.824512385922564,43.00500116268902
197000,0.06,0,0.4360404669528755,0.631578947368421,0.76828141783029,0.55,0,0,0,49.64090619029938,-23.825350825673414,43.011360896461
197100,0.06,0,0.4361018206186797,0.631578947368421,0.7632760472610096,0.59,0,0,0,49.64161186379431,-23.824309948585736,43.00469843991476
197200,0.06,0,0.4360075222356258,0.631578947368421,0.7651450053705693,0.52,0,0,0,49.642769915265845,-23.82441183181355,43.01299594799385
197300,0.06,0,0.43601733347780364,0.631578947368421,0.770343716433942,0.53,0,0,0,49.64932723710083,-23.825159199914825,43.006347355856285
197400,0.06,0,0.43599685351041395,0.631578947368421,0.7674006444683137,0.48,0,0,0,49.65815462438107,-23.823603406807788,43.0007221813494
197500,0.06,0,0.4359628722236755,0.631578947368421,0.7719226638023631,0.51,0,0,0,49.662091336123886,-23.82190387087812,43.00066495748694
197600,0.06,0,0.4360059609071968,0.631578947368421,0.7646079484425349,0.48,0,0,0,49.66438040735413,-23.821207870339776,42.99443363851175
197700,0.06,0,0.4359526363215736,0.631578947368421,0.7629967776584318,0.58,0,0,0,49.671887907362574,-23.82315619524061,42.99319355291727
197800,0.06,0,0.4359369218456715,0.631578947368421,0.7669387755102041,0.57,0,0,0,49.673765697993716,-23.82097143991957,42.99311804683435
197900,0.06,0,0.43591206519463976,0.631578947368421,0.7706659505907626,0.52,0,0,0,49.67776741871316,-23.82036767541283,42.99210616169878
198000,0.06,0,0.4359259830444733,0.631578947368421,0.7674865735767992,0.58,0,0,0,49.67500084322745,-23.821536654548918,42.99312785381847
198100,0.06,0,0.4358742890488722,0.631578947368421,0.7632867883995703,0.46,0,0,0,49.66810979158672,-23.821129416333708,43.00419242911981
198200,0.06,0,0.43589595949611853,0.631578947368421,0.765392051557465,0.59,0,0,0,49.66940404649886,-23.82260847630581,43.00093396636898
198300,0.06,0,0.4359376464233876,0.631578947368421,0.7662835660580022,0.58,0,0,0,49.66546059672985,-23.824304095480272,43.00023592182934
198400,0.06,0,0.43596550087628083,0.631578947368421,0.772094522019334,0.46,0,0,0,49.66437504135282,-23.825371561266092,42.99842840761414
198500,0.06,0,0.43586620163562717,0.631578947368421,0.7684317937701396,0.63,0,0,0,49.67324066644428,-23.824912907168045,43.00054826921793
198600,0.06,0,0.4358003051342263,0.631578947368421,0.769828141783029,0.57,0,0,0,49.674260313280534,-23.825164308222224,43.006167505736656
198700,0.06,0,0.4357699224990052,0.631578947368421,0.7743609022556391,0.55,0,0,0,49.686581080219035,-23.825129423862837,42.99850100009496
198800,0.06,0,0.43567260653095496,0.631578947368421,0.7713963480128894,0.56,0,0,0,49.69220997170984,-23.82528490959598,43.003233804645085
198900,0.06,0,0.4357724290313926,0.631578947368421,0.7712567132116004,0.46,0,0,0,49.67949042438378,-23.82776026285671,43.004390731810346
199000,0.06,0,0.4357634438793746,0.631578947368421,0.7732438238453276,0.5,0,0,0,49.675193093014684,-23.82742792032742,43.00899778001905
199100,0.06,0,0.43574397457428593,0.631578947368421,0.7740923737916219,0.57,0,0,0,49.67661289012174,-23.827560780181955,43.00969016184051
199200,0.06,0,0.4358315949949247,0.631578947368421,0.7757357679914071,0.48,0,0,0,49.68009827802297,-23.82574404652208,42.99802660318312
199300,0.06,0,0.4358332449152487,0.631578947368421,0.7658109559613319,0.55,0,0,0,49.6806391048379,-23.827507355742004,42.99739574922577
199400,0.06,0,0.43582526070871547,0.631578947368421,0.7794522019334049,0.61,0,0,0,49.68399784246744,-23.826305939146394,42.995276687238274
199500,0.06,0,0.435865616139694,0.631578947368421,0.7743716433941998,0.61,0,0,0,49.679128866848465,-23.826398586269406,42.9955094006714
199600,0.06,0,0.4357879129296956,0.631578947368421,0.7768635875402793,0.65,0,0,0,49.68639282175302,-23.823268278744766,42.9968888246407
199700,0.06,0,0.4359010966107678,0.631578947368421,0.7701396348012889,0.64,0,0,0,49.67010813866103,-23.824762938173993,42.99981765140008
199800,0.06,0,0.4359264834414583,0.631578947368421,0.7703866809881847,0.55,0,0,0,49.66312892847624,-23.824602241024515,43.003355949052775
199900,0.06,0,0.4359258911330244,0.631578947368421,0.768657357679914,0.5,0,0,0,49.66315929481551,-23.82387219810764,43.00338808501856
200000,0.06,0,0.43593137712446606,0.631578947368421,0.7672287862513426,0.47,0,0,0,49.660499267781134,-23.823841736148662,43.00515032252387
