sweep,T,tuning,density,e_per_N,acc_part,acc_box,flip_cand,flip_prop,flip_acc,a,b,c
100,0.06,1,0.4195449139622562,0.631578947368421,,,0,0,0,50.61978477967479,25.309892389837394,43.83801955329924
200,0.06,1,0.4195449139622562,0.631578947368421,,,0,0,0,50.61978477967479,25.309892389837394,43.83801955329924
300,0.06,1,0.4195449139622562,0.631578947368421,,,0,0,0,50.61978477967479,25.309892389837394,43.83801955329924
400,0.06,1,0.4195449139622562,0.631578947368421,,,0,0,0,50.61978477967479,25.309892389837394,43.83801955329924
500,0.06,1,0.4195449139622562,0.631578947368421,,,0,0,0,50.61978477967479,25.309892389837394,43.83801955329924
600,0.06,1,0.4195449139622562,0.631578947368421,,,0,0,0,50.61978477967479,25.309892389837394,43.83801955329924
700,0.06,1,0.4195449139622562,0.631578947368421,,,0,0,0,50.61978477967479,25.309892389837394,43.83801955329924
800,0.06,1,0.4195449139622562,0.631578947368421,,,0,0,0,50.61978477967479,25.309892389837394,43.83801955329924
900,0.06,1,0.4195449139622562,0.631578947368421,,,0,0,0,50.61978477967479,25.309892389837394,43.83801955329924
1000,0.06,1,0.4195449139622562,0.631578947368421,,,0,0,0,50.61978477967479,25.309892389837394,43.83801955329924
1100,0.06,1,0.4195449139622562,0.631578947368421,,,0,0,0,50.61978477967479,25.309892389837394,43.83801955329924
1200,0.06,1,0.4195449139622562,0.631578947368421,,,0,0,0,50.61978477967479,25.309892389837394,43.83801955329924
1300,0.06,1,0.4195449139622562,0.631578947368421,,,0,0,0,50.61978477967479,25.309892389837394,43.83801955329924
1400,0.06,1,0.4195449139622562,0.631578947368421,,,0,0,0,50.61978477967479,25.309892389837394,43.83801955329924
1500,0.06,1,0.41952539756066815,0.631578947368421,,,0,0,0,50.621420856483404,25.310465092592644,43.83864200214127
1600,0.06,1,0.41951528352887424,0.631578947368421,,,0,0,0,50.62111342757893,25.30970056233698,43.83996514591597
1700,0.06,1,0.41951528352887424,0.631578947368421,,,0,0,0,50.62111342757893,25.30970056233698,43.83996514591597
1800,0.06,1,0.4194776839127329,0.631578947368421,,,0,0,0,50.62139537323324,25.306729371791487,43.8436505163328
1900,0.06,1,0.41946573954843247,0.631578947368421,,,0,0,0,50.61980930530062,25.30672805039106,43.84627276237659
2000,0.06,1,0.4194552758377431,0.631578947368421,,,0,0,0,50.62283319864802,25.30728205700673,43.84474738025037
2100,0.06,1,0.4194552758377431,0.631578947368421,,,0,0,0,50.62283319864802,25.30728205700673,43.84474738025037
2200,0.06,1,0.4194486798008164,0.631578947368421,,,0,0,0,50.62275169584634,25.306469040441087,43.8455074517835
2300,0.06,1,0.41943425484444036,0.631578947368421,,,0,0,0,50.62463154711901,25.307282721307967,43.84538718566033
2400,0.06,1,0.41939503396828165,0.631578947368421,,,0,0,0,50.623657310402386,25.307847847334624,43.850331377124746
2500,0.06,1,0.41935649685357235,0.631578947368421,,,0,0,0,50.62015023464422,25.30626053440947,43.857399366811634
2600,0.06,1,0.4193345948303792,0.631578947368421,,,0,0,0,50.620746132144966,25.306563653324897,43.85917374965062
2700,0.06,1,0.41925369508320265,0.631578947368421,,,0,0,0,50.626183298700795,25.305791292819354,43.86292556370278
2800,0.06,1,0.4191307968778135,0.631578947368421,,,0,0,0,50.63889823755909,25.30582465903187,43.86477033428345
2900,0.06,1,0.41906941291588307,0.631578947368421,,,0,0,0,50.64107218562837,25.307769043871268,43.86931218003762
3000,0.06,1,0.41904306654418294,0.631578947368421,,,0,0,0,50.64272803846576,25.310570053280646,43.87063588811645
3100,0.06,1,0.4189346604430483,0.631578947368421,,,0,0,0,50.639879851653745,25.310334829753195,43.88445621911562
3200,0.06,1,0.418803193840201,0.631578947368421,,,0,0,0,50.64930997166955,25.31096199904075,43.89005882497186
3300,0.06,1,0.41877293515611713,0.631578947368421,,,0,0,0,50.654813794422424,25.311591632380278,43.88846097388881
3400,0.06,1,0.41863182322308895,0.631578947368421,,,0,0,0,50.67380410699503,25.31427780824017,43.886801837233136
3500,0.06,1,0.41864002516019816,0.631578947368421,,,0,0,0,50.67471363710886,25.31442342063187,43.88515433060542
3600,0.06,1,0.4185917083489033,0.631578947368421,,,0,0,0,50.67799755346773,25.314375604664033,43.887375794298706
3700,0.06,1,0.4185394346199586,0.631578947368421,,,0,0,0,50.681419800099555,25.315845817279538,43.88989328280765
3800,0.06,1,0.4184785242357173,0.631578947368421,,,0,0,0,50.69094159193574,25.31791576749348,43.888036062180184
3900,0.06,1,0.4184656303924944,0.631578947368421,,,0,0,0,50.69386058172491,25.318167574601876,43.886861165488845
4000,0.06,1,0.41844887496982336,0.631578947368421,,,0,0,0,50.69802022008532,25.31751149954802,43.88501752697096
4100,0.06,1,0.4183880949524988,0.631578947368421,,,0,0,0,50.700518719446755,25.31858101383956,43.889229836535904
4200,0.06,1,0.41829908683841294,0.631578947368421,,,0,0,0,50.70153769106616,25.317333859243153,43.89768659299104
4300,0.06,1,0.41828444867900905,0.631578947368421,,,0,0,0,50.70026395837394,25.318783020088066,43.900325694988034
4400,0.06,1,0.41820807415554606,0.631578947368421,,,0,0,0,50.701868091249935,25.318874442155288,43.906953720064166
4500,0.06,1,0.4181272704641675,0.631578947368421,,,0,0,0,50.70589767294122,25.318625354286585,43.9119488554266
4600,0.06,1,0.4180492234301492,0.631578947368421,,,0,0,0,50.709555139641395,25.320466071647378,43.91697915151517
4700,0.06,1,0.4179044412176441,0.631578947368421,,,0,0,0,50.72575423052222,25.317755447671125,43.918164515459274
4800,0.06,1,0.41764259333253095,0.631578947368421,,,0,0,0,50.736229337856926,25.319325495283596,43.93662660972815
4900,0.06,1,0.41750143477404633,0.631578947368421,,,0,0,0,50.74737453625462,25.321249379472388,43.94182904607164
5000,0.06,1,0.4173680184944412,0.631578947368421,,,0,0,0,50.75032653091342,25.32176537919175,43.95331875346638
5100,0.06,0,0.4172099225359529,0.631578947368421,0.3823415682062299,0.27,0,0,0,50.76177209126395,25.32236591352533,43.96006008564829
5200,0.06,0,0.41716121298324166,0.631578947368421,0.382953813104189,0.33,0,0,0,50.76180447783466,25.321785835685525,43.96516500268516
5300,0.06,0,0.41700703497949143,0.631578947368421,0.38526315789473686,0.32,0,0,0,50.769376503286466,25.324820700483453,43.974860399410666
5400,0.06,0,0.4169778490273385,0.631578947368421,0.38329752953813107,0.26,0,0,0,50.76386440960896,25.324939317669358,43.982713633612235
5500,0.06,0,0.4168058363396945,0.631578947368421,0.3959720730397422,0.22,0,0,0,50.777518430248,25.32561826644678,43.98903318866983
5600,0.06,0,0.41676620943975756,0.631578947368421,0.3942749731471536,0.33,0,0,0,50.786846722705704,25.32699689507557,43.98513527725627
5700,0.06,0,0.41668233553416967,0.631578947368421,0.4027926960257787,0.26,0,0,0,50.78870453702644,25.324919329719254,43.992379767998926
5800,0.06,0,0.4166255979237197,0.631578947368421,0.4039957035445757,0.32,0,0,0,50.794625750840424,25.32638761362731,43.99324184942272
5900,0.06,0,0.416590456193398,0.631578947368421,0.4039957035445757,0.27,0,0,0,50.80405231804159,25.32960037125922,43.98878939831816
6000,0.06,0,0.41653652471445596,0.631578947368421,0.3999140708915145,0.23,0,0,0,50.80653322838097,25.329126556940054,43.992336616022165
6100,0.06,0,0.41634517857775477,0.631578947368421,0.3974436090225564,0.4,0,0,0,50.81787938017175,25.32678127036742,44.00272812749785
6200,0.06,0,0.4161914483207105,0.631578947368421,0.40651987110633725,0.29,0,0,0,50.8238671802658,25.326168557265802,44.01379550230432
6300,0.06,0,0.416142208650568,0.631578947368421,0.4100751879699248,0.28,0,0,0,50.82887270211828,25.328156758879427,44.01466849686873
6400,0.06,0,0.41611441058886467,0.631578947368421,0.41466165413533834,0.26,0,0,0,50.833012090574876,25.329696617061533,44.01402444535817
6500,0.06,0,0.41608364767671957,0.631578947368421,0.41835660580021483,0.38,0,0,0,50.82849392817439,25.328688020192832,44.021191308792204
6600,0.06,0,0.41601040062033434,0.631578947368421,0.4136734693877551,0.22,0,0,0,50.84322294663723,25.330409823490196,44.01618717448308
6700,0.06,0,0.41585023796894344,0.631578947368421,0.41619763694951667,0.27,0,0,0,50.86032250269541,25.330619989199857,44.01833557524683
6800,0.06,0,0.4157176475879143,0.631578947368421,0.41873254564983886,0.28,0,0,0,50.87078560199127,25.330571591973584,44.02331835534135
6900,0.06,0,0.4156461098281524,0.631578947368421,0.42517722878625136,0.34,0,0,0,50.86973108019015,25.329471875829007,44.03180805858733
7000,0.06,0,0.41549751386337846,0.631578947368421,0.42994629430719655,0.25,0,0,0,50.88394184393732,25.32934203895677,44.03525381085487
7100,0.06,0,0.41529582897939415,0.631578947368421,0.43474758324382384,0.35,0,0,0,50.896438318606464,25.327349018299287,44.04582204104191
7200,0.06,0,0.4152270171011475,0.631578947368421,0.42828141783029,0.31,0,0,0,50.89322830564339,25.322744069345994,44.05589994676657
7300,0.06,0,0.4151784677167907,0.631578947368421,0.4343501611170784,0.24,0,0,0,50.89856914679723,25.32328272471871,44.056428302295146
7400,0.06,0,0.41492372202006456,0.631578947368421,0.4353920515574651,0.34,0,0,0,50.91314960710932,25.32394217146619,44.070852509398655
7500,0.06,0,0.4148929130971831,0.631578947368421,0.44031149301825995,0.31,0,0,0,50.9142370286759,25.32246749698462,44.07318377095613
7600,0.06,0,0.41477889276183005,0.631578947368421,0.43096670247046187,0.24,0,0,0,50.91435533350115,25.324563891783843,44.0851967992423
7700,0.06,0,0.4147331968595542,0.631578947368421,0.43860365198711065,0.27,0,0,0,50.913134038873864,25.32505782878567,44.09111179373856
7800,0.06,0,0.4146697305322306,0.631578947368421,0.44834586466165416,0.38,0,0,0,50.922491569219275,25.32329591348586,44.0897566237477
7900,0.06,0,0.4145057929851854,0.631578947368421,0.44466165413533837,0.36,0,0,0,50.94470724662292,25.323813768310163,44.08796016260798
8000,0.06,0,0.41424969996382516,0.631578947368421,0.4508378088077336,0.36,0,0,0,50.9670126981921,25.32362081787954,44.095908952263386
8100,0.06,0,0.4140452192082884,0.631578947368421,0.46445757250268527,0.37,0,0,0,50.9801627230931,25.322706312691142,44.10630630815824
8200,0.06,0,0.4139918741588444,0.631578947368421,0.45731471535982815,0.29,0,0,0,50.98515880820728,25.32050603571383,44.107667063127145
8300,0.06,0,0.4138775810718609,0.631578947368421,0.45868958109559615,0.4,0,0,0,50.98979040911049,25.32074173498415,44.11583990261722
8400,0.06,0,0.41381516693754966,0.631578947368421,0.46491944146079484,0.31,0,0,0,50.995219430898146,25.321613413771054,44.11779638152062
8500,0.06,0,0.41370492434495004,0.631578947368421,0.46073039742212674,0.36,0,0,0,51.00931208366737,25.320170526846105,44.11736079257767
8600,0.06,0,0.413592594856205,0.631578947368421,0.4626315789473684,0.34,0,0,0,51.020946922891106,25.321950286877083,44.11927955190772
8700,0.06,0,0.4135179067786854,0.631578947368421,0.4644038668098818,0.26,0,0,0,51.0315526816905,25.324270225101046,44.118077358654965
8800,0.06,0,0.4134060525496644,0.631578947368421,0.4695703544575725,0.29,0,0,0,51.03190093692962,25.324120639560753,44.12971312022011
8900,0.06,0,0.41335620449996213,0.631578947368421,0.4710418904403867,0.31,0,0,0,51.03208133117463,25.326750153783617,44.13487886070943
9000,0.06,0,0.4133054477974587,0.631578947368421,0.4769280343716434,0.36,0,0,0,51.039620296518,25.32717923374654,44.13377904244804
9100,0.06,0,0.4132266820085548,0.631578947368421,0.4756390977443609,0.27,0,0,0,51.043935479353614,25.327105903190333,44.13845973254583
9200,0.06,0,0.41315430511169204,0.631578947368421,0.47194414607948443,0.33,0,0,0,51.04595557973573,25.32846067047071,44.14444491599196
9300,0.06,0,0.4129914460430916,0.631578947368421,0.47382384532760474,0.37,0,0,0,51.04416356053881,25.331100932669283,44.163403239057466
9400,0.06,0,0.4129295892015848,0.631578947368421,0.48045112781954885,0.31,0,0,0,51.04460207600222,25.330976473744247,44.169639458598034
9500,0.06,0,0.41282411514189005,0.631578947368421,0.47937701396348015,0.35,0,0,0,51.05329028723802,25.329322746073487,44.17340585670319
9600,0.06,0,0.4126134745771445,0.631578947368421,0.4885392051557465,0.39,0,0,0,51.063501032815715,25.330889258478596,44.1871190292166
9700,0.06,0,0.41259900587169285,0.631578947368421,0.4913533834586466,0.25,0,0,0,51.05961015940725,25.333101320132467,44.192035839226854
9800,0.06,0,0.4124713306748495,0.631578947368421,0.4901074113856069,0.27,0,0,0,51.06960304004558,25.331599487387805,44.19706510433545
9900,0.06,0,0.4123189928802539,0.631578947368421,0.4833941997851772,0.41,0,0,0,51.077183404253084,25.3331125119196,44.206832701995864
10000,0.06,0,0.4121838353396123,0.631578947368421,0.49183673469387756,0.3,0,0,0,51.077244460149004,25.33729663498229,44.22127552580431
10100,0.06,0,0.4120692717844497,0.631578947368421,0.49451127819548873,0.34,0,0,0,51.09743784564548,25.34154951295078,44.216089102716914
10200,0.06,0,0.41196668710397094,0.631578947368421,0.4912889366272825,0.33,0,0,0,51.10073377254668,25.342250140377637,44.22424685594833
10300,0.06,0,0.41189878858213697,0.631578947368421,0.49252416756176154,0.33,0,0,0,51.094708117882924,25.342466938759948,44.23675317503967
10400,0.06,0,0.41184130120426,0.631578947368421,0.49635875402792695,0.4,0,0,0,51.08927291633153,25.34020524229521,44.247634860864466
10500,0.06,0,0.4117081290808519,0.631578947368421,0.5048657357679914,0.4,0,0,0,51.09466669999543,25.341936089971817,44.257274818635544
10600,0.06,0,0.41170640569636857,0.631578947368421,0.5027282491944146,0.32,0,0,0,51.09545304749445,25.34258375640382,44.25677896526655
10700,0.06,0,0.4116384848716039,0.631578947368421,0.4990332975295381,0.34,0,0,0,51.10381290206662,25.34100777437508,44.25684041274458
10800,0.06,0,0.4115387975588102,0.631578947368421,0.500655209452202,0.28,0,0,0,51.1020775750461,25.34119878686844,44.26906401636053
10900,0.06,0,0.4114790951051861,0.631578947368421,0.49673469387755104,0.34,0,0,0,51.109180625132375,25.341439322369336,44.26933380000279
11000,0.06,0,0.4112941899570585,0.631578947368421,0.5031578947368421,0.28,0,0,0,51.120883719836925,25.341447490005315,44.27909679660191
11100,0.06,0,0.4111930019561617,0.631578947368421,0.509860365198711,0.32,0,0,0,51.12260211571104,25.342534033327592,44.28850444213557
11200,0.06,0,0.4110718825189476,0.631578947368421,0.5118474758324383,0.39,0,0,0,51.143385715147204,25.341652828794995,44.28355051588397
11300,0.06,0,0.41111038661681015,0.631578947368421,0.5104189044038668,0.25,0,0,0,51.13847471280579,25.340555103044046,44.2836552747648
11400,0.06,0,0.4110062494289389,0.631578947368421,0.5066595059076262,0.36,0,0,0,51.151912624099985,25.33995740613277,44.28323895518072
11500,0.06,0,0.41098384581896275,0.631578947368421,0.5140171858216971,0.3,0,0,0,51.16583021305894,25.337492397461606,44.273606813643134
11600,0.06,0,0.41084572048219564,0.631578947368421,0.5161976369495167,0.29,0,0,0,51.17020880066414,25.339288602641982,44.28470176769102
11700,0.06,0,0.4108462585058932,0.631578947368421,0.5085177228786252,0.37,0,0,0,51.17955940421106,25.337797876894495,44.276552885409075
11800,0.06,0,0.4108356732481049,0.631578947368421,0.5105585392051557,0.33,0,0,0,51.183173682288725,25.33331120052234,44.27456702851749
11900,0.06,0,0.41080470441921385,0.631578947368421,0.5216433941997852,0.31,0,0,0,51.180046625725495,25.331752697394077,44.28061004250064
12000,0.06,0,0.41079547953994483,0.631578947368421,0.5137593984962406,0.4,0,0,0,51.188568599335106,25.329570611071617,44.274232325290875
12100,0.06,0,0.41063714604492,0.631578947368421,0.520515574650913,0.46,0,0,0,51.20183332068599,25.33117364233346,44.279829157420735
12200,0.06,0,0.41051125256942195,0.631578947368421,0.5243716433941998,0.31,0,0,0,51.21380234804272,25.331857882409818,44.28305698477322
12300,0.06,0,0.41045555216026847,0.631578947368421,0.5277873254564984,0.46,0,0,0,51.222461284610695,25.33095082444356,44.28157949122018
12400,0.06,0,0.41048122723852837,0.631578947368421,0.523952738990333,0.31,0,0,0,51.20947531363953,25.329307168042178,44.290038190740674
12500,0.06,0,0.410312280596028,0.631578947368421,0.529484425349087,0.33,0,0,0,51.210194534170284,25.329922195508,44.30765238785923
12600,0.06,0,0.41024792298896506,0.631578947368421,0.5263157894736842,0.3,0,0,0,51.2115892834859,25.329179164372224,44.31339623728332
12700,0.06,0,0.41023885974827307,0.631578947368421,0.5187755102040816,0.39,0,0,0,51.21712879485893,25.32863868258977,44.309582307657784
12800,0.06,0,0.4102509811625779,0.631578947368421,0.5179591836734694,0.36,0,0,0,51.21450248060718,25.32639788753971,44.31054527989526
12900,0.06,0,0.4102024626225657,0.631578947368421,0.524328678839957,0.35,0,0,0,51.21610317933081,25.327955082394794,44.314401271319845
13000,0.06,0,0.41003806463898607,0.631578947368421,0.5294951664876477,0.41,0,0,0,51.23708697576981,25.32815010887368,44.31401246339352
13100,0.06,0,0.4099537172369929,0.631578947368421,0.5236627282491945,0.32,0,0,0,51.24172601009139,25.32601840318721,44.31911733176119
13200,0.06,0,0.4099166812619418,0.631578947368421,0.5373791621911923,0.38,0,0,0,51.24220235437824,25.32419358803425,44.3227095393781
13300,0.06,0,0.4098884393202555,0.631578947368421,0.5315467239527389,0.28,0,0,0,51.252184963507226,25.324851262452345,44.317129921862914
13400,0.06,0,0.4098782423030035,0.631578947368421,0.5314715359828142,0.23,0,0,0,51.240811321936384,25.324811903292872,44.328069525338535
13500,0.06,0,0.409918274812085,0.631578947368421,0.5336305048335124,0.38,0,0,0,51.245450784432876,25.327701512900926,44.3197276464768
13600,0.06,0,0.40980036089697985,0.631578947368421,0.527626208378088,0.35,0,0,0,51.25673053871934,25.327428672217493,44.32272400726521
13700,0.06,0,0.40974352267275976,0.631578947368421,0.531031149301826,0.42,0,0,0,51.26325249362724,25.324495640640748,44.32323257433248
13800,0.06,0,0.40981073243670335,0.631578947368421,0.5353383458646617,0.32,0,0,0,51.25470651760119,25.326572736233427,44.32335251890691
13900,0.06,0,0.409802563250496,0.631578947368421,0.536906552094522,0.43,0,0,0,51.25802519846149,25.32628705504046,44.32136632490444
14000,0.06,0,0.4099227384333356,0.631578947368421,0.5327604726100966,0.4,0,0,0,51.25727818064477,25.328577648690153,44.30901857698551
14100,0.06,0,0.40993192052357386,0.631578947368421,0.5304189044038669,0.4,0,0,0,51.24935388606958,25.329030213814875,44.31487710685003
14200,0.06,0,0.40983048333849004,0.631578947368421,0.5255531686358754,0.29,0,0,0,51.25091975381769,25.328680959171137,44.324491200470064
14300,0.06,0,0.4097404043284791,0.631578947368421,0.5385177228786251,0.31,0,0,0,51.255824196340676,25.33013379185202,44.329993531889855
14400,0.06,0,0.40974278614595494,0.631578947368421,0.534124597207304,0.4,0,0,0,51.25644179134329,25.329736749042954,44.32920170921995
14500,0.06,0,0.4095868918275505,0.631578947368421,0.5375402792696026,0.36,0,0,0,51.27479665798549,25.33149934299801,44.330199415724664
14600,0.06,0,0.40947837595492054,0.631578947368421,0.542921589688507,0.4,0,0,0,51.27882374865064,25.330037612350985,44.338465047270546
14700,0.06,0,0.4094310697666084,0.631578947368421,0.5400751879699248,0.42,0,0,0,51.27661695434725,25.329569040942083,44.345496387297985
14800,0.06,0,0.4093911528569175,0.631578947368421,0.5395703544575725,0.29,0,0,0,51.27918361295781,25.32993843577507,44.347600385344556
14900,0.06,0,0.40949602556691217,0.631578947368421,0.5333512352309345,0.37,0,0,0,51.266624374493134,25.329938084768493,44.34710432225232
15000,0.06,0,0.40939998976087777,0.631578947368421,0.5342320085929109,0.35,0,0,0,51.27167374915299,25.33225475298412,44.35313868265774
15100,0.06,0,0.40933200491541377,0.631578947368421,0.537937701396348,0.3,0,0,0,51.281097979524475,25.33162983743332,44.352352783346085
15200,0.06,0,0.40931257876896804,0.631578947368421,0.5491944146079485,0.31,0,0,0,51.2845576040064,25.331579141142953,44.35146564034759
15300,0.06,0,0.4092333401934387,0.631578947368421,0.5445327604726101,0.4,0,0,0,51.28367696414768,25.332005072809583,44.36081502419365
15400,0.06,0,0.40916506938002123,0.631578947368421,0.5459720730397423,0.35,0,0,0,51.2802074714968,25.331152994735564,44.371218646360674
15500,0.06,0,0.40915505535418434,0.631578947368421,0.5390547798066595,0.38,0,0,0,51.2781177095259,25.326424088961488,44.374112953175
15600,0.06,0,0.4091584045839918,0.631578947368421,0.5382277121374865,0.38,0,0,0,51.28776063428053,25.3272764003542,44.365406742581946
15700,0.06,0,0.40905652876071996,0.631578947368421,0.5438775510204081,0.36,0,0,0,51.28768930538106,25.328539017530478,44.37651769613104
15800,0.06,0,0.40908804339202937,0.631578947368421,0.5425563909774436,0.38,0,0,0,51.27112089942777,25.324606347540072,44.387438384111846
15900,0.06,0,0.40903024304156715,0.631578947368421,0.5383888292158969,0.33,0,0,0,51.27641237595982,25.32521665227374,44.38912958897233
16000,0.06,0,0.40898259889149935,0.631578947368421,0.5449946294307196,0.34,0,0,0,51.28605165144273,25.32548327455192,44.38595670792924
16100,0.06,0,0.40887061111660783,0.631578947368421,0.5435338345864662,0.39,0,0,0,51.29463952068515,25.32203506752585,44.3906805801053
16200,0.06,0,0.40895094264608894,0.631578947368421,0.5429752953813104,0.36,0,0,0,51.30068116117437,25.32252438539992,44.37673394977804
16300,0.06,0,0.4090284469736556,0.631578947368421,0.5451127819548872,0.39,0,0,0,51.29097784929399,25.32241585222573,44.376718943783914
16400,0.06,0,0.4089406932940799,0.631578947368421,0.5493662728249195,0.3,0,0,0,51.29250828053784,25.32452389179645,44.38491727910408
16500,0.06,0,0.40897475757413676,0.631578947368421,0.5373361976369495,0.34,0,0,0,51.29221836990756,25.32848585395111,44.38147122423157
16600,0.06,0,0.40894208552062467,0.631578947368421,0.5409129967776585,0.33,0,0,0,51.296723085808296,25.32749449817618,44.38111928949423
16700,0.06,0,0.40894061483873834,0.631578947368421,0.5483243823845327,0.31,0,0,0,51.29100480825979,25.328811577533294,44.38622683156381
16800,0.06,0,0.4089281375373072,0.631578947368421,0.5526960257787326,0.31,0,0,0,51.30130969356743,25.32919099415936,44.37866502762452
16900,0.06,0,0.40887620322156926,0.631578947368421,0.5409129967776585,0.4,0,0,0,51.31152037385617,25.328247220764766,44.37546967600107
17000,0.06,0,0.40878834795606883,0.631578947368421,0.5451127819548872,0.35,0,0,0,51.31466550798481,25.330724251105813,44.38228627879542
17100,0.06,0,0.40872155697800244,0.631578947368421,0.5437593984962406,0.23,0,0,0,51.318751585565934,25.3296743006173,44.38600461933599
17200,0.06,0,0.40869410258505817,0.631578947368421,0.5375080558539205,0.26,0,0,0,51.32772597519289,25.328381992050154,44.38122510242942
17300,0.06,0,0.4087740242035783,0.631578947368421,0.5442534908700323,0.38,0,0,0,51.32362668439328,25.326183411302214,44.376091987555
17400,0.06,0,0.40872437211874985,0.631578947368421,0.5485069817400644,0.34,0,0,0,51.326597470713665,25.324889623092968,44.378914019449084
17500,0.06,0,0.40859052583554345,0.631578947368421,0.5507089151450054,0.48,0,0,0,51.333516544427205,25.324009455981084,44.38746804020391
17600,0.06,0,0.4085198265679583,0.631578947368421,0.5519763694951665,0.41,0,0,0,51.342286241154824,25.3237447877625,44.38756675814387
17700,0.06,0,0.40855356357276923,0.631578947368421,0.5540386680988185,0.31,0,0,0,51.32989809149354,25.323549719858818,44.3946131562119
17800,0.06,0,0.4084966131534415,0.631578947368421,0.5533834586466165,0.3,0,0,0,51.330627386608164,25.32349612538333,44.40017157885462
17900,0.06,0,0.4084831408332704,0.631578947368421,0.5564446831364125,0.29,0,0,0,51.32816479368406,25.32356506210505,44.40376623182152
18000,0.06,0,0.40848386534856906,0.631578947368421,0.5535016111707841,0.46,0,0,0,51.323786184379394,25.32485810129341,44.40747570602799
18100,0.06,0,0.4084823654250343,0.631578947368421,0.5537271750805586,0.42,0,0,0,51.3269797643436,25.32488167052826,44.404875711194
18200,0.06,0,0.4084999224831987,0.631578947368421,0.5468958109559613,0.35,0,0,0,51.333068871617066,25.326801075171737,44.39770015732438
18300,0.06,0,0.40834092646236864,0.631578947368421,0.5524167561761547,0.33,0,0,0,51.33914314212943,25.327011018204715,44.40973229575164
18400,0.06,0,0.40824584352422383,0.631578947368421,0.556734693877551,0.26,0,0,0,51.35135327849421,25.3281648410752,44.40951354972278
18500,0.06,0,0.4082639182837042,0.631578947368421,0.5518689581095596,0.36,0,0,0,51.34435572347987,25.325825871268922,44.413599600945
18600,0.06,0,0.40810337416362163,0.631578947368421,0.5556498388829216,0.37,0,0,0,51.35882556788518,25.324522556779037,44.41855348543457
18700,0.06,0,0.4081191127254323,0.631578947368421,0.551031149301826,0.42,0,0,0,51.35285914071648,25.3252917054359,44.42200111046507
18800,0.06,0,0.4082021810014013,0.631578947368421,0.5555531686358754,0.41,0,0,0,51.35133300155296,25.327942798086497,44.41428126147436
18900,0.06,0,0.40825658880257243,0.631578947368421,0.5602685284640172,0.28,0,0,0,51.35183381614326,25.33036924908918,44.407929132930676
19000,0.06,0,0.4082954028686809,0.631578947368421,0.5522771213748657,0.32,0,0,0,51.340582204391445,25.32884465597664,44.41343890349269
19100,0.06,0,0.40827352831061137,0.631578947368421,0.5557357679914071,0.35,0,0,0,51.34987703045024,25.333264869417516,44.407778801139344
19200,0.06,0,0.40817189998451714,0.631578947368421,0.5555853920515574,0.43,0,0,0,51.361491988274146,25.335456545667675,44.40879069733375
19300,0.06,0,0.40806917692103833,0.631578947368421,0.5561546723952739,0.4,0,0,0,51.3676075207087,25.33538910457275,44.414681314928124
19400,0.06,0,0.4080816627747435,0.631578947368421,0.551235230934479,0.41,0,0,0,51.372735478919836,25.336192814311108,44.40888910412865
19500,0.06,0,0.4080211190916378,0.631578947368421,0.5569172932330827,0.39,0,0,0,51.38984722217155,25.333564201037355,44.400689234850155
19600,0.06,0,0.40799813968035786,0.631578947368421,0.5576154672395274,0.41,0,0,0,51.38522005679194,25.334657544052593,44.40718842929498
19700,0.06,0,0.40808200425855773,0.631578947368421,0.5569709989258862,0.38,0,0,0,51.38784429941696,25.33387572364351,44.39579505381007
19800,0.06,0,0.4080405907650814,0.631578947368421,0.5569387755102041,0.45,0,0,0,51.38106957065928,25.334739849420483,44.40615523734848
19900,0.06,0,0.4080278951820045,0.631578947368421,0.5530290010741139,0.31,0,0,0,51.37944235002455,25.33350213965856,44.4089433283884
20000,0.06,0,0.408053364848505,0.631578947368421,0.5535338345864662,0.43,0,0,0,51.375161186172626,25.334590178902726,44.4098718618609
20100,0.06,0,0.4080378486153875,0.631578947368421,0.5577873254564983,0.37,0,0,0,51.37169043326143,25.334080070429675,44.41456112737735
20200,0.06,0,0.4079719826483093,0.631578947368421,0.5513104189044039,0.41,0,0,0,51.37783240038136,25.33410851954323,44.416421337976644
20300,0.06,0,0.40789330262769785,0.631578947368421,0.5622771213748657,0.42,0,0,0,51.39657896065766,25.334801512760734,44.40878526360068
20400,0.06,0,0.40787033437679804,0.631578947368421,0.5614715359828142,0.34,0,0,0,51.395755378041414,25.331793043526275,44.411997700223246
20500,0.06,0,0.40776409602281294,0.631578947368421,0.5635230934479055,0.42,0,0,0,51.40336123319178,25.33205737238161,44.416995651234465
20600,0.06,0,0.4075783965037348,0.631578947368421,0.5612674543501611,0.37,0,0,0,51.41600179598414,25.331991577467612,44.42630793493778
20700,0.06,0,0.4075598920359209,0.631578947368421,0.562438238453276,0.44,0,0,0,51.409374360518214,25.33047429596729,44.4340524994731
20800,0.06,0,0.4074580128487469,0.631578947368421,0.5637701396348013,0.37,0,0,0,51.42266031842918,25.33149056151459,44.43367941650027
20900,0.06,0,0.40749637332852345,0.631578947368421,0.5689473684210526,0.43,0,0,0,51.40584269362788,25.332763768726775,44.44403184947631
21000,0.06,0,0.40749234770635584,0.631578947368421,0.5628678839957035,0.42,0,0,0,51.40224533821332,25.33198373096494,44.44758133237151
21100,0.06,0,0.40730734921824546,0.631578947368421,0.5676799140708915,0.37,0,0,0,51.41645583744419,25.331711440304204,44.4554793494949
21200,0.06,0,0.40736450428925286,0.631578947368421,0.569452201933405,0.4,0,0,0,51.42094569932143,25.33085401757621,44.44536092404214
21300,0.06,0,0.4073071847298152,0.631578947368421,0.5657572502685284,0.3,0,0,0,51.42532598847389,25.3365833920582,44.44782934970519
21400,0.06,0,0.40726682301196554,0.631578947368421,0.5674650912996778,0.37,0,0,0,51.420771530354784,25.338154482837492,44.45617154002177
21500,0.06,0,0.4072196898678813,0.631578947368421,0.567046186895811,0.36,0,0,0,51.41182919878405,25.3353867571154,44.46905045733652
21600,0.06,0,0.4071459415108466,0.631578947368421,0.5679591836734694,0.43,0,0,0,51.4151398580008,25.336783402802958,44.474241442271534
21700,0.06,0,0.40712189842376423,0.631578947368421,0.5680558539205156,0.43,0,0,0,51.41879135485964,25.33783410429449,44.47370940625977
21800,0.06,0,0.4070152690638845,0.631578947368421,0.5720085929108486,0.43,0,0,0,51.42651362776599,25.340227185524437,44.47868059374527
21900,0.06,0,0.40701463742809146,0.631578947368421,0.566702470461869,0.4,0,0,0,51.437057838892926,25.342298537688258,44.46963180896982
22000,0.06,0,0.4070294195616979,0.631578947368421,0.5730182599355532,0.44,0,0,0,51.433009151755044,25.341264103004164,44.471517219407666
22100,0.06,0,0.406927977848205,0.631578947368421,0.5692481203007519,0.34,0,0,0,51.433663117976785,25.339015058791137,44.48203778984872
22200,0.06,0,0.40692441684872416,0.631578947368421,0.5759720730397422,0.34,0,0,0,51.42557767385343,25.33679558377131,44.48942085206893
22300,0.06,0,0.4069683493178086,0.631578947368421,0.5711278195488722,0.32,0,0,0,51.42173433466846,25.33770554085349,44.48794304181241
22400,0.06,0,0.4069355184237813,0.631578947368421,0.571686358754028,0.41,0,0,0,51.414315988601004,25.334246297648836,44.49795174448681
22500,0.06,0,0.40689337260131236,0.631578947368421,0.5750161117078411,0.32,0,0,0,51.409646087755675,25.333432543482743,44.50660330277646
22600,0.06,0,0.40681743112208774,0.631578947368421,0.5753168635875403,0.33,0,0,0,51.40655760379351,25.329364824218164,44.51758588233715
22700,0.06,0,0.4067711467317964,0.631578947368421,0.5801181525241675,0.32,0,0,0,51.413369812427064,25.330995759214048,44.516752111914975
22800,0.06,0,0.4067502825476123,0.631578947368421,0.576734693877551,0.3,0,0,0,51.414710674428555,25.33050402016613,44.51787456357396
22900,0.06,0,0.4066967277829406,0.631578947368421,0.575875402792696,0.32,0,0,0,51.42194533873141,25.330897541862914,44.51747263966714
23000,0.06,0,0.40662502595500166,0.631578947368421,0.5747261009667025,0.4,0,0,0,51.43151025860236,25.331963725217694,44.51704203581223
23100,0.06,0,0.4066570793295343,0.631578947368421,0.5788399570354458,0.31,0,0,0,51.420078083986986,25.33166569708589,44.52342977929298
23200,0.06,0,0.40682665584336763,0.631578947368421,0.5682169709989259,0.46,0,0,0,51.39987895961524,25.331410503864134,44.52236071622679
23300,0.06,0,0.40682759962804926,0.631578947368421,0.5692588614393126,0.36,0,0,0,51.40498332546263,25.330053049781757,44.51783649929174
23400,0.06,0,0.406745904465939,0.631578947368421,0.5790118152524167,0.39,0,0,0,51.41571329817174,25.332055451787753,44.51748561670496
23500,0.06,0,0.40670556366269917,0.631578947368421,0.580483351235231,0.34,0,0,0,51.424839547285245,25.331408688561645,44.514000070514655
23600,0.06,0,0.40651449697322656,0.631578947368421,0.5768635875402792,0.32,0,0,0,51.4369328969993,25.33036529718646,44.524451568157474
23700,0.06,0,0.4064785013630011,0.631578947368421,0.5754027926960258,0.42,0,0,0,51.43721450705965,25.33046249672295,44.528150635291006
23800,0.06,0,0.40655717974015787,0.631578947368421,0.5816326530612245,0.29,0,0,0,51.43771897481249,25.329319750215113,44.51909677208943
23900,0.06,0,0.40644232495274557,0.631578947368421,0.5776476906552095,0.47,0,0,0,51.44611777433589,25.331914643535544,44.524407244621045
24000,0.06,0,0.40643025303965064,0.631578947368421,0.574983888292159,0.31,0,0,0,51.4501672084926,25.333133415179905,44.522225282155595
24100,0.06,0,0.4064801281677238,0.631578947368421,0.5773254564983888,0.32,0,0,0,51.44543658191805,25.333948589487218,44.520855908854855
24200,0.06,0,0.4065597561977393,0.631578947368421,0.5796348012889366,0.39,0,0,0,51.44156108822595,25.3338935937245,44.51548958376916
24300,0.06,0,0.40652139389455666,0.631578947368421,0.5722986036519871,0.36,0,0,0,51.43391712241617,25.333301309032173,44.526306780443754
24400,0.06,0,0.40647412603536637,0.631578947368421,0.5799570354457573,0.41,0,0,0,51.43638649919469,25.33594800520861,44.52934674952765
24500,0.06,0,0.4064789742246587,0.631578947368421,0.5732975295381311,0.34,0,0,0,51.42906527189414,25.33709332365957,44.535154571990944
24600,0.06,0,0.4064482111735559,0.631578947368421,0.580343716433942,0.43,0,0,0,51.4300693048426,25.337830847433615,44.53765583253607
24700,0.06,0,0.40644322960586665,0.631578947368421,0.5764983888292159,0.28,0,0,0,51.42766925033744,25.33649109485096,44.54028024098137
24800,0.06,0,0.40644880388100857,0.631578947368421,0.5760794844253491,0.3,0,0,0,51.427493571950095,25.336229156891765,44.53982153899221
24900,0.06,0,0.40650531827727715,0.631578947368421,0.5804081632653061,0.35,0,0,0,51.42361711728566,25.333225523455916,44.53698645922621
25000,0.06,0,0.4064783541792075,0.631578947368421,0.5773899033297529,0.33,0,0,0,51.421810829654234,25.33283604152476,44.5415054083084
25100,0.06,0,0.40642815235370455,0.631578947368421,0.5775295381310419,0.36,0,0,0,51.427036572748655,25.333448696446098,44.54248052440113
25200,0.06,0,0.40639901544430385,0.631578947368421,0.5789473684210527,0.38,0,0,0,51.43233703854146,25.330463769892297,44.54108326550724
25300,0.06,0,0.4063536424202054,0.631578947368421,0.5716541353383459,0.35,0,0,0,51.4423201255209,25.331452541684182,44.537411903853204
25400,0.06,0,0.4063175496437738,0.631578947368421,0.577937701396348,0.32,0,0,0,51.44726606509757,25.329290736239138,44.5370860835741
25500,0.06,0,0.4063028280836567,0.631578947368421,0.5834801288936627,0.32,0,0,0,51.44944359128009,25.333373900042673,44.536814756132664
25600,0.06,0,0.4062574434417283,0.631578947368421,0.5840494092373791,0.41,0,0,0,51.44488280724048,25.330999300663624,44.545738940310095
25700,0.06,0,0.40631358302048337,0.631578947368421,0.58,0.38,0,0,0,51.42769360739103,25.331269450713915,44.55447105700176
25800,0.06,0,0.40625360012567396,0.631578947368421,0.5835660580021482,0.26,0,0,0,51.42786571868904,25.331025851521705,44.5609003449469
25900,0.06,0,0.4062417623900838,0.631578947368421,0.585703544575725,0.28,0,0,0,51.426880128774116,25.333622448021682,44.563052862330125
26000,0.06,0,0.4061643813505676,0.631578947368421,0.5842427497314715,0.33,0,0,0,51.43942360533642,25.33148033724537,44.5606741142991
26100,0.06,0,0.40613743345517644,0.631578947368421,0.5835445757250268,0.38,0,0,0,51.44441257351662,25.333675879983076,44.55930910446818
26200,0.06,0,0.40613796238762145,0.631578947368421,0.584468313641246,0.42,0,0,0,51.43657472772615,25.332935832461303,44.566040959960816
26300,0.06,0,0.40603251217188024,0.631578947368421,0.5828464017185822,0.36,0,0,0,51.444307945244766,25.33318077600625,44.570914151207155
26400,0.06,0,0.40595572558984105,0.631578947368421,0.5888077336197637,0.5,0,0,0,51.45652758503556,25.33337511975713,44.56875826515152
26500,0.06,0,0.4058918590594527,0.631578947368421,0.5800537056928035,0.35,0,0,0,51.442609180199504,25.334176990814445,44.58783159925072
26600,0.06,0,0.4059235274850272,0.631578947368421,0.5861117078410312,0.35,0,0,0,51.437210254390294,25.33319772191616,44.58903268620425
26700,0.06,0,0.40591093030516073,0.631578947368421,0.5811170784103115,0.44,0,0,0,51.44716227398868,25.331652918947434,44.58179083767067
26800,0.06,0,0.405970140431324,0.631578947368421,0.5929967776584318,0.41,0,0,0,51.435829812003625,25.329361516911,44.58510958298894
26900,0.06,0,0.4060086939315673,0.631578947368421,0.5892266380236305,0.39,0,0,0,51.43644145236055,25.329772158446,44.58034578062354
27000,0.06,0,0.40609670536411524,0.631578947368421,0.5760257787325457,0.37,0,0,0,51.43235183033503,25.332028046158864,44.57422811093756
27100,0.06,0,0.4060131522941359,0.631578947368421,0.58453276047261,0.37,0,0,0,51.43457897140579,25.335673402788682,44.58147051809775
27200,0.06,0,0.40599021789624107,0.631578947368421,0.5833941997851773,0.36,0,0,0,51.433343554493135,25.337064766259722,44.58505982353124
27300,0.06,0,0.40592360408644584,0.631578947368421,0.5893877551020408,0.44,0,0,0,51.43670725732256,25.334318915332773,44.58946030576219
27400,0.06,0,0.4059143488779274,0.631578947368421,0.5817293233082707,0.32,0,0,0,51.439847466702865,25.333534320100124,44.58775490410091
27500,0.06,0,0.40583725013372146,0.631578947368421,0.5780988184747583,0.45,0,0,0,51.448977250332995,25.335371609921896,44.58831170108921
27600,0.06,0,0.4057481624715175,0.631578947368421,0.5872073039742213,0.37,0,0,0,51.4501093198244,25.334384605990287,44.59712038308373
27700,0.06,0,0.40568996591687545,0.631578947368421,0.5863694951664876,0.33,0,0,0,51.44784888592257,25.333395950819707,44.60547759472529
27800,0.06,0,0.40564651029499266,0.631578947368421,0.5912244897959184,0.44,0,0,0,51.45139289504303,25.336070781374488,44.607183251155085
27900,0.06,0,0.40570846148543194,0.631578947368421,0.5930612244897959,0.39,0,0,0,51.443581055389956,25.337286266107238,44.607144469110814
28000,0.06,0,0.4057531669433033,0.631578947368421,0.5847905477980666,0.39,0,0,0,51.43796041318112,25.336130781028896,44.60710340052421
28100,0.06,0,0.4057129404667288,0.631578947368421,0.5899033297529538,0.46,0,0,0,51.43740224582578,25.33351574834835,44.61201029616891
28200,0.06,0,0.4056440346807997,0.631578947368421,0.5853061224489796,0.36,0,0,0,51.44066762337117,25.33400805966616,44.616756046571645
28300,0.06,0,0.40543892369162715,0.631578947368421,0.5933190118152524,0.4,0,0,0,51.44772462468551,25.33321185736361,44.633204497086275
28400,0.06,0,0.4054571954974327,0.631578947368421,0.5980880773361976,0.44,0,0,0,51.45289841792642,25.333811683899985,44.626705271547976
28500,0.06,0,0.40542818915635453,0.631578947368421,0.5964339419978518,0.42,0,0,0,51.44988865182226,25.333337212772282,44.632508890716274
28600,0.06,0,0.4055137746145487,0.631578947368421,0.5882921589688507,0.39,0,0,0,51.43863674437325,25.333882791165706,44.63285004961459
28700,0.06,0,0.4055026203357034,0.631578947368421,0.5887325456498389,0.32,0,0,0,51.43472548572628,25.330667422400076,44.63747189439822
28800,0.06,0,0.4054935289695351,0.631578947368421,0.5955961331901182,0.42,0,0,0,51.421241166675536,25.33221694946485,44.650178345595315
28900,0.06,0,0.4055560796089134,0.631578947368421,0.5924489795918367,0.4,0,0,0,51.41458585042026,25.329308431730777,44.64907057064197
29000,0.06,0,0.4055847749779864,0.631578947368421,0.5932867883995704,0.31,0,0,0,51.40351471542113,25.330003511527277,44.65552732448122
29100,0.06,0,0.405541845576341,0.631578947368421,0.5919441460794844,0.25,0,0,0,51.41099488905044,25.32765205203212,44.653756462614595
29200,0.06,0,0.40551685872048077,0.631578947368421,0.5944575725026853,0.38,0,0,0,51.418325577935555,25.328834530341737,44.65014124732867
29300,0.06,0,0.4053764847757018,0.631578947368421,0.5943716433941998,0.37,0,0,0,51.428328491191174,25.326187033687663,44.656915168084154
29400,0.06,0,0.40533930705268334,0.631578947368421,0.5918796992481203,0.46,0,0,0,51.438826763110676,25.32429538457651,44.651896129062436
29500,0.06,0,0.4051997546860394,0.631578947368421,0.5967776584317938,0.4,0,0,0,51.454036051762266,25.32492816864618,44.654071224142854
29600,0.06,0,0.40516364601003707,0.631578947368421,0.5961224489795919,0.39,0,0,0,51.4497999190341,25.32484271197721,44.661727781473296
29700,0.06,0,0.4051856582199455,0.631578947368421,0.5898496240601504,0.33,0,0,0,51.44450679606359,25.325104708006688,44.66389647160945
29800,0.06,0,0.4051539266395803,0.631578947368421,0.5989044038668099,0.41,0,0,0,51.45448554685056,25.327190171197685,44.65873203352662
29900,0.06,0,0.40522852535179915,0.631578947368421,0.599828141783029,0.44,0,0,0,51.447127261699166,25.326950285790073,44.65689697746142
30000,0.06,0,0.4051535487351793,0.631578947368421,0.5970569280343716,0.36,0,0,0,51.452102353568364,25.3269793876529,44.66084222396513
30100,0.06,0,0.40516435331646244,0.631578947368421,0.5964446831364124,0.42,0,0,0,51.4593854913517,25.327242231683904,44.653330486911884
30200,0.06,0,0.40518765635829274,0.631578947368421,0.5975080558539205,0.31,0,0,0,51.465607250176326,25.331121022597117,44.64536449533441
30300,0.06,0,0.4051826560885525,0.631578947368421,0.5986680988184747,0.34,0,0,0,51.46283282314527,25.332787874896656,44.64832237223607
30400,0.06,0,0.4051253849461716,0.631578947368421,0.5955639097744361,0.3,0,0,0,51.4618705571508,25.332141995429154,44.65546912767229
30500,0.06,0,0.4052975639045125,0.631578947368421,0.59656283566058,0.41,0,0,0,51.44945170888916,25.331409473727767,44.647272882327
30600,0.06,0,0.40526353706786755,0.631578947368421,0.5971965628356606,0.42,0,0,0,51.435029994950185,25.334726932411378,44.66354113376336
30700,0.06,0,0.4052246867672598,0.631578947368421,0.6011922663802363,0.43,0,0,0,51.431309784625995,25.333993422771766,44.67105416603093
30800,0.06,0,0.40522722118375915,0.631578947368421,0.5954135338345865,0.32,0,0,0,51.42639771888844,25.33090383381296,44.67504157220369
30900,0.06,0,0.40513803943882054,0.631578947368421,0.6039312567132116,0.38,0,0,0,51.43163639323165,25.332239712900446,44.68032427740826
31000,0.06,0,0.4050172484939877,0.631578947368421,0.5964876476906552,0.28,0,0,0,51.453777674860866,25.332688507379142,44.67441727917578
31100,0.06,0,0.4049412606738655,0.631578947368421,0.6,0.35,0,0,0,51.47006167622233,25.334445241846012,44.66866383852231
31200,0.06,0,0.4049813686615061,0.631578947368421,0.5966702470461869,0.31,0,0,0,51.46787361465253,25.33576059348521,44.66613882250079
31300,0.06,0,0.40490521783453,0.631578947368421,0.5991621911922664,0.36,0,0,0,51.47035561197139,25.340728615263966,44.672384926340904
31400,0.06,0,0.40487134579248457,0.631578947368421,0.6020193340494092,0.41,0,0,0,51.46773251661833,25.341297371176445,44.678399229159005
31500,0.06,0,0.40489047050520505,0.631578947368421,0.5976584317937701,0.45,0,0,0,51.465223848719795,25.342397643284798,44.67846661867222
31600,0.06,0,0.4048963852314358,0.631578947368421,0.5951987110633727,0.33,0,0,0,51.474515820350234,25.34258707440095,44.669748897180426
31700,0.06,0,0.404852618904768,0.631578947368421,0.6022448979591837,0.45,0,0,0,51.474689229014096,25.343164825632787,44.674427390716595
31800,0.06,0,0.40479529590917446,0.631578947368421,0.6094199785177229,0.37,0,0,0,51.47826292767469,25.343725988852828,44.67765192374784
31900,0.06,0,0.40476297259663097,0.631578947368421,0.6042857142857143,0.4,0,0,0,51.486511829262206,25.341765448060684,44.67406117117065
32000,0.06,0,0.40481809204452884,0.631578947368421,0.595187969924812,0.38,0,0,0,51.47808065790127,25.34000730007559,44.675294216131924
32100,0.06,0,0.4047580238596538,0.631578947368421,0.5967883995703545,0.41,0,0,0,51.48367480360132,25.34121520666404,44.67706918414683
32200,0.06,0,0.4049389030716664,0.631578947368421,0.6009022556390977,0.45,0,0,0,51.483749918519514,25.33924756535094,44.6570475543749
32300,0.06,0,0.4048777419022042,0.631578947368421,0.5961654135338346,0.41,0,0,0,51.48821643311763,25.340554857711993,44.65991897763901
32400,0.06,0,0.40486117079967515,0.631578947368421,0.5972932330827068,0.38,0,0,0,51.48086564931787,25.34033967692533,44.668124027216635
32500,0.06,0,0.40490740998769287,0.631578947368421,0.5929323308270676,0.42,0,0,0,51.47042626112904,25.344930378708813,44.672081754043234
32600,0.06,0,0.40482935779784524,0.631578947368421,0.5952953813104189,0.37,0,0,0,51.46851834204992,25.34580419142319,44.682350948594554
32700,0.06,0,0.4048231454935453,0.631578947368421,0.5980343716433942,0.32,0,0,0,51.474953904342236,25.34560854504513,44.67745021640992
32800,0.06,0,0.40478498240883465,0.631578947368421,0.5999462943071966,0.37,0,0,0,51.47210953939913,25.339358495662303,44.684131524323774
32900,0.06,0,0.4048326499680714,0.631578947368421,0.6021804511278196,0.36,0,0,0,51.46857119431634,25.337405621697314,44.681941700636905
33000,0.06,0,0.40470164483120147,0.631578947368421,0.6065520945220193,0.5,0,0,0,51.477503057732775,25.33812695229893,44.688650325110814
33100,0.06,0,0.4046956956269956,0.631578947368421,0.5963480128893662,0.36,0,0,0,51.473603353870665,25.33805124696056,44.69269298506747
33200,0.06,0,0.40468755565295517,0.631578947368421,0.5979806659505907,0.41,0,0,0,51.47553236594025,25.335310806615972,44.69191708040629
33300,0.06,0,0.40466531383687493,0.631578947368421,0.6009344790547798,0.45,0,0,0,51.48780022959639,25.336628326986933,44.68372429232241
33400,0.06,0,0.40466685554559206,0.631578947368421,0.6004726100966703,0.42,0,0,0,51.49071324475667,25.3375495777271,44.68102614564351
33500,0.06,0,0.40453486223874735,0.631578947368421,0.6032116004296455,0.45,0,0,0,51.500440924221195,25.33763674466169,44.68716250999121
33600,0.06,0,0.4045166729912008,0.631578947368421,0.6080880773361976,0.39,0,0,0,51.4966102293742,25.33904638641128,44.69249619316406
33700,0.06,0,0.40439869995886735,0.631578947368421,0.6013426423200859,0.34,0,0,0,51.50807225783838,25.340366375564283,44.695585823951376
33800,0.06,0,0.4044279562554356,0.631578947368421,0.6081954887218045,0.28,0,0,0,51.513793062024,25.342815321315307,44.68738929061261
33900,0.06,0,0.40446256146547455,0.631578947368421,0.606734693877551,0.38,0,0,0,51.51256960124907,25.342560113721945,44.68462717161821
34000,0.06,0,0.40451359799288017,0.631578947368421,0.6092266380236305,0.38,0,0,0,51.506400336750744,25.34652582470174,44.684340917544716
34100,0.06,0,0.4045322609147415,0.631578947368421,0.5999033297529538,0.32,0,0,0,51.50832984105648,25.348281215589875,44.68060562453964
34200,0.06,0,0.4045956363907262,0.631578947368421,0.601858216970999,0.29,0,0,0,51.5034146395216,25.351182703295173,44.67787029932829
34300,0.06,0,0.40474168446416126,0.631578947368421,0.6003974221267454,0.36,0,0,0,51.490621495388744,25.352600529059544,44.67284508793174
34400,0.06,0,0.40474305845458,0.631578947368421,0.6017508055853921,0.44,0,0,0,51.49031399792622,25.352227323877667,44.67296021900275
34500,0.06,0,0.4046720079659106,0.631578947368421,0.6086788399570354,0.43,0,0,0,51.5048846755364,25.35339023457059,44.6681635438771
34600,0.06,0,0.40465521355232964,0.631578947368421,0.6038453276047261,0.34,0,0,0,51.51806117818432,25.355199718659602,44.658592392949984
34700,0.06,0,0.40450376917144193,0.631578947368421,0.5998174006444683,0.41,0,0,0,51.52740055710602,25.35401953126283,44.667214934930385
34800,0.06,0,0.40453641519871264,0.631578947368421,0.6049516648764769,0.44,0,0,0,51.52455580939793,25.35334381218158,44.666076242124184
34900,0.06,0,0.4045002690460457,0.631578947368421,0.6077443609022556,0.42,0,0,0,51.528982641808994,25.353693086380265,44.66623001763616
35000,0.06,0,0.4044403699379202,0.631578947368421,0.5963480128893662,0.38,0,0,0,51.53224432758419,25.3528768978909,44.67001772433308
35100,0.06,0,0.40445134196722105,0.631578947368421,0.6084317937701397,0.39,0,0,0,51.52970350879118,25.35132133577667,44.67100843069332
35200,0.06,0,0.4044335386227651,0.631578947368421,0.6081310418904404,0.36,0,0,0,51.532520406272795,25.34957711301406,44.67053293094626
35300,0.06,0,0.4044426474973135,0.631578947368421,0.6030504833512352,0.45,0,0,0,51.535669751865186,25.345099533059873,44.66679710380748
35400,0.06,0,0.40446633287764866,0.631578947368421,0.6080236305048335,0.32,0,0,0,51.540885946278244,25.339900956390565,44.65966119707542
35500,0.06,0,0.40447682213207425,0.631578947368421,0.6095488721804512,0.49,0,0,0,51.544575531943124,25.340870839200907,44.65530636556653
35600,0.06,0,0.4045118056644341,0.631578947368421,0.6031364124597207,0.32,0,0,0,51.542185569842374,25.339592197859226,44.65351487047681
35700,0.06,0,0.40449834050782413,0.631578947368421,0.6029752953813104,0.36,0,0,0,51.54449178078617,25.340732444961205,44.653003360121254
35800,0.06,0,0.4046201523745624,0.631578947368421,0.6031041890440386,0.43,0,0,0,51.534187345307835,25.34238828873221,44.64848629788612
35900,0.06,0,0.4045578551865897,0.631578947368421,0.6078839957035446,0.36,0,0,0,51.534406743612955,25.344853318502583,44.655171531639446
36000,0.06,0,0.4045005360985738,0.631578947368421,0.6091192266380236,0.42,0,0,0,51.529986368189086,25.34244481103207,44.66533049866159
36100,0.06,0,0.40454451769946487,0.631578947368421,0.5969280343716434,0.43,0,0,0,51.52898986879965,25.343900452763044,44.66133820862715
36200,0.06,0,0.4045706934346984,0.631578947368421,0.6036949516648765,0.32,0,0,0,51.5244517577812,25.340099136279004,44.66238199393197
36300,0.06,0,0.40457475943466786,0.631578947368421,0.6085069817400645,0.46,0,0,0,51.521838930686236,25.337518835001724,44.66419807506558
36400,0.06,0,0.4046411692661845,0.631578947368421,0.6070569280343716,0.35,0,0,0,51.52333875861662,25.337344804148245,44.6555678261673
36500,0.06,0,0.4047045537640625,0.631578947368421,0.6041675617615467,0.39,0,0,0,51.50733973722575,25.33916629664883,44.66244248412008
36600,0.06,0,0.4046463451176762,0.631578947368421,0.6109237379162191,0.29,0,0,0,51.51214041636335,25.33920077431184,44.66470428663434
36700,0.06,0,0.40467576630451063,0.631578947368421,0.603641245972073,0.45,0,0,0,51.51376586662151,25.33852459649917,44.66004778920153
36800,0.06,0,0.40472533056475823,0.631578947368421,0.6005477980665951,0.37,0,0,0,51.52315372867311,25.338929750634602,44.646442181738294
36900,0.06,0,0.4047054271210923,0.631578947368421,0.5964983888292159,0.38,0,0,0,51.51982615976403,25.339840111883362,44.65152166890926
37000,0.06,0,0.40454061143722087,0.631578947368421,0.5991299677765843,0.47,0,0,0,51.53408899068988,25.341203245994084,44.65735033113524
37100,0.06,0,0.40454434449018645,0.631578947368421,0.6040494092373792,0.43,0,0,0,51.53860255265923,25.34351554861738,44.6530273511613
37200,0.06,0,0.40467929211481174,0.631578947368421,0.6008700322234157,0.41,0,0,0,51.53506211558959,25.343696138008852,44.64120361329495
37300,0.06,0,0.4045719267986735,0.631578947368421,0.6023630504833513,0.27,0,0,0,51.53644981114928,25.341868937946163,44.65184814812283
37400,0.06,0,0.4046906307884399,0.631578947368421,0.6080880773361976,0.4,0,0,0,51.52511770589427,25.343682139919807,44.64856841496358
37500,0.06,0,0.40471535427840877,0.631578947368421,0.6045972073039743,0.47,0,0,0,51.52418470460225,25.342448346037337,44.64664934497641
37600,0.06,0,0.4047446476567416,0.631578947368421,0.6007733619763695,0.29,0,0,0,51.51828287815967,25.341330835520207,44.64853230178969
37700,0.06,0,0.40489770727233554,0.631578947368421,0.596047261009667,0.48,0,0,0,51.503239541562436,25.339182068817806,44.6446904911745
37800,0.06,0,0.4048815475935772,0.631578947368421,0.6002255639097744,0.34,0,0,0,51.50195300122101,25.3423650214362,44.647587642746736
37900,0.06,0,0.4049416409387058,0.631578947368421,0.5955102040816327,0.4,0,0,0,51.50796387006649,25.342301599085555,44.635752435664536
38000,0.06,0,0.40493277104261866,0.631578947368421,0.5980343716433942,0.47,0,0,0,51.52128041874922,25.343099763358644,44.62519304468357
38100,0.06,0,0.40497409599198114,0.631578947368421,0.6008055853920515,0.4,0,0,0,51.512109033523906,25.342697234227998,44.628583741836614
38200,0.06,0,0.4048694763948493,0.631578947368421,0.5993340494092374,0.38,0,0,0,51.51654605524619,25.34262825801337,44.63627114593975
38300,0.06,0,0.40485829320967787,0.631578947368421,0.5875617615467239,0.41,0,0,0,51.51222992475138,25.341084814949912,44.64124421769802
38400,0.06,0,0.40472722089976426,0.631578947368421,0.6017615467239528,0.53,0,0,0,51.522616483823626,25.34002382901383,44.64669919662812
38500,0.06,0,0.40474241270261896,0.631578947368421,0.5940601503759398,0.41,0,0,0,51.52218838738796,25.33899646273391,44.64539435949573
38600,0.06,0,0.4046895941111452,0.631578947368421,0.6031578947368421,0.42,0,0,0,51.537608901311835,25.340239106917355,44.637861266397465
38700,0.06,0,0.4046786556596682,0.631578947368421,0.611922663802363,0.38,0,0,0,51.5339002514681,25.339213121810747,44.642280287926745
38800,0.06,0,0.40471405174887726,0.631578947368421,0.606047261009667,0.33,0,0,0,51.527555449611384,25.33771792970599,44.64387240492057
38900,0.06,0,0.40459462034415444,0.631578947368421,0.6111815252416756,0.34,0,0,0,51.53165694582734,25.339082245005923,44.65349639829377
39000,0.06,0,0.4044456606979857,0.631578947368421,0.5986680988184747,0.46,0,0,0,51.53828921893407,25.341704650181075,44.664194125179186
39100,0.06,0,0.4044219884090105,0.631578947368421,0.5996133190118152,0.46,0,0,0,51.53618254637651,25.3390249616208,44.66863435222545
39200,0.06,0,0.4044552973318977,0.631578947368421,0.6035875402792696,0.42,0,0,0,51.52160615637869,25.338269678157435,44.6775921862082
39300,0.06,0,0.40442434656554394,0.631578947368421,0.602921589688507,0.46,0,0,0,51.53096450147429,25.33933690356663,44.67289703042765
39400,0.06,0,0.404362687527694,0.631578947368421,0.5980343716433942,0.28,0,0,0,51.53522124007144,25.337420581306986,44.67601847162715
39500,0.06,0,0.40434778161844614,0.631578947368421,0.5978517722878625,0.46,0,0,0,51.53061426229837,25.33935406391663,44.68165971739036
39600,0.06,0,0.404310895604789,0.631578947368421,0.6019441460794844,0.36,0,0,0,51.52377388990984,25.34356739379804,44.69166865033668
39700,0.06,0,0.4041666745528161,0.631578947368421,0.6018259935553169,0.4,0,0,0,51.54516465184965,25.346400760473376,44.68906298488742
39800,0.06,0,0.40422549625272586,0.631578947368421,0.6080451127819548,0.37,0,0,0,51.54261995631939,25.348660879765333,44.68476597400406
39900,0.06,0,0.4042203999125909,0.631578947368421,0.614328678839957,0.39,0,0,0,51.54823948123799,25.349817320746062,44.680457986097494
40000,0.06,0,0.40435291228782416,0.631578947368421,0.6068958109559613,0.39,0,0,0,51.54359621338187,25.348031370034015,44.669839233136926
40100,0.06,0,0.40428376355629436,0.631578947368421,0.6025671321160043,0.36,0,0,0,51.56136251796253,25.346815251727737,44.662085215538205
40200,0.06,0,0.4042718064538106,0.631578947368421,0.6078088077336198,0.36,0,0,0,51.565237280186345,25.34593530425345,44.66005004257182
40300,0.06,0,0.40420081030581945,0.631578947368421,0.6146079484425349,0.37,0,0,0,51.57190130239928,25.344765063300663,44.662122490163966
40400,0.06,0,0.40429513250751875,0.631578947368421,0.6101074113856069,0.48,0,0,0,51.56407591019571,25.34663609408099,44.658479167417674
40500,0.06,0,0.4043303613744222,0.631578947368421,0.6068098818474759,0.36,0,0,0,51.54802677861916,25.348340847427927,44.66849102824406
40600,0.06,0,0.40426227548195054,0.631578947368421,0.608453276047261,0.42,0,0,0,51.55871093727812,25.344565514159328,44.66675619540933
40700,0.06,0,0.40427044211733276,0.631578947368421,0.6071643394199785,0.42,0,0,0,51.557928524219804,25.345345227049286,44.666531708735604
40800,0.06,0,0.4042740611727017,0.631578947368421,0.6023200859291085,0.37,0,0,0,51.569714657681224,25.346569584131064,44.65592351828782
40900,0.06,0,0.4042762307839063,0.631578947368421,0.6103114930182599,0.37,0,0,0,51.55887588904227,25.34542288155729,44.66507143668022
41000,0.06,0,0.4043755359974921,0.631578947368421,0.6134156820622986,0.48,0,0,0,51.56033438474701,25.343934458410303,44.652839597413276
41100,0.06,0,0.40442904795412377,0.631578947368421,0.6053920515574651,0.32,0,0,0,51.56131512619117,25.343145730423835,44.646082141185495
41200,0.06,0,0.4044050607790788,0.631578947368421,0.6042534908700322,0.36,0,0,0,51.56616112371168,25.34531303730886,44.644534388377316
41300,0.06,0,0.40433219607971993,0.631578947368421,0.6060794844253491,0.34,0,0,0,51.57389451812872,25.343754306889835,44.64588422111323
41400,0.06,0,0.40437197969200744,0.631578947368421,0.6088936627282492,0.35,0,0,0,51.56640506665299,25.338663845476898,44.647975477966824
41500,0.06,0,0.4044229325547963,0.631578947368421,0.6050268528464017,0.37,0,0,0,51.546529755836104,25.338575350684327,44.659563519089886
41600,0.06,0,0.40441480568973126,0.631578947368421,0.6104618689581096,0.42,0,0,0,51.561352505715796,25.33998787151362,44.64762207353259
41700,0.06,0,0.40435944247373934,0.631578947368421,0.6069280343716434,0.42,0,0,0,51.56488688271901,25.3418679072786,44.65067436995452
41800,0.06,0,0.40428069638280145,0.631578947368421,0.6084425349087004,0.36,0,0,0,51.56566698835414,25.341067579380713,44.65869583661132
41900,0.06,0,0.40421120322401594,0.631578947368421,0.6015896885069817,0.31,0,0,0,51.57331630739413,25.342809112874257,44.65974880269513
42000,0.06,0,0.40424164527206763,0.631578947368421,0.6026852846401719,0.38,0,0,0,51.56567690423805,25.343510523591593,44.66300142920997
42100,0.06,0,0.40426168020166375,0.631578947368421,0.6001288936627283,0.35,0,0,0,51.5660614522626,25.342586194889446,44.66045490897881
42200,0.06,0,0.404302664677133,0.631578947368421,0.6051987110633728,0.36,0,0,0,51.56674937687234,25.34389028606912,44.65533191293234
42300,0.06,0,0.40435541652720963,0.631578947368421,0.6059935553168636,0.45,0,0,0,51.551809864073064,25.34383801384499,44.662445470027045
42400,0.06,0,0.40431261654200834,0.631578947368421,0.6058539205155746,0.5,0,0,0,51.559500366337836,25.346605607015814,44.660510918076
42500,0.06,0,0.4041889879302507,0.631578947368421,0.6038775510204082,0.41,0,0,0,51.56389806778346,25.347465070564347,44.67036105293466
42600,0.06,0,0.4042569317935971,0.631578947368421,0.6028249194414608,0.46,0,0,0,51.56231580195217,25.34608637783324,44.66422380669286
42700,0.06,0,0.4041874183499261,0.631578947368421,0.611578947368421,0.37,0,0,0,51.568742776740415,25.348239166910727,44.66633787564894
42800,0.06,0,0.4041384147943151,0.631578947368421,0.605531686358754,0.41,0,0,0,51.569037070523756,25.347077777555224,44.67149893263164
42900,0.06,0,0.40422588395543796,0.631578947368421,0.6149301825993555,0.38,0,0,0,51.55932037409846,25.34693781451979,44.67024942723743
43000,0.06,0,0.4041984007443006,0.631578947368421,0.6006766917293233,0.44,0,0,0,51.56027511303385,25.346840678001627,44.67245953928056
43100,0.06,0,0.40418143145804103,0.631578947368421,0.6054135338345865,0.42,0,0,0,51.55855078236711,25.34908331713555,44.67582917661607
43200,0.06,0,0.4043210456567053,0.631578947368421,0.6039742212674544,0.46,0,0,0,51.53858420272814,25.352608575461712,44.67770427714782
43300,0.06,0,0.4043688731452874,0.631578947368421,0.6067132116004297,0.44,0,0,0,51.546465852000914,25.351883291771724,44.66558935599622
43400,0.06,0,0.40436581152603646,0.631578947368421,0.6052094522019335,0.37,0,0,0,51.54229208174361,25.349276250895983,44.669544476349
43500,0.06,0,0.40442761911326336,0.631578947368421,0.6039205155746509,0.42,0,0,0,51.536690474662,25.349560736985406,44.66757221355125
43600,0.06,0,0.40446762202095243,0.631578947368421,0.604640171858217,0.36,0,0,0,51.52916839196297,25.35344620965157,44.669674274960094
43700,0.06,0,0.4045758786022171,0.631578947368421,0.5990977443609022,0.39,0,0,0,51.511696434917894,25.352988898134022,44.6728687415948
43800,0.06,0,0.4044637852585852,0.631578947368421,0.5947046186895811,0.37,0,0,0,51.508134233265956,25.349986454726682,44.68833975237513
43900,0.06,0,0.4045340919467203,0.631578947368421,0.6068421052631578,0.52,0,0,0,51.504373876777024,25.35049696310764,44.68383521448461
44000,0.06,0,0.4043160058118907,0.631578947368421,0.6041997851772288,0.38,0,0,0,51.50709067528585,25.35045254641289,44.7055792935026
44100,0.06,0,0.40437226688132527,0.631578947368421,0.6059720730397422,0.46,0,0,0,51.50612766567426,25.348929567679146,44.70019506620612
44200,0.06,0,0.4043319130075016,0.631578947368421,0.608421052631579,0.31,0,0,0,51.49982959865603,25.348457905595975,44.710123382019084
44300,0.06,0,0.4043817991448599,0.631578947368421,0.6081525241675617,0.32,0,0,0,51.49926198724875,25.35163438690083,44.70510048695319
44400,0.06,0,0.4044141794370173,0.631578947368421,0.606015037593985,0.31,0,0,0,51.50191327649852,25.3522156295206,44.699219867892076
44500,0.06,0,0.4043519209571721,0.631578947368421,0.611858216970999,0.32,0,0,0,51.507180948656725,25.351047682515023,44.70153013109057
44600,0.06,0,0.40432588239555844,0.631578947368421,0.607765843179377,0.36,0,0,0,51.51652027780475,25.349209592931064,44.696304532035285
44700,0.06,0,0.4044442798156003,0.631578947368421,0.6015789473684211,0.45,0,0,0,51.50840122759025,25.350119322587148,44.69026331740834
44800,0.06,0,0.40445622236370987,0.631578947368421,0.6025026852846401,0.34,0,0,0,51.49961563058622,25.352445142905374,44.696567457080256
44900,0.06,0,0.40447856067265714,0.631578947368421,0.6049624060150376,0.33,0,0,0,51.49982530129963,25.35023474326309,44.69391701817111
45000,0.06,0,0.4045577619708475,0.631578947368421,0.6021160042964554,0.37,0,0,0,51.48300219262636,25.35008003226489,44.699768955846935
45100,0.06,0,0.40448142625491457,0.631578947368421,0.60687432867884,0.35,0,0,0,51.48574216278658,25.35217548306216,44.70582563225755
45200,0.06,0,0.40441364975301575,0.631578947368421,0.6062406015037594,0.44,0,0,0,51.50088381232749,25.349526148832116,44.70017191821485
45300,0.06,0,0.40447091335873986,0.631578947368421,0.6026530612244898,0.41,0,0,0,51.494739815185476,25.349605527423744,44.69917598216672
45400,0.06,0,0.4044293861347448,0.631578947368421,0.6022663802363051,0.39,0,0,0,51.504150594120716,25.35177956271652,44.695597518917204
45500,0.06,0,0.4044718624062859,0.631578947368421,0.605875402792696,0.42,0,0,0,51.499704622061955,25.35050568829341,44.69476190587191
45600,0.06,0,0.4044699235020177,0.631578947368421,0.6090870032223415,0.52,0,0,0,51.50513813438107,25.34954094202822,44.69026108157739
45700,0.06,0,0.4044064543273268,0.631578947368421,0.6117937701396348,0.39,0,0,0,51.51119918712448,25.34962410497107,44.6920156568074
45800,0.06,0,0.4045011828217207,0.631578947368421,0.6046616541353383,0.44,0,0,0,51.51075685424068,25.348246045812193,44.68193310374683
45900,0.06,0,0.40442247250409685,0.631578947368421,0.599484425349087,0.37,0,0,0,51.506547734109816,25.34860570959222,44.69428140271781
46000,0.06,0,0.4043970276086208,0.631578947368421,0.6025026852846401,0.36,0,0,0,51.516326233340415,25.348050191776736,44.68860947667218
46100,0.06,0,0.40438981217069564,0.631578947368421,0.6028356605800215,0.39,0,0,0,51.51577371511775,25.350509585852425,44.68988614954882
46200,0.06,0,0.4044145498583257,0.631578947368421,0.6065843179377014,0.32,0,0,0,51.5235576754369,25.351351623182925,44.680401362677834
46300,0.06,0,0.40437301995891345,0.631578947368421,0.6049409237379162,0.43,0,0,0,51.51873279339679,25.350091813200386,44.68917500899884
46400,0.06,0,0.40435026141352376,0.631578947368421,0.6073039742212675,0.29,0,0,0,51.52778175374313,25.349533775336305,44.683841852829545
46500,0.06,0,0.4042551849386243,0.631578947368421,0.6101611170784104,0.4,0,0,0,51.540701039493264,25.349550702806514,44.68314784499322
46600,0.06,0,0.40425892720754264,0.631578947368421,0.611342642320086,0.32,0,0,0,51.54096625101928,25.349143332742912,44.682504286729866
46700,0.06,0,0.40421205493088835,0.631578947368421,0.6137164339419978,0.3,0,0,0,51.55012936298803,25.349426860414994,44.67974235056907
46800,0.06,0,0.4040957465370656,0.631578947368421,0.6038345864661654,0.36,0,0,0,51.551526389872315,25.34899400640025,44.69139109342911
46900,0.06,0,0.40416335473554116,0.631578947368421,0.601858216970999,0.36,0,0,0,51.54731136191933,25.349035688102497,44.687568952366846
47000,0.06,0,0.40413664926790444,0.631578947368421,0.6026315789473684,0.48,0,0,0,51.56691661812355,25.351884235445763,44.67353100427478
47100,0.06,0,0.4042861931441908,0.631578947368421,0.6011922663802363,0.42,0,0,0,51.556914265345014,25.35285977047385,44.66567016945464
47200,0.06,0,0.40421307733282524,0.631578947368421,0.5949946294307197,0.39,0,0,0,51.56153935449309,25.35400255816892,44.66974223739355
47300,0.06,0,0.40433527471652164,0.631578947368421,0.6061439312567132,0.34,0,0,0,51.55477607225823,25.35574535350604,44.6621005276699
47400,0.06,0,0.40422013993251105,0.631578947368421,0.6056283566058002,0.34,0,0,0,51.55580224488978,25.358415098166105,44.67393250510505
47500,0.06,0,0.404160426014922,0.631578947368421,0.6107948442534908,0.34,0,0,0,51.553714560907856,25.358895595469193,44.6823423441431
47600,0.06,0,0.40418351832042243,0.631578947368421,0.6075510204081632,0.43,0,0,0,51.554503304184024,25.360164753233178,44.67910593251685
47700,0.06,0,0.40416489008436507,0.631578947368421,0.5976799140708915,0.35,0,0,0,51.547001663595914,25.362296906263104,44.68766767773726
47800,0.06,0,0.40412538577397505,0.631578947368421,0.6130504833512352,0.4,0,0,0,51.543156453422526,25.36393060773371,44.69537011832753
47900,0.06,0,0.4040655971538657,0.631578947368421,0.6076584317937701,0.48,0,0,0,51.55057403758793,25.36524618028399,44.695551441161165
48000,0.06,0,0.4040371317279063,0.631578947368421,0.6031686358754028,0.34,0,0,0,51.552057663430766,25.367592705677733,44.69741396263897
48100,0.06,0,0.40403642991161853,0.631578947368421,0.5997851772287862,0.4,0,0,0,51.55272191291739,25.367852520138353,44.69691568178167
48200,0.06,0,0.40403077818971106,0.631578947368421,0.6015037593984962,0.43,0,0,0,51.55680746725503,25.366567029614515,44.69399891726731
48300,0.06,0,0.40397198378118077,0.631578947368421,0.5988399570354458,0.43,0,0,0,51.55877410505671,25.37265133089415,44.69879867933162
48400,0.06,0,0.40389855966501986,0.631578947368421,0.6107948442534908,0.47,0,0,0,51.568698949067,25.374778694908724,44.69832017130836
48500,0.06,0,0.4039352817434055,0.631578947368421,0.6099033297529538,0.44,0,0,0,51.5578820581238,25.37094779849594,44.70363350742794
48600,0.06,0,0.40386735066028673,0.631578947368421,0.6114715359828142,0.43,0,0,0,51.577103167384166,25.371250066285167,44.694490331630035
48700,0.06,0,0.4038059881296089,0.631578947368421,0.6030827067669173,0.3,0,0,0,51.591961151932665,25.369923641163165,44.6884085896936
48800,0.06,0,0.4037527237739045,0.631578947368421,0.6200859291084855,0.33,0,0,0,51.596070349971235,25.368882216464176,44.69074449831029
48900,0.06,0,0.40378597773791464,0.631578947368421,0.6104940923737916,0.39,0,0,0,51.59652444593144,25.371460925227527,44.68667068677724
49000,0.06,0,0.40380222745056704,0.631578947368421,0.6113641245972073,0.46,0,0,0,51.59350264692862,25.37231493746648,44.68748958133905
49100,0.06,0,0.4037853846456175,0.631578947368421,0.6104726100966702,0.32,0,0,0,51.6051199565871,25.37280272015014,44.67929316094694
49200,0.06,0,0.40380946766340786,0.631578947368421,0.6128786251342643,0.49,0,0,0,51.60096205782207,25.37255733178893,44.680228457986175
49300,0.06,0,0.4037199544292979,0.631578947368421,0.6178732545649839,0.37,0,0,0,51.61244193895802,25.374923709903864,44.68019481838085
49400,0.06,0,0.40379833142774607,0.631578947368421,0.6157357679914071,0.3,0,0,0,51.61626823368878,25.37609045097015,44.66821093776761
49500,0.06,0,0.40378482733979587,0.631578947368421,0.6164769065520945,0.36,0,0,0,51.613390091183064,25.371235890109357,44.6721957496728
49600,0.06,0,0.4037714712245613,0.631578947368421,0.6133512352309345,0.31,0,0,0,51.60475400993703,25.370694693549584,44.6811495960084
49700,0.06,0,0.4038251086401184,0.631578947368421,0.6058216970998926,0.44,0,0,0,51.59675255031792,25.368003315549633,44.682142984392485
49800,0.06,0,0.4037953858309587,0.631578947368421,0.6143071965628356,0.45,0,0,0,51.604176680769704,25.36912957706399,44.679003221522805
49900,0.06,0,0.4038321393386761,0.631578947368421,0.6130934479054779,0.43,0,0,0,51.59938518681562,25.37136576205686,44.67908539608126
50000,0.06,0,0.4036928187621277,0.631578947368421,0.619656283566058,0.41,0,0,0,51.59858594357932,25.370563760503334,44.69519713450278
50100,0.06,0,0.4036248627959614,0.631578947368421,0.6163372717508055,0.51,0,0,0,51.604361637067164,25.36790557162564,44.69771896022836
50200,0.06,0,0.4036752011904563,0.631578947368421,0.610891514500537,0.42,0,0,0,51.59980693463717,25.36544923152203,44.69609010874472
50300,0.06,0,0.4038164948586815,0.631578947368421,0.6105370569280344,0.34,0,0,0,51.58548570328103,25.365261204010867,44.69285538400922
50400,0.06,0,0.40374110209699116,0.631578947368421,0.6130719656283566,0.43,0,0,0,51.60304097282505,25.36275621301594,44.68599384784962
50500,0.06,0,0.40381524635352234,0.631578947368421,0.6160042964554243,0.38,0,0,0,51.599933371099915,25.362935927981805,44.680479797542006
50600,0.06,0,0.40376071643346784,0.631578947368421,0.6131364124597207,0.41,0,0,0,51.60890574210994,25.363263495838428,44.6787452301693
50700,0.06,0,0.4037836132395101,0.631578947368421,0.6028034371643394,0.36,0,0,0,51.60298019634209,25.364016346871054,44.6813418417889
50800,0.06,0,0.40374017627127795,0.631578947368421,0.6147153598281417,0.37,0,0,0,51.61640053742649,25.364619215125916,44.67453048294982
50900,0.06,0,0.40375375179620016,0.631578947368421,0.6075617615467239,0.38,0,0,0,51.61264917229291,25.36447149714297,44.67627535103895
51000,0.06,0,0.40371070634035067,0.631578947368421,0.6156820622986037,0.38,0,0,0,51.61211368621184,25.36165575060841,44.681502511746785
51100,0.06,0,0.4037472166008376,0.631578947368421,0.6123845327604726,0.33,0,0,0,51.60215251191159,25.360322549996503,44.68608647607876
51200,0.06,0,0.40391557967528013,0.631578947368421,0.6129860365198712,0.48,0,0,0,51.58225859527979,25.3599033977925,44.68468715278094
51300,0.06,0,0.4039565162197978,0.631578947368421,0.6097851772287862,0.41,0,0,0,51.572799304521396,25.361047659639098,44.68835392012847
51400,0.06,0,0.4038410005370368,0.631578947368421,0.6123630504833513,0.33,0,0,0,51.58963501451998,25.362491216258668,44.686548963540304
51500,0.06,0,0.4037928052548801,0.631578947368421,0.6098603651987111,0.45,0,0,0,51.59521630467693,25.36473832267452,44.68704806706883
51600,0.06,0,0.40376151999534515,0.631578947368421,0.6170891514500537,0.37,0,0,0,51.60278248848829,25.36306625407578,44.68395793876503
51700,0.06,0,0.40378431166753237,0.631578947368421,0.6075080558539205,0.32,0,0,0,51.60915036844932,25.364558980694085,44.67592265288626
51800,0.06,0,0.40370340457632137,0.631578947368421,0.6070032223415682,0.39,0,0,0,51.62153776183412,25.36276197065013,44.67415342001733
51900,0.06,0,0.403752312424425,0.631578947368421,0.6090332975295382,0.42,0,0,0,51.62074674419261,25.364682843856034,44.66942638023231
52000,0.06,0,0.40373931205845964,0.631578947368421,0.6068206229860366,0.42,0,0,0,51.61813094344994,25.36499972192654,44.67312847238362
52100,0.06,0,0.40384693575890096,0.631578947368421,0.6177980665950591,0.36,0,0,0,51.60315696736117,25.363834905153283,44.67418284688689
52200,0.06,0,0.40371672421319643,0.631578947368421,0.603641245972073,0.4,0,0,0,51.611887743385594,25.364366251803663,44.681032081939506
52300,0.06,0,0.40387786574420004,0.631578947368421,0.6166058002148228,0.39,0,0,0,51.60115625083042,25.362015164622285,44.67249359168918
52400,0.06,0,0.4037791276389123,0.631578947368421,0.6202792696025778,0.53,0,0,0,51.605877387441545,25.361494749340867,44.67932973828057
52500,0.06,0,0.4039385142198933,0.631578947368421,0.6122771213748658,0.42,0,0,0,51.585046322906024,25.361885107573226,44.6797353906686
52600,0.06,0,0.40385994392604563,0.631578947368421,0.6098818474758324,0.43,0,0,0,51.59725289173088,25.362774108395538,44.67785563998077
52700,0.06,0,0.4037860614935153,0.631578947368421,0.6159505907626208,0.47,0,0,0,51.594892915685456,25.35884494944327,44.68807449622646
52800,0.06,0,0.40379577967350905,0.631578947368421,0.6134264232008593,0.34,0,0,0,51.59090211361298,25.362381842741918,44.69045573762674
52900,0.06,0,0.40381454417414875,0.631578947368421,0.6168421052631579,0.36,0,0,0,51.595062492827,25.364696909841786,44.6847755991185
53000,0.06,0,0.4038133460425081,0.631578947368421,0.6179914070891515,0.33,0,0,0,51.59100120331803,25.36627332139042,44.688425816500605
53100,0.06,0,0.4038524255793528,0.631578947368421,0.6145220193340494,0.26,0,0,0,51.58465814842723,25.36575826881045,44.68959599219671
53200,0.06,0,0.40395705636613416,0.631578947368421,0.60796992481203,0.42,0,0,0,51.58335358404342,25.367231972033043,44.67915065875943
53300,0.06,0,0.4039479417425769,0.631578947368421,0.6126745435016112,0.36,0,0,0,51.59311241641347,25.367483973112872,44.67170754488073
53400,0.06,0,0.40403872338147784,0.631578947368421,0.6089795918367347,0.41,0,0,0,51.58030544736941,25.36851676501482,44.67275958876204
53500,0.06,0,0.40403689569106843,0.631578947368421,0.6089151450053706,0.31,0,0,0,51.582671148958596,25.368185406548672,44.67091286305397
53600,0.06,0,0.40408046028884737,0.631578947368421,0.6047153598281417,0.4,0,0,0,51.590517503801294,25.36862058853353,44.659303590389726
53700,0.06,0,0.4040078332332035,0.631578947368421,0.6086895810955961,0.43,0,0,0,51.59750262230335,25.36807033731579,44.66128490272647
53800,0.06,0,0.40392548291755664,0.631578947368421,0.6090010741138561,0.36,0,0,0,51.60555902671053,25.366299177018806,44.66341650286493
53900,0.06,0,0.40394364703912544,0.631578947368421,0.6036734693877551,0.39,0,0,0,51.600841780133926,25.36710161457593,44.66549098170696
54000,0.06,0,0.4039239428375858,0.631578947368421,0.6141890440386681,0.43,0,0,0,51.59283588358054,25.368148691073753,44.67460113872675
54100,0.06,0,0.40378326583472424,0.631578947368421,0.60656283566058,0.34,0,0,0,51.59387833067494,25.36886002126327,44.68926269095729
54200,0.06,0,0.40383227404975114,0.631578947368421,0.6060687432867884,0.37,0,0,0,51.60006276859774,25.36960392937629,44.6784837925861
54300,0.06,0,0.4037958841818727,0.631578947368421,0.6118259935553169,0.38,0,0,0,51.5926691492419,25.37073980946455,44.688913534872654
54400,0.06,0,0.40366864802231606,0.631578947368421,0.6068421052631578,0.28,0,0,0,51.59261711108985,25.368979215281804,44.70304454750384
54500,0.06,0,0.40362273831981205,0.631578947368421,0.6186143931256713,0.4,0,0,0,51.59439935353053,25.3669133336268,44.706584887054746
54600,0.06,0,0.40364127505709424,0.631578947368421,0.611203007518797,0.4,0,0,0,51.59378582109119,25.36782565163222,44.7050633994403
54700,0.06,0,0.4036459753452687,0.631578947368421,0.6134801288936628,0.5,0,0,0,51.60754199428603,25.36674561383895,44.692626673411816
54800,0.06,0,0.4036551513714528,0.631578947368421,0.6068206229860366,0.47,0,0,0,51.60796605565408,25.366101857733916,44.69124347557343
54900,0.06,0,0.4036162512734596,0.631578947368421,0.6137056928034371,0.32,0,0,0,51.60731928665815,25.36598387347334,44.69611091653011
55000,0.06,0,0.4035205938967542,0.631578947368421,0.6183995703544576,0.44,0,0,0,51.60495740381802,25.366959955023813,44.70875260203352
55100,0.06,0,0.4034505252467904,0.631578947368421,0.6183029001074114,0.33,0,0,0,51.610117440380485,25.368215603207194,44.71204651912814
55200,0.06,0,0.4034528212723388,0.631578947368421,0.617218045112782,0.36,0,0,0,51.59450702902287,25.370176379944482,44.72532004572687
55300,0.06,0,0.40342613118446746,0.631578947368421,0.6240601503759399,0.38,0,0,0,51.59886579136822,25.371460181435445,44.72450063161954
55400,0.06,0,0.4034077518319113,0.631578947368421,0.6211707841031149,0.44,0,0,0,51.59970655184425,25.37403252346319,44.725809520685715
55500,0.06,0,0.4034346648490529,0.631578947368421,0.6246616541353384,0.36,0,0,0,51.59507915374598,25.372563756997156,44.72683692167461
55600,0.06,0,0.4034304988345553,0.631578947368421,0.6198174006444683,0.3,0,0,0,51.59287141030598,25.375225639807585,44.72921274653334
55700,0.06,0,0.40339898370485006,0.631578947368421,0.6178947368421053,0.39,0,0,0,51.58643891211173,25.373387999649164,44.73828505195182
55800,0.06,0,0.4033818987812291,0.631578947368421,0.614640171858217,0.35,0,0,0,51.591352214862404,25.37304436872717,44.735919075577314
55900,0.06,0,0.4034577765020831,0.631578947368421,0.6156068743286789,0.4,0,0,0,51.584898957831086,25.373999029256833,44.73310105490722
56000,0.06,0,0.40343144758543925,0.631578947368421,0.6213104189044039,0.41,0,0,0,51.58413504587373,25.374210932592284,44.736682943683654
56100,0.06,0,0.4033973327931669,0.631578947368421,0.6144038668098818,0.38,0,0,0,51.5787747165216,25.37313704762294,44.74511592473283
56200,0.06,0,0.4033641133851624,0.631578947368421,0.615016111707841,0.38,0,0,0,51.57441416806929,25.376030849750098,44.75258440018457
56300,0.06,0,0.4033981760625872,0.631578947368421,0.6104403866809882,0.35,0,0,0,51.5749542521816,25.375209418627687,44.7483369194594
56400,0.06,0,0.40335794888194676,0.631578947368421,0.6147583243823845,0.3,0,0,0,51.5785936632077,25.3748389124453,44.74964192390357
56500,0.06,0,0.4032445224930192,0.631578947368421,0.6212244897959184,0.41,0,0,0,51.59464872688402,25.373159506302624,44.7483003270983
56600,0.06,0,0.4032255736426003,0.631578947368421,0.6187110633727175,0.39,0,0,0,51.591794797322926,25.37198341083949,44.75287867267989
56700,0.06,0,0.4031916738445351,0.631578947368421,0.6229108485499463,0.44,0,0,0,51.60177082336354,25.37154172944154,44.74798875647784
56800,0.06,0,0.40322348400515606,0.631578947368421,0.6185499462943072,0.28,0,0,0,51.59399513836306,25.37091443860827,44.751202000642046
56900,0.06,0,0.4030731585084699,0.631578947368421,0.6230504833512353,0.39,0,0,0,51.58870964965432,25.370067302912513,44.772478556746016
57000,0.06,0,0.4030719063655006,0.631578947368421,0.6216433941997852,0.47,0,0,0,51.59528011294042,25.36800272860394,44.7669160193706
57100,0.06,0,0.4030479053314383,0.631578947368421,0.6223093447905478,0.47,0,0,0,51.58797115253021,25.368870980774357,44.77592477125779
57200,0.06,0,0.40297114755790187,0.631578947368421,0.6215682062298604,0.41,0,0,0,51.60635294853189,25.369552778219102,44.76850178382048
57300,0.06,0,0.4030237399620532,0.631578947368421,0.6318367346938776,0.37,0,0,0,51.60446182830265,25.368775944505092,44.76430013052544
57400,0.06,0,0.40298131548385463,0.631578947368421,0.6254564983888292,0.28,0,0,0,51.608677156472005,25.36802980485413,44.765356087645955
57500,0.06,0,0.402909845666035,0.631578947368421,0.6209237379162191,0.36,0,0,0,51.62176838853207,25.36709994223326,44.761942285912674
57600,0.06,0,0.4030732807962967,0.631578947368421,0.6219656283566058,0.33,0,0,0,51.61340556355461,25.365205178393577,44.75104230357602
57700,0.06,0,0.4030959903291969,0.631578947368421,0.618421052631579,0.33,0,0,0,51.613670527530864,25.365994418288587,44.74829140819533
57800,0.06,0,0.40322598853873687,0.631578947368421,0.6141997851772288,0.35,0,0,0,51.61285979634442,25.364939541645608,44.73456744067205
57900,0.06,0,0.40330167032822195,0.631578947368421,0.6166380236305048,0.25,0,0,0,51.605229285515854,25.368332346689513,44.73278610360646
58000,0.06,0,0.4034009305888914,0.631578947368421,0.6194414607948443,0.51,0,0,0,51.603453636651814,25.373917461533004,44.723318071632214
58100,0.06,0,0.4033750919371436,0.631578947368421,0.6249301825993555,0.46,0,0,0,51.603938488842296,25.375777412252916,44.72576264354554
58200,0.06,0,0.40328607135392663,0.631578947368421,0.614640171858217,0.33,0,0,0,51.60586383835488,25.377445061021735,44.73396629144845
58300,0.06,0,0.40335672959719693,0.631578947368421,0.6209022556390977,0.4,0,0,0,51.603647880018634,25.373620845618486,44.72805061829675
58400,0.06,0,0.40351754679789203,0.631578947368421,0.615531686358754,0.38,0,0,0,51.59478698905477,25.37015224713756,44.7179033125946
58500,0.06,0,0.40353101090349736,0.631578947368421,0.6070354457572502,0.38,0,0,0,51.58985463161447,25.372570541035426,44.72068647454745
58600,0.06,0,0.4035427042507002,0.631578947368421,0.6142857142857143,0.43,0,0,0,51.58745015615363,25.37205445016167,44.72147497265803
58700,0.06,0,0.40364592979619773,0.631578947368421,0.6120193340494092,0.35,0,0,0,51.5821476251948,25.376218510925295,44.71463431330266
58800,0.06,0,0.40360432298559235,0.631578947368421,0.6161976369495167,0.42,0,0,0,51.582551598766734,25.373547126359643,44.71889363792385
58900,0.06,0,0.403737960684218,0.631578947368421,0.6126530612244898,0.36,0,0,0,51.57449433373264,25.373640256824622,44.71107556718873
59000,0.06,0,0.40363933974891236,0.631578947368421,0.6119441460794844,0.36,0,0,0,51.58788525262133,25.370883212382687,44.71039108744886
59100,0.06,0,0.40382763710021713,0.631578947368421,0.6157787325456499,0.47,0,0,0,51.582039733788406,25.37132452732703,44.69460788859423
59200,0.06,0,0.40377455324148726,0.631578947368421,0.6130504833512352,0.34,0,0,0,51.57875568097484,25.370434290098576,44.70332995521939
59300,0.06,0,0.40381163586738983,0.631578947368421,0.6125456498388829,0.43,0,0,0,51.58897022903268,25.371340099533107,44.69037439408621
59400,0.06,0,0.403763162658084,0.631578947368421,0.6100966702470462,0.42,0,0,0,51.583756673386404,25.37108582265987,44.70025701881737
59500,0.06,0,0.4036127754529174,0.631578947368421,0.6199140708915145,0.38,0,0,0,51.593959548222216,25.372309913587596,44.70806953854824
59600,0.06,0,0.40366094265504754,0.631578947368421,0.6125993555316863,0.48,0,0,0,51.59233108505912,25.37580284126013,44.704145707827685
59700,0.06,0,0.40371020843996164,0.631578947368421,0.610859291084855,0.39,0,0,0,51.582112144537575,25.37334069763411,44.70754561179715
59800,0.06,0,0.4038289541634804,0.631578947368421,0.6132545649838883,0.37,0,0,0,51.57296902886791,25.37410475865782,44.70232302618944
59900,0.06,0,0.4038147218288908,0.631578947368421,0.6123415682062299,0.33,0,0,0,51.56943595473655,25.372293001769943,44.70696125603367
60000,0.06,0,0.40380249132634194,0.631578947368421,0.6086680988184747,0.37,0,0,0,51.567902579108505,25.37329089343835,44.709644760431026
60100,0.06,0,0.403796198787024,0.631578947368421,0.6082599355531686,0.46,0,0,0,51.56517871465387,25.376692714478448,44.712703257571334
60200,0.06,0,0.4037255669402152,0.631578947368421,0.6096348012889367,0.39,0,0,0,51.56550471038084,25.378444570332253,44.72024302957139
60300,0.06,0,0.40368767949440426,0.631578947368421,0.6189795918367347,0.41,0,0,0,51.55796061341573,25.3765235475277,44.73098437292398
60400,0.06,0,0.4036289995327452,0.631578947368421,0.6206015037593985,0.37,0,0,0,51.560075924844284,25.375821851067236,44.73565199840439
60500,0.06,0,0.4036642725586128,0.631578947368421,0.6128571428571429,0.43,0,0,0,51.56576476034305,25.377645467870806,44.726808010938065
60600,0.06,0,0.4037283185290925,0.631578947368421,0.6199462943071966,0.41,0,0,0,51.565388044782125,25.374847044591334,44.720039419047524
60700,0.06,0,0.40364385263477814,0.631578947368421,0.6128141783029001,0.39,0,0,0,51.56799972023075,25.375082938420093,44.72713213342847
60800,0.06,0,0.4037719652694867,0.631578947368421,0.6059398496240601,0.42,0,0,0,51.562759600425224,25.37487326827103,44.71748468047991
60900,0.06,0,0.4038132470176192,0.631578947368421,0.6018367346938776,0.42,0,0,0,51.573791857079854,25.37584873340983,44.70334858899946
61000,0.06,0,0.403985725595386,0.631578947368421,0.6067561761546724,0.46,0,0,0,51.57060846175894,25.37847242084861,44.68702114942177
61100,0.06,0,0.4040042340829542,0.631578947368421,0.6085714285714285,0.4,0,0,0,51.581512892741266,25.37753135762916,44.675527431057226
61200,0.06,0,0.4042585280041232,0.631578947368421,0.6023415682062299,0.46,0,0,0,51.56946075921485,25.37921898451338,44.65785923936314
61300,0.06,0,0.4041699583157186,0.631578947368421,0.6085392051557466,0.37,0,0,0,51.56507983586385,25.379597718757772,44.671440473255494
61400,0.06,0,0.4040511321765218,0.631578947368421,0.600687432867884,0.34,0,0,0,51.57465396892589,25.37896248993965,44.6762826739491
61500,0.06,0,0.40389514186220277,0.631578947368421,0.6075725026852846,0.31,0,0,0,51.58202951025858,25.376818452540807,44.687146740217734
61600,0.06,0,0.404035107601693,0.631578947368421,0.6110526315789474,0.39,0,0,0,51.575575584949966,25.37767396394548,44.67725623269461
61700,0.06,0,0.40403626417231253,0.631578947368421,0.6154027926960258,0.36,0,0,0,51.57216190885835,25.376849541829294,44.68008562067497
61800,0.06,0,0.4041372559042772,0.631578947368421,0.6041353383458646,0.4,0,0,0,51.56464474341695,25.377519465525808,44.675432204164196
61900,0.06,0,0.4042405544780518,0.631578947368421,0.6102577873254565,0.32,0,0,0,51.56380341273264,25.380558171847905,44.66474471274798
62000,0.06,0,0.4042539292085141,0.631578947368421,0.617937701396348,0.33,0,0,0,51.5728080041583,25.380465734028842,44.65546879250418
62100,0.06,0,0.4041950882199649,0.631578947368421,0.6135016111707841,0.51,0,0,0,51.57535251649351,25.384247806830782,44.659766109342456
62200,0.06,0,0.4043846381540897,0.631578947368421,0.6035982814178303,0.5,0,0,0,51.56501841151023,25.38605403192031,44.64777846995682
62300,0.06,0,0.40432719290637914,0.631578947368421,0.6132760472610097,0.41,0,0,0,51.56352243354742,25.38782904370767,44.6554173742233
62400,0.06,0,0.40424611111177583,0.631578947368421,0.6074973147153598,0.35,0,0,0,51.571755535212894,25.387111674609685,44.65724376671278
62500,0.06,0,0.40420701004892573,0.631578947368421,0.5987003222341568,0.43,0,0,0,51.57620288299238,25.390038103079448,44.65771258840114
62600,0.06,0,0.40423883856845666,0.631578947368421,0.6051664876476907,0.34,0,0,0,51.57169526536167,25.38794715376779,44.65809937232837
62700,0.06,0,0.40411358430063304,0.631578947368421,0.6058539205155746,0.36,0,0,0,51.577471243629006,25.389689982104983,44.666938416305086
62800,0.06,0,0.40418506226216455,0.631578947368421,0.606938775510204,0.36,0,0,0,51.57034827886463,25.387700484243027,44.665207673315095
62900,0.06,0,0.4041748087735561,0.631578947368421,0.6042427497314715,0.34,0,0,0,51.56897267814363,25.38810020644822,44.66753225575732
63000,0.06,0,0.40419594304565143,0.631578947368421,0.6064446831364124,0.42,0,0,0,51.575480685120766,25.385297046507088,44.65956067695689
63100,0.06,0,0.4042525258951695,0.631578947368421,0.6045220193340494,0.37,0,0,0,51.56788621860567,25.38741711728563,44.65988586811044
63200,0.06,0,0.40431841909492083,0.631578947368421,0.610515574650913,0.36,0,0,0,51.56184583308564,25.390291474094678,44.65783846848934
63300,0.06,0,0.4042267613404999,0.631578947368421,0.6100966702470462,0.52,0,0,0,51.54998400766833,25.39118425233118,44.67824280953703
63400,0.06,0,0.4042537606635685,0.631578947368421,0.6080773361976369,0.42,0,0,0,51.552747988968,25.389986405440084,44.67286358923385
63500,0.06,0,0.4042871205198074,0.631578947368421,0.6075617615467239,0.39,0,0,0,51.54777350041855,25.386937878797717,44.67348808323962
63600,0.06,0,0.4042654349134949,0.631578947368421,0.608968850698174,0.41,0,0,0,51.55032208729278,25.38913958305613,44.67367573565203
63700,0.06,0,0.40437298931161614,0.631578947368421,0.6109129967776584,0.52,0,0,0,51.53007636297436,25.387860662092262,44.6793407469711
63800,0.06,0,0.40437679791435455,0.631578947368421,0.6066165413533835,0.34,0,0,0,51.52826228048686,25.38844235410713,44.68049288422546
63900,0.06,0,0.4043658495795805,0.631578947368421,0.6084747583243824,0.47,0,0,0,51.529660313111386,25.389239117368184,44.680490379713156
64000,0.06,0,0.4045584073152092,0.631578947368421,0.6011815252416756,0.44,0,0,0,51.51481613724216,25.391415813609957,44.67209251169076
64100,0.06,0,0.40458294517343446,0.631578947368421,0.6067454350161117,0.36,0,0,0,51.51479642525048,25.392907905452947,44.66940025264788
64200,0.06,0,0.40445672964334345,0.631578947368421,0.6024274973147153,0.44,0,0,0,51.52768273611073,25.39158616858628,44.67216522795961
64300,0.06,0,0.40425817619751675,0.631578947368421,0.6051772287862514,0.37,0,0,0,51.5368951659744,25.39399143674756,44.6861169341548
64400,0.06,0,0.4041892332995183,0.631578947368421,0.6091299677765843,0.42,0,0,0,51.541327942345845,25.393306970605813,44.6898952285492
64500,0.06,0,0.40418355580731663,0.631578947368421,0.5992803437164339,0.33,0,0,0,51.53836820664598,25.395296223328675,44.69308945823679
64600,0.06,0,0.40417874405372267,0.631578947368421,0.6097851772287862,0.47,0,0,0,51.52885499745984,25.39542757587673,44.701872824844756
64700,0.06,0,0.4042723096789622,0.631578947368421,0.6027175080558539,0.32,0,0,0,51.51863251165824,25.39692954377021,44.70039476078414
64800,0.06,0,0.4042974057103549,0.631578947368421,0.6042105263157894,0.38,0,0,0,51.51025022109189,25.3981068971032,44.7048937321154
64900,0.06,0,0.40422806757555957,0.631578947368421,0.6121482277121375,0.35,0,0,0,51.52407253983057,25.396781544369617,44.70056706078177
65000,0.06,0,0.40422112404746097,0.631578947368421,0.6129538131041891,0.37,0,0,0,51.5349595515212,25.397161904404832,44.691891531818364
65100,0.06,0,0.4042093868381415,0.631578947368421,0.6148979591836735,0.36,0,0,0,51.55160821039192,25.39520861450753,44.67875554676391
65200,0.06,0,0.40415675509969,0.631578947368421,0.6035982814178303,0.33,0,0,0,51.548656257179815,25.39711995753645,44.687132763640236
65300,0.06,0,0.4040614661130041,0.631578947368421,0.6133512352309345,0.34,0,0,0,51.54788317407234,25.397615580351115,44.69834158637863
65400,0.06,0,0.4040662631387319,0.631578947368421,0.6129001074113856,0.42,0,0,0,51.55708634563769,25.39775756129191,44.68983217299743
65500,0.06,0,0.4039925506425876,0.631578947368421,0.6136734693877551,0.29,0,0,0,51.56964704113099,25.395731499906763,44.68709929994419
65600,0.06,0,0.4038819179252882,0.631578947368421,0.6179269602577874,0.32,0,0,0,51.57156684178698,25.39191100255263,44.697676167655274
65700,0.06,0,0.4039186992253423,0.631578947368421,0.6141890440386681,0.46,0,0,0,51.564370928759644,25.390621936135943,44.69984302976891
65800,0.06,0,0.4039542726879071,0.631578947368421,0.6078839957035446,0.29,0,0,0,51.56758550798574,25.389859672442153,44.6931204053877
65900,0.06,0,0.4038832407960629,0.631578947368421,0.6129538131041891,0.43,0,0,0,51.58098223125574,25.392137933784323,44.68937085466587
66000,0.06,0,0.40388957077333965,0.631578947368421,0.6048549946294307,0.46,0,0,0,51.577200868872374,25.392433834897727,44.69194679097245
66100,0.06,0,0.4038202800241869,0.631578947368421,0.6092051557465091,0.36,0,0,0,51.57495781250309,25.392628864557484,44.70155943614109
66200,0.06,0,0.40380041110413867,0.631578947368421,0.6211493018259936,0.38,0,0,0,51.5866461594909,25.391047641360437,44.693630124479284
66300,0.06,0,0.40386815021550293,0.631578947368421,0.6208163265306123,0.43,0,0,0,51.57703814961305,25.391060421293115,44.694458189569836
66400,0.06,0,0.4038431382813958,0.631578947368421,0.6143071965628356,0.42,0,0,0,51.57988749197559,25.394060413753646,44.694757195901474
66500,0.06,0,0.4037331653676948,0.631578947368421,0.6059183673469388,0.44,0,0,0,51.57689574329266,25.39664417147763,44.709524857191
66600,0.06,0,0.4036684319178608,0.631578947368421,0.6114285714285714,0.38,0,0,0,51.57717860429461,25.396155777825253,44.71644937075754
66700,0.06,0,0.4037620722032338,0.631578947368421,0.6092803437164339,0.42,0,0,0,51.56514463105023,25.397287972940212,44.71651199994902
66800,0.06,0,0.4038731972198777,0.631578947368421,0.6115359828141783,0.42,0,0,0,51.565405910889766,25.396740566224594,44.70398181403676
66900,0.06,0,0.403714344854483,0.631578947368421,0.615531686358754,0.35,0,0,0,51.572562649883494,25.395837916231184,44.715365783831885
67000,0.06,0,0.403735632071797,0.631578947368421,0.6106229860365199,0.44,0,0,0,51.57068310811823,25.391608481994066,44.71463774519431
67100,0.06,0,0.40365528419005164,0.631578947368421,0.6158968850698174,0.38,0,0,0,51.571498307491275,25.390720896180582,44.72283127427189
67200,0.06,0,0.40360396995918024,0.631578947368421,0.612438238453276,0.44,0,0,0,51.56431842297906,25.395872799805822,44.73474539593876
67300,0.06,0,0.40365915322567664,0.631578947368421,0.6128249194414608,0.37,0,0,0,51.55975768380909,25.39613207963426,44.732586306095
67400,0.06,0,0.4038170102789525,0.631578947368421,0.6159076262083781,0.46,0,0,0,51.546323746165655,25.396887376459873,44.72675337871544
67500,0.06,0,0.40394955105199765,0.631578947368421,0.6123845327604726,0.43,0,0,0,51.53298699592141,25.396805035002934,44.72364948282383
67600,0.06,0,0.4040616545409707,0.631578947368421,0.6139957035445758,0.37,0,0,0,51.52266808324248,25.398947337042248,44.72019601086581
67700,0.06,0,0.40408921421242616,0.631578947368421,0.611890440386681,0.34,0,0,0,51.52159362976726,25.39847760953672,44.71807855699377
67800,0.06,0,0.40402001396099496,0.631578947368421,0.6100966702470462,0.41,0,0,0,51.5294178280913,25.39797030871122,44.71894670535055
67900,0.06,0,0.40396546551814805,0.631578947368421,0.6086358754027927,0.37,0,0,0,51.53147115788439,25.39882155443333,44.723203096221624
68000,0.06,0,0.40392489557836436,0.631578947368421,0.6083995703544576,0.34,0,0,0,51.53313751800546,25.400845234384064,44.726248762731416
68100,0.06,0,0.4038445781283002,0.631578947368421,0.6101288936627283,0.34,0,0,0,51.54150925072705,25.39995151045289,44.72787781692166
68200,0.06,0,0.4039278769182808,0.631578947368421,0.6188292158968851,0.4,0,0,0,51.529123870338935,25.398503647958204,44.72940238419351
68300,0.06,0,0.4039897383404209,0.631578947368421,0.612921589688507,0.37,0,0,0,51.53742186287551,25.40180662705931,44.71535240297979
68400,0.06,0,0.4039376576407584,0.631578947368421,0.6115037593984962,0.33,0,0,0,51.537767194398846,25.404759440765066,44.7208180097927
68500,0.06,0,0.40396333440155685,0.631578947368421,0.6133834586466166,0.39,0,0,0,51.54630159224753,25.404313617565766,44.710571612135375
68600,0.06,0,0.40397671373816646,0.631578947368421,0.6115252416756176,0.46,0,0,0,51.55159304313956,25.40300172349445,44.7045017286591
68700,0.06,0,0.40397632965600955,0.631578947368421,0.6145972073039743,0.41,0,0,0,51.54801986079745,25.404569331717347,44.70764304103953
68800,0.06,0,0.40386955894549303,0.631578947368421,0.6122234156820623,0.46,0,0,0,51.56098360677428,25.40407216708646,44.708218756012364
68900,0.06,0,0.4037282786397548,0.631578947368421,0.614092373791622,0.38,0,0,0,51.56975271508558,25.402242599214272,44.71625890084204
69000,0.06,0,0.4036415542147546,0.631578947368421,0.6149087003222341,0.36,0,0,0,51.580313791817396,25.403991573808145,44.71670878710162
69100,0.06,0,0.40365950861738814,0.631578947368421,0.6078947368421053,0.45,0,0,0,51.56895334511786,25.405036034095353,44.72457031394298
69200,0.06,0,0.40376989988415846,0.631578947368421,0.6082384532760473,0.29,0,0,0,51.55832152364323,25.405106792880193,44.72156266740889
69300,0.06,0,0.40388009566465133,0.631578947368421,0.6063694951664876,0.36,0,0,0,51.558440367804494,25.4051126664808,44.70925765377838
69400,0.06,0,0.40391567439141307,0.631578947368421,0.6125026852846401,0.37,0,0,0,51.56933762322684,25.40621759170554,44.69587265805744
69500,0.06,0,0.4038743472351906,0.631578947368421,0.6148012889366273,0.34,0,0,0,51.566183278165596,25.40795509416585,44.703180604588255
69600,0.06,0,0.4037749719772287,0.631578947368421,0.6130290010741138,0.42,0,0,0,51.561314343198774,25.409483927586013,44.71840510821552
69700,0.06,0,0.40371371600634853,0.631578947368421,0.6184962406015038,0.4,0,0,0,51.57143982927574,25.406699625208937,44.716408985825424
69800,0.06,0,0.40360942467232447,0.631578947368421,0.6135338345864662,0.43,0,0,0,51.571294976096425,25.407518158096114,44.728089188968134
69900,0.06,0,0.40351233669467235,0.631578947368421,0.6134693877551021,0.35,0,0,0,51.57348925771578,25.40990690708356,44.73694759938948
70000,0.06,0,0.403532408015778,0.631578947368421,0.6199570354457572,0.33,0,0,0,51.581024989159616,25.409395151039675,44.72818690518155
70100,0.06,0,0.4035839142358729,0.631578947368421,0.6210204081632653,0.36,0,0,0,51.578012893455714,25.406192828959785,44.72509034127649
70200,0.06,0,0.40351913748717694,0.631578947368421,0.6228249194414608,0.32,0,0,0,51.585884049820294,25.407559377851143,44.72544463251521
70300,0.06,0,0.4034035896677659,0.631578947368421,0.6224382384532761,0.39,0,0,0,51.583720386881836,25.406938781423285,44.740131976707445
70400,0.06,0,0.4033424192579061,0.631578947368421,0.6216756176154672,0.29,0,0,0,51.59483527372753,25.406446072167515,44.73727754462298
70500,0.06,0,0.403315621716231,0.631578947368421,0.6232330827067669,0.39,0,0,0,51.59343297011065,25.405661104450857,44.74146606308093
70600,0.06,0,0.4031622389391704,0.631578947368421,0.622062298603652,0.34,0,0,0,51.61528702604147,25.402789776081807,44.739537052773784
70700,0.06,0,0.40311989441539275,0.631578947368421,0.618141783029001,0.43,0,0,0,51.61726579085723,25.401047058786816,44.742521298663185
70800,0.06,0,0.40316702266103566,0.631578947368421,0.6223630504833513,0.37,0,0,0,51.621376061594404,25.403061940902163,44.7337289812624
70900,0.06,0,0.4032485999181036,0.631578947368421,0.6241138560687433,0.33,0,0,0,51.613066010582884,25.40454687398778,44.73188031504014
71000,0.06,0,0.40315176420184023,0.631578947368421,0.6226530612244898,0.45,0,0,0,51.63644123006996,25.406647562581004,44.722370295751446
71100,0.06,0,0.40313585182781925,0.631578947368421,0.616938775510204,0.34,0,0,0,51.640919923736774,25.404271913298217,44.7202567370093
71200,0.06,0,0.40308861641915295,0.631578947368421,0.6169280343716433,0.42,0,0,0,51.640074547676974,25.403436911007226,44.726229402075056
71300,0.06,0,0.4030503928809738,0.631578947368421,0.622094522019334,0.3,0,0,0,51.637521552236045,25.405093921717384,44.732682548243645
71400,0.06,0,0.4029123088034842,0.631578947368421,0.6217830290010741,0.42,0,0,0,51.64467801072267,25.40291575784242,44.74181232771639
71500,0.06,0,0.40297635969816437,0.631578947368421,0.6223630504833513,0.37,0,0,0,51.6401482614198,25.4017056825496,44.73862488075896
71600,0.06,0,0.4030900808981474,0.631578947368421,0.6234693877551021,0.39,0,0,0,51.63053401874702,25.40045103526023,44.73433159538802
71700,0.06,0,0.4030580425734352,0.631578947368421,0.620375939849624,0.31,0,0,0,51.62671073543961,25.397753988373225,44.74120056568275
71800,0.06,0,0.4030564546541509,0.631578947368421,0.6257894736842106,0.46,0,0,0,51.635069649846415,25.39821353599741,44.73413389954719
71900,0.06,0,0.40301450873868877,0.631578947368421,0.6276584317937701,0.37,0,0,0,51.63793693669916,25.40072369885245,44.73630564692985
72000,0.06,0,0.40298464079285656,0.631578947368421,0.6250698174006445,0.3,0,0,0,51.63648272460375,25.400730704493814,44.740881339564915
72100,0.06,0,0.4030787428433753,0.631578947368421,0.6182491944146079,0.47,0,0,0,51.627164699774234,25.402727068349144,44.73850946848802
72200,0.06,0,0.40311210221209576,0.631578947368421,0.6181847475832438,0.4,0,0,0,51.61205521767869,25.40136159716255,44.747903313041554
72300,0.06,0,0.40301444598450736,0.631578947368421,0.6236842105263158,0.4,0,0,0,51.62237836517283,25.404486811809765,44.7497957793507
72400,0.06,0,0.4030674242011338,0.631578947368421,0.6221589688506982,0.35,0,0,0,51.623149562964635,25.403646544199475,44.74324554444864
72500,0.06,0,0.40304578736422086,0.631578947368421,0.626390977443609,0.41,0,0,0,51.62273662464824,25.402750250335657,44.74600543792954
72600,0.06,0,0.4030102201585872,0.631578947368421,0.6251020408163265,0.43,0,0,0,51.62792356922561,25.40262915310823,44.745458515355686
72700,0.06,0,0.40310756170786655,0.631578947368421,0.6256283566058002,0.46,0,0,0,51.618289846298616,25.405794439518957,44.743002481019815
72800,0.06,0,0.40322271307436014,0.631578947368421,0.6195059076262084,0.33,0,0,0,51.61218769105804,25.4074640362438,44.7355133772667
72900,0.06,0,0.4031607459911371,0.631578947368421,0.6234156820622986,0.42,0,0,0,51.62291649403166,25.40581990165527,44.73309054593322
73000,0.06,0,0.40300832074981474,0.631578947368421,0.6265843179377014,0.46,0,0,0,51.635608502468855,25.406569240105334,44.73900990123832
73100,0.06,0,0.4031657561033862,0.631578947368421,0.6256390977443609,0.47,0,0,0,51.6222427493154,25.40899073937418,44.73311847507994
73200,0.06,0,0.4031540339373129,0.631578947368421,0.6219656283566058,0.35,0,0,0,51.625092855567836,25.4086010936172,44.73194945429874
73300,0.06,0,0.40317882775511193,0.631578947368421,0.6133404940923738,0.32,0,0,0,51.61549869139618,25.409559040565746,44.7375127811679
73400,0.06,0,0.40313947424609675,0.631578947368421,0.6222234156820623,0.33,0,0,0,51.62470292404719,25.412204752306746,44.73390286435344
73500,0.06,0,0.4031619550890261,0.631578947368421,0.6216541353383459,0.35,0,0,0,51.615537006519645,25.41206593548345,44.73935187277934
73600,0.06,0,0.40317114924585323,0.631578947368421,0.6219656283566058,0.38,0,0,0,51.61646431271373,25.410256510935657,44.7375278713985
73700,0.06,0,0.40314624822244877,0.631578947368421,0.6173791621911923,0.43,0,0,0,51.613057776276264,25.411581259615097,44.7432440858788
73800,0.06,0,0.40321785911840685,0.631578947368421,0.6175187969924812,0.39,0,0,0,51.62380022570948,25.411762522927663,44.72598873794264
73900,0.06,0,0.40319211124201626,0.631578947368421,0.6236734693877551,0.49,0,0,0,51.633792981612274,25.408900851723402,44.720188510485656
74000,0.06,0,0.4031936140222054,0.631578947368421,0.6192481203007518,0.38,0,0,0,51.62786710115218,25.40965741220352,44.725154823184674
74100,0.06,0,0.4032585683980859,0.631578947368421,0.6285177228786252,0.42,0,0,0,51.62249560176127,25.408796462398023,44.72260383170427
74200,0.06,0,0.40326482196893937,0.631578947368421,0.6157465091299678,0.39,0,0,0,51.62606443883806,25.411485335977943,44.718818739767485
74300,0.06,0,0.4033115788214002,0.631578947368421,0.6144575725026853,0.43,0,0,0,51.62126375566208,25.411139744684053,44.71779266902963
74400,0.06,0,0.4033142606132194,0.631578947368421,0.6242857142857143,0.4,0,0,0,51.626883424147586,25.410856446441503,44.712627752620804
74500,0.06,0,0.40348234050106047,0.631578947368421,0.6261117078410311,0.4,0,0,0,51.619351538624144,25.410537086027734,44.700523068350684
74600,0.06,0,0.40343353339955756,0.631578947368421,0.6295166487647691,0.37,0,0,0,51.61931451354679,25.41067099892045,44.7059629720935
74700,0.06,0,0.4034257024555801,0.631578947368421,0.6229323308270677,0.49,0,0,0,51.6155780506179,25.40971794760498,44.71006710203225
74800,0.06,0,0.4034378825402426,0.631578947368421,0.61687432867884,0.36,0,0,0,51.61989650572627,25.408695288960352,44.704976997800706
74900,0.06,0,0.4033363063398394,0.631578947368421,0.6180880773361976,0.44,0,0,0,51.63092023629,25.406441860880886,44.70668812303382
75000,0.06,0,0.40322647158429836,0.631578947368421,0.618109559613319,0.35,0,0,0,51.61511918011082,25.40522479098894,44.732555656508495
75100,0.06,0,0.40330676984577896,0.631578947368421,0.6161976369495167,0.39,0,0,0,51.61041983143664,25.40502363436143,44.72772169646585
75200,0.06,0,0.4032164681787197,0.631578947368421,0.6157679914070892,0.28,0,0,0,51.62157139337808,25.404917293079723,44.728074137904144
75300,0.06,0,0.4032333111319114,0.631578947368421,0.6125456498388829,0.35,0,0,0,51.62567646918428,25.404657459374143,44.722649401222455
75400,0.06,0,0.40325953284679933,0.631578947368421,0.6255746509129968,0.4,0,0,0,51.62315717295727,25.40398730690073,44.721923735157034
75500,0.06,0,0.40329350696151456,0.631578947368421,0.621342642320086,0.36,0,0,0,51.62288261655377,25.40130763812197,44.71839411964145
75600,0.06,0,0.40338968101849226,0.631578947368421,0.6184425349087003,0.33,0,0,0,51.60857562619849,25.40214295472909,44.72012652459885
75700,0.06,0,0.4032901622177834,0.631578947368421,0.6159076262083781,0.36,0,0,0,51.61624987097186,25.403882129294086,44.724511409033575
75800,0.06,0,0.4032523186392709,0.631578947368421,0.6241675617615468,0.41,0,0,0,51.611997136416164,25.407182080715653,44.732394185371675
75900,0.06,0,0.403300292358146,0.631578947368421,0.6239419978517723,0.39,0,0,0,51.60437759600298,25.407265129540292,44.73367722550853
76000,0.06,0,0.4032543259729506,0.631578947368421,0.6235016111707841,0.35,0,0,0,51.61145457520969,25.410191822079618,44.7326417581785
76100,0.06,0,0.403269110493195,0.631578947368421,0.625843179377014,0.41,0,0,0,51.60628985335795,25.40914974451014,44.73547843246522
76200,0.06,0,0.4032380380410571,0.631578947368421,0.6232008592910848,0.42,0,0,0,51.59418371825924,25.40794403444016,44.749423236872865
76300,0.06,0,0.40312329125254515,0.631578947368421,0.6141353383458646,0.4,0,0,0,51.60695403739843,25.408615326918873,44.751084358304894
76400,0.06,0,0.40321405120250203,0.631578947368421,0.622406015037594,0.5,0,0,0,51.598316741837586,25.40864986379017,44.74850069885958
76500,0.06,0,0.4032102212103358,0.631578947368421,0.6178195488721805,0.41,0,0,0,51.59952552354721,25.411415107845063,44.74787745550905
76600,0.06,0,0.40319863160649727,0.631578947368421,0.6238882921589689,0.29,0,0,0,51.59128151550871,25.41142644849935,44.756314369999586
76700,0.06,0,0.4032596432005802,0.631578947368421,0.6241353383458647,0.41,0,0,0,51.584482417263835,25.4109251249402,44.755441134406176
76800,0.06,0,0.40328367261192216,0.631578947368421,0.6177336197636949,0.53,0,0,0,51.58200714888251,25.409420088121774,44.75492196242395
76900,0.06,0,0.40329045240033845,0.631578947368421,0.6126423200859291,0.42,0,0,0,51.58209827123516,25.412456949026836,44.75409051889614
77000,0.06,0,0.40317604314205063,0.631578947368421,0.6212244897959184,0.37,0,0,0,51.592628383025826,25.413042693334976,44.75765343553106
77100,0.06,0,0.4031377145351826,0.631578947368421,0.6207303974221268,0.38,0,0,0,51.599900262540956,25.414806603391533,44.755600587587075
77200,0.06,0,0.40311954504648045,0.631578947368421,0.6198388829215897,0.35,0,0,0,51.60325347566585,25.417886109611107,44.75470944215814
77300,0.06,0,0.40310417579212626,0.631578947368421,0.616358754027927,0.36,0,0,0,51.61188515180301,25.416053436743713,44.74893066265809
77400,0.06,0,0.40301874437571333,0.631578947368421,0.6185714285714285,0.34,0,0,0,51.61411146153439,25.41775115344651,44.756485887835844
77500,0.06,0,0.40303312265808267,0.631578947368421,0.6181525241675617,0.41,0,0,0,51.6097987742824,25.41551009768193,44.75862905989328
77600,0.06,0,0.4031257152292393,0.631578947368421,0.6212137486573577,0.51,0,0,0,51.60063191080979,25.41113057507291,44.756298156833736
77700,0.06,0,0.40313499849718315,0.631578947368421,0.6185177228786252,0.31,0,0,0,51.59769448170055,25.413144705608453,44.75781541606284
77800,0.06,0,0.4031803631618526,0.631578947368421,0.6213211600429646,0.4,0,0,0,51.599044375749685,25.411005295206714,44.75160861136149
77900,0.06,0,0.4032697598519574,0.631578947368421,0.62312567132116,0.48,0,0,0,51.59111714879131,25.414852979563573,44.74856287019175
78000,0.06,0,0.4031772440062331,0.631578947368421,0.6135016111707841,0.32,0,0,0,51.609629984495676,25.414463593183527,44.74277579275543
78100,0.06,0,0.4031749884485095,0.631578947368421,0.6230075187969925,0.38,0,0,0,51.60640349535144,25.415228237166698,44.745823488923584
78200,0.06,0,0.4030411898303809,0.631578947368421,0.6257679914070892,0.46,0,0,0,51.6209223486844,25.415067751823035,44.748088527523706
78300,0.06,0,0.4030974628343218,0.631578947368421,0.6235982814178302,0.4,0,0,0,51.61320315333591,25.417584018102843,44.74853315251218
78400,0.06,0,0.4032815163955391,0.631578947368421,0.6206766917293233,0.4,0,0,0,51.59876245509927,25.414102803791934,44.74062822124321
78500,0.06,0,0.40330895020677343,0.631578947368421,0.6151450053705693,0.22,0,0,0,51.59674068531978,25.414096040025058,44.7393378822227
78600,0.06,0,0.40343347106834776,0.631578947368421,0.6129752953813105,0.44,0,0,0,51.57827194539851,25.4150090336155,44.74154392518104
78700,0.06,0,0.40337587216769805,0.631578947368421,0.6195273899033298,0.33,0,0,0,51.581178606892266,25.41214453918179,44.7454110657512
78800,0.06,0,0.4032975715826908,0.631578947368421,0.6136305048335123,0.38,0,0,0,51.582579054891475,25.409901515498454,44.75288337014759
78900,0.06,0,0.40336810650606814,0.631578947368421,0.6183029001074114,0.36,0,0,0,51.57882712953096,25.41062578978945,44.74831248787253
79000,0.06,0,0.40350095067436986,0.631578947368421,0.6186680988184747,0.46,0,0,0,51.570939310034085,25.411322835596536,44.740422090343614
79100,0.06,0,0.40348381869937794,0.631578947368421,0.614468313641246,0.33,0,0,0,51.58047446027226,25.412050214951037,44.73405072294745
79200,0.06,0,0.4034717600946928,0.631578947368421,0.6166272824919441,0.41,0,0,0,51.585809796782605,25.410649546554076,44.73076087266109
79300,0.06,0,0.4034933167487638,0.631578947368421,0.6071106337271751,0.31,0,0,0,51.5809406017457,25.409228375301122,44.73259344769996
79400,0.06,0,0.40340341558184484,0.631578947368421,0.6095918367346939,0.4,0,0,0,51.59120245006989,25.408732485617683,44.73366280101958
79500,0.06,0,0.40342575580163886,0.631578947368421,0.6276047261009667,0.47,0,0,0,51.58654397306063,25.41189964175535,44.73522502690616
79600,0.06,0,0.40353794386011027,0.631578947368421,0.6218259935553169,0.35,0,0,0,51.584191521326865,25.408817137314017,44.724827677833034
79700,0.06,0,0.4034779432046867,0.631578947368421,0.6183995703544576,0.37,0,0,0,51.58378691766926,25.406700066016636,44.7318295027955
79800,0.06,0,0.4035188230866709,0.631578947368421,0.6193233082706767,0.45,0,0,0,51.58175411444716,25.40496449319912,44.729060462345366
79900,0.06,0,0.40350863928695296,0.631578947368421,0.6159613319011815,0.44,0,0,0,51.586106247071726,25.405952729007808,44.72641561598043
80000,0.06,0,0.4034374250176233,0.631578947368421,0.6144038668098818,0.39,0,0,0,51.59026718008833,25.40694146685863,44.730702690413096
80100,0.06,0,0.4035275419820215,0.631578947368421,0.6225671321160043,0.47,0,0,0,51.58968695274272,25.409873424983683,44.72121626981211
80200,0.06,0,0.4034882601376048,0.631578947368421,0.6165950590762621,0.42,0,0,0,51.59190621917076,25.40835956979611,44.723646225380314
80300,0.06,0,0.40339875534409875,0.631578947368421,0.6162943071965629,0.39,0,0,0,51.59775271308079,25.40800374499974,44.728500641795115
80400,0.06,0,0.40344296835584165,0.631578947368421,0.6234693877551021,0.34,0,0,0,51.60253495844129,25.407584956832373,44.71945413645242
80500,0.06,0,0.40352489629876886,0.631578947368421,0.61656283566058,0.38,0,0,0,51.59184506431192,25.4114102048139,44.71963875924952
80600,0.06,0,0.403548439024896,0.631578947368421,0.6172610096670247,0.39,0,0,0,51.58846753806984,25.412340199455514,44.719957496956894
80700,0.06,0,0.4034517356745861,0.631578947368421,0.6149409237379162,0.34,0,0,0,51.59057604493033,25.409968873063903,44.72884828122836
80800,0.06,0,0.40346333099499976,0.631578947368421,0.624704618689581,0.41,0,0,0,51.58594804145631,25.40779360497569,44.73157550545495
80900,0.06,0,0.4035230026019542,0.631578947368421,0.6214285714285714,0.39,0,0,0,51.58697249551526,25.410253592398277,44.72407256954053
81000,0.06,0,0.40355753326714483,0.631578947368421,0.6177765843179377,0.29,0,0,0,51.57520380209268,25.411387907550267,44.730450218995514
81100,0.06,0,0.4034599156667992,0.631578947368421,0.6226208378088077,0.39,0,0,0,51.57187966137825,25.41385077108236,44.74415666793721
81200,0.06,0,0.40343279201174853,0.631578947368421,0.6183673469387755,0.42,0,0,0,51.57243032041091,25.41461663195847,44.74668713090649
81300,0.06,0,0.4034282960417109,0.631578947368421,0.6274006444683137,0.41,0,0,0,51.58157508298123,25.414424044517716,44.739252694734745
81400,0.06,0,0.40333475150502307,0.631578947368421,0.6223523093447906,0.37,0,0,0,51.583155512910146,25.415153530273006,44.74825790964025
81500,0.06,0,0.40339488370444637,0.631578947368421,0.61859291084855,0.41,0,0,0,51.590217787308276,25.412471420462623,44.73546274140644
81600,0.06,0,0.40343106873196544,0.631578947368421,0.6186466165413533,0.31,0,0,0,51.604077646286505,25.41084447328436,44.71943627020754
81700,0.06,0,0.40329613532624986,0.631578947368421,0.6244575725026853,0.39,0,0,0,51.61221162333381,25.409913303724757,44.727348294265724
81800,0.06,0,0.40344216292253227,0.631578947368421,0.6199248120300752,0.47,0,0,0,51.6005561854635,25.409896342603417,44.72125831511002
81900,0.06,0,0.40340401782351104,0.631578947368421,0.6163265306122448,0.43,0,0,0,51.59391881652185,25.40936763777418,44.73124084060206
82000,0.06,0,0.4033587774954309,0.631578947368421,0.6202470461868959,0.4,0,0,0,51.587019392976664,25.41002683232909,44.742241032439296
82100,0.06,0,0.40321349294132824,0.631578947368421,0.619656283566058,0.55,0,0,0,51.60984078099464,25.409138768128425,44.738570680481
82200,0.06,0,0.4033204250093933,0.631578947368421,0.6265520945220193,0.46,0,0,0,51.596157327427605,25.409864031166617,44.73857082947001
82300,0.06,0,0.4033210317063806,0.631578947368421,0.6157142857142858,0.44,0,0,0,51.59271472564596,25.406565926954702,44.74148877551945
82400,0.06,0,0.4033112917956976,0.631578947368421,0.6267454350161117,0.43,0,0,0,51.5870156320783,25.406218291195184,44.74751222711474
82500,0.06,0,0.40332653077046626,0.631578947368421,0.6230827067669172,0.35,0,0,0,51.569990204799865,25.40798388820904,44.7605940036255
82600,0.06,0,0.4033261025565181,0.631578947368421,0.6122663802363051,0.36,0,0,0,51.5716627012141,25.40669160259356,44.7591899148597
82700,0.06,0,0.4032371526131801,0.631578947368421,0.6215145005370569,0.46,0,0,0,51.585219492851834,25.405165819228724,44.75729784910007
82800,0.06,0,0.4032842722588309,0.631578947368421,0.6274973147153599,0.51,0,0,0,51.57199727025131,25.40168862140252,44.76354211985978
82900,0.06,0,0.4032509581800346,0.631578947368421,0.6190010741138561,0.37,0,0,0,51.56696831483918,25.4014067719134,44.77160603133842
83000,0.06,0,0.4033911694639921,0.631578947368421,0.621203007518797,0.45,0,0,0,51.54706340123293,25.402947108346435,44.773326811575316
83100,0.06,0,0.4032784676533034,0.631578947368421,0.6165843179377014,0.32,0,0,0,51.55331669364273,25.403847263798447,44.78040693044302
83200,0.06,0,0.4033234828097049,0.631578947368421,0.6194307196562836,0.42,0,0,0,51.544266706982384,25.40281526145923,44.78327049558639
83300,0.06,0,0.4034144873682173,0.631578947368421,0.620859291084855,0.4,0,0,0,51.54709928624223,25.40101412700273,44.770707685011615
83400,0.06,0,0.4033435788176446,0.631578947368421,0.6177228786251343,0.31,0,0,0,51.554468298131404,25.400725397856345,44.772177968253196
83500,0.06,0,0.4033523301965215,0.631578947368421,0.6188184747583244,0.51,0,0,0,51.558059751086525,25.403317739738696,44.768087872205264
83600,0.06,0,0.4033490184353041,0.631578947368421,0.6228893662728249,0.38,0,0,0,51.55076354815494,25.40176077242138,44.774791721184194
83700,0.06,0,0.40311901449276866,0.631578947368421,0.6280880773361976,0.44,0,0,0,51.55288133391546,25.401785017810507,44.79849807390592
83800,0.06,0,0.40319830736866563,0.631578947368421,0.6195381310418905,0.38,0,0,0,51.53984155508779,25.404552446053284,44.80101997667411
83900,0.06,0,0.40321916949034137,0.631578947368421,0.6211278195488722,0.37,0,0,0,51.53581808125013,25.402543293461022,44.80219951828954
84000,0.06,0,0.40316961897969317,0.631578947368421,0.6177873254564984,0.37,0,0,0,51.53166262116018,25.402839165514226,44.81131906294033
84100,0.06,0,0.4032132136168148,0.631578947368421,0.6216541353383459,0.39,0,0,0,51.52874100316124,25.403767235603638,44.80901462281924
84200,0.06,0,0.40320485617564195,0.631578947368421,0.6210418904403867,0.44,0,0,0,51.52924065647802,25.406111268641748,44.80950890341439
84300,0.06,0,0.4031650182908058,0.631578947368421,0.6206981740064447,0.41,0,0,0,51.52298411816425,25.40470087778354,44.81937850408909
84400,0.06,0,0.40315085873853984,0.631578947368421,0.6181632653061224,0.36,0,0,0,51.52307991906482,25.405588572540353,44.82086932095238
84500,0.06,0,0.40305968217383564,0.631578947368421,0.6222878625134264,0.45,0,0,0,51.51676716649448,25.401614265282415,44.83650179228684
84600,0.06,0,0.40306482762784884,0.631578947368421,0.617905477980666,0.33,0,0,0,51.509762613922696,25.401549168288774,44.842026429155155
84700,0.06,0,0.4030463347297733,0.631578947368421,0.620891514500537,0.38,0,0,0,51.514764898983614,25.398265049511135,44.83972937143938
84800,0.06,0,0.4031130982783402,0.631578947368421,0.617905477980666,0.43,0,0,0,51.51368889486697,25.397103853819058,44.83323946533893
84900,0.06,0,0.40316740811514634,0.631578947368421,0.6211600429645543,0.38,0,0,0,51.51828490484964,25.398131501451296,44.82320098356746
85000,0.06,0,0.4032326190428054,0.631578947368421,0.6163802363050483,0.37,0,0,0,51.528026406100615,25.400867076465865,44.80747959203678
85100,0.06,0,0.4031911196754715,0.631578947368421,0.6135982814178302,0.36,0,0,0,51.52994614273786,25.39589910510449,44.810422039801644
85200,0.06,0,0.40319895802701666,0.631578947368421,0.6199462943071966,0.44,0,0,0,51.530682030645956,25.39650330620277,44.80891100071985
85300,0.06,0,0.4030754313830312,0.631578947368421,0.6252524167561762,0.49,0,0,0,51.53574440315003,25.39704072317294,44.8182402135171
85400,0.06,0,0.4029796053056339,0.631578947368421,0.6270354457572502,0.35,0,0,0,51.54709843277041,25.40057690668761,44.81902347192938
85500,0.06,0,0.4028148503842316,0.631578947368421,0.6229645542427498,0.31,0,0,0,51.563712339435774,25.40133231486138,44.822908194339156
85600,0.06,0,0.40281164357822263,0.631578947368421,0.6286680988184747,0.42,0,0,0,51.55687698936313,25.40341717878458,44.82920764774088
85700,0.06,0,0.4028184571110352,0.631578947368421,0.6191514500537056,0.39,0,0,0,51.54935512936154,25.404402678767333,44.83499055179362
85800,0.06,0,0.4029033914749582,0.631578947368421,0.6268850698174007,0.4,0,0,0,51.56094449134646,25.40302851318841,44.815463632814144
85900,0.06,0,0.4028953509596549,0.631578947368421,0.6238882921589689,0.42,0,0,0,51.561451367181974,25.40425713326493,44.8159174394792
86000,0.06,0,0.40299334050249547,0.631578947368421,0.618936627282492,0.35,0,0,0,51.55732175649885,25.40564747313428,44.80860902721783
86100,0.06,0,0.4029508359057998,0.631578947368421,0.629108485499463,0.41,0,0,0,51.569695908350226,25.404629291652945,44.8025826258304
86200,0.06,0,0.40292777763854887,0.631578947368421,0.6212244897959184,0.3,0,0,0,51.5647548888709,25.402416952337653,44.80943983696326
86300,0.06,0,0.4028453210599885,0.631578947368421,0.6190225563909775,0.33,0,0,0,51.57063105371583,25.401908426348722,44.813504864988666
86400,0.06,0,0.4029317307973828,0.631578947368421,0.6274758324382385,0.31,0,0,0,51.56155669754065,25.40207280662437,44.811779564816675
86500,0.06,0,0.40297511906445876,0.631578947368421,0.6232330827067669,0.3,0,0,0,51.55737641826758,25.404463070869827,44.81058764176455
86600,0.06,0,0.40304142464948517,0.631578947368421,0.6286895810955961,0.5,0,0,0,51.550189046944716,25.40486541859153,44.80946239046857
86700,0.06,0,0.40309305579398974,0.631578947368421,0.6265735767991407,0.31,0,0,0,51.54449854333594,25.406282466962537,44.808669185753345
86800,0.06,0,0.4031646742515401,0.631578947368421,0.6198066595059076,0.41,0,0,0,51.53449755226621,25.405910211142796,44.80940354725455
86900,0.06,0,0.40321522426009365,0.631578947368421,0.6210848549946294,0.37,0,0,0,51.53579381810469,25.408467611520344,44.80265897533918
87000,0.06,0,0.40320821814696356,0.631578947368421,0.6180021482277122,0.45,0,0,0,51.52765728681309,25.406756085934898,44.81051219866768
87100,0.06,0,0.4031295588432635,0.631578947368421,0.6164661654135338,0.39,0,0,0,51.528844437765116,25.410470783027318,44.81822312802163
87200,0.06,0,0.4030508411566157,0.631578947368421,0.6249731471535983,0.43,0,0,0,51.52923554468082,25.40958704616975,44.82663609676736
87300,0.06,0,0.40313576435570453,0.631578947368421,0.621203007518797,0.4,0,0,0,51.52165784508554,25.41177629930783,44.82378469186
87400,0.06,0,0.4030931711237066,0.631578947368421,0.6225886143931256,0.44,0,0,0,51.519568890183024,25.41580458314958,44.83033869482927
87500,0.06,0,0.40297540875417515,0.631578947368421,0.6208163265306123,0.44,0,0,0,51.53383325705911,25.41684070941447,44.83102706939991
87600,0.06,0,0.4030363941925018,0.631578947368421,0.6178195488721805,0.34,0,0,0,51.533593216476284,25.415114632336696,44.82445225286691
87700,0.06,0,0.4030705337406292,0.631578947368421,0.6222986036519871,0.42,0,0,0,51.53900279620066,25.413375269844945,44.81595126424921
87800,0.06,0,0.4031413521769731,0.631578947368421,0.621203007518797,0.27,0,0,0,51.5358706082332,25.41153358084544,44.81080189622939
87900,0.06,0,0.40314431218062274,0.631578947368421,0.6207841031149302,0.37,0,0,0,51.54243620483621,25.413538089135958,44.80476481889282
88000,0.06,0,0.4030981317045281,0.631578947368421,0.6184425349087003,0.35,0,0,0,51.54020845275351,25.416018894935345,44.811834669487496
88100,0.06,0,0.40322533350084916,0.631578947368421,0.621342642320086,0.44,0,0,0,51.545563607636616,25.414605701883264,44.793044183297596
88200,0.06,0,0.4032362715114231,0.631578947368421,0.6237271750805585,0.41,0,0,0,51.54361504562563,25.41703028987152,44.79352246334572
88300,0.06,0,0.40324514602933015,0.631578947368421,0.6233834586466166,0.35,0,0,0,51.54466984680877,25.42011937972445,44.791620032051554
88400,0.06,0,0.4031888960924367,0.631578947368421,0.6169817400644468,0.41,0,0,0,51.54592843635009,25.42052621916791,44.79677520491199
88500,0.06,0,0.4032955061014191,0.631578947368421,0.6225349087003222,0.38,0,0,0,51.55620549205753,25.423863512350543,44.776006014919645
88600,0.06,0,0.40341465120786035,0.631578947368421,0.6185821697099892,0.36,0,0,0,51.558062020749006,25.42438088983207,44.76116995930034
88700,0.06,0,0.4032880750702923,0.631578947368421,0.6274543501611171,0.4,0,0,0,51.56172892406144,25.427155532170293,44.772034447233764
88800,0.06,0,0.4032875951700038,0.631578947368421,0.6222126745435016,0.36,0,0,0,51.56662422293799,25.428199656874302,44.76783744154208
88900,0.06,0,0.4034498996576424,0.631578947368421,0.616358754027927,0.51,0,0,0,51.55575397929586,25.4282041769902,44.75926297057647
89000,0.06,0,0.40341702422791254,0.631578947368421,0.6210204081632653,0.39,0,0,0,51.563384383481235,25.42459785697676,44.7562864483852
89100,0.06,0,0.4033605304958394,0.631578947368421,0.6210204081632653,0.42,0,0,0,51.56348584485705,25.42550022381087,44.7624668299428
89200,0.06,0,0.40350108035872045,0.631578947368421,0.6202255639097745,0.48,0,0,0,51.553035507039986,25.422149546351623,44.75594556305899
89300,0.06,0,0.40344503221615635,0.631578947368421,0.6211385606874329,0.29,0,0,0,51.558460882719295,25.4251021846466,44.75745301468042
89400,0.06,0,0.4033886704364581,0.631578947368421,0.615810955961332,0.38,0,0,0,51.55608981345151,25.42635502602126,44.765765247872004
89500,0.06,0,0.4035318478902025,0.631578947368421,0.6083029001074114,0.38,0,0,0,51.545331311196,25.429018273007955,44.759222032567926
89600,0.06,0,0.4034055967857554,0.631578947368421,0.6145864661654136,0.32,0,0,0,51.56008829883136,25.42896490293367,44.760415497450765
89700,0.06,0,0.40335554423121806,0.631578947368421,0.6175187969924812,0.39,0,0,0,51.557467262585305,25.430181634515908,44.76824561139444
89800,0.06,0,0.4033314427163406,0.631578947368421,0.6130827067669173,0.52,0,0,0,51.56510984870408,25.431708416137234,44.76428518386044
89900,0.06,0,0.40330593320773317,0.631578947368421,0.6225456498388829,0.33,0,0,0,51.566856270523346,25.430947266974556,44.76560043612159
90000,0.06,0,0.40321235230470237,0.631578947368421,0.6171643394199785,0.39,0,0,0,51.57537807304228,25.431450503256173,44.7685916727002
90100,0.06,0,0.4032633574368274,0.631578947368421,0.6199677765843179,0.41,0,0,0,51.57859667769319,25.429515992531282,44.76013600497883
90200,0.06,0,0.40324678978200473,0.631578947368421,0.6198711063372717,0.43,0,0,0,51.56701526029904,25.428929211106094,44.772028079930685
90300,0.06,0,0.40316440758140326,0.631578947368421,0.6160257787325456,0.44,0,0,0,51.571186248534865,25.426605089095553,44.777554926097785
90400,0.06,0,0.40310507822108477,0.631578947368421,0.6242212674543501,0.43,0,0,0,51.577591196402196,25.429217344141126,44.778583993906174
90500,0.06,0,0.4030799691460098,0.631578947368421,0.6264124597207305,0.37,0,0,0,51.58299994417677,25.427173027517757,44.77667782625793
90600,0.06,0,0.4030189012841793,0.631578947368421,0.6295596133190118,0.35,0,0,0,51.59260978988361,25.42639375846239,44.77512111259423
90700,0.06,0,0.4029634090177277,0.631578947368421,0.6182062298603652,0.43,0,0,0,51.602279129325915,25.425159445044418,44.772895905850426
90800,0.06,0,0.4029485604550566,0.631578947368421,0.6219011815252417,0.4,0,0,0,51.598171695408624,25.425904338142292,44.778110021139256
90900,0.06,0,0.4029385578784691,0.631578947368421,0.6192051557465091,0.36,0,0,0,51.603785941657414,25.428111745131737,44.77434983012045
91000,0.06,0,0.4030583763873788,0.631578947368421,0.6165413533834586,0.45,0,0,0,51.59330831828063,25.427705143697782,44.770129728748614
91100,0.06,0,0.40301673411905986,0.631578947368421,0.6187755102040816,0.36,0,0,0,51.603151094390164,25.429501154528506,44.76621533593871
91200,0.06,0,0.40301362968367127,0.631578947368421,0.621031149301826,0.38,0,0,0,51.59742543588809,25.43194416011515,44.771527824127425
91300,0.06,0,0.4029718571119679,0.631578947368421,0.6244038668098818,0.41,0,0,0,51.59631522576218,25.433392456018964,44.77713235667599
91400,0.06,0,0.4030881619368455,0.631578947368421,0.6192803437164339,0.38,0,0,0,51.59656140104351,25.434853343940556,44.763999033925515
91500,0.06,0,0.40305026709901426,0.631578947368421,0.6187862513426423,0.29,0,0,0,51.60078397534169,25.433048559818218,44.764544297150046
91600,0.06,0,0.40308946941445195,0.631578947368421,0.6221160042964554,0.35,0,0,0,51.603635407715956,25.43382796775753,44.757717450061726
91700,0.06,0,0.40307223790281904,0.631578947368421,0.6183243823845328,0.34,0,0,0,51.606185441148654,25.434343298060018,44.75741913936723
91800,0.06,0,0.40314396832637606,0.631578947368421,0.6191621911922663,0.41,0,0,0,51.59006431874125,25.43253636452671,44.76343909550912
91900,0.06,0,0.40319073244555176,0.631578947368421,0.619484425349087,0.43,0,0,0,51.594832423977245,25.43557970808373,44.75411089700724
92000,0.06,0,0.4031811813662865,0.631578947368421,0.6177980665950591,0.4,0,0,0,51.60134574142372,25.436399078319216,44.749521923156756
92100,0.06,0,0.40320779342657753,0.631578947368421,0.620343716433942,0.38,0,0,0,51.601595934182974,25.434388065711477,44.74635146048112
92200,0.06,0,0.40323771747529896,0.631578947368421,0.6190225563909775,0.37,0,0,0,51.60600494604457,25.436840626707127,44.739208191761705
92300,0.06,0,0.4033612716560415,0.631578947368421,0.6159398496240601,0.35,0,0,0,51.603715134842815,25.43462956527934,44.72748866390371
92400,0.06,0,0.403290326949295,0.631578947368421,0.6231149301825993,0.41,0,0,0,51.60592344382761,25.434664814667386,44.733442582490994
92500,0.06,0,0.4032930997673932,0.631578947368421,0.6197529538131041,0.39,0,0,0,51.60057959425027,25.43855934572487,44.7377676648915
92600,0.06,0,0.403221700275886,0.631578947368421,0.621031149301826,0.33,0,0,0,51.60198083432341,25.440046023793546,44.74447443610228
92700,0.06,0,0.4032210134404542,0.631578947368421,0.6276047261009667,0.43,0,0,0,51.59292548630289,25.4404952993544,44.75240400601957
92800,0.06,0,0.4032261111035794,0.631578947368421,0.6220193340494092,0.4,0,0,0,51.59540205597929,25.439478741298558,44.74969015751205
92900,0.06,0,0.4031554418809837,0.631578947368421,0.624468313641246,0.44,0,0,0,51.59308741435106,25.436785174210478,44.759542317810954
93000,0.06,0,0.4031475965170933,0.631578947368421,0.626186895810956,0.32,0,0,0,51.584707342594726,25.43659660046229,44.76768479810089
93100,0.06,0,0.40308110953133736,0.631578947368421,0.6185499462943072,0.42,0,0,0,51.591720231617934,25.438658171077066,44.768982791493976
93200,0.06,0,0.40314091624171056,0.631578947368421,0.6266058002148228,0.35,0,0,0,51.59716595374313,25.435567714351734,44.757616875107736
93300,0.06,0,0.40311913316262965,0.631578947368421,0.6192373791621912,0.52,0,0,0,51.59539124638363,25.43954162471934,44.76157500671021
93400,0.06,0,0.4030643896592044,0.631578947368421,0.624124597207304,0.37,0,0,0,51.60148294296856,25.43919224707752,44.762369501482496
93500,0.06,0,0.40317293276851685,0.631578947368421,0.6210955961331901,0.41,0,0,0,51.604861455388296,25.43808780534527,44.74738872411534
93600,0.06,0,0.4032240990874357,0.631578947368421,0.6220193340494092,0.47,0,0,0,51.611788515190156,25.43839342589676,44.73570559887452
93700,0.06,0,0.4032160551771881,0.631578947368421,0.6130075187969924,0.52,0,0,0,51.602126990882,25.438270364212123,44.744974132056484
93800,0.06,0,0.4033489220861584,0.631578947368421,0.6202470461868959,0.42,0,0,0,51.59247485824389,25.43975178856954,44.738603035406136
93900,0.06,0,0.4032676333724328,0.631578947368421,0.620515574650913,0.39,0,0,0,51.5961295542791,25.437043619579995,44.7444516264909
94000,0.06,0,0.4032721541961099,0.631578947368421,0.6128893662728249,0.44,0,0,0,51.59961988886167,25.43956153460105,44.740923426376156
94100,0.06,0,0.40333084467543545,0.631578947368421,0.6197529538131041,0.45,0,0,0,51.58651171566071,25.44177349253642,44.7457800235579
94200,0.06,0,0.40350813930771445,0.631578947368421,0.6217722878625134,0.36,0,0,0,51.57310524361631,25.443066113623196,44.73774607911783
94300,0.06,0,0.4035056316143917,0.631578947368421,0.6140708915145006,0.41,0,0,0,51.57068199152441,25.446428835464175,44.740126306454485
94400,0.06,0,0.4034810302645906,0.631578947368421,0.6103222341568206,0.35,0,0,0,51.5666966469151,25.445293857940513,44.7463121974916
94500,0.06,0,0.403321566911166,0.631578947368421,0.623641245972073,0.44,0,0,0,51.57905747311615,25.442613004675824,44.753276169414875
94600,0.06,0,0.4033026389453111,0.631578947368421,0.616938775510204,0.33,0,0,0,51.57042557131306,25.443823814606382,44.7628677417243
94700,0.06,0,0.40335973830983,0.631578947368421,0.6240494092373792,0.48,0,0,0,51.56502484006291,25.445670388744563,44.76121877143911
94800,0.06,0,0.40343922130939897,0.631578947368421,0.6185177228786252,0.36,0,0,0,51.56434632110762,25.44634697370588,44.75298908682667
94900,0.06,0,0.4034738292708453,0.631578947368421,0.6203866809881847,0.4,0,0,0,51.56658779876742,25.445942310885016,44.74720526010844
95000,0.06,0,0.40351953292456677,0.631578947368421,0.6161224489795918,0.34,0,0,0,51.56698250057128,25.44382573330152,44.74179461390154
95100,0.06,0,0.4036933538178438,0.631578947368421,0.6160902255639098,0.47,0,0,0,51.56584976679277,25.44352771586381,44.723512254471224
95200,0.06,0,0.4037564115404708,0.631578947368421,0.617454350161117,0.48,0,0,0,51.56067753973126,25.445419444674705,44.721013109040044
95300,0.06,0,0.4037950863333459,0.631578947368421,0.6124274973147154,0.32,0,0,0,51.55538454634218,25.442317530773742,44.72132070294888
95400,0.06,0,0.4038257200347754,0.631578947368421,0.6059613319011815,0.35,0,0,0,51.549213897488876,25.443143934489836,44.723281117289716
95500,0.06,0,0.40384753464475764,0.631578947368421,0.6050483351235231,0.41,0,0,0,51.54493912307287,25.44513527924801,44.72457413605209
95600,0.06,0,0.4039496138098767,0.631578947368421,0.6074758324382384,0.4,0,0,0,51.53845115157292,25.445725100542337,44.71890089137329
95700,0.06,0,0.40404902408500437,0.631578947368421,0.6142642320085929,0.4,0,0,0,51.54272307332375,25.445048683245872,44.70419302504228
95800,0.06,0,0.4040395138288872,0.631578947368421,0.6100859291084855,0.42,0,0,0,51.54128005038249,25.44798344035844,44.70649690105972
95900,0.06,0,0.4040752689548975,0.631578947368421,0.6116004296455424,0.47,0,0,0,51.53080521318546,25.44776664245311,44.71162782184917
96000,0.06,0,0.404116718698035,0.631578947368421,0.6059183673469388,0.5,0,0,0,51.52596789800467,25.449219457935154,44.7112389532805
96100,0.06,0,0.4041735477923603,0.631578947368421,0.6099785177228786,0.44,0,0,0,51.52629113052403,25.449595494129554,44.70467185817802
96200,0.06,0,0.4042492234781838,0.631578947368421,0.6065950590762621,0.41,0,0,0,51.509241805601356,25.449778265618054,44.71109739122239
96300,0.06,0,0.4041757670443883,0.631578947368421,0.6077551020408163,0.35,0,0,0,51.5130381231655,25.44988411387742,44.715927716388265
96400,0.06,0,0.40417604366901727,0.631578947368421,0.6082277121374866,0.43,0,0,0,51.51288121054058,25.451375774386776,44.716033320515535
96500,0.06,0,0.40414719922500225,0.631578947368421,0.613297529538131,0.47,0,0,0,51.51016548442153,25.44899862389932,44.721582447729084
96600,0.06,0,0.40407809341383844,0.631578947368421,0.6163694951664876,0.43,0,0,0,51.50268025860162,25.45205017894822,44.735731569852234
96700,0.06,0,0.40419058008774567,0.631578947368421,0.6153168635875402,0.49,0,0,0,51.497776965574836,25.449316035201257,44.727539835926166
96800,0.06,0,0.4041611781553686,0.631578947368421,0.6123308270676692,0.35,0,0,0,51.49955874629023,25.449276047374415,44.729246081537575
96900,0.06,0,0.40415621035496974,0.631578947368421,0.6099785177228786,0.45,0,0,0,51.51039731661609,25.450863372612737,44.72038405497088
97000,0.06,0,0.4041465729732849,0.631578947368421,0.6114715359828142,0.46,0,0,0,51.51712344941302,25.453533429062112,44.71561158639911
97100,0.06,0,0.40405013996837663,0.631578947368421,0.6119656283566058,0.3,0,0,0,51.516126443275674,25.452923846370854,44.727149280092696
97200,0.06,0,0.40412826239095306,0.631578947368421,0.6180236305048336,0.37,0,0,0,51.50210328992278,25.4521860657435,44.730679125416096
97300,0.06,0,0.4041360717079007,0.631578947368421,0.6077551020408163,0.42,0,0,0,51.50320586645244,25.45290646686256,44.728857200537604
97400,0.06,0,0.4040837343574559,0.631578947368421,0.603093447905478,0.48,0,0,0,51.50543725423792,25.452552346764122,44.73271247452346
97500,0.06,0,0.4040905322521086,0.631578947368421,0.6124812030075188,0.41,0,0,0,51.49452933879908,25.454480097920896,44.741435372210454
97600,0.06,0,0.4041643564121515,0.631578947368421,0.6078732545649839,0.39,0,0,0,51.48985263553571,25.456992725636777,44.737325975096
97700,0.06,0,0.40417509146564806,0.631578947368421,0.6094736842105263,0.36,0,0,0,51.48591459807432,25.458844715376756,44.73955949644867
97800,0.06,0,0.4041174509598561,0.631578947368421,0.6156928034371644,0.39,0,0,0,51.490403740380906,25.460479748873887,44.74203970374175
97900,0.06,0,0.40398739127731137,0.631578947368421,0.6165520945220193,0.42,0,0,0,51.50613417926867,25.46297876368435,44.7427749314983
98000,0.06,0,0.4039218558622149,0.631578947368421,0.6149731471535983,0.36,0,0,0,51.5159014211764,25.461887845274923,44.74154989013901
98100,0.06,0,0.40391528277167793,0.631578947368421,0.6139742212674544,0.41,0,0,0,51.52293767713629,25.461333293576757,44.73616773725114
98200,0.06,0,0.40394540125838174,0.631578947368421,0.61312567132116,0.38,0,0,0,51.51574330946623,25.463095612747203,44.739079281983784
98300,0.06,0,0.40397891605993846,0.631578947368421,0.6133190118152524,0.37,0,0,0,51.52038166225491,25.460802257513947,44.73134014770591
98400,0.06,0,0.403899846931628,0.631578947368421,0.6162406015037594,0.38,0,0,0,51.52448808622562,25.45876046224914,44.73653122426034
98500,0.06,0,0.40406987700176533,0.631578947368421,0.613265306122449,0.33,0,0,0,51.51150377447964,25.457578068057547,44.728978197174996
98600,0.06,0,0.4040625070720705,0.631578947368421,0.6056390977443609,0.34,0,0,0,51.508437949384394,25.45916016635242,44.73245638943842
98700,0.06,0,0.40405031154549065,0.631578947368421,0.6076047261009667,0.44,0,0,0,51.500846950320486,25.460271883982934,44.740400124562825
98800,0.06,0,0.40392367308172816,0.631578947368421,0.6071428571428571,0.4,0,0,0,51.511010670627634,25.463008811543855,44.74559660160838
98900,0.06,0,0.4038165488691835,0.631578947368421,0.61968850698174,0.47,0,0,0,51.52619132143751,25.460941186209492,44.74428023812054
99000,0.06,0,0.40371192672714656,0.631578947368421,0.6175187969924812,0.36,0,0,0,51.52608949636375,25.456631472054614,44.755964185972736
99100,0.06,0,0.4036968664111284,0.631578947368421,0.6139634801288937,0.34,0,0,0,51.530919351723426,25.456258359837562,44.753438838641756
99200,0.06,0,0.4037442130895925,0.631578947368421,0.6144575725026853,0.35,0,0,0,51.532444511677944,25.454023462489168,44.74686627538343
99300,0.06,0,0.4038080283134091,0.631578947368421,0.6174113856068744,0.39,0,0,0,51.5303628873402,25.453706401314005,44.74160208046163
99400,0.06,0,0.40375797341049274,0.631578947368421,0.616047261009667,0.39,0,0,0,51.532223732599014,25.451537681269883,44.74553297666134
99500,0.06,0,0.40365538081289737,0.631578947368421,0.6126852846401719,0.49,0,0,0,51.5375333784604,25.44867365799984,44.75229437820786
99600,0.06,0,0.4036110832357993,0.631578947368421,0.6109237379162191,0.29,0,0,0,51.53749826152166,25.44965845829434,44.75723657924479
99700,0.06,0,0.40352619339386736,0.631578947368421,0.6195059076262084,0.28,0,0,0,51.54579533252592,25.450309503360454,44.75944629721327
99800,0.06,0,0.4034951532001356,0.631578947368421,0.6194307196562836,0.38,0,0,0,51.549955731648126,25.448579682896764,44.75927692399784
99900,0.06,0,0.40357172720252626,0.631578947368421,0.6193233082706767,0.4,0,0,0,51.55109147694692,25.452193114569287,44.749798340533594
100000,0.06,0,0.4036398766308096,0.631578947368421,0.6189473684210526,0.42,0,0,0,51.54515894659181,25.455838570605952,44.74739246630709
100100,0.06,0,0.4036886071864774,0.631578947368421,0.6197851772287862,0.34,0,0,0,51.546404864152194,25.458359589144298,44.740909414562864
100200,0.06,0,0.40374580935830184,0.631578947368421,0.615499462943072,0.46,0,0,0,51.54625454778886,25.45779994162427,44.7347010342451
100300,0.06,0,0.4037887131482216,0.631578947368421,0.6197207303974221,0.44,0,0,0,51.539546623981664,25.461849327168053,44.73576948265719
100400,0.06,0,0.40377767157301164,0.631578947368421,0.6206337271750806,0.39,0,0,0,51.52881132291218,25.460339372283798,44.74631313419316
100500,0.06,0,0.4038073377302848,0.631578947368421,0.6102577873254565,0.4,0,0,0,51.52943820863087,25.459760264916333,44.7424814712529
100600,0.06,0,0.403958986971741,0.631578947368421,0.6092373791621912,0.43,0,0,0,51.52068493214843,25.45896687605034,44.733283624800464
100700,0.06,0,0.40405965236710173,0.631578947368421,0.6102363050483351,0.4,0,0,0,51.511895537569224,25.457939504007115,44.72976986784981
100800,0.06,0,0.404111860014071,0.631578947368421,0.6070247046186896,0.32,0,0,0,51.51327747580856,25.460337476318553,44.72279137747593
100900,0.06,0,0.4040429242100046,0.631578947368421,0.6133404940923738,0.36,0,0,0,51.50714076154138,25.46024687052882,44.7357510745689
101000,0.06,0,0.40403952714156466,0.631578947368421,0.6109774436090225,0.5,0,0,0,51.50215821472088,25.45995287291487,44.74045517316786
101100,0.06,0,0.40398582612890943,0.631578947368421,0.616047261009667,0.35,0,0,0,51.49819543955463,25.45935470267877,44.74984565683811
101200,0.06,0,0.40402012014540034,0.631578947368421,0.6171965628356606,0.37,0,0,0,51.49745576308295,25.45781880925367,44.746689906145235
101300,0.06,0,0.4039886442934882,0.631578947368421,0.6163372717508055,0.38,0,0,0,51.49818180902621,25.45576377444201,44.749545332881134
101400,0.06,0,0.40406160846979644,0.631578947368421,0.6170569280343716,0.38,0,0,0,51.49144504352698,25.454265777224553,44.74731824775907
101500,0.06,0,0.4041891316383223,0.631578947368421,0.6124274973147154,0.39,0,0,0,51.488804338273404,25.453681336403978,44.73549453379383
101600,0.06,0,0.4041117051355204,0.631578947368421,0.6162513426423201,0.37,0,0,0,51.49707541414316,25.451584977977266,44.73687925278945
101700,0.06,0,0.40413518907523494,0.631578947368421,0.6130827067669173,0.33,0,0,0,51.50406609446351,25.453369308616452,44.72820781934826
101800,0.06,0,0.40405759258324014,0.631578947368421,0.6102900107411385,0.36,0,0,0,51.50867951369063,25.453891530982716,44.7327906753857
101900,0.06,0,0.40403522815008885,0.631578947368421,0.60796992481203,0.32,0,0,0,51.514061351929556,25.453288091944124,44.73059311933063
102000,0.06,0,0.4040368094798219,0.631578947368421,0.6091944146079484,0.37,0,0,0,51.52124710531799,25.4535201487892,44.72417942632679
102100,0.06,0,0.4040932376835949,0.631578947368421,0.6069924812030075,0.33,0,0,0,51.50822880246776,25.455624367057197,44.72923618169177
102200,0.06,0,0.40409261299288557,0.631578947368421,0.6025993555316863,0.3,0,0,0,51.508478970359796,25.45516629795906,44.7290880864514
102300,0.06,0,0.40419634645806674,0.631578947368421,0.6035445757250268,0.4,0,0,0,51.50704560766595,25.45556779013322,44.71885317931201
102400,0.06,0,0.40414499054788583,0.631578947368421,0.6063587540279269,0.34,0,0,0,51.51396996328518,25.4551317905908,44.718523997522404
102500,0.06,0,0.4041422849052951,0.631578947368421,0.6076691729323308,0.37,0,0,0,51.509087366067625,25.454361576032884,44.72306231947519
102600,0.06,0,0.40421310726102494,0.631578947368421,0.6093555316863588,0.49,0,0,0,51.51255348761274,25.45355517578418,44.71221762184364
102700,0.06,0,0.40429446442199785,0.631578947368421,0.6003007518796992,0.42,0,0,0,51.49590362101343,25.45331686610515,44.71767370157494
102800,0.06,0,0.4044170840136929,0.631578947368421,0.5972932330827068,0.39,0,0,0,51.48175863489437,25.451989316630712,44.71639804572424
102900,0.06,0,0.4043794290299043,0.631578947368421,0.6061117078410312,0.42,0,0,0,51.48765890942771,25.452703248242614,44.71543715210209
103000,0.06,0,0.4044277377157514,0.631578947368421,0.6114178302900107,0.4,0,0,0,51.47910279702478,25.450565124816336,44.71752698198438
103100,0.06,0,0.40445644464923775,0.631578947368421,0.603641245972073,0.44,0,0,0,51.467843220865355,25.45286695007978,44.72413520592575
103200,0.06,0,0.4044924718147769,0.631578947368421,0.6065520945220193,0.32,0,0,0,51.46876938666487,25.4516819884913,44.71934700908821
103300,0.06,0,0.4044496125232522,0.631578947368421,0.6096777658431793,0.49,0,0,0,51.46430688560022,25.4512732333411,44.727963944867604
103400,0.06,0,0.4044699937688581,0.631578947368421,0.6026638023630505,0.46,0,0,0,51.46621549390183,25.44801743943289,44.72405146368074
103500,0.06,0,0.4045275694369459,0.631578947368421,0.6010955961331901,0.37,0,0,0,51.45698891362741,25.44446336317658,44.72570414978958
103600,0.06,0,0.4045308884967152,0.631578947368421,0.6063694951664876,0.4,0,0,0,51.44857831151923,25.443378971064057,44.73264870251565
103700,0.06,0,0.40456952535473084,0.631578947368421,0.6015252416756176,0.42,0,0,0,51.442773428466445,25.445516900174777,44.733423902797554
103800,0.06,0,0.40463952792510116,0.631578947368421,0.6049409237379162,0.37,0,0,0,51.4275727359078,25.446563724134137,44.73890481167163
103900,0.06,0,0.4045006870111578,0.631578947368421,0.6045757250268529,0.39,0,0,0,51.43862263096988,25.44635507669705,44.74464702424267
104000,0.06,0,0.4044116789436681,0.631578947368421,0.6113641245972073,0.36,0,0,0,51.451047068946835,25.447311667192942,44.74368764594098
104100,0.06,0,0.40445994938607205,0.631578947368421,0.6093340494092374,0.33,0,0,0,51.45686074022119,25.44941335392475,44.73329308790238
104200,0.06,0,0.40449549236075744,0.631578947368421,0.6117508055853921,0.5,0,0,0,51.438025553568195,25.449127314292944,44.7457410375067
104300,0.06,0,0.4045800432764265,0.631578947368421,0.604640171858217,0.38,0,0,0,51.42654744179291,25.44919581238252,44.746374782679766
104400,0.06,0,0.4045810445956597,0.631578947368421,0.604092373791622,0.39,0,0,0,51.426217957743745,25.44876810418126,44.746550723556034
104500,0.06,0,0.40452324528393513,0.631578947368421,0.6033834586466166,0.41,0,0,0,51.437713254572955,25.449646666003805,44.74294283962686
104600,0.06,0,0.4046413452474752,0.631578947368421,0.6011063372717508,0.39,0,0,0,51.430914215557074,25.448981365378113,44.735797195583494
104700,0.06,0,0.4048137180463572,0.631578947368421,0.6024704618689581,0.37,0,0,0,51.42147268481119,25.449482909948742,44.72495882045595
104800,0.06,0,0.40489864014759397,0.631578947368421,0.6056390977443609,0.48,0,0,0,51.41898677052716,25.451420812366347,44.717740185301864
104900,0.06,0,0.4049917180746912,0.631578947368421,0.6005048335123523,0.41,0,0,0,51.42330223995423,25.45376780901872,44.70371097996323
105000,0.06,0,0.4050238640173683,0.631578947368421,0.5955209452201934,0.35,0,0,0,51.41767474219886,25.453573157373157,44.70505522274944
105100,0.06,0,0.4051057840322579,0.631578947368421,0.5948872180451128,0.31,0,0,0,51.42197896436416,25.451472808942455,44.6922737866016
105200,0.06,0,0.4051497172919537,0.631578947368421,0.6043931256713212,0.34,0,0,0,51.415952951725174,25.45217362569206,44.69266490733453
105300,0.06,0,0.4049853831324958,0.631578947368421,0.5974865735767991,0.41,0,0,0,51.42690219123374,25.45178777830662,44.701280885225195
105400,0.06,0,0.40501568921843695,0.631578947368421,0.5995488721804512,0.31,0,0,0,51.428676556281125,25.45468621815419,44.69639388043187
105500,0.06,0,0.40496586535189966,0.631578947368421,0.599452201933405,0.46,0,0,0,51.433820098141034,25.45293961726881,44.69742265065822
105600,0.06,0,0.40499744063993914,0.631578947368421,0.6043501611170784,0.43,0,0,0,51.43501074115126,25.45240607869947,44.692903256012016
105700,0.06,0,0.4050507630542983,0.631578947368421,0.601031149301826,0.41,0,0,0,51.426939668486405,25.450155521366057,44.69403300595077
105800,0.06,0,0.40503440046610645,0.631578947368421,0.5980451127819549,0.34,0,0,0,51.422207648108234,25.45053754292047,44.699951596858426
105900,0.06,0,0.40498305141281515,0.631578947368421,0.6083243823845328,0.42,0,0,0,51.43841486267651,25.451341961063566,44.691533396453686
106000,0.06,0,0.40499127081031766,0.631578947368421,0.6080665950590762,0.51,0,0,0,51.43392573819417,25.44923186383984,44.69452694384301
106100,0.06,0,0.40504374374888674,0.631578947368421,0.6028249194414608,0.35,0,0,0,51.43605659280876,25.44635937635859,44.686885488989965
106200,0.06,0,0.40502964267080116,0.631578947368421,0.6024489795918367,0.38,0,0,0,51.4352264599437,25.44738717115451,44.68916250362581
106300,0.06,0,0.40495626689397957,0.631578947368421,0.6015037593984962,0.44,0,0,0,51.42597058303411,25.448370840347383,44.70530473956987
106400,0.06,0,0.40486164490383797,0.631578947368421,0.6022019334049409,0.41,0,0,0,51.42162603199412,25.45185848842471,44.7195309922831
106500,0.06,0,0.4050185721742748,0.631578947368421,0.6036197636949516,0.43,0,0,0,51.40622022810943,25.450765277970355,44.71560079187678
106600,0.06,0,0.4050079932106611,0.631578947368421,0.5899033297529538,0.29,0,0,0,51.41135738042678,25.452452596002473,44.71230056830082
106700,0.06,0,0.40500207850076403,0.631578947368421,0.5882277121374866,0.43,0,0,0,51.41694446682922,25.454081248193887,44.708094938366884
106800,0.06,0,0.40511440825622064,0.631578947368421,0.59656283566058,0.35,0,0,0,51.419866290468285,25.452429906109842,44.69315858116443
106900,0.06,0,0.4050295447433189,0.631578947368421,0.5958109559613319,0.35,0,0,0,51.435890797895,25.45164424452902,44.68859611011019
107000,0.06,0,0.40502876017244316,0.631578947368421,0.5954027926960258,0.44,0,0,0,51.443934641851236,25.45674133744248,44.68169509172659
107100,0.06,0,0.4049840455609484,0.631578947368421,0.6003007518796992,0.41,0,0,0,51.44749565003199,25.45939961149903,44.68353538773304
107200,0.06,0,0.40501539279380344,0.631578947368421,0.6101074113856069,0.36,0,0,0,51.45628138950195,25.458244302746877,44.672448229892645
107300,0.06,0,0.4051983343900497,0.631578947368421,0.5970891514500537,0.39,0,0,0,51.45320793222977,25.45578027903946,44.654946437588166
107400,0.06,0,0.40519424272472104,0.631578947368421,0.5971106337271751,0.41,0,0,0,51.45761573072429,25.455584313907146,44.65157223624977
107500,0.06,0,0.40524427535044366,0.631578947368421,0.5970247046186896,0.4,0,0,0,51.44625559867401,25.45752256655894,44.65591796764991
107600,0.06,0,0.40522234222378745,0.631578947368421,0.5947153598281418,0.42,0,0,0,51.452841592201175,25.46045250293326,44.65261872796565
107700,0.06,0,0.4052269315278034,0.631578947368421,0.5914715359828142,0.36,0,0,0,51.44388240903021,25.46057178528603,44.65988939107479
107800,0.06,0,0.4052949912212778,0.631578947368421,0.5969817400644468,0.31,0,0,0,51.43617697582424,25.460573168896463,44.65907900364808
107900,0.06,0,0.40526760074694607,0.631578947368421,0.5943394199785177,0.24,0,0,0,51.44347523986514,25.463011569004323,44.65576114575189
108000,0.06,0,0.4053328165117761,0.631578947368421,0.5976799140708915,0.34,0,0,0,51.4380812566532,25.46404032370362,44.653258296729895
108100,0.06,0,0.4053340758209143,0.631578947368421,0.5980880773361976,0.4,0,0,0,51.42854120402694,25.465632145617104,44.661402770329296
108200,0.06,0,0.40526580238023924,0.631578947368421,0.5993877551020408,0.35,0,0,0,51.44115108942418,25.466469085214296,44.65797689596091
108300,0.06,0,0.40521160759084873,0.631578947368421,0.5988077336197637,0.46,0,0,0,51.44354108047803,25.463987547790307,44.66187462971995
108400,0.06,0,0.40521469990608316,0.631578947368421,0.5939312567132116,0.4,0,0,0,51.45632399478795,25.463022514174796,44.65043886672813
108500,0.06,0,0.4052580756844858,0.631578947368421,0.6009022556390977,0.41,0,0,0,51.45820527161656,25.467250740529987,44.644027604534244
108600,0.06,0,0.40525117242671527,0.631578947368421,0.6010418904403867,0.31,0,0,0,51.45653878194428,25.46686113936891,44.64623397586193
108700,0.06,0,0.40521651178155516,0.631578947368421,0.5978195488721805,0.31,0,0,0,51.45367388297098,25.467749125684758,44.65253892000923
108800,0.06,0,0.4051617708445914,0.631578947368421,0.5986895810955961,0.4,0,0,0,51.46541133052578,25.466619293750007,44.648386825523716
108900,0.06,0,0.40512266831193094,0.631578947368421,0.5932438238453276,0.37,0,0,0,51.461432884688016,25.46769150955192,44.656148365417074
109000,0.06,0,0.4050616831850799,0.631578947368421,0.6029967776584318,0.4,0,0,0,51.47231826030859,25.46736819662514,44.6534263766916
109100,0.06,0,0.4049989113580698,0.631578947368421,0.6011493018259936,0.46,0,0,0,51.46792122779154,25.469985878153615,44.66416277109179
109200,0.06,0,0.40506808731492,0.631578947368421,0.6057894736842105,0.41,0,0,0,51.46506050314211,25.470829904843022,44.65901746618498
109300,0.06,0,0.4049966064094167,0.631578947368421,0.6035016111707842,0.42,0,0,0,51.46852098657207,25.47010292434887,44.66389649622909
109400,0.06,0,0.40511622337734654,0.631578947368421,0.6071106337271751,0.39,0,0,0,51.46271288636505,25.471184575300388,44.655748069846304
109500,0.06,0,0.40526162781209435,0.631578947368421,0.5987110633727175,0.39,0,0,0,51.44868254333833,25.468201344367174,44.651899468741796
109600,0.06,0,0.40525730929056103,0.631578947368421,0.5935982814178303,0.38,0,0,0,51.44882370664713,25.466854251945232,44.65225277488727
109700,0.06,0,0.40531342937191384,0.631578947368421,0.5916756176154673,0.42,0,0,0,51.43698291958252,25.46271244468959,44.65634770147021
109800,0.06,0,0.405442437234088,0.631578947368421,0.5968313641245973,0.43,0,0,0,51.42470241625975,25.46322368261336,44.65279927308549
109900,0.06,0,0.40547924628822085,0.631578947368421,0.5921482277121375,0.44,0,0,0,51.41802999142199,25.462526961585763,44.65453971776549
110000,0.06,0,0.4054948883232299,0.631578947368421,0.5925349087003222,0.3,0,0,0,51.419368617649944,25.46453529075674,44.651654692023044
110100,0.06,0,0.405582225970174,0.631578947368421,0.5897207303974221,0.31,0,0,0,51.40316229627018,25.4627709256968,44.65611413546184
110200,0.06,0,0.4055873829072611,0.631578947368421,0.5876047261009667,0.33,0,0,0,51.39541710466755,25.461014615109068,44.662275850593495
110300,0.06,0,0.405582217308977,0.631578947368421,0.5958968850698174,0.4,0,0,0,51.39799545759251,25.460809136717625,44.66060419300703
110400,0.06,0,0.4055180641865672,0.631578947368421,0.5934586466165414,0.38,0,0,0,51.39930761100594,25.46110771015628,44.66652921474441
110500,0.06,0,0.4055586124962995,0.631578947368421,0.596530612244898,0.34,0,0,0,51.39174921800595,25.4612693617287,44.668632024325966
110600,0.06,0,0.40551632851262837,0.631578947368421,0.5924704618689581,0.37,0,0,0,51.39798485809856,25.462127880657373,44.667869914986554
110700,0.06,0,0.405511832996166,0.631578947368421,0.5978947368421053,0.39,0,0,0,51.396789773783716,25.459957628635447,44.66940373852343
110800,0.06,0,0.40542275550195767,0.631578947368421,0.5914285714285714,0.39,0,0,0,51.400452504026475,25.454990406198455,44.676034496532395
110900,0.06,0,0.40540408373288916,0.631578947368421,0.5985069817400644,0.34,0,0,0,51.39748991533112,25.454081505242055,44.68066742643986
111000,0.06,0,0.40530867249752073,0.631578947368421,0.5919656283566058,0.34,0,0,0,51.40034794534497,25.455000664753268,44.688700450751426
111100,0.06,0,0.40513274724570275,0.631578947368421,0.5923093447905478,0.39,0,0,0,51.40449357627349,25.45719669882734,44.70450053129185
111200,0.06,0,0.40508146126455624,0.631578947368421,0.5915896885069818,0.45,0,0,0,51.39637971859409,25.45802943197517,44.71721873130269
111300,0.06,0,0.4049694365853942,0.631578947368421,0.5956390977443609,0.44,0,0,0,51.40252322686438,25.4555571562987,44.72424265802706
111400,0.06,0,0.4051203300334946,0.631578947368421,0.6050698174006445,0.47,0,0,0,51.390180063207545,25.456945249921837,44.71832251207892
111500,0.06,0,0.4051281693268858,0.631578947368421,0.601374865735768,0.39,0,0,0,51.394726627594146,25.46129414456285,44.71350133669435
111600,0.06,0,0.4051102737627072,0.631578947368421,0.6025993555316863,0.41,0,0,0,51.40082963763886,25.460250825986204,44.7101673020912
111700,0.06,0,0.40504753918151454,0.631578947368421,0.598625134264232,0.37,0,0,0,51.39908955373583,25.461588527320995,44.71860597220665
111800,0.06,0,0.40501415040419814,0.631578947368421,0.5955424274973147,0.35,0,0,0,51.39859542225148,25.461340813756554,44.72272245642937
111900,0.06,0,0.40502719209206384,0.631578947368421,0.5995381310418905,0.44,0,0,0,51.39364706742549,25.45935009806706,44.72558832239713
112000,0.06,0,0.4049985045267711,0.631578947368421,0.6039634801288937,0.39,0,0,0,51.39521145747149,25.461268162624496,44.72739493025635
112100,0.06,0,0.4050427372673646,0.631578947368421,0.5970891514500537,0.4,0,0,0,51.38912656947666,25.463317461899642,44.727805976498985
112200,0.06,0,0.40500429016544304,0.631578947368421,0.5984317937701397,0.48,0,0,0,51.40314427837013,25.462092355225426,44.719853499297685
112300,0.06,0,0.4049578946248933,0.631578947368421,0.6009774436090226,0.33,0,0,0,51.41111283287777,25.464874749874376,44.718044774006
112400,0.06,0,0.40497580551475487,0.631578947368421,0.5973361976369496,0.4,0,0,0,51.40400626700666,25.465226545831776,44.722248989503534
112500,0.06,0,0.4049548899348073,0.631578947368421,0.5998388829215897,0.45,0,0,0,51.399366195335354,25.462717126724026,44.72859636033454
112600,0.06,0,0.4049439294133121,0.631578947368421,0.6041997851772288,0.32,0,0,0,51.41044322280305,25.46353387278168,44.72016941840586
112700,0.06,0,0.404878399812313,0.631578947368421,0.6012137486573577,0.39,0,0,0,51.41815060461977,25.464033520409124,44.72070291606266
112800,0.06,0,0.40492969079062063,0.631578947368421,0.6040494092373792,0.44,0,0,0,51.41940554440535,25.464292692940976,44.713946993199826
112900,0.06,0,0.4049154791253652,0.631578947368421,0.5972287862513427,0.47,0,0,0,51.4243544965524,25.463277848587133,44.71121304665294
113000,0.06,0,0.4048232246463272,0.631578947368421,0.6,0.36,0,0,0,51.429358757437306,25.462973301953323,44.71705065659191
113100,0.06,0,0.4048437769463657,0.631578947368421,0.601170784103115,0.42,0,0,0,51.41352679662246,25.46040015263841,44.72854974137434
113200,0.06,0,0.4046335610078472,0.631578947368421,0.6025671321160043,0.43,0,0,0,51.43086538527218,25.459571193581603,44.73670028627072
113300,0.06,0,0.4046826585166802,0.631578947368421,0.6026423200859291,0.35,0,0,0,51.42769759664591,25.459215751896163,44.734027983428504
113400,0.06,0,0.40474005114401146,0.631578947368421,0.5997851772287862,0.37,0,0,0,51.43081165251283,25.459121229057157,44.724976452391004
113500,0.06,0,0.40477091062449444,0.631578947368421,0.5948979591836735,0.52,0,0,0,51.43696154722589,25.457275545521984,44.71621965808224
113600,0.06,0,0.40472018477019833,0.631578947368421,0.6116863587540279,0.4,0,0,0,51.4497654687085,25.456365008388975,44.71069460444332
113700,0.06,0,0.40460614582165005,0.631578947368421,0.6012459720730398,0.33,0,0,0,51.4551844634249,25.455362100516798,44.71858636479668
113800,0.06,0,0.40457313927923527,0.631578947368421,0.6097099892588614,0.41,0,0,0,51.464992069153034,25.45640031266829,44.71371202043671
113900,0.06,0,0.4046128853623672,0.631578947368421,0.5958968850698174,0.33,0,0,0,51.45928501712965,25.455130906018745,44.71427813884426
114000,0.06,0,0.40466970253769,0.631578947368421,0.6029752953813104,0.37,0,0,0,51.460175751350725,25.455910392858833,44.70722622353092
114100,0.06,0,0.40467116281807797,0.631578947368421,0.6020085929108485,0.43,0,0,0,51.468086988332395,25.456432424416214,44.700192904681465
114200,0.06,0,0.4046517583622478,0.631578947368421,0.6009237379162191,0.38,0,0,0,51.46506500157113,25.456557433476753,44.7049613188669
114300,0.06,0,0.4047968286537213,0.631578947368421,0.5970139634801289,0.35,0,0,0,51.45364841377773,25.458379828025294,44.69885567016208
114400,0.06,0,0.4047780374151935,0.631578947368421,0.5956390977443609,0.41,0,0,0,51.45227705279911,25.456764859780417,44.702122167177436
114500,0.06,0,0.4046514459160158,0.631578947368421,0.6064124597207304,0.29,0,0,0,51.46464166627769,25.455591817651705,44.70536356934269
114600,0.06,0,0.4046094399626636,0.631578947368421,0.6067991407089152,0.45,0,0,0,51.47141106963906,25.45453920914333,44.70412465550704
114700,0.06,0,0.4045974698223943,0.631578947368421,0.6032867883995704,0.37,0,0,0,51.48412911530071,25.455547924723877,44.694403722502216
114800,0.06,0,0.4044663157722615,0.631578947368421,0.6055531686358754,0.35,0,0,0,51.499466968536176,25.453380926613686,44.6955810806766
114900,0.06,0,0.4043992556705245,0.631578947368421,0.6030719656283566,0.41,0,0,0,51.506543138721334,25.45120078980919,44.69685131933903
115000,0.06,0,0.40430302938793633,0.631578947368421,0.600343716433942,0.36,0,0,0,51.516125592105325,25.45054454066869,44.69917342187559
115100,0.06,0,0.4042658227918794,0.631578947368421,0.6090225563909775,0.45,0,0,0,51.50910819500165,25.45077833410176,44.709377508306154
115200,0.06,0,0.40435246167969585,0.631578947368421,0.6122878625134264,0.3,0,0,0,51.51397949738423,25.449471687124806,44.6955708847408
115300,0.06,0,0.40442020870929085,0.631578947368421,0.6090225563909775,0.39,0,0,0,51.510627077866914,25.449050402479454,44.690992036366346
115400,0.06,0,0.40438627367179353,0.631578947368421,0.6061976369495167,0.4,0,0,0,51.51361300066635,25.448578349120382,44.692151712020745
115500,0.06,0,0.40436630980935173,0.631578947368421,0.6053705692803437,0.44,0,0,0,51.507747593089455,25.445092971337047,44.69944773423419
115600,0.06,0,0.4044271907756941,0.631578947368421,0.609108485499463,0.47,0,0,0,51.49634819761268,25.446846906088776,44.70261216792419
115700,0.06,0,0.404397670886804,0.631578947368421,0.6097636949516648,0.48,0,0,0,51.49844300232258,25.4460481291264,44.7040568293763
115800,0.06,0,0.4043012857762078,0.631578947368421,0.6042642320085929,0.38,0,0,0,51.48948470454971,25.44649322996993,44.72249384411222
115900,0.06,0,0.40420702828088056,0.631578947368421,0.6160580021482277,0.45,0,0,0,51.48890555103772,25.45071517150998,44.73342589456085
116000,0.06,0,0.4041742785208514,0.631578947368421,0.6080128893662728,0.31,0,0,0,51.48631565757727,25.450575456462637,44.73930097889301
116100,0.06,0,0.4042724237303064,0.631578947368421,0.6070569280343716,0.52,0,0,0,51.47890912866491,25.454327653858968,44.73487492455164
116200,0.06,0,0.40426136199457435,0.631578947368421,0.6088077336197637,0.4,0,0,0,51.47580217990068,25.453950036771946,44.7387991548055
116300,0.06,0,0.4043521821965907,0.631578947368421,0.6105048335123523,0.49,0,0,0,51.46898812882591,25.455567449461846,44.734672223192696
116400,0.06,0,0.40439010330390046,0.631578947368421,0.6071106337271751,0.39,0,0,0,51.45884834951086,25.4571397671952,44.7392912710884
116500,0.06,0,0.4044388226167679,0.631578947368421,0.6092158968850698,0.47,0,0,0,51.45506474082385,25.458608375699924,44.73719129452912
116600,0.06,0,0.40449268321731874,0.631578947368421,0.6035553168635875,0.43,0,0,0,51.4518862045594,25.45749452478051,44.7339976275433
116700,0.06,0,0.40457937359692514,0.631578947368421,0.6087325456498389,0.46,0,0,0,51.44442638688492,25.45926011047484,44.730897712460894
116800,0.06,0,0.40454228681931503,0.631578947368421,0.6049624060150376,0.37,0,0,0,51.44140018684808,25.45634504730459,44.737630132836586
116900,0.06,0,0.4044744548060369,0.631578947368421,0.602373791621912,0.34,0,0,0,51.45310997413506,25.457018501724285,44.73494964129725
117000,0.06,0,0.4044825335452779,0.631578947368421,0.603780880773362,0.36,0,0,0,51.436558857615864,25.455486353033027,44.74845055244751
117100,0.06,0,0.40443652139806485,0.631578947368421,0.6096992481203007,0.47,0,0,0,51.43094196924124,25.45195251433562,44.75842915225663
117200,0.06,0,0.40447233914796193,0.631578947368421,0.6086788399570354,0.35,0,0,0,51.42873838838487,25.454495171555802,44.75638320906204
117300,0.06,0,0.40436340529457016,0.631578947368421,0.6107626208378089,0.42,0,0,0,51.4422150386609,25.45332212700843,44.75671211798716
117400,0.06,0,0.4043119752030208,0.631578947368421,0.6041138560687432,0.37,0,0,0,51.44479902258554,25.454351906135436,44.76015701104122
117500,0.06,0,0.40438669053952764,0.631578947368421,0.6087003222341568,0.38,0,0,0,51.45283423470448,25.4564652118855,44.74489828192932
117600,0.06,0,0.40435697752330235,0.631578947368421,0.6065091299677766,0.24,0,0,0,51.44828849077003,25.457835060877258,44.75213998527035
117700,0.06,0,0.4044134601252628,0.631578947368421,0.5993662728249194,0.42,0,0,0,51.44290819358973,25.45612937007934,44.75056952713355
117800,0.06,0,0.4042904477008305,0.631578947368421,0.6039097744360902,0.4,0,0,0,51.456420638095736,25.455893131630436,44.7524306037981
117900,0.06,0,0.4041591887198399,0.631578947368421,0.6163694951664876,0.42,0,0,0,51.45813798713665,25.45263136412061,44.765470833210685
118000,0.06,0,0.4042512893679632,0.631578947368421,0.6111493018259936,0.38,0,0,0,51.44939930609913,25.449713533472398,44.762873590904114
118100,0.06,0,0.4043108496011097,0.631578947368421,0.6047153598281417,0.3,0,0,0,51.446622412852776,25.450920655467094,44.75869521287657
118200,0.06,0,0.40444179282412296,0.631578947368421,0.603641245972073,0.36,0,0,0,51.43796510146765,25.450976513242086,44.75173472276101
118300,0.06,0,0.40452546627545516,0.631578947368421,0.6019548872180451,0.39,0,0,0,51.435183838244846,25.45469862773597,44.744897486078905
118400,0.06,0,0.40446214449726736,0.631578947368421,0.5987432867883996,0.29,0,0,0,51.431361680388996,25.453818891569288,44.75522842620583
118500,0.06,0,0.4043357820106912,0.631578947368421,0.6040279269602578,0.47,0,0,0,51.441733616376595,25.45268755657665,44.76018868136835
118600,0.06,0,0.40440700853575395,0.631578947368421,0.6058861439312567,0.4,0,0,0,51.44537192816048,25.450444154660595,44.74914028969084
118700,0.06,0,0.40438860712370717,0.631578947368421,0.6137056928034371,0.41,0,0,0,51.4487268242428,25.450029017624473,44.748258408415694
118800,0.06,0,0.40420494992555905,0.631578947368421,0.6130827067669173,0.46,0,0,0,51.4581987307188,25.448831150174,44.76034996821733
118900,0.06,0,0.4042097534098986,0.631578947368421,0.6138668098818475,0.48,0,0,0,51.456681156374884,25.445422559396658,44.761138120852976
119000,0.06,0,0.40411840073124605,0.631578947368421,0.6154564983888292,0.42,0,0,0,51.4733812501903,25.442151370252763,44.756730918622395
119100,0.06,0,0.4041155937515462,0.631578947368421,0.6068635875402792,0.36,0,0,0,51.47131753391994,25.440379628476652,44.7588363088796
119200,0.06,0,0.4041245893259418,0.631578947368421,0.6012996777658431,0.41,0,0,0,51.47260991013116,25.440009240082208,44.75671622213196
119300,0.06,0,0.40408149002244076,0.631578947368421,0.6087218045112782,0.44,0,0,0,51.472843928774054,25.436653288564294,44.76128646454139
119400,0.06,0,0.4040445537818673,0.631578947368421,0.6069924812030075,0.48,0,0,0,51.4798373703237,25.43799897400833,44.759297079185075
119500,0.06,0,0.4041137199092645,0.631578947368421,0.6082706766917293,0.37,0,0,0,51.475653080140454,25.439127709662266,44.75527401335479
119600,0.06,0,0.40399588390355834,0.631578947368421,0.6121911922663802,0.39,0,0,0,51.48457517010554,25.441472807306667,44.76056987526327
119700,0.06,0,0.404083421821099,0.631578947368421,0.6092696025778732,0.28,0,0,0,51.46898734251878,25.440086167886765,44.76442643482157
119800,0.06,0,0.4041429146792491,0.631578947368421,0.6153276047261009,0.38,0,0,0,51.464442209145155,25.438728372816154,44.761789609468586
119900,0.06,0,0.40406253389202224,0.631578947368421,0.6168206229860366,0.45,0,0,0,51.464768723973386,25.440977431603624,44.77041009706023
120000,0.06,0,0.4041697733217529,0.631578947368421,0.6093018259935553,0.46,0,0,0,51.46495525585723,25.440463150975727,44.75836882149319
120100,0.06,0,0.4041664730558139,0.631578947368421,0.6127926960257787,0.42,0,0,0,51.4710388461048,25.43793878799363,44.753444067674934
120200,0.06,0,0.40421014704666497,0.631578947368421,0.6124812030075188,0.4,0,0,0,51.47131303610653,25.437627654268397,44.74837018155778
120300,0.06,0,0.40435883649932913,0.631578947368421,0.6044575725026853,0.47,0,0,0,51.46857558654932,25.43903883718066,44.73429461151589
120400,0.06,0,0.40434920935377017,0.631578947368421,0.6085714285714285,0.38,0,0,0,51.456895035668765,25.439187771756416,44.745514473626656
120500,0.06,0,0.40442822230545916,0.631578947368421,0.6030075187969924,0.37,0,0,0,51.45630606129658,25.43853860306073,44.737284625371174
120600,0.06,0,0.4044090984233758,0.631578947368421,0.6043931256713212,0.39,0,0,0,51.46120276123117,25.439444324372758,44.73514308383955
120700,0.06,0,0.4044911283723489,0.631578947368421,0.599828141783029,0.38,0,0,0,51.45851022281609,25.440895584843076,44.7284111582423
120800,0.06,0,0.40446471721968763,0.631578947368421,0.609656283566058,0.41,0,0,0,51.45846713276455,25.438031724122165,44.731369336903455
120900,0.06,0,0.4046607889940254,0.631578947368421,0.6036305048335123,0.39,0,0,0,51.45047529452864,25.439254940951372,44.716640270873704
121000,0.06,0,0.40459715965959325,0.631578947368421,0.6016111707841031,0.39,0,0,0,51.448671862144096,25.438609649113822,44.72524037404254
121100,0.06,0,0.40474661806458045,0.631578947368421,0.5948657357679914,0.47,0,0,0,51.434384427715976,25.436878888861845,44.7211441292751
121200,0.06,0,0.4047584264563889,0.631578947368421,0.6006337271750806,0.33,0,0,0,51.44768048620428,25.437037164623113,44.7082821122721
121300,0.06,0,0.40469450712234417,0.631578947368421,0.6015037593984962,0.34,0,0,0,51.45135980008249,25.436129928939618,44.71214592863401
121400,0.06,0,0.40480263062607535,0.631578947368421,0.6029323308270677,0.29,0,0,0,51.43388211285908,25.433831772355493,44.71539275850166
121500,0.06,0,0.4049244320793943,0.631578947368421,0.6051450053705693,0.43,0,0,0,51.443701365764724,25.43135947804513,44.693409920037446
121600,0.06,0,0.40495079209210644,0.631578947368421,0.5984640171858217,0.44,0,0,0,51.44304996887504,25.43029572028584,44.691066523944414
121700,0.06,0,0.4049874529472389,0.631578947368421,0.5990332975295382,0.35,0,0,0,51.441256960088765,25.431415830145628,44.68857852188333
121800,0.06,0,0.4051158186825987,0.631578947368421,0.5996670247046186,0.32,0,0,0,51.429054804453266,25.43314379031081,44.685017955311196
121900,0.06,0,0.4050999961990769,0.631578947368421,0.6018904403866809,0.5,0,0,0,51.43124990639486,25.430023187726512,44.6848560273069
122000,0.06,0,0.40516980259712754,0.631578947368421,0.5974650912996777,0.3,0,0,0,51.42779122708025,25.43263654099996,44.68016198548099
122100,0.06,0,0.4050274636764043,0.631578947368421,0.5982706766917293,0.44,0,0,0,51.438402346393076,25.433907168394697,44.686643732636995
122200,0.06,0,0.40494724724228676,0.631578947368421,0.6020193340494092,0.4,0,0,0,51.442397909398835,25.434456025871473,44.692024230852944
122300,0.06,0,0.40521555262838865,0.631578947368421,0.6000859291084855,0.48,0,0,0,51.43425241103775,25.4363085225201,44.66950536369346
122400,0.06,0,0.4051522771345906,0.631578947368421,0.6027604726100967,0.38,0,0,0,51.425346691528574,25.4376276416063,44.68421868305428
122500,0.06,0,0.40510359094951826,0.631578947368421,0.5996670247046186,0.41,0,0,0,51.42453947954521,25.437126556906495,44.69029041795047
122600,0.06,0,0.40515025582373354,0.631578947368421,0.6076262083780881,0.4,0,0,0,51.41762261980824,25.438517117452715,44.69115421243182
122700,0.06,0,0.4052166295821019,0.631578947368421,0.5988936627282492,0.36,0,0,0,51.41093675168461,25.439231023706213,44.68964490604018
122800,0.06,0,0.4051497100315962,0.631578947368421,0.6017400644468314,0.48,0,0,0,51.413455413502334,25.43966713900156,44.69483676715345
122900,0.06,0,0.4050698521356966,0.631578947368421,0.5989258861439313,0.39,0,0,0,51.42839080274288,25.440436146245528,44.6906657273265
123000,0.06,0,0.40496987310402016,0.631578947368421,0.5984317937701397,0.45,0,0,0,51.43683278425414,25.439120798419346,44.69436237725663
123100,0.06,0,0.4049927813417553,0.631578947368421,0.6057465091299677,0.36,0,0,0,51.440252205797655,25.437911879898326,44.68886343085469
123200,0.06,0,0.40508989156093705,0.631578947368421,0.6032223415682062,0.51,0,0,0,51.43202601163995,25.437005971809743,44.68529634692837
123300,0.06,0,0.4050941196998441,0.631578947368421,0.5928571428571429,0.38,0,0,0,51.43938919294304,25.437545561575185,44.67843363319132
123400,0.06,0,0.40502693760942854,0.631578947368421,0.5984640171858217,0.4,0,0,0,51.4369041338006,25.44132069018449,44.68800337178562
123500,0.06,0,0.40503168044796334,0.631578947368421,0.5986143931256713,0.36,0,0,0,51.437637771440066,25.44290083763637,44.68684272194007
123600,0.06,0,0.4051284496821959,0.631578947368421,0.6010633727175081,0.36,0,0,0,51.4345545238116,25.439683873721194,44.67884691057729
123700,0.06,0,0.40520743925704594,0.631578947368421,0.6008055853920515,0.39,0,0,0,51.42224576650899,25.439320725141425,44.68082991803859
123800,0.06,0,0.40518584991916595,0.631578947368421,0.5981847475832438,0.31,0,0,0,51.423354690456605,25.44034346347644,44.68224705142283
123900,0.06,0,0.40522634470348967,0.631578947368421,0.5990977443609022,0.39,0,0,0,51.41163930962832,25.442319905627503,44.68796280677
124000,0.06,0,0.4052279096654438,0.631578947368421,0.5964554242749731,0.34,0,0,0,51.41452665887698,25.442174759403667,44.685280637391216
124100,0.06,0,0.40520584997919706,0.631578947368421,0.5946831364124597,0.51,0,0,0,51.41346032228045,25.44303824897683,44.68864017672269
124200,0.06,0,0.40515502324774466,0.631578947368421,0.599172932330827,0.35,0,0,0,51.41761066080318,25.444161551319517,44.69063872990181
124300,0.06,0,0.40514739131364125,0.631578947368421,0.6022986036519871,0.41,0,0,0,51.41915017180359,25.445447944620327,44.69014250477177
124400,0.06,0,0.4051854315761021,0.631578947368421,0.5957142857142858,0.42,0,0,0,51.41367123397607,25.446149350078446,44.69070882645663
124500,0.06,0,0.4051891108137717,0.631578947368421,0.6005585392051558,0.43,0,0,0,51.41148700040213,25.446158018509404,44.692201703434165
124600,0.06,0,0.4051801472626852,0.631578947368421,0.6019011815252416,0.41,0,0,0,51.4069354400885,25.444536103078224,44.69714752811418
124700,0.06,0,0.4050632404493381,0.631578947368421,0.5951127819548873,0.36,0,0,0,51.40390204286,25.444477366873247,44.712686124641074
124800,0.06,0,0.4051689749505494,0.631578947368421,0.6025886143931257,0.37,0,0,0,51.393444728820334,25.445365561979173,44.71011329306736
124900,0.06,0,0.4052547730379053,0.631578947368421,0.5933190118152524,0.27,0,0,0,51.385971719830614,25.445133314397612,44.707148307705026
125000,0.06,0,0.4051711069125432,0.631578947368421,0.5893770139634801,0.32,0,0,0,51.398388363583294,25.44559934340946,44.70557771787755
125100,0.06,0,0.4052361715383441,0.631578947368421,0.5942320085929108,0.42,0,0,0,51.395318730823064,25.44383482025439,44.70106945378579
125200,0.06,0,0.405266377681416,0.631578947368421,0.6025886143931257,0.39,0,0,0,51.39586085729135,25.444393676830412,44.69726622790923
125300,0.06,0,0.40530932442860373,0.631578947368421,0.5896455424274973,0.36,0,0,0,51.401088096743294,25.446572895087947,44.687985074814655
125400,0.06,0,0.4053476809787218,0.631578947368421,0.59171858216971,0.35,0,0,0,51.397453927487014,25.447207242390938,44.686915878866834
125500,0.06,0,0.4054042968073575,0.631578947368421,0.5936519871106337,0.42,0,0,0,51.39737383277514,25.447649773854614,44.68074485555976
125600,0.06,0,0.4054439390141573,0.631578947368421,0.5876154672395274,0.43,0,0,0,51.39757995135991,25.449511952596065,44.67619703923447
125700,0.06,0,0.4053819012602751,0.631578947368421,0.5900429645542428,0.3,0,0,0,51.406728749395924,25.450762846997367,44.67508188627188
125800,0.06,0,0.4052391750626776,0.631578947368421,0.5942320085929108,0.38,0,0,0,51.42177627304217,25.448117763970913,44.6777387090331
125900,0.06,0,0.4051849889381692,0.631578947368421,0.5940601503759398,0.38,0,0,0,51.43152406614485,25.44724607227679,44.67524466050105
126000,0.06,0,0.4051532447900922,0.631578947368421,0.587422126745435,0.35,0,0,0,51.43494659202241,25.448778072708556,44.6757720466983
126100,0.06,0,0.4051121078363214,0.631578947368421,0.6037916219119227,0.32,0,0,0,51.444070479536435,25.447265695220203,44.67238433352911
126200,0.06,0,0.4051193785486957,0.631578947368421,0.5880021482277121,0.4,0,0,0,51.44021833148543,25.447641200585036,44.67492786694026
126300,0.06,0,0.4050369524320817,0.631578947368421,0.5944038668098819,0.28,0,0,0,51.453103563665366,25.445331095857767,44.67282926314551
126400,0.06,0,0.40507876761339084,0.631578947368421,0.6015682062298604,0.27,0,0,0,51.442247414774485,25.447503779673625,44.67764439532486
126500,0.06,0,0.40509947439614147,0.631578947368421,0.603265306122449,0.38,0,0,0,51.43291326556996,25.449513901079772,44.68346845883736
126600,0.06,0,0.4051045921868841,0.631578947368421,0.5973684210526315,0.32,0,0,0,51.43010438061907,25.448687176460602,44.68534434375207
126700,0.06,0,0.4051525350526043,0.631578947368421,0.6055639097744361,0.39,0,0,0,51.43199317685356,25.449163187565553,44.67841576122487
126800,0.06,0,0.4049529251024006,0.631578947368421,0.6029752953813104,0.49,0,0,0,51.43451678009852,25.450085297415804,44.69824550727962
126900,0.06,0,0.4048811417100403,0.631578947368421,0.6057572502685284,0.24,0,0,0,51.4404971545342,25.4486163523777,44.70097282725835
127000,0.06,0,0.4048321574844316,0.631578947368421,0.6066809881847476,0.35,0,0,0,51.44394585609186,25.44924749816956,44.7033845651551
127100,0.06,0,0.4048482303398756,0.631578947368421,0.5997636949516649,0.36,0,0,0,51.4451525359816,25.450264566796353,44.70056129309156
127200,0.06,0,0.40494718713403105,0.631578947368421,0.6017830290010742,0.36,0,0,0,51.45183295434343,25.451794023648404,44.68383540701816
127300,0.06,0,0.4050102699524079,0.631578947368421,0.601374865735768,0.35,0,0,0,51.44490625790487,25.451444005492757,44.682891055773275
127400,0.06,0,0.4049810714142254,0.631578947368421,0.5993018259935553,0.3,0,0,0,51.45126771206322,25.451443018105177,44.68058761851181
127500,0.06,0,0.4050092923701277,0.631578947368421,0.6053920515574651,0.36,0,0,0,51.45675534470864,25.45069461759803,44.672709632607365
127600,0.06,0,0.405017614449166,0.631578947368421,0.6021482277121375,0.39,0,0,0,51.44940056266834,25.449241256330083,44.67817763332596
127700,0.06,0,0.4050709011894612,0.631578947368421,0.6039097744360902,0.34,0,0,0,51.456000484826255,25.44545873075832,44.66657043457671
127800,0.06,0,0.405182718867275,0.631578947368421,0.6021911922663802,0.31,0,0,0,51.44631334984671,25.4441298240273,44.66265208242771
127900,0.06,0,0.40521285370196924,0.631578947368421,0.600139634801289,0.38,0,0,0,51.44723885030205,25.445112594640293,44.65852722350133
128000,0.06,0,0.40525073352119956,0.631578947368421,0.5966380236305049,0.37,0,0,0,51.44521845402302,25.44240967421896,44.6561065772778
128100,0.06,0,0.40527064279042385,0.631578947368421,0.5880665950590762,0.38,0,0,0,51.44024879694813,25.440867244970107,44.65822683482152
128200,0.06,0,0.40521510819616663,0.631578947368421,0.604607948442535,0.3,0,0,0,51.45298217228608,25.4423044203742,44.653293878288814
128300,0.06,0,0.4051944402216119,0.631578947368421,0.6034264232008593,0.42,0,0,0,51.45175808129988,25.441127652026243,44.65663393590631
128400,0.06,0,0.4051438202992442,0.631578947368421,0.5943609022556391,0.34,0,0,0,51.45900650669265,25.445692329346883,44.6559224328634
128500,0.06,0,0.4052031769194244,0.631578947368421,0.5969602577873254,0.5,0,0,0,51.46261972008294,25.44776836879126,44.64624610949688
128600,0.06,0,0.40521582345279455,0.631578947368421,0.5994736842105263,0.34,0,0,0,51.4697978584785,25.44518969923221,44.63862641769347
128700,0.06,0,0.4052485989735408,0.631578947368421,0.5998818474758324,0.42,0,0,0,51.466921339169204,25.446470690859883,44.637510833929085
128800,0.06,0,0.40529886416738226,0.631578947368421,0.6019334049409237,0.36,0,0,0,51.4648175749409,25.448946739301153,44.63379933989501
128900,0.06,0,0.40535551157604305,0.631578947368421,0.5970247046186896,0.37,0,0,0,51.46262330605335,25.44743569239124,44.62946471399983
129000,0.06,0,0.40544203715549554,0.631578947368421,0.5945112781954888,0.41,0,0,0,51.45726514794236,25.44582211415002,44.62458651757151
129100,0.06,0,0.4053926824726681,0.631578947368421,0.598421052631579,0.4,0,0,0,51.45427808423319,25.44513384220524,44.632610250987625
129200,0.06,0,0.4054188179195366,0.631578947368421,0.5955102040816327,0.42,0,0,0,51.44364380436046,25.443917770830055,44.63895872437356
129300,0.06,0,0.40540104779281555,0.631578947368421,0.5969602577873254,0.48,0,0,0,51.4335823819973,25.444826501254997,44.64964804678964
129400,0.06,0,0.40552533258036466,0.631578947368421,0.5919871106337272,0.29,0,0,0,51.42530113450228,25.44381505008855,44.6431518205095
129500,0.06,0,0.4054899059255311,0.631578947368421,0.5944038668098819,0.37,0,0,0,51.440429597920854,25.446298247945805,44.63392162961466
129600,0.06,0,0.4054821416614106,0.631578947368421,0.5938345864661654,0.34,0,0,0,51.43834287094266,25.446990532061697,44.63658701310684
129700,0.06,0,0.4054782772417373,0.631578947368421,0.5922878625134265,0.32,0,0,0,51.438604893985016,25.44459919981973,44.63678504666551
129800,0.06,0,0.4054438712734264,0.631578947368421,0.5982062298603652,0.42,0,0,0,51.44345835806652,25.444551247313793,44.63636128264264
129900,0.06,0,0.4053355347425303,0.631578947368421,0.5912996777658431,0.36,0,0,0,51.44610910442588,25.44189884615288,44.645991027793166
130000,0.06,0,0.4051696641787967,0.631578947368421,0.6068528464017185,0.35,0,0,0,51.45880329775251,25.441466648967925,44.65325037360813
130100,0.06,0,0.40511522254802057,0.631578947368421,0.5993877551020408,0.39,0,0,0,51.476697562157305,25.439451369699086,44.64372673277497
130200,0.06,0,0.4051902161144201,0.631578947368421,0.5959935553168636,0.38,0,0,0,51.47533421073689,25.437004035983012,44.63664615977
130300,0.06,0,0.4050925005752971,0.631578947368421,0.6030075187969924,0.33,0,0,0,51.47924903069703,25.437369218226173,44.6440180329322
130400,0.06,0,0.4052045816686373,0.631578947368421,0.6017937701396348,0.33,0,0,0,51.47377349523958,25.437634446462965,44.636417036538276
130500,0.06,0,0.4052000564369889,0.631578947368421,0.6061331901181525,0.41,0,0,0,51.47063106809288,25.438503869003924,44.63964074089868
130600,0.06,0,0.4052939964336655,0.631578947368421,0.5978839957035446,0.35,0,0,0,51.47210797341037,25.437759586020405,44.62801349755832
130700,0.06,0,0.40526502504859035,0.631578947368421,0.5997422126745435,0.34,0,0,0,51.469627682782715,25.43832681988994,44.633354593914824
130800,0.06,0,0.40519679351272747,0.631578947368421,0.5992588614393126,0.4,0,0,0,51.47045773697558,25.436794416233674,44.640150539071854
130900,0.06,0,0.40524134443778975,0.631578947368421,0.5982062298603652,0.36,0,0,0,51.48032596463647,25.43641856800871,44.62668684655821
131000,0.06,0,0.4053260586133456,0.631578947368421,0.5933941997851773,0.37,0,0,0,51.47621359571932,25.43665290689928,44.62092417952953
131100,0.06,0,0.40533696433334393,0.631578947368421,0.5920085929108485,0.33,0,0,0,51.47595292044942,25.439944579227852,44.61994959455241
131200,0.06,0,0.40521134668579284,0.631578947368421,0.5906015037593985,0.46,0,0,0,51.48441260692518,25.43983525263783,44.62644799172665
131300,0.06,0,0.40529895776329217,0.631578947368421,0.5959505907626208,0.38,0,0,0,51.47093949668688,25.439991992803474,44.62848031729369
131400,0.06,0,0.40518111807025503,0.631578947368421,0.5989795918367347,0.42,0,0,0,51.48181367345352,25.439860754604055,44.63203038166854
131500,0.06,0,0.4050295016675588,0.631578947368421,0.6021374865735768,0.43,0,0,0,51.48421062037666,25.441651766258634,44.64665896969073
131600,0.06,0,0.40492514655970346,0.631578947368421,0.5985392051557465,0.35,0,0,0,51.49228981387156,25.444699862811536,44.6511581517117
131700,0.06,0,0.4050774570911041,0.631578947368421,0.6002792696025778,0.47,0,0,0,51.474683702175135,25.443001830501434,44.649635650026674
131800,0.06,0,0.40508971401211885,0.631578947368421,0.5957250268528465,0.42,0,0,0,51.46731424657349,25.443924896051673,44.65467773111963
131900,0.06,0,0.4050722502109466,0.631578947368421,0.5964017185821697,0.27,0,0,0,51.46349537476699,25.444058534296335,44.65991668285147
132000,0.06,0,0.40502439940788626,0.631578947368421,0.6104511278195489,0.4,0,0,0,51.46466245714059,25.443588785774008,44.664180051592346
132100,0.06,0,0.40500041177656726,0.631578947368421,0.6087755102040816,0.39,0,0,0,51.46892243068109,25.445922954576652,44.6631284726848
132200,0.06,0,0.40499102893621514,0.631578947368421,0.6025349087003222,0.38,0,0,0,51.47997931036865,25.444277113327587,44.65457025152767
132300,0.06,0,0.4050397447399595,0.631578947368421,0.6026960257787325,0.37,0,0,0,51.476860760069826,25.44554000006621,44.65190438154006
132400,0.06,0,0.40494437774869557,0.631578947368421,0.6014178302900107,0.34,0,0,0,51.478489090034515,25.443895633118583,44.66100746159432
132500,0.06,0,0.4048531436124032,0.631578947368421,0.5995273899033298,0.32,0,0,0,51.48101700689864,25.442882769363248,44.66887835037485
132600,0.06,0,0.40479388815117046,0.631578947368421,0.6016648764769066,0.41,0,0,0,51.483769932873706,25.445590320226415,44.67302830029055
132700,0.06,0,0.404843122698092,0.631578947368421,0.6059398496240601,0.38,0,0,0,51.48455825669565,25.44626678218352,44.6669114960372
132800,0.06,0,0.40481856332111144,0.631578947368421,0.6009559613319012,0.4,0,0,0,51.482105286908634,25.445918875445855,44.67174970616351
132900,0.06,0,0.40482495258935625,0.631578947368421,0.6063802363050483,0.41,0,0,0,51.47588822562792,25.447153897271733,44.67643985945632
133000,0.06,0,0.40482259446550445,0.631578947368421,0.6118689581095597,0.37,0,0,0,51.47686294221364,25.444873716217476,44.67585414806282
133100,0.06,0,0.4048123932428473,0.631578947368421,0.6072932330827068,0.51,0,0,0,51.4660051518603,25.442246488127488,44.68640548286329
133200,0.06,0,0.4048398035195341,0.631578947368421,0.6000537056928035,0.31,0,0,0,51.4633757535042,25.44458100582466,44.68566291444684
133300,0.06,0,0.4048181221606939,0.631578947368421,0.5953061224489796,0.43,0,0,0,51.45771608873814,25.440477740562482,44.69297129347176
133400,0.06,0,0.4047625219835373,0.631578947368421,0.6022986036519871,0.4,0,0,0,51.46853490726496,25.442772859904995,44.689714672428806
133500,0.06,0,0.4048140659072243,0.631578947368421,0.6102792696025778,0.37,0,0,0,51.466428632463526,25.439925685036847,44.68585315055418
133600,0.06,0,0.40475810514415816,0.631578947368421,0.6004833512352309,0.36,0,0,0,51.449109163124824,25.43719721014318,44.70707610975626
133700,0.06,0,0.40481838316036917,0.631578947368421,0.6042427497314715,0.35,0,0,0,51.45886885903178,25.436909544347664,44.69194127695398
133800,0.06,0,0.4048329794605447,0.631578947368421,0.6104940923737916,0.39,0,0,0,51.45796702681556,25.436766643146505,44.6911131290648
133900,0.06,0,0.40486924494503246,0.631578947368421,0.602373791621912,0.4,0,0,0,51.46384240000892,25.436572579658634,44.68200829039962
134000,0.06,0,0.40491458490517385,0.631578947368421,0.5974113856068743,0.35,0,0,0,51.45924461052404,25.4383990202559,44.680996869972056
134100,0.06,0,0.40491123014062175,0.631578947368421,0.5958539205155746,0.37,0,0,0,51.46374979467664,25.44015543856454,44.67745561219972
134200,0.06,0,0.40487779233681354,0.631578947368421,0.5952846401718582,0.39,0,0,0,51.46737743646244,25.441499930672595,44.67799608804633
134300,0.06,0,0.4048398619168387,0.631578947368421,0.6050268528464017,0.37,0,0,0,51.45572853709012,25.44407313775582,44.69229753456193
134400,0.06,0,0.40483595145660894,0.631578947368421,0.6035660580021482,0.37,0,0,0,51.448459216522565,25.442485672172946,44.699044015447356
134500,0.06,0,0.4048681222791544,0.631578947368421,0.61,0.38,0,0,0,51.45120777357533,25.443194110237965,44.69310456691353
134600,0.06,0,0.40481447245343466,0.631578947368421,0.6040816326530613,0.44,0,0,0,51.468928808148135,25.440126526509008,44.683637597487326
134700,0.06,0,0.40487237115746194,0.631578947368421,0.6090440386680989,0.42,0,0,0,51.47565960085869,25.444139456063088,44.67140576746227
134800,0.06,0,0.40488037974160773,0.631578947368421,0.6071750805585392,0.4,0,0,0,51.47915693880878,25.441379926690185,44.66748738158147
134900,0.06,0,0.40482062134828634,0.631578947368421,0.6002792696025778,0.38,0,0,0,51.486892481753216,25.442409823566948,44.66736909468981
135000,0.06,0,0.4048131348642251,0.631578947368421,0.6047690655209452,0.42,0,0,0,51.49686341749947,25.442047450569444,44.65954640465654
135100,0.06,0,0.4047881212840571,0.631578947368421,0.6003222341568206,0.36,0,0,0,51.49025386569477,25.44091507558514,44.66803918961008
135200,0.06,0,0.4049396622823189,0.631578947368421,0.5979914070891514,0.4,0,0,0,51.48119282810162,25.441514065774015,44.65918195642797
135300,0.06,0,0.40496334625700914,0.631578947368421,0.5990118152524168,0.34,0,0,0,51.47818526983989,25.4380166409346,44.659179110630234
135400,0.06,0,0.40494395899804503,0.631578947368421,0.6033190118152524,0.41,0,0,0,51.476356428347344,25.440247980377677,44.6629039495235
135500,0.06,0,0.40497409352479496,0.631578947368421,0.599828141783029,0.34,0,0,0,51.46025420462385,25.43943886465918,44.67355479017684
135600,0.06,0,0.40503384335499726,0.631578947368421,0.5971750805585392,0.31,0,0,0,51.460823084578095,25.438299156024033,44.6664708550442
135700,0.06,0,0.4050473000834985,0.631578947368421,0.6014500537056928,0.39,0,0,0,51.45685617052292,25.43648643681923,44.668430233294515
135800,0.06,0,0.40501016126775435,0.631578947368421,0.6011922663802363,0.35,0,0,0,51.457080561745634,25.438676571358588,44.672331454894255
135900,0.06,0,0.4049342058047747,0.631578947368421,0.6018045112781955,0.37,0,0,0,51.451052087054485,25.437680764359666,44.68594605941191
136000,0.06,0,0.40488728733700197,0.631578947368421,0.5906337271750806,0.45,0,0,0,51.45138296419654,25.44103310175766,44.69083687827025
136100,0.06,0,0.4050012404091962,0.631578947368421,0.5999785177228786,0.39,0,0,0,51.443845699386344,25.44069887521415,44.68480846154489
136200,0.06,0,0.4049403297197435,0.631578947368421,0.5939205155746509,0.32,0,0,0,51.44561523621848,25.44055619711471,44.68999268089089
136300,0.06,0,0.4049225967560115,0.631578947368421,0.6024167561761546,0.33,0,0,0,51.456374688722846,25.441880073099767,44.68260478935918
136400,0.06,0,0.4049699213954293,0.631578947368421,0.5997851772287862,0.47,0,0,0,51.45633628459549,25.43950865540767,44.67741654092443
136500,0.06,0,0.40495288202683155,0.631578947368421,0.5983780880773362,0.36,0,0,0,51.45869911794188,25.43859925399511,44.67724490796149
136600,0.06,0,0.4048056265716322,0.631578947368421,0.6017400644468314,0.44,0,0,0,51.47037406260639,25.43714954975337,44.68335931722784
136700,0.06,0,0.4048365119981526,0.631578947368421,0.6031901181525242,0.35,0,0,0,51.46835972652469,25.436839929192832,44.68169902979923
136800,0.06,0,0.4048617953333245,0.631578947368421,0.5983458646616542,0.35,0,0,0,51.467941533959,25.436479250141293,44.67927171865587
136900,0.06,0,0.4049116686630966,0.631578947368421,0.5987218045112782,0.28,0,0,0,51.46492416005306,25.43878172748858,44.67638774346293
137000,0.06,0,0.4048500894152502,0.631578947368421,0.5972824919441461,0.35,0,0,0,51.47007585959532,25.437655205812014,44.67871080141274
137100,0.06,0,0.4048449647297345,0.631578947368421,0.604092373791622,0.46,0,0,0,51.45753752049375,25.439373755171967,44.69016308419982
137200,0.06,0,0.4049520067482417,0.631578947368421,0.6026852846401719,0.43,0,0,0,51.45258509843636,25.435846851473613,44.68265040436162
137300,0.06,0,0.4050756981332565,0.631578947368421,0.5992373791621912,0.39,0,0,0,51.438888993829785,25.43621807431228,44.68089994683289
137400,0.06,0,0.4050904135040807,0.631578947368421,0.5997959183673469,0.32,0,0,0,51.43908409893243,25.436228754211733,44.67910739664044
137500,0.06,0,0.40510297699458653,0.631578947368421,0.6010848549946294,0.4,0,0,0,51.43527569357296,25.438103840701377,44.68102981796197
137600,0.06,0,0.40521838936523724,0.631578947368421,0.5958216970998926,0.48,0,0,0,51.449510548069696,25.43954435593432,44.6559453238624
137700,0.06,0,0.40517832210728366,0.631578947368421,0.594983888292159,0.39,0,0,0,51.45583036161879,25.439872766825633,44.65487606630812
137800,0.06,0,0.4051799284020766,0.631578947368421,0.5961654135338346,0.37,0,0,0,51.46325943026909,25.438313498060218,44.64825282954471
137900,0.06,0,0.40507409813869577,0.631578947368421,0.5982384532760473,0.48,0,0,0,51.47627149146649,25.438795746782343,44.64862866076292
138000,0.06,0,0.4050588285215329,0.631578947368421,0.5973254564983889,0.36,0,0,0,51.467564253163914,25.438511034827528,44.65786569412733
138100,0.06,0,0.40511736896186423,0.631578947368421,0.5961439312567132,0.39,0,0,0,51.46198560430612,25.43651019687915,44.656252884736254
138200,0.06,0,0.40518739237024204,0.631578947368421,0.5990118152524168,0.42,0,0,0,51.455540354703494,25.436740340163325,44.654128123404014
138300,0.06,0,0.40525641568923965,0.631578947368421,0.5983243823845328,0.42,0,0,0,51.44393658756965,25.437341584787795,44.65659316002492
138400,0.06,0,0.40524889522200913,0.631578947368421,0.5927926960257788,0.36,0,0,0,51.45209148803549,25.439351718221353,44.650343902313985
138500,0.06,0,0.40525283421912955,0.631578947368421,0.5932116004296455,0.36,0,0,0,51.45674441704403,25.441283171688283,44.64587248039993
138600,0.06,0,0.40515607440334167,0.631578947368421,0.5979269602577874,0.41,0,0,0,51.460456167164,25.442079370361704,44.65331386086558
138700,0.06,0,0.40521450546777305,0.631578947368421,0.5932438238453276,0.31,0,0,0,51.458172770784,25.442226145027607,44.64885610156168
138800,0.06,0,0.4051976840623489,0.631578947368421,0.5911600429645543,0.32,0,0,0,51.46826755095755,25.44260080664658,44.64195204571181
138900,0.06,0,0.40525913705932654,0.631578947368421,0.594328678839957,0.38,0,0,0,51.45378711312458,25.44252447542915,44.647744099686534
139000,0.06,0,0.40519018463983586,0.631578947368421,0.5949731471535983,0.35,0,0,0,51.46099321072131,25.44435568824611,44.649088838860536
139100,0.06,0,0.40512737185867836,0.631578947368421,0.6062406015037594,0.44,0,0,0,51.47950755563003,25.443918012033556,44.639951126666396
139200,0.06,0,0.40495994968960886,0.631578947368421,0.6006981740064447,0.45,0,0,0,51.48690382304082,25.44470250999174,44.65199124429268
139300,0.06,0,0.4049858742677829,0.631578947368421,0.5974650912996777,0.39,0,0,0,51.498649298498876,25.448039984231606,44.63894962989405
139400,0.06,0,0.4049280102713676,0.631578947368421,0.5950805585392052,0.4,0,0,0,51.50542769225399,25.44780637810712,44.63945294447688
139500,0.06,0,0.40476861517877216,0.631578947368421,0.5980773361976369,0.4,0,0,0,51.50854204693134,25.447064788373527,44.65433156092563
139600,0.06,0,0.4048373268973761,0.631578947368421,0.5963372717508055,0.44,0,0,0,51.505823263046715,25.45223846575345,44.64910924823648
139700,0.06,0,0.4047450693393991,0.631578947368421,0.5945220193340494,0.36,0,0,0,51.517572278856164,25.453592954716004,44.64910163649544
139800,0.06,0,0.40477246739678996,0.631578947368421,0.5989473684210527,0.42,0,0,0,51.51411605073801,25.45574617077071,44.64907488017917
139900,0.06,0,0.40474397104379856,0.631578947368421,0.6062191192266381,0.45,0,0,0,51.51917155839497,25.457656539630666,44.64783677461818
140000,0.06,0,0.4048124044758278,0.631578947368421,0.5985284640171858,0.38,0,0,0,51.51813341451411,25.456155086521427,44.64118861756222
140100,0.06,0,0.4047720802688239,0.631578947368421,0.6026745435016112,0.45,0,0,0,51.512935692487325,25.45506723718162,44.65014066493268
140200,0.06,0,0.40478584496199177,0.631578947368421,0.6041890440386681,0.35,0,0,0,51.50615863383894,25.454057292586377,44.654497102585324
140300,0.06,0,0.4048908395585107,0.631578947368421,0.6022556390977444,0.34,0,0,0,51.48830874954986,25.45350255485825,44.658394220469965
140400,0.06,0,0.40495127826285937,0.631578947368421,0.6004403866809882,0.29,0,0,0,51.48549965939682,25.45367335035594,44.65416521948637
140500,0.06,0,0.4049638550024785,0.631578947368421,0.6016326530612245,0.36,0,0,0,51.48412767004879,25.455734371730443,44.653968361851504
140600,0.06,0,0.404947817603791,0.631578947368421,0.6021697099892589,0.41,0,0,0,51.48619757028752,25.45874732361595,44.65394152541711
140700,0.06,0,0.404935098633169,0.631578947368421,0.5952524167561761,0.35,0,0,0,51.47400689170527,25.455590584828755,44.66591990403206
140800,0.06,0,0.4049561181732812,0.631578947368421,0.5995059076262084,0.39,0,0,0,51.482571585838585,25.459599980042135,44.65617120398601
140900,0.06,0,0.40502731056074465,0.631578947368421,0.5990118152524168,0.42,0,0,0,51.48247452955049,25.463095164248493,44.64840607984711
141000,0.06,0,0.4050572691183052,0.631578947368421,0.5997207303974221,0.39,0,0,0,51.482909696209724,25.46233215532495,44.644726457074825
141100,0.06,0,0.40500988407218513,0.631578947368421,0.6003222341568206,0.38,0,0,0,51.48872036239263,25.461183931434483,44.64491087855206
141200,0.06,0,0.4050316566954116,0.631578947368421,0.6055639097744361,0.47,0,0,0,51.4842162879824,25.462336463662023,44.646416505995376
141300,0.06,0,0.404982171443492,0.631578947368421,0.602889366272825,0.47,0,0,0,51.47919630512679,25.462529478166754,44.65622612235978
141400,0.06,0,0.4048628534839767,0.631578947368421,0.6015574650912997,0.32,0,0,0,51.48186608562656,25.463204075825583,44.66707035561734
141500,0.06,0,0.4048669712943661,0.631578947368421,0.6040494092373792,0.42,0,0,0,51.49043043451869,25.464519056156607,44.65918670589147
141600,0.06,0,0.4047664961272808,0.631578947368421,0.6083351235230935,0.42,0,0,0,51.4872327177036,25.461716622917166,44.67304678953632
141700,0.06,0,0.4047448824865057,0.631578947368421,0.6071858216970999,0.41,0,0,0,51.49376958023247,25.459001300486534,44.6697610488082
141800,0.06,0,0.4048189781102477,0.631578947368421,0.5968528464017185,0.44,0,0,0,51.49059923644635,25.462765304482105,44.66433483762269
141900,0.06,0,0.4048143424309228,0.631578947368421,0.6078625134264232,0.38,0,0,0,51.50760993791087,25.46340832675627,44.650095468347345
142000,0.06,0,0.40479669815261354,0.631578947368421,0.5984962406015037,0.28,0,0,0,51.504522503680974,25.464874431960588,44.654718339538235
142100,0.06,0,0.4048026427038,0.631578947368421,0.6078195488721805,0.38,0,0,0,51.49873761826364,25.463716351135993,44.659078601098294
142200,0.06,0,0.4047816170671301,0.631578947368421,0.603780880773362,0.43,0,0,0,51.50145018715485,25.465924538626187,44.65904602978529
142300,0.06,0,0.40497048369206196,0.631578947368421,0.5964661654135338,0.41,0,0,0,51.489872513502185,25.468816917419048,44.648255386702715
142400,0.06,0,0.4049471935513421,0.631578947368421,0.5993877551020408,0.41,0,0,0,51.484456153140535,25.469448003985473,44.65552072355153
142500,0.06,0,0.404981371007783,0.631578947368421,0.6030612244897959,0.36,0,0,0,51.47308604043756,25.47126906780729,44.661615443969694
142600,0.06,0,0.4049644331079214,0.631578947368421,0.6045757250268529,0.42,0,0,0,51.474498994803994,25.473605456278555,44.66225745026021
142700,0.06,0,0.4050413001442846,0.631578947368421,0.5928571428571429,0.43,0,0,0,51.47100066671279,25.472038723725458,44.65681661701957
142800,0.06,0,0.40510214895119134,0.631578947368421,0.6007948442534908,0.45,0,0,0,51.4686929858178,25.47437587891569,44.65211085033532
142900,0.06,0,0.40519656649946156,0.631578947368421,0.5928464017185822,0.43,0,0,0,51.45662145190558,25.473615736305113,44.652178944737024
143000,0.06,0,0.40526777328206354,0.631578947368421,0.6031149301825993,0.32,0,0,0,51.45869050391548,25.47589362064512,44.642538360632614
143100,0.06,0,0.4052818223533474,0.631578947368421,0.5910096670247046,0.42,0,0,0,51.45565807787227,25.477276981828254,44.64362164819984
143200,0.06,0,0.40527817663229987,0.631578947368421,0.6019978517722878,0.4,0,0,0,51.4571571399584,25.47530894751927,44.64272266418162
143300,0.06,0,0.40529972871734765,0.631578947368421,0.6005263157894737,0.4,0,0,0,51.458106497130714,25.47643655646853,44.639525181956905
143400,0.06,0,0.4053210364247613,0.631578947368421,0.5942105263157895,0.41,0,0,0,51.460477944256546,25.475224769190156,44.635121474439636
143500,0.06,0,0.40516681016094414,0.631578947368421,0.60687432867884,0.42,0,0,0,51.46484155541092,25.474896374564093,44.648325808201484
143600,0.06,0,0.40508797058619445,0.631578947368421,0.6043823845327605,0.34,0,0,0,51.47309143018113,25.47530992502843,44.64985798972628
143700,0.06,0,0.40496192829350763,0.631578947368421,0.5974973147153598,0.34,0,0,0,51.48275783469939,25.475431374689396,44.65536895736149
143800,0.06,0,0.40479802158459965,0.631578947368421,0.5952631578947368,0.38,0,0,0,51.493444307144976,25.477290730149733,44.66417924233149
143900,0.06,0,0.4048137655777499,0.631578947368421,0.5984103114930183,0.41,0,0,0,51.48740995771823,25.47791093842405,44.6676766255909
144000,0.06,0,0.4046531525776935,0.631578947368421,0.5941890440386681,0.35,0,0,0,51.495831994012214,25.477461634266863,44.67809770157288
144100,0.06,0,0.40451500552118197,0.631578947368421,0.6135875402792696,0.39,0,0,0,51.49134129635756,25.47523080685956,44.69725367144967
144200,0.06,0,0.404663283822493,0.631578947368421,0.600375939849624,0.44,0,0,0,51.469682588740575,25.476835130379165,44.699677471774436
144300,0.06,0,0.4044917797405398,0.631578947368421,0.595123523093448,0.38,0,0,0,51.48083710343425,25.481241773424518,44.708940761153194
144400,0.06,0,0.4045127756858986,0.631578947368421,0.6000966702470462,0.27,0,0,0,51.479669617369865,25.480934372285375,44.7076340585512
144500,0.06,0,0.4046343348110549,0.631578947368421,0.6043071965628357,0.29,0,0,0,51.47475869057718,25.480347557980192,44.69846714592342
144600,0.06,0,0.40461631788438174,0.631578947368421,0.6104189044038668,0.33,0,0,0,51.48267196192394,25.481410855363542,44.69358670388036
144700,0.06,0,0.4044937692563195,0.631578947368421,0.6045757250268529,0.37,0,0,0,51.487641810496015,25.480867319518463,44.70281206711122
144800,0.06,0,0.4045588486712669,0.631578947368421,0.6087540279269602,0.34,0,0,0,51.48290188889726,25.480378855969686,44.6997359741228
144900,0.06,0,0.40449456575960585,0.631578947368421,0.6102900107411385,0.5,0,0,0,51.47355649642822,25.476265958830897,44.71495657299043
145000,0.06,0,0.40448888480906114,0.631578947368421,0.6061976369495167,0.44,0,0,0,51.49120085960968,25.47640183899983,44.70026200454688
145100,0.06,0,0.40456720857632283,0.631578947368421,0.6024812030075188,0.37,0,0,0,51.49899774017856,25.476323290270876,44.68484183219293
145200,0.06,0,0.4045632880457428,0.631578947368421,0.6005048335123523,0.3,0,0,0,51.50046450065659,25.475228751211326,44.68400220253533
145300,0.06,0,0.40459374442656165,0.631578947368421,0.5998174006444683,0.4,0,0,0,51.494493787274166,25.475501355386143,44.68581920602253
145400,0.06,0,0.404578868805687,0.631578947368421,0.6045435016111708,0.4,0,0,0,51.49945652744049,25.47476524982258,44.68315591841392
145500,0.06,0,0.4045612270938642,0.631578947368421,0.6108163265306122,0.47,0,0,0,51.49382852097201,25.476796007380145,44.689988266432756
145600,0.06,0,0.4046822369631856,0.631578947368421,0.6102900107411385,0.48,0,0,0,51.492308777873305,25.474683989907128,44.67794345394146
145700,0.06,0,0.4048740645613275,0.631578947368421,0.6056928034371644,0.43,0,0,0,51.48216876081932,25.470875211091556,44.66557091137461
145800,0.06,0,0.4048562206942916,0.631578947368421,0.5985821697099892,0.33,0,0,0,51.49217875023217,25.47204513503788,44.65885623606465
145900,0.06,0,0.40475702899513166,0.631578947368421,0.6054887218045113,0.52,0,0,0,51.49690597356031,25.473227586463505,44.665700029014914
146000,0.06,0,0.40463476046921376,0.631578947368421,0.5996025778732545,0.29,0,0,0,51.50600920236423,25.473006071703743,44.67130001760999
146100,0.06,0,0.4045306407811796,0.631578947368421,0.6009022556390977,0.31,0,0,0,51.516346367185044,25.472268682096708,44.67383173367322
146200,0.06,0,0.4045190873106242,0.631578947368421,0.6037593984962406,0.35,0,0,0,51.51844026271994,25.47049127134811,44.67329190530618
146300,0.06,0,0.40457517636489415,0.631578947368421,0.5968850698174006,0.26,0,0,0,51.525281257840966,25.469908827685572,44.66116810154719
146400,0.06,0,0.40461735139050287,0.631578947368421,0.6081310418904404,0.48,0,0,0,51.53521670437188,25.47137691250421,44.64790356888854
146500,0.06,0,0.4046728844631713,0.631578947368421,0.5973039742212675,0.32,0,0,0,51.52894339750268,25.470678602185444,44.64721139775855
146600,0.06,0,0.40459806842144425,0.631578947368421,0.6035875402792696,0.39,0,0,0,51.53489629885789,25.47222749593166,44.650309069238226
146700,0.06,0,0.4045391058894528,0.631578947368421,0.6054242749731471,0.41,0,0,0,51.52676659818269,25.472838533648474,44.66386274314061
146800,0.06,0,0.4044458664577875,0.631578947368421,0.6149624060150376,0.57,0,0,0,51.53481764827155,25.473354197480475,44.66718014171594
146900,0.06,0,0.40446142458474704,0.631578947368421,0.6101288936627283,0.41,0,0,0,51.53201822739353,25.472223957722978,44.66788836406921
147000,0.06,0,0.40448413175308556,0.631578947368421,0.6096133190118153,0.4,0,0,0,51.53988596153815,25.471062682782453,44.65856245367416
147100,0.06,0,0.4045262869552711,0.631578947368421,0.5981417830290011,0.34,0,0,0,51.52951876704107,25.474248992726846,44.662892532527884
147200,0.06,0,0.40454448797442544,0.631578947368421,0.6076154672395274,0.44,0,0,0,51.53059826455504,25.47562474374768,44.659947500760126
147300,0.06,0,0.4045612920766641,0.631578947368421,0.6039205155746509,0.35,0,0,0,51.54043952127084,25.478625806352355,44.64956535354602
147400,0.06,0,0.4045677215770423,0.631578947368421,0.5992803437164339,0.46,0,0,0,51.54032319985135,25.479453549205935,44.64895653855529
147500,0.06,0,0.4044185984925834,0.631578947368421,0.6129538131041891,0.52,0,0,0,51.55322739637595,25.48239683188056,44.65424002688002
147600,0.06,0,0.404335500790908,0.631578947368421,0.6068421052631578,0.42,0,0,0,51.56031518821349,25.48152108527103,44.6572775167036
147700,0.06,0,0.40427788664776154,0.631578947368421,0.6074865735767991,0.48,0,0,0,51.58279228873867,25.479704969565063,44.64417958649702
147800,0.06,0,0.40428344837963415,0.631578947368421,0.6094736842105263,0.33,0,0,0,51.57850566710865,25.480825802340476,44.64727568390987
147900,0.06,0,0.4042131319977455,0.631578947368421,0.612373791621912,0.48,0,0,0,51.59066159673916,25.48455807604966,44.644520724437875
148000,0.06,0,0.4042739023976646,0.631578947368421,0.6026315789473684,0.41,0,0,0,51.58333144769552,25.484161625711693,44.644152935131615
148100,0.06,0,0.40420059321019874,0.631578947368421,0.6142642320085929,0.39,0,0,0,51.585977769180296,25.484845272143854,44.649959344177816
148200,0.06,0,0.40413957949447543,0.631578947368421,0.6154027926960258,0.34,0,0,0,51.588038268028804,25.48396130671425,44.65491658142951
148300,0.06,0,0.40413711600481156,0.631578947368421,0.6146186895810956,0.32,0,0,0,51.58631058896432,25.48104301451993,44.656684332019026
148400,0.06,0,0.4040664884999697,0.631578947368421,0.612373791621912,0.49,0,0,0,51.59339919041543,25.481532071471054,44.658353339958055
148500,0.06,0,0.40413137448927355,0.631578947368421,0.6121482277121375,0.42,0,0,0,51.59132544055031,25.479008827105776,44.65297792921445
148600,0.06,0,0.4039845227826187,0.631578947368421,0.6089258861439313,0.45,0,0,0,51.59996577374538,25.479714635847845,44.66172986607868
148700,0.06,0,0.4039585751976883,0.631578947368421,0.6179699248120301,0.4,0,0,0,51.596858099054515,25.481225251002716,44.667288780802096
148800,0.06,0,0.40403976917791623,0.631578947368421,0.6131471535982814,0.34,0,0,0,51.591492448836455,25.485306045818596,44.662957228542936
148900,0.06,0,0.4041031329720957,0.631578947368421,0.6097099892588614,0.34,0,0,0,51.5879701813916,25.48696331833796,44.659003000874485
149000,0.06,0,0.4042537186570968,0.631578947368421,0.6116648764769066,0.52,0,0,0,51.57783088341718,25.484317615532877,44.65114329982568
149100,0.06,0,0.40417420344727173,0.631578947368421,0.6114178302900107,0.54,0,0,0,51.58993872863424,25.481338605868572,44.64944632853433
149200,0.06,0,0.4043105631712938,0.631578947368421,0.6130182599355531,0.39,0,0,0,51.579003067579755,25.481644149751176,44.643850921377194
149300,0.06,0,0.4042111228452721,0.631578947368421,0.6070998925886144,0.43,0,0,0,51.57681080497522,25.481684228718784,44.65673183882237
149400,0.06,0,0.40415601300408455,0.631578947368421,0.6128464017185822,0.45,0,0,0,51.57805923364876,25.479957391818665,44.66174008656071
149500,0.06,0,0.40417103863543297,0.631578947368421,0.6137271750805585,0.3,0,0,0,51.59085383854455,25.478801084570737,44.6490039599678
149600,0.06,0,0.4040751053731577,0.631578947368421,0.6122986036519871,0.42,0,0,0,51.58465678096299,25.479393893289956,44.66496940310061
149700,0.06,0,0.4038925167130452,0.631578947368421,0.6135553168635876,0.41,0,0,0,51.600893217095496,25.480245232423748,44.671100830868134
149800,0.06,0,0.40405491903684604,0.631578947368421,0.6153705692803437,0.34,0,0,0,51.58249564205844,25.483296955115442,44.66907224814874
149900,0.06,0,0.40397610075505536,0.631578947368421,0.6153920515574651,0.37,0,0,0,51.59000444250663,25.48180110594071,44.671284721527705
150000,0.06,0,0.40406209092215034,0.631578947368421,0.6223093447905478,0.43,0,0,0,51.59000636893876,25.48242201090103,44.66177636826257
150100,0.06,0,0.4040456727171476,0.631578947368421,0.6131901181525242,0.4,0,0,0,51.59058593164078,25.482129674976612,44.66308943280242
150200,0.06,0,0.4040064769024983,0.631578947368421,0.6118689581095597,0.42,0,0,0,51.583395075775094,25.481233112883327,44.67364929872208
150300,0.06,0,0.40401527417484095,0.631578947368421,0.6110526315789474,0.43,0,0,0,51.58339265733269,25.480685650268825,44.672678642167895
150400,0.06,0,0.40398534626306426,0.631578947368421,0.6092803437164339,0.35,0,0,0,51.58670254361017,25.48229866492543,44.67312158544172
150500,0.06,0,0.40399493087036276,0.631578947368421,0.6104833512352309,0.31,0,0,0,51.591428463734914,25.48239569660041,44.66796964805189
150600,0.06,0,0.40403262491252473,0.631578947368421,0.6079806659505907,0.41,0,0,0,51.59209896292517,25.481071035454605,44.66322191196126
150700,0.06,0,0.40393952457850024,0.631578947368421,0.6164769065520945,0.34,0,0,0,51.598381127705856,25.48275252127936,44.66807687617364
150800,0.06,0,0.40380508529949594,0.631578947368421,0.6145542427497315,0.46,0,0,0,51.6100488910077,25.479597193840593,44.67284655285925
150900,0.06,0,0.4037851527104599,0.631578947368421,0.614468313641246,0.41,0,0,0,51.60904653700213,25.479603191881736,44.675919480150725
151000,0.06,0,0.4037402869721344,0.631578947368421,0.6196455424274974,0.43,0,0,0,51.605858148557225,25.480907497453895,44.68364464224236
151100,0.06,0,0.40364982049668907,0.631578947368421,0.6164446831364124,0.46,0,0,0,51.61611101817057,25.48080884022455,44.68478137903022
151200,0.06,0,0.40360506724044304,0.631578947368421,0.6154242749731471,0.42,0,0,0,51.607455790892146,25.476426674522724,44.69723123422515
151300,0.06,0,0.4034222590509913,0.631578947368421,0.6252846401718583,0.46,0,0,0,51.61617894352939,25.47725959508008,44.709928224703795
151400,0.06,0,0.40344387576881696,0.631578947368421,0.6246509129967777,0.48,0,0,0,51.61557628137769,25.475439593616436,44.70805464915416
151500,0.06,0,0.40345574355651564,0.631578947368421,0.6201181525241676,0.35,0,0,0,51.59892671580077,25.47346182526664,44.7211651914022
151600,0.06,0,0.40344498932945383,0.631578947368421,0.6256390977443609,0.44,0,0,0,51.6057656834847,25.475316768027238,44.716430522985
151700,0.06,0,0.40343113738242087,0.631578947368421,0.6236519871106337,0.32,0,0,0,51.599244465108804,25.4714131855138,44.723617425296545
151800,0.06,0,0.4035214078572489,0.631578947368421,0.615359828141783,0.35,0,0,0,51.59094344849982,25.46997537870496,44.72080689839504
151900,0.06,0,0.40346643716189956,0.631578947368421,0.6170354457572502,0.55,0,0,0,51.58920447756222,25.46617442536482,44.72840758634991
152000,0.06,0,0.40357024876683983,0.631578947368421,0.6083351235230935,0.4,0,0,0,51.59294658507415,25.463439323508727,44.71365858323994
152100,0.06,0,0.40351063485335487,0.631578947368421,0.6169817400644468,0.38,0,0,0,51.589732108998916,25.46302370948745,44.72305094652267
152200,0.06,0,0.4034832113602546,0.631578947368421,0.6166272824919441,0.38,0,0,0,51.58935058212673,25.464226563354128,44.726421402469995
152300,0.06,0,0.4033530975312632,0.631578947368421,0.6186680988184747,0.49,0,0,0,51.585180392841245,25.46435342891344,44.74446616001077
152400,0.06,0,0.4033999086616502,0.631578947368421,0.624704618689581,0.43,0,0,0,51.569277769622566,25.4639293662228,44.75307037283758
152500,0.06,0,0.40345940919618506,0.631578947368421,0.6202040816326531,0.33,0,0,0,51.569492791590115,25.46380571732494,44.74628380107266
152600,0.06,0,0.40336989642237153,0.631578947368421,0.6163372717508055,0.39,0,0,0,51.579300843319956,25.460804352024585,44.74770294649696
152700,0.06,0,0.4034652672670141,0.631578947368421,0.6260687432867884,0.36,0,0,0,51.56448876878936,25.46394375394973,44.749976406247974
152800,0.06,0,0.40346587762809766,0.631578947368421,0.6178625134264232,0.45,0,0,0,51.55325303750031,25.461673114412285,44.75966169072671
152900,0.06,0,0.40347345019937225,0.631578947368421,0.6218045112781955,0.37,0,0,0,51.532089617207795,25.457304725024596,44.77720336670287
153000,0.06,0,0.4035186511274491,0.631578947368421,0.6192373791621912,0.34,0,0,0,51.52164134332409,25.457131925845474,44.78126708692648
153100,0.06,0,0.40352120755695003,0.631578947368421,0.6112674543501612,0.41,0,0,0,51.52207900575742,25.45637736249768,44.78060298485571
153200,0.06,0,0.4034536560932668,0.631578947368421,0.6193555316863587,0.38,0,0,0,51.531831968560944,25.456122375588045,44.77962409849631
153300,0.06,0,0.4034854729348118,0.631578947368421,0.6210204081632653,0.39,0,0,0,51.522047406513806,25.454001761622827,44.78459643837356
153400,0.06,0,0.4035445581853593,0.631578947368421,0.6217722878625134,0.37,0,0,0,51.51641648432192,25.451679182621984,44.78293366556828
153500,0.06,0,0.40346145357935825,0.631578947368421,0.6193770139634801,0.25,0,0,0,51.51120838311539,25.452542082456915,44.79668677532834
153600,0.06,0,0.4034752615932601,0.631578947368421,0.6196455424274974,0.34,0,0,0,51.52110817218257,25.452329761228796,44.78654631578139
153700,0.06,0,0.4035437803690847,0.631578947368421,0.610139634801289,0.38,0,0,0,51.5021128937579,25.44910169422108,44.795457491873734
153800,0.06,0,0.40353548273966044,0.631578947368421,0.613780880773362,0.35,0,0,0,51.49491031715944,25.449614591617326,44.80264424592883
153900,0.06,0,0.40340079313911514,0.631578947368421,0.610375939849624,0.4,0,0,0,51.50929672527505,25.45115877013188,44.80508575477851
154000,0.06,0,0.40338082356820965,0.631578947368421,0.6188936627282492,0.37,0,0,0,51.509001592340105,25.454299239568137,44.80756058710499
154100,0.06,0,0.40337147954833424,0.631578947368421,0.6187862513426423,0.44,0,0,0,51.50104124893201,25.454114997940447,44.81552446026986
154200,0.06,0,0.4032978981173946,0.631578947368421,0.6202900107411385,0.35,0,0,0,51.509958319561655,25.45425009694859,44.815941433603435
154300,0.06,0,0.40338034682377005,0.631578947368421,0.6169495166487647,0.34,0,0,0,51.51018230875999,25.45185535425969,44.806586463826115
154400,0.06,0,0.40336735095283305,0.631578947368421,0.618421052631579,0.41,0,0,0,51.50658964792032,25.448374718365802,44.81115548900091
154500,0.06,0,0.4032776117218763,0.631578947368421,0.6199033297529538,0.45,0,0,0,51.512861772002445,25.45108501945041,44.8156697289737
154600,0.06,0,0.40324259865144146,0.631578947368421,0.6183136412459721,0.36,0,0,0,51.51862875531325,25.450564528288528,44.8145439285124
154700,0.06,0,0.4031714025594917,0.631578947368421,0.6149731471535983,0.33,0,0,0,51.5243548497316,25.449272120813564,44.81747644731828
154800,0.06,0,0.4031341797186308,0.631578947368421,0.6200107411385607,0.36,0,0,0,51.527820939468306,25.448958405973137,44.818599619912895
154900,0.06,0,0.4031528758476207,0.631578947368421,0.6279484425349087,0.4,0,0,0,51.52468443715931,25.451700813236133,44.81924931792811
155000,0.06,0,0.40319967223795605,0.631578947368421,0.620827067669173,0.37,0,0,0,51.51761651249247,25.451112075465605,44.82019571368261
155100,0.06,0,0.4031620365294111,0.631578947368421,0.6162620837808808,0.47,0,0,0,51.51660336150024,25.449175327897194,44.82526127655788
155200,0.06,0,0.40318143675904455,0.631578947368421,0.6241890440386682,0.36,0,0,0,51.52224498866651,25.451576728745273,44.81819630182484
155300,0.06,0,0.40315497312979454,0.631578947368421,0.6162406015037594,0.36,0,0,0,51.52951948447128,25.451771754072766,44.81481076385789
155400,0.06,0,0.4031914336736242,0.631578947368421,0.6200107411385607,0.32,0,0,0,51.520222706586374,25.450961982336402,44.81884422795227
155500,0.06,0,0.40318542955608383,0.631578947368421,0.6233297529538131,0.32,0,0,0,51.52546924776778,25.45091307928642,44.81494794463499
155600,0.06,0,0.4032593859618052,0.631578947368421,0.6235445757250269,0.38,0,0,0,51.51747147981228,25.452352837051958,44.81368500175907
155700,0.06,0,0.40327702189437203,0.631578947368421,0.623641245972073,0.43,0,0,0,51.527002024973,25.450624577093006,44.80343675636785
155800,0.06,0,0.40317086790851575,0.631578947368421,0.6221160042964554,0.37,0,0,0,51.527776523746475,25.4501018129976,44.814559796321205
155900,0.06,0,0.40321519816283286,0.631578947368421,0.6180451127819548,0.41,0,0,0,51.52140849258862,25.452236490777658,44.81517125506056
156000,0.06,0,0.403407946321544,0.631578947368421,0.6181203007518797,0.39,0,0,0,51.50757947027234,25.45183600408404,44.80578504462461
156100,0.06,0,0.4034851353220969,0.631578947368421,0.6162943071965629,0.46,0,0,0,51.50826468211235,25.451203450137992,44.79661750812072
156200,0.06,0,0.4035066294151645,0.631578947368421,0.6197099892588614,0.41,0,0,0,51.507576587469856,25.452622905993096,44.794829681003236
156300,0.06,0,0.40348124904398475,0.631578947368421,0.6199892588614393,0.44,0,0,0,51.520064678479464,25.452580419106756,44.78678880559238
156400,0.06,0,0.40342200513268345,0.631578947368421,0.6212459720730398,0.44,0,0,0,51.52893503247438,25.453463622027762,44.78565502802299
156500,0.06,0,0.4033970620419085,0.631578947368421,0.6215037593984962,0.41,0,0,0,51.53008463868566,25.455717210038586,44.78742503800362
156600,0.06,0,0.40337043986026433,0.631578947368421,0.6159505907626208,0.41,0,0,0,51.52551195517816,25.454974657926687,44.79435594588586
156700,0.06,0,0.40346694320253795,0.631578947368421,0.6202148227712138,0.45,0,0,0,51.5161618351622,25.450283272037343,44.79176997250302
156800,0.06,0,0.40343448394908366,0.631578947368421,0.6264339419978517,0.39,0,0,0,51.521564747967346,25.452917326211136,44.79067624061328
156900,0.06,0,0.40341299361927685,0.631578947368421,0.6171213748657358,0.43,0,0,0,51.521541889558605,25.45159095810136,44.79308217083582
157000,0.06,0,0.4033625863014795,0.631578947368421,0.6118796992481202,0.39,0,0,0,51.52508762434919,25.449852975497844,44.79559700950254
157100,0.06,0,0.4033140470132421,0.631578947368421,0.6212996777658432,0.42,0,0,0,51.52589754096547,25.44948203202034,44.800283998528506
157200,0.06,0,0.4033218112589311,0.631578947368421,0.6181525241675617,0.4,0,0,0,51.51436793167472,25.44909055953316,44.80944827350875
157300,0.06,0,0.4032925973222627,0.631578947368421,0.6161976369495167,0.38,0,0,0,51.5157699732572,25.45048770130725,44.81147459341704
157400,0.06,0,0.4032871457215126,0.631578947368421,0.6142534908700322,0.4,0,0,0,51.5183364494909,25.449138679332584,44.80984795872308
157500,0.06,0,0.4033575771503306,0.631578947368421,0.6214930182599355,0.29,0,0,0,51.520596425409074,25.45035113105887,44.800058319585766
157600,0.06,0,0.4033906003364695,0.631578947368421,0.6232760472610097,0.38,0,0,0,51.515173321886515,25.45333861526772,44.80110660969349
157700,0.06,0,0.40338724249889485,0.631578947368421,0.6218689581095597,0.38,0,0,0,51.52295929850219,25.450799600327443,44.794709289625764
157800,0.06,0,0.40329207379970594,0.631578947368421,0.6167561761546724,0.38,0,0,0,51.529421885617154,25.45475685210893,44.79966065123301
157900,0.06,0,0.4032468840913084,0.631578947368421,0.6172073039742213,0.37,0,0,0,51.53158682590196,25.45656545534869,44.8027987779911
158000,0.06,0,0.4033096445417392,0.631578947368421,0.6162406015037594,0.44,0,0,0,51.53002453463446,25.455814497425155,44.79718497822126
158100,0.06,0,0.40326846417792583,0.631578947368421,0.6182277121374866,0.43,0,0,0,51.52386572611389,25.45644635001911,44.80711480410584
158200,0.06,0,0.4032613208342341,0.631578947368421,0.6225778732545649,0.36,0,0,0,51.5303967818849,25.456189159677532,44.80222947886047
158300,0.06,0,0.40323863739704136,0.631578947368421,0.6192373791621912,0.38,0,0,0,51.542583597636586,25.45752475992874,44.794156033783594
158400,0.06,0,0.4032637813304996,0.631578947368421,0.6257465091299678,0.42,0,0,0,51.54139989424878,25.457869843028305,44.79239175121843
158500,0.06,0,0.40327586837768536,0.631578947368421,0.6206659505907626,0.28,0,0,0,51.54270353516124,25.46018168142446,44.789916351593135
158600,0.06,0,0.4034572096024746,0.631578947368421,0.6207518796992482,0.37,0,0,0,51.53806410771712,25.458410522393184,44.77381485493355
158700,0.06,0,0.4036181077453489,0.631578947368421,0.6254457572502685,0.35,0,0,0,51.53166467044016,25.45788886861741,44.76152424142871
158800,0.06,0,0.4037078811110754,0.631578947368421,0.6164124597207304,0.45,0,0,0,51.527030594218715,25.45858723426275,44.755595253858154
158900,0.06,0,0.40367330373236193,0.631578947368421,0.6137593984962406,0.5,0,0,0,51.51840947609966,25.45621016984785,44.76691894332337
159000,0.06,0,0.4035588510025442,0.631578947368421,0.6078839957035446,0.54,0,0,0,51.51770242945225,25.455084277798356,44.7802297939235
159100,0.06,0,0.40357649633248155,0.631578947368421,0.6092588614393125,0.48,0,0,0,51.5171746908772,25.456130018321556,44.7787306008392
159200,0.06,0,0.4035248091044361,0.631578947368421,0.6137271750805585,0.43,0,0,0,51.53304555520435,25.455185870585865,44.77067380511457
159300,0.06,0,0.4034924799225909,0.631578947368421,0.6145112781954887,0.4,0,0,0,51.52874143275894,25.455289033238873,44.77800091319085
159400,0.06,0,0.40358914968252246,0.631578947368421,0.6156928034371644,0.44,0,0,0,51.53520705907536,25.45739968182053,44.76165893579202
159500,0.06,0,0.40363496198642423,0.631578947368421,0.6138990332975295,0.47,0,0,0,51.54010610070413,25.460312141556546,44.752324269819525
159600,0.06,0,0.40355896168800376,0.631578947368421,0.6210418904403867,0.41,0,0,0,51.53772016814342,25.45723468443694,44.76282445125006
159700,0.06,0,0.40347446414895866,0.631578947368421,0.6229967776584318,0.42,0,0,0,51.55556421927009,25.455321997314478,44.756702654411626
159800,0.06,0,0.4034461980105931,0.631578947368421,0.6171858216970999,0.37,0,0,0,51.552092670920075,25.45804525843671,44.762852540340525
159900,0.06,0,0.4035567326614782,0.631578947368421,0.6243716433941998,0.39,0,0,0,51.553109160132955,25.455711922708293,44.749709582009615
160000,0.06,0,0.4036007489521066,0.631578947368421,0.6157679914070892,0.46,0,0,0,51.55334614411468,25.458103629302354,44.74462353769404
160100,0.06,0,0.4035536062830635,0.631578947368421,0.6134479054779807,0.35,0,0,0,51.5611871382552,25.456227676883348,44.743045370217956
160200,0.06,0,0.4035274929637591,0.631578947368421,0.6155961331901182,0.39,0,0,0,51.569576902996474,25.455481620720683,44.73866117043049
160300,0.06,0,0.403615876510978,0.631578947368421,0.6175080558539205,0.32,0,0,0,51.560943341564496,25.45460187375047,44.736353898948806
160400,0.06,0,0.4036533096780568,0.631578947368421,0.6215896885069817,0.47,0,0,0,51.54464417851994,25.451529415865185,44.746350202523
160500,0.06,0,0.4036094083154898,0.631578947368421,0.6173147153598282,0.35,0,0,0,51.5581777968508,25.453219489322183,44.739470503629164
160600,0.06,0,0.40370259140677034,0.631578947368421,0.6214285714285714,0.31,0,0,0,51.552931328669786,25.453425840678864,44.733695709225415
160700,0.06,0,0.4035409537976752,0.631578947368421,0.622781954887218,0.34,0,0,0,51.57324950846723,25.452665845761004,44.733983033657736
160800,0.06,0,0.40346089971814086,0.631578947368421,0.618625134264232,0.43,0,0,0,51.579827647675664,25.45443518231454,44.73715288158036
160900,0.06,0,0.40345438363181824,0.631578947368421,0.614092373791622,0.42,0,0,0,51.58008473742234,25.456578879863482,44.737652433408066
161000,0.06,0,0.4033634519321109,0.631578947368421,0.6180665950590762,0.37,0,0,0,51.59099449689009,25.457661972911954,44.73827516525253
161100,0.06,0,0.40343624609309037,0.631578947368421,0.6193340494092374,0.4,0,0,0,51.58605962888672,25.460536584018197,44.73448181623226
161200,0.06,0,0.40339519230008763,0.631578947368421,0.6236842105263158,0.41,0,0,0,51.57975002808751,25.46133702721154,44.744507269716216
161300,0.06,0,0.40347569041036785,0.631578947368421,0.6194522019334049,0.4,0,0,0,51.58059790234407,25.460200896974403,44.73484486131716
161400,0.06,0,0.4034067115324139,0.631578947368421,0.6135123523093448,0.41,0,0,0,51.58230060819105,25.45556597589196,44.74101718557524
161500,0.06,0,0.4034607519698615,0.631578947368421,0.6130934479054779,0.34,0,0,0,51.5755327752609,25.455131958125243,44.740894682742066
161600,0.06,0,0.4033540102060271,0.631578947368421,0.6207733619763695,0.42,0,0,0,51.584468635464745,25.453261650877728,44.7449822943855
161700,0.06,0,0.4034183994808212,0.631578947368421,0.6155424274973147,0.46,0,0,0,51.57284149972362,25.45457651884771,44.74792676468882
161800,0.06,0,0.40338270841588264,0.631578947368421,0.6254672395273899,0.36,0,0,0,51.56781495525707,25.455522893463936,44.75624820048189
161900,0.06,0,0.40342891358926186,0.631578947368421,0.6210526315789474,0.45,0,0,0,51.56276282648911,25.455200680461477,44.75550693935058
162000,0.06,0,0.40350048446867914,0.631578947368421,0.6249301825993555,0.36,0,0,0,51.557795083801054,25.455786792247658,44.75187999106797
162100,0.06,0,0.4035957232348928,0.631578947368421,0.6252201933404941,0.37,0,0,0,51.55329758281673,25.455658240011687,44.74522286193362
162200,0.06,0,0.40357831730227994,0.631578947368421,0.6096133190118153,0.28,0,0,0,51.55507604706853,25.458376709311207,44.745609063583366
162300,0.06,0,0.4035756811012649,0.631578947368421,0.6158216970998925,0.38,0,0,0,51.54134655554609,25.457349677423622,44.75782067986066
162400,0.06,0,0.40365260356427,0.631578947368421,0.6162943071965629,0.32,0,0,0,51.54250035966123,25.456922100954515,44.74828962609466
162500,0.06,0,0.4035395662017056,0.631578947368421,0.6166272824919441,0.44,0,0,0,51.547978784801494,25.454662114097655,44.756067180859354
162600,0.06,0,0.40355214861679534,0.631578947368421,0.6148549946294307,0.4,0,0,0,51.55189849440853,25.454554365782503,44.75126883688157
162700,0.06,0,0.4035281499249481,0.631578947368421,0.6113856068743286,0.39,0,0,0,51.55696564577077,25.453277602253422,44.74953176010236
162800,0.06,0,0.4035461125888326,0.631578947368421,0.6128571428571429,0.38,0,0,0,51.554235520303564,25.449777906946274,44.749909534336766
162900,0.06,0,0.40341079208337755,0.631578947368421,0.6175725026852846,0.44,0,0,0,51.5542615542585,25.45022177427013,44.764897881719655
163000,0.06,0,0.40352771483292244,0.631578947368421,0.622094522019334,0.37,0,0,0,51.54191170181937,25.451570886429455,44.76265010472959
163100,0.06,0,0.4037244176642406,0.631578947368421,0.614672395273899,0.4,0,0,0,51.53915489177931,25.450636991929898,44.74323399266644
163200,0.06,0,0.40364957040138083,0.631578947368421,0.6172610096670247,0.38,0,0,0,51.541640531994354,25.45081839363247,44.74937238554102
163300,0.06,0,0.4036671246562424,0.631578947368421,0.6112996777658432,0.42,0,0,0,51.551224701234695,25.451318644031243,44.739107133513016
163400,0.06,0,0.40373348622812283,0.631578947368421,0.6076906552094522,0.47,0,0,0,51.54986576515682,25.450894660415788,44.73293257753401
163500,0.06,0,0.40373207802283867,0.631578947368421,0.617389903329753,0.38,0,0,0,51.55690986044279,25.452327458843058,44.72697683147767
163600,0.06,0,0.4035963407697901,0.631578947368421,0.6190977443609023,0.45,0,0,0,51.567807451881286,25.451464486358315,44.73256425006749
163700,0.06,0,0.4037417894091655,0.631578947368421,0.6233941997851772,0.41,0,0,0,51.563186785123314,25.452308789348642,44.72045638941366
163800,0.06,0,0.40383829792869785,0.631578947368421,0.6201074113856069,0.44,0,0,0,51.55494836308919,25.453357964168436,44.71691374876064
163900,0.06,0,0.40382587444427925,0.631578947368421,0.6176262083780881,0.4,0,0,0,51.55605516786262,25.453600020152077,44.71732942870402
164000,0.06,0,0.40375864378751875,0.631578947368421,0.6133297529538131,0.34,0,0,0,51.547422925113544,25.454236279293166,44.7322651078437
164100,0.06,0,0.4039055022507012,0.631578947368421,0.6102792696025778,0.41,0,0,0,51.54046696979905,25.45376949464008,44.722035549152
164200,0.06,0,0.40383392895385223,0.631578947368421,0.6098388829215897,0.45,0,0,0,51.546974685333566,25.449508459260432,44.72431475634909
164300,0.06,0,0.40387128383101956,0.631578947368421,0.6147261009667024,0.41,0,0,0,51.54683320754915,25.455255474068927,44.720300854472015
164400,0.06,0,0.4039260134597164,0.631578947368421,0.6092910848549946,0.42,0,0,0,51.52902810480246,25.45454169838391,44.729691866269654
164500,0.06,0,0.40402095091039336,0.631578947368421,0.6038560687432868,0.36,0,0,0,51.51797663928287,25.453848108024705,44.728774226472765
164600,0.06,0,0.4040844024208285,0.631578947368421,0.6047368421052631,0.46,0,0,0,51.51560496213013,25.45390795701046,44.72380957476585
164700,0.06,0,0.4041719316244221,0.631578947368421,0.6024489795918367,0.32,0,0,0,51.50764770183512,25.450121311582002,44.72103174454064
164800,0.06,0,0.4041513931305748,0.631578947368421,0.6021482277121375,0.47,0,0,0,51.50018372231945,25.449046724888277,44.729786213045266
164900,0.06,0,0.40413858923749674,0.631578947368421,0.6061439312567132,0.47,0,0,0,51.487629509449114,25.447919003503472,44.74211013484186
165000,0.06,0,0.40411139722154016,0.631578947368421,0.6117722878625135,0.39,0,0,0,51.494103905722426,25.446846789715405,44.73949491953735
165100,0.06,0,0.40403982998720656,0.631578947368421,0.609452201933405,0.45,0,0,0,51.516787258463104,25.446890365020735,44.72771685557206
165200,0.06,0,0.4039898981084223,0.631578947368421,0.6121804511278196,0.35,0,0,0,51.521475173419965,25.447909873637908,44.729174803407034
165300,0.06,0,0.4040794575570811,0.631578947368421,0.6116004296455424,0.32,0,0,0,51.522196135892976,25.44773533417477,44.71863534169125
165400,0.06,0,0.40407442391590526,0.631578947368421,0.6106337271750806,0.39,0,0,0,51.52948297383959,25.445731214660924,44.71286862360462
165500,0.06,0,0.4040230110066837,0.631578947368421,0.6131364124597207,0.37,0,0,0,51.539673211948,25.44641019863801,44.70971685278761
165600,0.06,0,0.40414655260848414,0.631578947368421,0.6148872180451128,0.34,0,0,0,51.534031999804675,25.44792510115654,44.70094244323502
165700,0.06,0,0.40413614996047276,0.631578947368421,0.6046294307196562,0.32,0,0,0,51.533437227317435,25.448006475078987,44.70260899441
165800,0.06,0,0.40417438265244415,0.631578947368421,0.6042212674543501,0.42,0,0,0,51.54055280940394,25.446941727392996,44.692209405520195
165900,0.06,0,0.40414707425117696,0.631578947368421,0.6083995703544576,0.39,0,0,0,51.54911659333189,25.44978753132824,44.68780412135415
166000,0.06,0,0.40403624698207063,0.631578947368421,0.6022663802363051,0.38,0,0,0,51.553884128968015,25.44965461186304,44.69592828357956
166100,0.06,0,0.40406702514605797,0.631578947368421,0.6088399570354458,0.4,0,0,0,51.55194153021907,25.449328825452287,44.69420787254249
166200,0.06,0,0.4040861801108169,0.631578947368421,0.6146938775510205,0.4,0,0,0,51.551684766494965,25.449002342869523,44.692311823637475
166300,0.06,0,0.40392903446762585,0.631578947368421,0.6116433941997852,0.37,0,0,0,51.56740133917382,25.450556764461716,44.69607254063335
166400,0.06,0,0.40398921501703156,0.631578947368421,0.6053276047261009,0.39,0,0,0,51.56515827535821,25.45092243855928,44.69135832913779
166500,0.06,0,0.40395075698312344,0.631578947368421,0.6191514500537056,0.4,0,0,0,51.573489149076714,25.454330813348403,44.68839329640648
166600,0.06,0,0.40397821378882626,0.631578947368421,0.6127067669172932,0.46,0,0,0,51.57724170425344,25.45251397555877,44.68210487363078
166700,0.06,0,0.40390228832667946,0.631578947368421,0.607250268528464,0.37,0,0,0,51.58176745350781,25.450361778259484,44.68658309125125
166800,0.06,0,0.40384980859171005,0.631578947368421,0.6083780880773362,0.38,0,0,0,51.57615529375757,25.450560842451708,44.697253168252175
166900,0.06,0,0.4037448012095729,0.631578947368421,0.6128893662728249,0.42,0,0,0,51.587998574678544,25.44851175078942,44.698614177263586
167000,0.06,0,0.40372460370303825,0.631578947368421,0.611546723952739,0.36,0,0,0,51.580840102113314,25.4506748378924,44.70705401288107
167100,0.06,0,0.40367467599630363,0.631578947368421,0.6149087003222341,0.47,0,0,0,51.577861084007765,25.449584674288925,44.71516601228039
167200,0.06,0,0.4036661049673375,0.631578947368421,0.6162620837808808,0.31,0,0,0,51.57745528826719,25.449709163333242,44.716467260715774
167300,0.06,0,0.40368208266463634,0.631578947368421,0.6161331901181525,0.45,0,0,0,51.57552676004046,25.4488770614208,44.71636937326985
167400,0.06,0,0.40371800138519975,0.631578947368421,0.6153490870032223,0.36,0,0,0,51.569061076458624,25.449958877010964,44.71799696594813
167500,0.06,0,0.4037583869564571,0.631578947368421,0.6158968850698174,0.41,0,0,0,51.57681122947458,25.446900041649158,44.706805242294166
167600,0.06,0,0.40378691223329594,0.631578947368421,0.612438238453276,0.33,0,0,0,51.55905853397474,25.44494119589162,44.71903921375005
167700,0.06,0,0.40373276045059947,0.631578947368421,0.6069495166487647,0.46,0,0,0,51.57044159515475,25.447715007803584,44.71516519360485
167800,0.06,0,0.4036804318213693,0.631578947368421,0.6119763694951665,0.38,0,0,0,51.56910183937239,25.447290511705447,44.72212341130267
167900,0.06,0,0.4037910818934306,0.631578947368421,0.6093662728249194,0.42,0,0,0,51.573985849695305,25.443228409780843,44.70563431168831
168000,0.06,0,0.40372078413356105,0.631578947368421,0.616938775510204,0.46,0,0,0,51.57883121410104,25.444834820931344,44.709218245761384
168100,0.06,0,0.4037074776838496,0.631578947368421,0.6164554242749731,0.38,0,0,0,51.57893665789059,25.446595983226207,44.71060048651182
168200,0.06,0,0.40375902401017494,0.631578947368421,0.621203007518797,0.44,0,0,0,51.57879942784522,25.445173178955876,44.70501140142239
168300,0.06,0,0.40373894414068767,0.631578947368421,0.6136197636949516,0.33,0,0,0,51.57772379265621,25.44731474046334,44.70816714911302
168400,0.06,0,0.40381756362596616,0.631578947368421,0.6175187969924812,0.43,0,0,0,51.574923855047544,25.446172882322745,44.70188956655592
168500,0.06,0,0.40371072391904844,0.631578947368421,0.6192158968850698,0.46,0,0,0,51.58565891231641,25.443964584573685,44.704414667117426
168600,0.06,0,0.40362033597126495,0.631578947368421,0.6180665950590762,0.33,0,0,0,51.58634945753246,25.44104875246436,44.713827351458036
168700,0.06,0,0.40357436413773157,0.631578947368421,0.6179484425349087,0.41,0,0,0,51.592432762166,25.440957526444944,44.71364793523032
168800,0.06,0,0.40363213367825457,0.631578947368421,0.6208163265306123,0.39,0,0,0,51.581302480131356,25.440275839545247,44.716895318046504
168900,0.06,0,0.40361972101720095,0.631578947368421,0.6156498388829216,0.42,0,0,0,51.574972463929406,25.439335490592782,44.72375897660249
169000,0.06,0,0.40371602219470176,0.631578947368421,0.607765843179377,0.51,0,0,0,51.557111861224094,25.439931465697473,44.72858038071275
169100,0.06,0,0.40374782479912186,0.631578947368421,0.6116648764769066,0.41,0,0,0,51.53864518829019,25.441415235459495,44.74108249280017
169200,0.06,0,0.4038908686965366,0.631578947368421,0.6109344790547798,0.4,0,0,0,51.51976185150857,25.440551918501033,44.74162974582188
169300,0.06,0,0.4038562366866411,0.631578947368421,0.6090225563909775,0.36,0,0,0,51.52129221342227,25.43745873745608,44.74413739248181
169400,0.06,0,0.4038876551326315,0.631578947368421,0.607422126745435,0.47,0,0,0,51.51946998529171,25.439502216327085,44.74223920678014
169500,0.06,0,0.4039326841772348,0.631578947368421,0.6038238453276047,0.39,0,0,0,51.51924431422638,25.437636114707544,44.73744745754601
169600,0.06,0,0.40412304479190825,0.631578947368421,0.6149946294307197,0.36,0,0,0,51.509905857544304,25.438576012585028,44.724480881534944
169700,0.06,0,0.4041434479486649,0.631578947368421,0.6134801288936628,0.38,0,0,0,51.50005645912092,25.438063327766244,44.73077610501459
169800,0.06,0,0.4041751943722165,0.631578947368421,0.6090225563909775,0.35,0,0,0,51.49808140698653,25.43892549919446,44.72897805075552
169900,0.06,0,0.4041347392124736,0.631578947368421,0.6033941997851773,0.37,0,0,0,51.507582667823144,25.44049400352849,44.725203879568106
170000,0.06,0,0.4041184926172306,0.631578947368421,0.6073791621911923,0.38,0,0,0,51.506610026219576,25.440847989137826,44.72784656365959
170100,0.06,0,0.40420025048660047,0.631578947368421,0.6132116004296455,0.53,0,0,0,51.50586472620487,25.43797431286654,44.7194465204726
170200,0.06,0,0.4043011221876819,0.631578947368421,0.6058861439312567,0.36,0,0,0,51.49969596441778,25.441027697362163,44.713644446791164
170300,0.06,0,0.4042849178854955,0.631578947368421,0.6088077336197637,0.33,0,0,0,51.49832758398548,25.44011250712827,44.71662478170964
170400,0.06,0,0.40415055993017357,0.631578947368421,0.6078410311493019,0.49,0,0,0,51.503782094543226,25.442534657681453,44.72675332288307
170500,0.06,0,0.4041550764541045,0.631578947368421,0.6194199785177229,0.39,0,0,0,51.50039450267619,25.444110399077765,44.72919549391132
170600,0.06,0,0.40415243957762326,0.631578947368421,0.6068421052631578,0.44,0,0,0,51.49600648904495,25.448028183240424,44.733298761183946
170700,0.06,0,0.4041849035464579,0.631578947368421,0.6034156820622986,0.24,0,0,0,51.49621483982886,25.449420789829365,44.729524826755714
170800,0.06,0,0.40417367105864477,0.631578947368421,0.6078410311493019,0.39,0,0,0,51.50770257485846,25.452160160534604,44.720791636790345
170900,0.06,0,0.40428600720883556,0.631578947368421,0.605187969924812,0.36,0,0,0,51.509034238563345,25.45271268344428,44.70720953450819
171000,0.06,0,0.4042584611508791,0.631578947368421,0.614640171858217,0.42,0,0,0,51.509224366311756,25.4507334881568,44.71009083939912
171100,0.06,0,0.4041833648704839,0.631578947368421,0.6114285714285714,0.41,0,0,0,51.5052925228482,25.452646695501816,44.72181160612204
171200,0.06,0,0.4041556361985719,0.631578947368421,0.608796992481203,0.42,0,0,0,51.506284408144516,25.453193499391876,44.724018628231214
171300,0.06,0,0.40412934754392993,0.631578947368421,0.6093340494092374,0.42,0,0,0,51.507738672745425,25.451968034874106,44.72566511429982
171400,0.06,0,0.4042521964423247,0.631578947368421,0.6066272824919442,0.38,0,0,0,51.50171209106527,25.44987424313873,44.717305432411365
171500,0.06,0,0.40425790372621423,0.631578947368421,0.6064232008592911,0.38,0,0,0,51.50556508826117,25.450974071117106,44.7133289787811
171600,0.06,0,0.4041720912483615,0.631578947368421,0.6007089151450054,0.32,0,0,0,51.5059145914453,25.449493777132023,44.722518889263235
171700,0.06,0,0.4042105339002125,0.631578947368421,0.6090332975295382,0.42,0,0,0,51.501519794511324,25.451497320459318,44.722081490138144
171800,0.06,0,0.40418428810129875,0.631578947368421,0.6141031149301825,0.41,0,0,0,51.50564163001983,25.451231818177376,44.721406327902635
171900,0.06,0,0.404215617218729,0.631578947368421,0.6115359828141783,0.41,0,0,0,51.51429361028498,25.451182122965534,44.71042964029886
172000,0.06,0,0.40426959415378755,0.631578947368421,0.6158324382384532,0.38,0,0,0,51.50438491529265,25.45185478635406,44.71306051822753
172100,0.06,0,0.4042402712761655,0.631578947368421,0.6115682062298604,0.41,0,0,0,51.510799792404526,25.452270480774164,44.710735197669145
172200,0.06,0,0.40436938812732975,0.631578947368421,0.6079806659505907,0.44,0,0,0,51.503362599550364,25.451268703030856,44.70291313311642
172300,0.06,0,0.404313876735995,0.631578947368421,0.6116433941997852,0.37,0,0,0,51.49648070378001,25.45285544119754,44.71502557915368
172400,0.06,0,0.4042654919274061,0.631578947368421,0.6120408163265306,0.39,0,0,0,51.50285099900809,25.452596619096518,44.71484594618931
172500,0.06,0,0.40422172374524046,0.631578947368421,0.6103329752953813,0.4,0,0,0,51.48857792411325,25.450621158773505,44.73208424555252
172600,0.06,0,0.4043270881757275,0.631578947368421,0.6103007518796992,0.4,0,0,0,51.476628907636446,25.45040053614614,44.730808152069066
172700,0.06,0,0.40424595764068444,0.631578947368421,0.609140708915145,0.3,0,0,0,51.48777613300069,25.449667624230425,44.73009917563739
172800,0.06,0,0.40413087545105675,0.631578947368421,0.6127712137486574,0.33,0,0,0,51.48606500872895,25.447530162043364,44.74432374198834
172900,0.06,0,0.4041298763657118,0.631578947368421,0.6009989258861439,0.33,0,0,0,51.47809851542652,25.446936507189665,44.751358783487355
173000,0.06,0,0.4041390972196202,0.631578947368421,0.6035230934479054,0.38,0,0,0,51.4832507109482,25.44827674632708,44.74585933663262
173100,0.06,0,0.40409631674348084,0.631578947368421,0.6026315789473684,0.43,0,0,0,51.48255426296737,25.447870358619557,44.75120182688587
173200,0.06,0,0.40408811085379087,0.631578947368421,0.6093770139634801,0.48,0,0,0,51.49050515559586,25.445913856770378,44.745200212332946
173300,0.06,0,0.4041460796590161,0.631578947368421,0.6062728249194415,0.38,0,0,0,51.48760442843213,25.444184452346985,44.74130268169816
173400,0.06,0,0.40417919778952116,0.631578947368421,0.6041460794844253,0.25,0,0,0,51.49280684190514,25.443917060889714,44.73311668786405
173500,0.06,0,0.4041007414444504,0.631578947368421,0.6206444683136413,0.43,0,0,0,51.49076594241314,25.443039392718816,44.743575039108634
173600,0.06,0,0.40415984828038676,0.631578947368421,0.614296455424275,0.45,0,0,0,51.494667113045544,25.4428488641553,44.73364224122535
173700,0.06,0,0.4042313903932334,0.631578947368421,0.611031149301826,0.5,0,0,0,51.487354855605304,25.4421544941107,44.73207711157486
173800,0.06,0,0.4041851772449725,0.631578947368421,0.6132008592910848,0.4,0,0,0,51.48610752166164,25.442235906091987,44.738275454578904
173900,0.06,0,0.4042742102672137,0.631578947368421,0.6083566058002148,0.36,0,0,0,51.47584372378636,25.443977210614825,44.73734120170477
174000,0.06,0,0.4041043568299554,0.631578947368421,0.6056283566058002,0.43,0,0,0,51.480228310330226,25.444328566256946,44.752333339142304
174100,0.06,0,0.4041907636751798,0.631578947368421,0.6083566058002148,0.41,0,0,0,51.489257141055845,25.444737446149688,44.73492049353893
174200,0.06,0,0.40419648065469826,0.631578947368421,0.6086358754027927,0.46,0,0,0,51.480240507267844,25.445577016127928,44.742122857355966
174300,0.06,0,0.40437100756727745,0.631578947368421,0.6105907626208378,0.41,0,0,0,51.45864992792964,25.44341192615071,44.74157652868731
174400,0.06,0,0.40443865010796615,0.631578947368421,0.6039957035445758,0.44,0,0,0,51.449013354896486,25.443723499546206,44.74247232647533
174500,0.06,0,0.4043868874919274,0.631578947368421,0.6085392051557466,0.37,0,0,0,51.458924484385015,25.442257888630863,44.73958085851131
174600,0.06,0,0.40447126427182334,0.631578947368421,0.6019119226638023,0.29,0,0,0,51.44509688083662,25.44288636629333,44.742270492831146
174700,0.06,0,0.40433147995156254,0.631578947368421,0.6051772287862514,0.45,0,0,0,51.43584396155965,25.440765903723833,44.76579024098099
174800,0.06,0,0.4044182181287429,0.631578947368421,0.6038023630504834,0.45,0,0,0,51.435477353562725,25.440972193412215,44.756508035092196
174900,0.06,0,0.4043406926060621,0.631578947368421,0.6088184747583244,0.33,0,0,0,51.431398885038604,25.442247232807233,44.768639177792295
175000,0.06,0,0.40425282900153975,0.631578947368421,0.6089473684210527,0.44,0,0,0,51.422301137318414,25.443174683459155,44.786291847286236
175100,0.06,0,0.4042625792669025,0.631578947368421,0.6110418904403867,0.34,0,0,0,51.427696454805975,25.442695893447045,44.78051321312366
175200,0.06,0,0.40426678956882534,0.631578947368421,0.6053061224489796,0.48,0,0,0,51.428004149067725,25.439432873708004,44.77977891975285
175300,0.06,0,0.40439403112350153,0.631578947368421,0.6088077336197637,0.43,0,0,0,51.42184160051839,25.442456347250324,44.77105393122314
175400,0.06,0,0.4044101105394402,0.631578947368421,0.6035875402792696,0.34,0,0,0,51.423567422439795,25.441928846519826,44.767771328628974
175500,0.06,0,0.4044550500104736,0.631578947368421,0.6000322234156821,0.38,0,0,0,51.413768417976776,25.44509030782388,44.77132851830229
175600,0.06,0,0.40445365316056986,0.631578947368421,0.603093447905478,0.45,0,0,0,51.42634889433669,25.446571430017965,44.760530653488516
175700,0.06,0,0.4043921362064409,0.631578947368421,0.5981847475832438,0.37,0,0,0,51.43601519068305,25.44599897091222,44.75892665467917
175800,0.06,0,0.40436278293036104,0.631578947368421,0.6004296455424275,0.23,0,0,0,51.44125621178063,25.447445410908404,44.75761523730661
175900,0.06,0,0.4043749846795178,0.631578947368421,0.6070569280343716,0.3,0,0,0,51.44031455498792,25.449040356217623,44.75708400553358
176000,0.06,0,0.40439956616721245,0.631578947368421,0.6107948442534908,0.35,0,0,0,51.43943971461475,25.449271790379477,44.75512458553906
176100,0.06,0,0.4044262373529857,0.631578947368421,0.6052738990332975,0.39,0,0,0,51.44221410449318,25.448401853377074,44.74975948376271
176200,0.06,0,0.40433239269028853,0.631578947368421,0.6042320085929108,0.38,0,0,0,51.454912945851696,25.44622230259631,44.749099202015636
176300,0.06,0,0.40459082413611136,0.631578947368421,0.6018367346938776,0.55,0,0,0,51.43764169101831,25.44565713241735,44.7355316597421
176400,0.06,0,0.4046591400340587,0.631578947368421,0.6046509129967776,0.39,0,0,0,51.43715094152942,25.446361259834507,44.728405997830876
176500,0.06,0,0.4047270891028448,0.631578947368421,0.6065413533834586,0.28,0,0,0,51.43021197770133,25.449008550503706,44.7269303509267
176600,0.06,0,0.4047187406791917,0.631578947368421,0.6012459720730398,0.29,0,0,0,51.440008036462366,25.448442931330614,44.71933514642601
176700,0.06,0,0.40482944318342434,0.631578947368421,0.602953813104189,0.46,0,0,0,51.443265780999354,25.447011770419422,44.70427527093409
176800,0.06,0,0.40493855324979205,0.631578947368421,0.6038238453276047,0.37,0,0,0,51.42939257835185,25.449011452915926,44.704285609897276
176900,0.06,0,0.40489432910338197,0.631578947368421,0.5997636949516649,0.35,0,0,0,51.44017400390696,25.4467581599929,44.69979772359146
177000,0.06,0,0.40493997001642856,0.631578947368421,0.6003866809881847,0.3,0,0,0,51.444174290425394,25.44703824171563,44.69128414147898
177100,0.06,0,0.40504751929082755,0.631578947368421,0.6027067669172932,0.48,0,0,0,51.432793290897685,25.448444465232317,44.689304214064165
177200,0.06,0,0.40518325501066654,0.631578947368421,0.5990010741138561,0.5,0,0,0,51.42989390714675,25.444522566888175,44.676851907055756
177300,0.06,0,0.4051413945304159,0.631578947368421,0.6002148227712137,0.38,0,0,0,51.424854845339,25.445302823970543,44.68584634476206
177400,0.06,0,0.40508872576196636,0.631578947368421,0.6036627282491944,0.5,0,0,0,51.43222606362452,25.44192339854776,44.68525113662507
177500,0.06,0,0.40495628827262936,0.631578947368421,0.5965843179377014,0.31,0,0,0,51.43748785403437,25.438177475417305,44.695292499431936
177600,0.06,0,0.4050271758178448,0.631578947368421,0.5860257787325457,0.39,0,0,0,51.424483999462566,25.43785639164137,44.69877021046533
177700,0.06,0,0.40501196446084525,0.631578947368421,0.5952094522019334,0.35,0,0,0,51.43994334163841,25.43796906006833,44.68701508842448
177800,0.06,0,0.40497613360317386,0.631578947368421,0.5984103114930183,0.4,0,0,0,51.434565385214405,25.43869154351703,44.6956416890975
177900,0.06,0,0.4049349994177764,0.631578947368421,0.600719656283566,0.36,0,0,0,51.44275990426352,25.437727197791038,44.69306150305557
178000,0.06,0,0.4049377464200656,0.631578947368421,0.6080665950590762,0.3,0,0,0,51.43832095890018,25.436772747912702,44.696615142993544
178100,0.06,0,0.40486577895027925,0.631578947368421,0.5982169709989259,0.36,0,0,0,51.44173256939084,25.434669339057923,44.70159544899093
178200,0.06,0,0.40482868394642896,0.631578947368421,0.6014178302900107,0.35,0,0,0,51.44186456093991,25.433545212363164,44.70557680947088
178300,0.06,0,0.40477891477354094,0.631578947368421,0.6019763694951665,0.36,0,0,0,51.448376943691585,25.431097395265564,44.705413968732095
178400,0.06,0,0.4047497861225797,0.631578947368421,0.5995488721804512,0.42,0,0,0,51.437491496327176,25.432594046509045,44.71809273967351
178500,0.06,0,0.4047338657224177,0.631578947368421,0.6033727175080559,0.35,0,0,0,51.44892399699823,25.43724192721702,44.709914518323274
178600,0.06,0,0.40470968339768126,0.631578947368421,0.6042320085929108,0.47,0,0,0,51.45280789814986,25.437183144757007,44.70921092013395
178700,0.06,0,0.404592525676282,0.631578947368421,0.600859291084855,0.37,0,0,0,51.45501359191154,25.43350806728139,44.72024027116565
178800,0.06,0,0.4046649442012954,0.631578947368421,0.6052094522019335,0.35,0,0,0,51.43858992066276,25.434812306831688,44.72651320609664
178900,0.06,0,0.4047147360889833,0.631578947368421,0.6025456498388829,0.43,0,0,0,51.43179471392591,25.439113204960805,44.7269190945232
179000,0.06,0,0.4047311384430839,0.631578947368421,0.5984962406015037,0.47,0,0,0,51.42953006766576,25.440874768830227,44.72707589097811
179100,0.06,0,0.4046455901196763,0.631578947368421,0.6058861439312567,0.4,0,0,0,51.43059609384415,25.442179322592743,44.735604610020495
179200,0.06,0,0.40475550332760496,0.631578947368421,0.6074006444683137,0.43,0,0,0,51.43268420730375,25.443195702872345,44.72164072621271
179300,0.06,0,0.40475147567807973,0.631578947368421,0.6062298603651987,0.37,0,0,0,51.42765142562567,25.44440544237575,44.72646231334937
179400,0.06,0,0.4046796479735584,0.631578947368421,0.6007733619763695,0.4,0,0,0,51.42770969783508,25.444247152781436,44.73435024815629
179500,0.06,0,0.4047147050252747,0.631578947368421,0.6060365198711063,0.38,0,0,0,51.42806734409456,25.44515378262292,44.730164216159075
179600,0.06,0,0.404668920784577,0.631578947368421,0.6012781954887219,0.34,0,0,0,51.425903719866405,25.44586605177048,44.73710711644811
179700,0.06,0,0.40463285261006915,0.631578947368421,0.6028356605800215,0.38,0,0,0,51.431148466443545,25.447144045663286,44.736532372768515
179800,0.06,0,0.4046737029581526,0.631578947368421,0.6079914070891514,0.36,0,0,0,51.42985107243256,25.44723816837868,44.73314481270545
179900,0.06,0,0.40456289401241036,0.631578947368421,0.6082277121374866,0.35,0,0,0,51.4390293735955,25.447332024714147,44.73741317740532
180000,0.06,0,0.4046601955003222,0.631578947368421,0.6006122448979592,0.37,0,0,0,51.44171075599376,25.447814461630866,44.72432459969619
180100,0.06,0,0.40468888770247974,0.631578947368421,0.6096777658431793,0.39,0,0,0,51.43582954163525,25.450551939621658,44.72626712449133
180200,0.06,0,0.40472291026095925,0.631578947368421,0.6009022556390977,0.44,0,0,0,51.429868953440135,25.450936255745553,44.727690485515154
180300,0.06,0,0.40475525142336827,0.631578947368421,0.6010955961331901,0.36,0,0,0,51.42501367258395,25.45158635709219,44.72833922566823
180400,0.06,0,0.4048224314041284,0.631578947368421,0.5967776584317938,0.34,0,0,0,51.419158383167684,25.45069730764628,44.72600912700364
180500,0.06,0,0.40480852092461483,0.631578947368421,0.5967883995703545,0.33,0,0,0,51.42262022586771,25.451875100736967,44.724534930806215
180600,0.06,0,0.4046865370443178,0.631578947368421,0.5949946294307197,0.34,0,0,0,51.43400751810053,25.451177089248947,44.72811133548705
180700,0.06,0,0.40466941262036416,0.631578947368421,0.6002363050483351,0.34,0,0,0,51.43511951875909,25.452293113895532,44.729037058581596
180800,0.06,0,0.4045577274120624,0.631578947368421,0.6049409237379162,0.32,0,0,0,51.43786179462513,25.45469775307262,44.73900001783796
180900,0.06,0,0.40454936285233223,0.631578947368421,0.606047261009667,0.44,0,0,0,51.440579762184996,25.45448960819431,44.73756112728859
181000,0.06,0,0.40462756218737134,0.631578947368421,0.5969495166487647,0.34,0,0,0,51.433743150722115,25.456346950384816,44.734860435006446
181100,0.06,0,0.4044990714673663,0.631578947368421,0.6049409237379162,0.42,0,0,0,51.44546276896975,25.457571550537363,44.738876503635346
181200,0.06,0,0.4043741842455811,0.631578947368421,0.6085714285714285,0.27,0,0,0,51.4540740386164,25.457419772629084,44.74520395370871
181300,0.06,0,0.4045093572131904,0.631578947368421,0.6117508055853921,0.5,0,0,0,51.43989312610607,25.45939013940736,44.74258286516797
181400,0.06,0,0.4045816437736877,0.631578947368421,0.6071321160042965,0.29,0,0,0,51.43502406237449,25.4597348967981,44.738823483804445
181500,0.06,0,0.4045517995356765,0.631578947368421,0.6085392051557466,0.41,0,0,0,51.43932832941098,25.462876445288508,44.738380048891976
181600,0.06,0,0.4046033052257045,0.631578947368421,0.6093662728249194,0.48,0,0,0,51.436798863426645,25.46586070588802,44.734884670646785
181700,0.06,0,0.4047295559280042,0.631578947368421,0.602953813104189,0.35,0,0,0,51.42926086618337,25.466000708701987,44.72748489679312
181800,0.06,0,0.40488095372551003,0.631578947368421,0.6003866809881847,0.34,0,0,0,51.42290483019026,25.463635312188696,44.71628626852634
181900,0.06,0,0.4047161257158508,0.631578947368421,0.6009667024704619,0.46,0,0,0,51.42358030277679,25.461447937123317,44.733910181741315
182000,0.06,0,0.404699713599835,0.631578947368421,0.6023845327604727,0.46,0,0,0,51.435134299571274,25.46316270046823,44.72567521995189
182100,0.06,0,0.40455406173757735,0.631578947368421,0.601546723952739,0.39,0,0,0,51.445739258143035,25.46580681072271,44.732554821342966
182200,0.06,0,0.4044840564813764,0.631578947368421,0.6041460794844253,0.4,0,0,0,51.445926261654215,25.462843859584012,44.74013418851123
182300,0.06,0,0.4045213912252926,0.631578947368421,0.6014178302900107,0.43,0,0,0,51.44781441201048,25.46133956985243,44.73436313461022
182400,0.06,0,0.40447912907510974,0.631578947368421,0.6114285714285714,0.33,0,0,0,51.45843881786979,25.461274044047514,44.72980014147465
182500,0.06,0,0.4045295476907704,0.631578947368421,0.6063157894736843,0.47,0,0,0,51.449664471266566,25.46252498622867,44.73185260888932
182600,0.06,0,0.40457975160239773,0.631578947368421,0.6080773361976369,0.36,0,0,0,51.44792745440696,25.462965085572502,44.727811953556035
182700,0.06,0,0.40468273724266046,0.631578947368421,0.6069602577873254,0.33,0,0,0,51.43776336167114,25.460894862078767,44.72526535979005
182800,0.06,0,0.4047399299485142,0.631578947368421,0.5942427497314715,0.47,0,0,0,51.43184641798408,25.464422283788487,44.724090015696376
182900,0.06,0,0.40472132791507837,0.631578947368421,0.609140708915145,0.44,0,0,0,51.43293740067408,25.464752347330503,44.725196930043126
183000,0.06,0,0.4047645138216101,0.631578947368421,0.6070354457572502,0.42,0,0,0,51.434680539338956,25.467461109504065,44.718909433854925
183100,0.06,0,0.40489719411323555,0.631578947368421,0.6068635875402792,0.41,0,0,0,51.426094091565645,25.464906475907174,44.7117196705625
183200,0.06,0,0.40492729145355827,0.631578947368421,0.6058216970998926,0.45,0,0,0,51.431242527926514,25.462914903926567,44.703920891026875
183300,0.06,0,0.40504431993395473,0.631578947368421,0.6011493018259936,0.37,0,0,0,51.421557131785484,25.463966309505743,44.69942237226699
183400,0.06,0,0.40509786124316377,0.631578947368421,0.5992910848549946,0.43,0,0,0,51.43177701974169,25.465851861766115,44.684633558444325
183500,0.06,0,0.40509455204281575,0.631578947368421,0.6052309344790547,0.4,0,0,0,51.42928725533109,25.466623391249225,44.68716184920902
183600,0.06,0,0.40522468244937365,0.631578947368421,0.6000429645542428,0.41,0,0,0,51.41209314261999,25.46604243066142,44.687751640972365
183700,0.06,0,0.40526147886264546,0.631578947368421,0.6016219119226638,0.39,0,0,0,51.41452965512315,25.46576403910316,44.6815765985761
183800,0.06,0,0.4052568690218136,0.631578947368421,0.602234156820623,0.22,0,0,0,51.411234673333496,25.469539153230464,44.684948562252636
183900,0.06,0,0.4051892332640818,0.631578947368421,0.5974113856068743,0.39,0,0,0,51.4165035671055,25.46964784005621,44.68782770345178
184000,0.06,0,0.4051587242681868,0.631578947368421,0.6004511278195489,0.31,0,0,0,51.415744564595265,25.470027123565615,44.69185249112108
184100,0.06,0,0.40523232264909415,0.631578947368421,0.5942320085929108,0.3,0,0,0,51.42141720992199,25.467001764874247,44.67880618137491
184200,0.06,0,0.4052312656685924,0.631578947368421,0.5913211600429645,0.32,0,0,0,51.42744981548947,25.466978765815302,44.67368173725151
184300,0.06,0,0.4051715130679832,0.631578947368421,0.5933834586466166,0.25,0,0,0,51.42374269242263,25.464526140853508,44.68349096896348
184400,0.06,0,0.4052616522643468,0.631578947368421,0.5987432867883996,0.42,0,0,0,51.41665303588003,25.46144130791689,44.679712242457505
184500,0.06,0,0.4052159224053844,0.631578947368421,0.589452201933405,0.4,0,0,0,51.42397982178696,25.463944766956995,44.678387890396976
184600,0.06,0,0.40514505594275046,0.631578947368421,0.6050805585392052,0.4,0,0,0,51.43811866750277,25.465222706935098,44.67391992737514
184700,0.06,0,0.4051575073324403,0.631578947368421,0.6018152524167562,0.42,0,0,0,51.44000549384251,25.46573373549635,44.670908403585926
184800,0.06,0,0.4051467136396499,0.631578947368421,0.5981632653061224,0.47,0,0,0,51.42752404908643,25.465065908123,44.682940406003574
184900,0.06,0,0.4051177778538231,0.631578947368421,0.5974650912996777,0.41,0,0,0,51.43251400647183,25.463718140461694,44.68179648574541
185000,0.06,0,0.4051310005338447,0.631578947368421,0.5980451127819549,0.43,0,0,0,51.435533409964435,25.464612044569577,44.67771530423138
185100,0.06,0,0.4050862539883588,0.631578947368421,0.5941783029001074,0.47,0,0,0,51.440510753126425,25.466908534490607,44.6783270258954
185200,0.06,0,0.405044209307704,0.631578947368421,0.5988292158968851,0.3,0,0,0,51.43792362069495,25.467957288220752,44.685212140288755
185300,0.06,0,0.4049472880571837,0.631578947368421,0.5985714285714285,0.41,0,0,0,51.438258943316335,25.468605677992734,44.69561585801956
185400,0.06,0,0.40489765333295347,0.631578947368421,0.6031793770139635,0.46,0,0,0,51.42810461832933,25.467706250682618,44.70992100531583
185500,0.06,0,0.40478428016109647,0.631578947368421,0.5950698174006445,0.31,0,0,0,51.44249668600142,25.46855720952164,44.70993149316387
185600,0.06,0,0.4047949720057967,0.631578947368421,0.601858216970999,0.42,0,0,0,51.437321044814986,25.470508021987865,44.71324918036219
185700,0.06,0,0.40474747798561267,0.631578947368421,0.6069924812030075,0.37,0,0,0,51.441463117379186,25.474647814766943,44.71489519962402
185800,0.06,0,0.4048288346884814,0.631578947368421,0.601203007518797,0.39,0,0,0,51.432683302385726,25.47125827077306,44.713540561364546
185900,0.06,0,0.40489769710165335,0.631578947368421,0.5976047261009667,0.39,0,0,0,51.42768637380675,25.46912203659178,44.71027978335387
186000,0.06,0,0.40492811698994147,0.631578947368421,0.5985714285714285,0.39,0,0,0,51.4269446302408,25.470969014634573,44.70756577973935
186100,0.06,0,0.40503266348119593,0.631578947368421,0.593952738990333,0.42,0,0,0,51.426513721810636,25.470237965769464,44.69640043537887
186200,0.06,0,0.40495300260142175,0.631578947368421,0.6083136412459721,0.36,0,0,0,51.43073002360429,25.47054140200889,44.70152800759664
186300,0.06,0,0.4050787577257167,0.631578947368421,0.6027175080558539,0.36,0,0,0,51.42780751165043,25.469711019869493,44.690190078066514
186400,0.06,0,0.4050065864651783,0.631578947368421,0.6015789473684211,0.52,0,0,0,51.43890124484311,25.469357505237266,44.68851380058888
186500,0.06,0,0.4049197231640376,0.631578947368421,0.5994414607948443,0.47,0,0,0,51.4546155467489,25.471687328351056,44.68444951798662
186600,0.06,0,0.4049432668578124,0.631578947368421,0.6083888292158969,0.43,0,0,0,51.47048672720124,25.473677263748435,44.668073660801554
186700,0.06,0,0.40494893852502956,0.631578947368421,0.6057142857142858,0.27,0,0,0,51.477282190900034,25.47652761413133,44.661551540599206
186800,0.06,0,0.40486513064025714,0.631578947368421,0.6001933404940923,0.36,0,0,0,51.47058684928072,25.478576104379627,44.676607388919535
186900,0.06,0,0.40497105394197513,0.631578947368421,0.6070891514500537,0.35,0,0,0,51.46305685264838,25.47817930487957,44.67145718158077
187000,0.06,0,0.40492931927542275,0.631578947368421,0.6048549946294307,0.41,0,0,0,51.45661291724113,25.47514793149484,44.68165611820138
187100,0.06,0,0.4049476768700888,0.631578947368421,0.6016863587540279,0.35,0,0,0,51.454361594126894,25.4741094577545,44.68158545645436
187200,0.06,0,0.4049353326604556,0.631578947368421,0.6100107411385607,0.39,0,0,0,51.45173123413175,25.47639344970108,44.68523186803461
187300,0.06,0,0.40491779655045607,0.631578947368421,0.6,0.29,0,0,0,51.45299433197474,25.477874472864148,44.686070081933366
187400,0.06,0,0.4049160112414054,0.631578947368421,0.6101611170784104,0.39,0,0,0,51.45157881358354,25.477329943070625,44.68749650003733
187500,0.06,0,0.40486803393167903,0.631578947368421,0.60515574650913,0.41,0,0,0,51.455946979304755,25.478331365280656,44.68899798554248
187600,0.06,0,0.404999949976892,0.631578947368421,0.6012459720730398,0.48,0,0,0,51.4490669806482,25.480137278584028,44.68041601012529
187700,0.06,0,0.4049498378671693,0.631578947368421,0.6015789473684211,0.39,0,0,0,51.448857427195186,25.476254682730406,44.68612717167753
187800,0.06,0,0.40500856120892714,0.631578947368421,0.604328678839957,0.41,0,0,0,51.44897679874229,25.47741438761597,44.67954433776445
187900,0.06,0,0.40502280029218535,0.631578947368421,0.5983566058002148,0.28,0,0,0,51.44895046814535,25.47578535096268,44.67799643782519
188000,0.06,0,0.4049828673866163,0.631578947368421,0.6006015037593985,0.41,0,0,0,51.44383952840391,25.47481723322659,44.686841055879086
188100,0.06,0,0.40503925422749,0.631578947368421,0.6011385606874329,0.38,0,0,0,51.44223266286058,25.473192979822066,44.68201571212315
188200,0.06,0,0.4050578261978657,0.631578947368421,0.5899140708915145,0.37,0,0,0,51.44513952505502,25.475399586390182,44.67744243199148
188300,0.06,0,0.4052100800748799,0.631578947368421,0.6005477980665951,0.33,0,0,0,51.427184710107554,25.477357366003258,44.67624771415803
188400,0.06,0,0.4052839182329897,0.631578947368421,0.6020085929108485,0.39,0,0,0,51.42690979128768,25.47577707815145,44.66834699330073
188500,0.06,0,0.4053416559552686,0.631578947368421,0.6006015037593985,0.41,0,0,0,51.42120203476094,25.47468990197863,44.66694182249074
188600,0.06,0,0.4054089769231117,0.631578947368421,0.5929001074113857,0.44,0,0,0,51.41480915573908,25.474935748046498,44.66507749948282
188700,0.06,0,0.4054962176318345,0.631578947368421,0.5973361976369496,0.36,0,0,0,51.41231323802025,25.475289316891107,44.657635899211
188800,0.06,0,0.40556001480361253,0.631578947368421,0.6001503759398497,0.33,0,0,0,51.41157791863804,25.473085575324408,44.65124958878848
188900,0.06,0,0.40546131116256584,0.631578947368421,0.5933190118152524,0.39,0,0,0,51.41157053456465,25.470700679677112,44.66212569876901
189000,0.06,0,0.40557745631307823,0.631578947368421,0.5929967776584318,0.38,0,0,0,51.40229444243587,25.471942409718185,44.657393261800344
189100,0.06,0,0.40557006438523074,0.631578947368421,0.5859935553168636,0.39,0,0,0,51.41108804733848,25.473358690020493,44.65056862930755
189200,0.06,0,0.40553505582341015,0.631578947368421,0.5976369495166488,0.34,0,0,0,51.41127882494027,25.471304790264423,44.65425746783611
189300,0.06,0,0.4055774255318893,0.631578947368421,0.5998174006444683,0.47,0,0,0,51.40296691321421,25.471356337736143,44.656812428085516
189400,0.06,0,0.4055367728148523,0.631578947368421,0.5906659505907627,0.43,0,0,0,51.396117758178995,25.46857759487904,44.66724067292186
189500,0.06,0,0.4054756955531373,0.631578947368421,0.6013641245972073,0.39,0,0,0,51.403832782446905,25.46550386650672,44.667263987626384
189600,0.06,0,0.4054624965578391,0.631578947368421,0.5988614393125671,0.37,0,0,0,51.39729794846412,25.465149466522384,44.67439737684752
189700,0.06,0,0.40546181920650454,0.631578947368421,0.6027926960257788,0.38,0,0,0,51.41341184569719,25.464294476988204,44.66047021737301
189800,0.06,0,0.405532045397799,0.631578947368421,0.6007411385606874,0.39,0,0,0,51.40867511407101,25.46242572168123,44.65685058874842
189900,0.06,0,0.4054082808255226,0.631578947368421,0.5932116004296455,0.3,0,0,0,51.413095422789226,25.463710355586564,44.666642997113925
190000,0.06,0,0.4054168507131478,0.631578947368421,0.5969495166487647,0.33,0,0,0,51.41877880694623,25.463832657954743,44.66076185560905
190100,0.06,0,0.4054267573320749,0.631578947368421,0.5972824919441461,0.47,0,0,0,51.42128835447896,25.46411464056669,44.657491012341424
190200,0.06,0,0.40544811484548265,0.631578947368421,0.5968635875402792,0.34,0,0,0,51.41833261529657,25.463423884760733,44.65770558290965
190300,0.06,0,0.4054875240189192,0.631578947368421,0.5956498388829216,0.3,0,0,0,51.41203913999254,25.464234831623795,44.65883144728577
190400,0.06,0,0.40553128161939156,0.631578947368421,0.5959291084854995,0.42,0,0,0,51.414870196728785,25.466942705515077,44.65155389033302
190500,0.06,0,0.405500229864872,0.631578947368421,0.5974436090225564,0.37,0,0,0,51.41547470720763,25.466592172523804,44.654448121526464
190600,0.06,0,0.4054585846686165,0.631578947368421,0.5945005370569281,0.43,0,0,0,51.4269085155026,25.465346450134753,44.64910554140835
190700,0.06,0,0.40560791538936,0.631578947368421,0.5935123523093447,0.4,0,0,0,51.41726616018248,25.469887864743377,44.64103732392302
190800,0.06,0,0.40542139109147124,0.631578947368421,0.5940386680988184,0.38,0,0,0,51.43038761234945,25.47312623431792,44.65018103196761
190900,0.06,0,0.4054406959825681,0.631578947368421,0.5913856068743287,0.36,0,0,0,51.43964379781595,25.47195960761923,44.64002094302686
191000,0.06,0,0.40534575460601346,0.631578947368421,0.5986143931256713,0.39,0,0,0,51.45090900100228,25.475274362779047,44.640700426224356
191100,0.06,0,0.4052936119326419,0.631578947368421,0.5983888292158969,0.43,0,0,0,51.45304854913054,25.475402349943586,44.64458712184399
191200,0.06,0,0.4052366801770723,0.631578947368421,0.5970891514500537,0.33,0,0,0,51.451344305375116,25.47382296236186,44.65233823440809
191300,0.06,0,0.405193585383138,0.631578947368421,0.5898066595059076,0.37,0,0,0,51.451270683983395,25.47394435270717,44.65715118087001
191400,0.06,0,0.40511918430825633,0.631578947368421,0.5948657357679914,0.37,0,0,0,51.4572194268127,25.472823934367362,44.6601890049644
191500,0.06,0,0.4051439772210044,0.631578947368421,0.6033941997851773,0.37,0,0,0,51.45379901828953,25.472937630794867,44.66042463003727
191600,0.06,0,0.40515612553132463,0.631578947368421,0.6000537056928035,0.37,0,0,0,51.4456437109408,25.47457487435809,44.666165003004714
191700,0.06,0,0.4050960268355438,0.631578947368421,0.6052309344790547,0.44,0,0,0,51.456316754550464,25.472810671329544,44.66352551812557
191800,0.06,0,0.4049874886943346,0.631578947368421,0.6061654135338346,0.4,0,0,0,51.4685291202704,25.469359951715205,44.66489498158488
191900,0.06,0,0.40508646855167774,0.631578947368421,0.6004833512352309,0.4,0,0,0,51.475545628762795,25.469175844330863,44.64789477022292
192000,0.06,0,0.4049457152153056,0.631578947368421,0.6019334049409237,0.38,0,0,0,51.48099923647014,25.468895062562765,44.65868234857441
192100,0.06,0,0.4049329845832467,0.631578947368421,0.6023952738990332,0.41,0,0,0,51.47096266599721,25.46719795262004,44.66879485166585
192200,0.06,0,0.40492005538647285,0.631578947368421,0.6050590762620838,0.37,0,0,0,51.4833929112365,25.46684377314919,44.65943587675802
192300,0.06,0,0.40497125651107396,0.631578947368421,0.6020837808807734,0.42,0,0,0,51.4836286317671,25.46646341359225,44.65358506741132
192400,0.06,0,0.4049525448239867,0.631578947368421,0.602610096670247,0.36,0,0,0,51.49884903225635,25.464857102822457,44.642450476817835
192500,0.06,0,0.4050480213148155,0.631578947368421,0.6067454350161117,0.38,0,0,0,51.49658693498463,25.460615054626075,44.63388806834664
192600,0.06,0,0.40501459435838805,0.631578947368421,0.606015037593985,0.42,0,0,0,51.50006746583521,25.462816179500926,44.634555081998855
192700,0.06,0,0.4051132399696321,0.631578947368421,0.6018904403866809,0.43,0,0,0,51.495081367244104,25.4600077131355,44.62800727276626
192800,0.06,0,0.40512826973415367,0.631578947368421,0.6032545649838883,0.32,0,0,0,51.48924304605846,25.46120157323913,44.63141177194936
192900,0.06,0,0.40507289490656656,0.631578947368421,0.5990655209452201,0.35,0,0,0,51.49209169781688,25.46225863797094,44.635043594175215
193000,0.06,0,0.4050878424008097,0.631578947368421,0.5990762620837808,0.45,0,0,0,51.48409875693995,25.46063813259705,44.64032595306669
193100,0.06,0,0.4051040227380175,0.631578947368421,0.6047046186895811,0.42,0,0,0,51.47507200473396,25.45868396294409,44.64637085264807
193200,0.06,0,0.4051575586304302,0.631578947368421,0.5987110633727175,0.28,0,0,0,51.47168678995696,25.45888860577343,44.64340739663856
193300,0.06,0,0.4051534003358738,0.631578947368421,0.5988077336197637,0.37,0,0,0,51.4687151400042,25.456664228822163,44.646443198055934
193400,0.06,0,0.40510940906104964,0.631578947368421,0.6007626208378088,0.33,0,0,0,51.47291215388338,25.45857493753885,44.647650613762416
193500,0.06,0,0.40518744621806946,0.631578947368421,0.6002148227712137,0.39,0,0,0,51.46060685719546,25.459643580668743,44.649725812181885
193600,0.06,0,0.40525279666670594,0.631578947368421,0.5956928034371644,0.35,0,0,0,51.45856213785552,25.460217514963418,44.64429954777522
193700,0.06,0,0.40542100732582337,0.631578947368421,0.5883029001074114,0.43,0,0,0,51.44831019362975,25.460092785740564,44.63466890378728
193800,0.06,0,0.40544047259786026,0.631578947368421,0.5956068743286789,0.37,0,0,0,51.458326917674874,25.459552175437242,44.62383795103594
193900,0.06,0,0.4052969546191988,0.631578947368421,0.5925026852846401,0.33,0,0,0,51.45992740469677,25.461302668286336,44.638251143233404
194000,0.06,0,0.4053827051917876,0.631578947368421,0.6045112781954888,0.4,0,0,0,51.45914819722785,25.463171403238956,44.62948459812533
194100,0.06,0,0.4054711501689859,0.631578947368421,0.601203007518797,0.36,0,0,0,51.45225433870222,25.462791849694767,44.62572801923905
194200,0.06,0,0.4055498683482969,0.631578947368421,0.6000751879699248,0.44,0,0,0,51.43946187587351,25.46190744490308,44.628161864370625
194300,0.06,0,0.4055835538598454,0.631578947368421,0.5941460794844253,0.32,0,0,0,51.44179164431972,25.46259629872179,44.62243428245359
194400,0.06,0,0.40546747268681466,0.631578947368421,0.6005263157894737,0.39,0,0,0,51.43644074085897,25.460048474127984,44.639852602331906
194500,0.06,0,0.40548833871416223,0.631578947368421,0.5927282491944146,0.41,0,0,0,51.44168338370499,25.462542230985147,44.63300627488059
194600,0.06,0,0.4054923371050901,0.631578947368421,0.5899033297529538,0.43,0,0,0,51.43682912645708,25.46286763877663,44.63677828470847
194700,0.06,0,0.4053544867072295,0.631578947368421,0.5886573576799141,0.35,0,0,0,51.4558288310057,25.463590999537693,44.635470655900626
194800,0.06,0,0.405206178165704,0.631578947368421,0.5943609022556391,0.4,0,0,0,51.47717219817264,25.465534920968366,44.63329412999513
194900,0.06,0,0.4051945236896015,0.631578947368421,0.598421052631579,0.4,0,0,0,51.470864825847485,25.46884029080035,44.640047538796225
195000,0.06,0,0.4052420083905235,0.631578947368421,0.5990332975295382,0.47,0,0,0,51.474457431787854,25.47030969646821,44.63170154923522
195100,0.06,0,0.40519677666206055,0.631578947368421,0.5954672395273899,0.52,0,0,0,51.47344215123773,25.47281943379095,44.63756417325937
195200,0.06,0,0.4051663237073834,0.631578947368421,0.5984317937701397,0.4,0,0,0,51.482752262979275,25.472466820075184,44.63284636608214
195300,0.06,0,0.40520918572420084,0.631578947368421,0.5988506981740065,0.35,0,0,0,51.47875830866712,25.472567426620508,44.63158766622677
195400,0.06,0,0.40511181547751096,0.631578947368421,0.5956176154672396,0.35,0,0,0,51.48564405848814,25.470190060159496,44.636344531949504
195500,0.06,0,0.4052016292975313,0.631578947368421,0.5942857142857143,0.39,0,0,0,51.482747499790506,25.47259865387081,44.62896159425741
195600,0.06,0,0.4051911683505051,0.631578947368421,0.59656283566058,0.35,0,0,0,51.479888788777885,25.474790591993163,44.63259213275107
195700,0.06,0,0.40521217282946265,0.631578947368421,0.5938345864661654,0.33,0,0,0,51.47657100535997,25.47295377966231,44.63315509275662
195800,0.06,0,0.4052063274697983,0.631578947368421,0.5903974221267454,0.37,0,0,0,51.48628272775707,25.470803142757052,44.62537979811464
195900,0.06,0,0.405138599952637,0.631578947368421,0.5926960257787326,0.35,0,0,0,51.48495198852374,25.472448516227328,44.63399350931368
196000,0.06,0,0.4051037245813499,0.631578947368421,0.5890655209452202,0.3,0,0,0,51.490311341942665,25.474477260396156,44.63318993328449
196100,0.06,0,0.4049715596544871,0.631578947368421,0.5916433941997852,0.39,0,0,0,51.50288676664414,25.47455411466396,44.636854633601764
196200,0.06,0,0.4048793651311174,0.631578947368421,0.6036090225563909,0.37,0,0,0,51.51250804958562,25.477128085875517,44.638679853749885
196300,0.06,0,0.40480016231269766,0.631578947368421,0.6069280343716434,0.54,0,0,0,51.522931142121415,25.475367586298947,44.63838164089375
196400,0.06,0,0.40472568617862126,0.631578947368421,0.6036949516648765,0.43,0,0,0,51.533368966583424,25.475397554146138,44.63755288867943
196500,0.06,0,0.40485007822124836,0.631578947368421,0.6041138560687432,0.4,0,0,0,51.530973586573936,25.472572719032723,44.62591210270866
196600,0.06,0,0.40484552552530945,0.631578947368421,0.6014178302900107,0.36,0,0,0,51.51805388329377,25.472803494434537,44.63760536106852
196700,0.06,0,0.40481575922887,0.631578947368421,0.6003222341568206,0.42,0,0,0,51.516192551448434,25.47116878036233,44.6425005057079
196800,0.06,0,0.4046564417603061,0.631578947368421,0.6023308270676692,0.37,0,0,0,51.52471394660683,25.469333333547873,44.65269063478646
196900,0.06,0,0.40464267947358906,0.631578947368421,0.5986788399570354,0.36,0,0,0,51.5214306175675,25.467539259416938,44.65705501432661
197000,0.06,0,0.4045779986398171,0.631578947368421,0.6070032223415682,0.32,0,0,0,51.530313894274805,25.4694916835882,44.65649481155675
197100,0.06,0,0.40452840503192006,0.631578947368421,0.6048872180451128,0.4,0,0,0,51.536040317421254,25.470656738583493,44.65700691270239
197200,0.06,0,0.40444371824552616,0.631578947368421,0.6064124597207304,0.39,0,0,0,51.54739096524129,25.472604426856417,44.656522222303366
197300,0.06,0,0.4043516160133682,0.631578947368421,0.6086788399570354,0.37,0,0,0,51.54545419921566,25.473126540802134,44.66837228069357
197400,0.06,0,0.40444332764249674,0.631578947368421,0.6062835660580022,0.41,0,0,0,51.53312469173887,25.472259032934076,44.66892793838146
197500,0.06,0,0.40435680268769414,0.631578947368421,0.6111170784103115,0.31,0,0,0,51.53345557611069,25.47507832258273,44.67819940117854
197600,0.06,0,0.40429452894112705,0.631578947368421,0.6069602577873254,0.41,0,0,0,51.543826262570214,25.476281474610396,44.676090515169825
197700,0.06,0,0.4042508510730629,0.631578947368421,0.6026423200859291,0.44,0,0,0,51.53965200150576,25.479474006599972,44.68453637156844
197800,0.06,0,0.4042841219512673,0.631578947368421,0.6091192266380236,0.3,0,0,0,51.53952071378419,25.47836114085364,44.6809728391843
197900,0.06,0,0.40424420898030805,0.631578947368421,0.6159291084854994,0.47,0,0,0,51.53856112352274,25.481279070339106,44.686216397872734
198000,0.06,0,0.40417767145172845,0.631578947368421,0.6077013963480129,0.32,0,0,0,51.53321226689213,25.480913643294354,44.69821178251386
198100,0.06,0,0.4041959564544828,0.631578947368421,0.6065735767991407,0.39,0,0,0,51.529544700713984,25.481035749642935,44.69937093500677
198200,0.06,0,0.4042056905448084,0.631578947368421,0.6051987110633728,0.41,0,0,0,51.52040653064945,25.48007450998702,44.7062226164122
198300,0.06,0,0.4043608929200168,0.631578947368421,0.60515574650913,0.46,0,0,0,51.516260939849694,25.480601756891605,44.69265960619526
198400,0.06,0,0.4042811137940115,0.631578947368421,0.6116004296455424,0.42,0,0,0,51.51266021890854,25.481125074124414,44.704603687946445
198500,0.06,0,0.40435782357248706,0.631578947368421,0.6068528464017185,0.33,0,0,0,51.50443973945739,25.48145877486656,44.703256705028515
198600,0.06,0,0.40449791884065267,0.631578947368421,0.5969924812030075,0.32,0,0,0,51.5049428597977,25.482776883488814,44.68733749028421
198700,0.06,0,0.4044546500546142,0.631578947368421,0.605220193340494,0.4,0,0,0,51.51543616944908,25.48033275078032,44.68301471606527
198800,0.06,0,0.40436938467773725,0.631578947368421,0.6054242749731471,0.42,0,0,0,51.50337489981767,25.48157630499283,44.70290283831725
198900,0.06,0,0.4043997135037031,0.631578947368421,0.6070998925886144,0.44,0,0,0,51.48782734592392,25.47853084452467,44.71304797557503
199000,0.06,0,0.4043739922698154,0.631578947368421,0.6056283566058002,0.36,0,0,0,51.48886876272684,25.477945569436738,44.71498763626301
199100,0.06,0,0.4042589995237249,0.631578947368421,0.6090118152524168,0.37,0,0,0,51.4962989892541,25.479638426596093,44.721253346064486
199200,0.06,0,0.40424218855258165,0.631578947368421,0.6069709989258861,0.43,0,0,0,51.49518387864466,25.481982806613676,44.724081605039835
199300,0.06,0,0.40413241260411775,0.631578947368421,0.6070569280343716,0.39,0,0,0,51.49476801063252,25.48087494843288,44.736591455586456
199400,0.06,0,0.4041291935941888,0.631578947368421,0.6075725026852846,0.39,0,0,0,51.49624655520944,25.479329396674846,44.73566332227542
199500,0.06,0,0.4042322693310774,0.631578947368421,0.6102255639097744,0.38,0,0,0,51.48191498834691,25.478398629380234,44.736706480226275
199600,0.06,0,0.4042677354475082,0.631578947368421,0.6088721804511278,0.35,0,0,0,51.47251828225679,25.48052022102368,44.74094807637049
199700,0.06,0,0.4042221867179454,0.631578947368421,0.6093770139634801,0.37,0,0,0,51.47739317804547,25.48117819731247,44.74175216054331
199800,0.06,0,0.4041779705445179,0.631578947368421,0.6099677765843179,0.46,0,0,0,51.473350900336264,25.479028383702843,44.75016082875841
199900,0.06,0,0.40430315348343293,0.631578947368421,0.6072717508055854,0.36,0,0,0,51.457417290881644,25.477031793726006,44.75015743708466
200000,0.06,0,0.4043176189520225,0.631578947368421,0.6045542427497315,0.34,0,0,0,51.458313331556525,25.479294908027597,44.74777718482289
