sweep,T,tuning,density,e_per_N,acc_part,acc_box,flip_cand,flip_prop,flip_acc,a,b,c
100,0.06,1,0.4424894999920423,0.631578947368421,,,0,0,0,49.419503609766856,-24.234972448222212,42.57438003520985
200,0.06,1,0.4424894999920423,0.631578947368421,,,0,0,0,49.419503609766856,-24.234972448222212,42.57438003520985
300,0.06,1,0.4424894999920423,0.631578947368421,,,0,0,0,49.419503609766856,-24.234972448222212,42.57438003520985
400,0.06,1,0.4424894999920423,0.631578947368421,,,0,0,0,49.419503609766856,-24.234972448222212,42.57438003520985
500,0.06,1,0.4424894999920423,0.631578947368421,,,0,0,0,49.419503609766856,-24.234972448222212,42.57438003520985
600,0.06,1,0.4424894999920423,0.631578947368421,,,0,0,0,49.419503609766856,-24.234972448222212,42.57438003520985
700,0.06,1,0.4424894999920423,0.631578947368421,,,0,0,0,49.419503609766856,-24.234972448222212,42.57438003520985
800,0.06,1,0.4424894999920423,0.631578947368421,,,0,0,0,49.419503609766856,-24.234972448222212,42.57438003520985
900,0.06,1,0.44242478057064266,0.631578947368421,,,0,0,0,49.419690884897044,-24.23570339504111,42.58044660368871
1000,0.06,1,0.44242478057064266,0.631578947368421,,,0,0,0,49.419690884897044,-24.23570339504111,42.58044660368871
1100,0.06,1,0.44242478057064266,0.631578947368421,,,0,0,0,49.419690884897044,-24.23570339504111,42.58044660368871
1200,0.06,1,0.44242478057064266,0.631578947368421,,,0,0,0,49.419690884897044,-24.23570339504111,42.58044660368871
1300,0.06,1,0.44242478057064266,0.631578947368421,,,0,0,0,49.419690884897044,-24.23570339504111,42.58044660368871
1400,0.06,1,0.44242478057064266,0.631578947368421,,,0,0,0,49.419690884897044,-24.23570339504111,42.58044660368871
1500,0.06,1,0.44242478057064266,0.631578947368421,,,0,0,0,49.419690884897044,-24.23570339504111,42.58044660368871
1600,0.06,1,0.44242478057064266,0.631578947368421,,,0,0,0,49.419690884897044,-24.23570339504111,42.58044660368871
1700,0.06,1,0.4424016656949492,0.631578947368421,,,0,0,0,49.42051230205946,-24.236144353422645,42.58196360761279
1800,0.06,1,0.4424016656949492,0.631578947368421,,,0,0,0,49.42051230205946,-24.236144353422645,42.58196360761279
1900,0.06,1,0.4424016656949492,0.631578947368421,,,0,0,0,49.42051230205946,-24.236144353422645,42.58196360761279
2000,0.06,1,0.44227102380586836,0.631578947368421,,,0,0,0,49.424840152999145,-24.23581244791452,42.590812080288664
2100,0.06,1,0.44225776554110563,0.631578947368421,,,0,0,0,49.42459646282289,-24.23558959127802,42.59229889502641
2200,0.06,1,0.44219878861037876,0.631578947368421,,,0,0,0,49.42592313818159,-24.239512604467542,42.5968361127209
2300,0.06,1,0.44219164345562595,0.631578947368421,,,0,0,0,49.42674988846564,-24.239273612431507,42.59681189445741
2400,0.06,1,0.4421726059123353,0.631578947368421,,,0,0,0,49.427421903793615,-24.236992747828026,42.598066709819015
2500,0.06,1,0.44212927260434937,0.631578947368421,,,0,0,0,49.42777539163201,-24.23749912547036,42.60193709300884
2600,0.06,1,0.4421102287571341,0.631578947368421,,,0,0,0,49.428135905195006,-24.236486467737734,42.603461427784666
2700,0.06,1,0.4420778200290954,0.631578947368421,,,0,0,0,49.43048603278388,-24.238536420367772,42.60455899644241
2800,0.06,1,0.44203980115366637,0.631578947368421,,,0,0,0,49.43119786643033,-24.240254488006382,42.60760974183142
2900,0.06,1,0.44192914232459285,0.631578947368421,,,0,0,0,49.436800325238494,-24.239270542454925,42.61344892007997
3000,0.06,1,0.4417931897631796,0.631578947368421,,,0,0,0,49.442824456403,-24.2367287523422,42.621368677266595
3100,0.06,1,0.44173821924928974,0.631578947368421,,,0,0,0,49.44649076496111,-24.237591268193324,42.62351189967976
3200,0.06,1,0.44146026688866863,0.631578947368421,,,0,0,0,49.46727108829736,-24.2383120073807,42.63243187441206
3300,0.06,1,0.44129715832498784,0.631578947368421,,,0,0,0,49.480734981981634,-24.238673113990934,42.636584584843014
3400,0.06,1,0.44115908768607287,0.631578947368421,,,0,0,0,49.48913608206395,-24.240507710293944,42.64268856051982
3500,0.06,1,0.4409451955339393,0.631578947368421,,,0,0,0,49.498752954433,-24.239328177561582,42.65508466694721
3600,0.06,1,0.4408712115981891,0.631578947368421,,,0,0,0,49.50432803763861,-24.240293236320866,42.65743820555102
3700,0.06,1,0.4406582533619533,0.631578947368421,,,0,0,0,49.510645649580574,-24.238331008770796,42.6726076279212
3800,0.06,1,0.4405123910796089,0.631578947368421,,,0,0,0,49.51624249525223,-24.239504513867676,42.68191246097655
3900,0.06,1,0.44035058324593396,0.631578947368421,,,0,0,0,49.52525319831851,-24.239614955066866,42.68982755948854
4000,0.06,1,0.44024239099748236,0.631578947368421,,,0,0,0,49.533094042103734,-24.23927425397509,42.69355959530388
4100,0.06,1,0.44010413331750875,0.631578947368421,,,0,0,0,49.54014488432188,-24.239726054585148,42.70089337161962
4200,0.06,1,0.4400079704796366,0.631578947368421,,,0,0,0,49.54407404078627,-24.239128300965024,42.706838374800974
4300,0.06,1,0.43992549230836586,0.631578947368421,,,0,0,0,49.547496380407324,-24.23911308852807,42.71189474867851
4400,0.06,1,0.4397793054167008,0.631578947368421,,,0,0,0,49.55321971280791,-24.23952398244697,42.72115778720933
4500,0.06,1,0.4396291831697954,0.631578947368421,,,0,0,0,49.56267237695907,-24.240123644922974,42.72759535915427
4600,0.06,1,0.4395650253699233,0.631578947368421,,,0,0,0,49.56705460972881,-24.240517256847273,42.7300536647237
4700,0.06,1,0.43944219565182174,0.631578947368421,,,0,0,0,49.56787782203776,-24.24132781935005,42.74128741202437
4800,0.06,1,0.43926115855311604,0.631578947368421,,,0,0,0,49.57522328371061,-24.241252449575946,42.752567305585444
4900,0.06,1,0.4391519702412685,0.631578947368421,,,0,0,0,49.58407532398135,-24.24141484751455,42.75556272992695
5000,0.06,1,0.4390109424991139,0.631578947368421,,,0,0,0,49.58914768451708,-24.241702523516427,42.764922740289286
5100,0.06,0,0.4388921525111737,0.631578947368421,0.3305800214822771,0.35,0,0,0,49.58992350473761,-24.24046403159567,42.775828213400615
5200,0.06,0,0.4387582855485059,0.631578947368421,0.3355209452201933,0.34,0,0,0,49.59762020449929,-24.24248315271861,42.78223919504313
5300,0.06,0,0.4386445284804497,0.631578947368421,0.335531686358754,0.24,0,0,0,49.60572970478483,-24.242560694792502,42.78633842706308
5400,0.06,0,0.4385433606246582,0.631578947368421,0.34445757250268527,0.4,0,0,0,49.613773853503496,-24.24030948130334,42.78927005543088
5500,0.06,0,0.43835477220440633,0.631578947368421,0.3501611170784103,0.34,0,0,0,49.62856901255201,-24.24149732004006,42.79491706920058
5600,0.06,0,0.43824383903312114,0.631578947368421,0.35653061224489796,0.35,0,0,0,49.63160236306361,-24.24132488072539,42.80313362349766
5700,0.06,0,0.4380840380840443,0.631578947368421,0.369828141783029,0.36,0,0,0,49.640487754018956,-24.241995713269368,42.81108268903279
5800,0.06,0,0.4379816312125978,0.631578947368421,0.3785177228786251,0.3,0,0,0,49.647159265383564,-24.241668099844233,42.81533834683975
5900,0.06,0,0.4378974861984321,0.631578947368421,0.3760365198711063,0.33,0,0,0,49.64711404188191,-24.241476533549058,42.82360461655851
6000,0.06,0,0.43776853385537806,0.631578947368421,0.37858216970998926,0.38,0,0,0,49.65575547841147,-24.244035781540568,42.82876440100581
6100,0.06,0,0.437638688419942,0.631578947368421,0.3881310418904404,0.3,0,0,0,49.66468305224849,-24.243872613439397,42.83377044937675
6200,0.06,0,0.4374592846086925,0.631578947368421,0.38977443609022555,0.4,0,0,0,49.680666366069566,-24.24322170589224,42.83755057578788
6300,0.06,0,0.4373550751743464,0.631578947368421,0.40259935553168635,0.37,0,0,0,49.685571502605775,-24.244813847558785,42.84352747809992
6400,0.06,0,0.43721497013407123,0.631578947368421,0.4068528464017186,0.39,0,0,0,49.6943935015999,-24.245124992651945,42.84964840176127
6500,0.06,0,0.4371025327029944,0.631578947368421,0.4094736842105263,0.37,0,0,0,49.699543978429276,-24.24582496461324,42.856229019596185
6600,0.06,0,0.43705832397389327,0.631578947368421,0.413984962406015,0.29,0,0,0,49.705107931307545,-24.24537386251247,42.85576617487381
6700,0.06,0,0.4370151380716996,0.631578947368421,0.41047261009667024,0.41,0,0,0,49.709723395765835,-24.244146068680717,42.856021708946216
6800,0.06,0,0.4369610330452713,0.631578947368421,0.4144790547798067,0.41,0,0,0,49.713565328079504,-24.245015732824577,42.858015809645764
6900,0.06,0,0.43683906146311713,0.631578947368421,0.4141997851772288,0.38,0,0,0,49.71799105061947,-24.24464245541648,42.86616623107714
7000,0.06,0,0.4366781969770171,0.631578947368421,0.41705692803437167,0.36,0,0,0,49.72800177381923,-24.24362612599773,42.873324815930445
7100,0.06,0,0.43658743005144185,0.631578947368421,0.42560687432867883,0.33,0,0,0,49.733451821115295,-24.2424154680398,42.877538963236674
7200,0.06,0,0.43645944372863776,0.631578947368421,0.43337271750805584,0.48,0,0,0,49.74484179129707,-24.24105345193713,42.88029181275021
7300,0.06,0,0.4363727566907817,0.631578947368421,0.44472610096670245,0.5,0,0,0,49.74769898580457,-24.242484086754075,42.886346875804044
7400,0.06,0,0.4362482244516626,0.631578947368421,0.4404296455424275,0.45,0,0,0,49.756804191943424,-24.242715060104914,42.8907391004397
7500,0.06,0,0.43607981730479906,0.631578947368421,0.4464124597207304,0.37,0,0,0,49.7655657000546,-24.243559055418228,42.899748755027815
7600,0.06,0,0.43597893428956125,0.631578947368421,0.44977443609022555,0.38,0,0,0,49.776985373829284,-24.243130056342203,42.899831311969216
7700,0.06,0,0.435824667844824,0.631578947368421,0.45320085929108483,0.31,0,0,0,49.785303193250996,-24.244511143994856,42.90784635320551
7800,0.06,0,0.43577208176671683,0.631578947368421,0.4574436090225564,0.39,0,0,0,49.79042177213901,-24.246157713499787,42.908612621527375
7900,0.06,0,0.43564689458393324,0.631578947368421,0.46705692803437165,0.44,0,0,0,49.79479702827686,-24.245856701207746,42.9171715301046
8000,0.06,0,0.4355013399170663,0.631578947368421,0.4671965628356606,0.41,0,0,0,49.807468300342066,-24.245648283220902,42.920593451177055
8100,0.06,0,0.4354310963402129,0.631578947368421,0.4670032223415682,0.38,0,0,0,49.80726200162608,-24.24498489360781,42.92769518801449
8200,0.06,0,0.4352811059169832,0.631578947368421,0.47789473684210526,0.37,0,0,0,49.81380745079635,-24.242896533475705,42.93684476800994
8300,0.06,0,0.43517369722864885,0.631578947368421,0.4832223415682062,0.47,0,0,0,49.81887014107523,-24.24360205647405,42.94307795040272
8400,0.06,0,0.4351200059171277,0.631578947368421,0.4863372717508056,0.38,0,0,0,49.821774601160904,-24.246380514725068,42.94587311815996
8500,0.06,0,0.43497916846322976,0.631578947368421,0.48292158968850696,0.4,0,0,0,49.82809151204416,-24.246335428576124,42.95433193624616
8600,0.06,0,0.4348798008830189,0.631578947368421,0.4848012889366273,0.41,0,0,0,49.83641210130344,-24.2475477053431,42.95697354931018
8700,0.06,0,0.43481658073009394,0.631578947368421,0.4836197636949517,0.51,0,0,0,49.84317809502847,-24.247729640461184,42.95738720873556
8800,0.06,0,0.43460744781145605,0.631578947368421,0.49462943071965626,0.37,0,0,0,49.852435198388854,-24.248214660618533,42.970077685482444
8900,0.06,0,0.4344813234322878,0.631578947368421,0.48899033297529537,0.4,0,0,0,49.858094722176865,-24.24762982261706,42.977672287505875
9000,0.06,0,0.4344268778635416,0.631578947368421,0.49415682062298605,0.37,0,0,0,49.86221602922221,-24.2468823232701,42.97950584742779
9100,0.06,0,0.43438095862165443,0.6326530612244898,0.5019226638023631,0.41,0,0,0,49.86055286755291,-24.24658741561223,42.98548308040282
9200,0.06,0,0.4343072767184439,0.631578947368421,0.5038882921589688,0.42,0,0,0,49.86426913827551,-24.246249188761205,42.98957157933679
9300,0.06,0,0.434261484474747,0.631578947368421,0.5067776584317938,0.37,0,0,0,49.86883693053224,-24.246846130548356,42.99016667388367
9400,0.06,0,0.43417303474105756,0.631578947368421,0.5047905477980666,0.35,0,0,0,49.87687071227585,-24.245707444858667,42.991998695717356
9500,0.06,0,0.4340916170797417,0.631578947368421,0.5091192266380237,0.44,0,0,0,49.87338590201978,-24.246547370976952,43.00306676881805
9600,0.06,0,0.4339900459088901,0.631578947368421,0.5080880773361977,0.28,0,0,0,49.87659705943328,-24.24735162195432,43.010361947053504
9700,0.06,0,0.4338776745381267,0.631578947368421,0.5160257787325456,0.42,0,0,0,49.88094741549345,-24.24629820590003,43.01774922771553
9800,0.06,0,0.43364737353459837,0.631578947368421,0.5132116004296455,0.5,0,0,0,49.89688226131538,-24.245900938176735,43.026849797458254
9900,0.06,0,0.43352904697104583,0.631578947368421,0.5288077336197637,0.36,0,0,0,49.905258540500725,-24.246102093835557,43.03136970776185
10000,0.06,0,0.4334627891992831,0.631578947368421,0.5314285714285715,0.53,0,0,0,49.908649382291124,-24.24539777715327,43.03502330923139
10100,0.06,0,0.4333841620186678,0.631578947368421,0.5334801288936627,0.4,0,0,0,49.91129327746948,-24.2473058382667,43.04055092411737
10200,0.06,0,0.43323595320592456,0.631578947368421,0.5338560687432868,0.38,0,0,0,49.914710084281005,-24.24845224748872,43.05232771812719
10300,0.06,0,0.4330875379962292,0.631578947368421,0.5464339419978518,0.59,0,0,0,49.91667065921498,-24.248256346725245,43.065389820272756
10400,0.06,0,0.4330185566647017,0.631578947368421,0.5471535982814179,0.46,0,0,0,49.92569327118591,-24.24938176863147,43.06446623144094
10500,0.06,0,0.4329295720522503,0.631578947368421,0.5470569280343717,0.36,0,0,0,49.92834087269161,-24.249234908518844,43.07103363536987
10600,0.06,0,0.43279742973342084,0.631578947368421,0.5392588614393126,0.52,0,0,0,49.93965059794651,-24.24904660860461,43.07442696131218
10700,0.06,0,0.432760919209301,0.631578947368421,0.5480988184747583,0.38,0,0,0,49.939120018021676,-24.249924318295612,43.078518684321
10800,0.06,0,0.43274383962504537,0.631578947368421,0.5395703544575725,0.38,0,0,0,49.936866461338816,-24.24949637506348,43.08216304141253
10900,0.06,0,0.43264932679389567,0.631578947368421,0.5506229860365198,0.37,0,0,0,49.94631821467594,-24.250085623842363,43.08341982456876
11000,0.06,0,0.4325598106075764,0.631578947368421,0.5621482277121375,0.36,0,0,0,49.95365843925102,-24.250404161722265,43.086003715331266
11100,0.06,0,0.4324830970738,0.631578947368421,0.5513963480128894,0.42,0,0,0,49.96283840584086,-24.24914731981555,43.085728429531706
11200,0.06,0,0.43238507770562895,0.631578947368421,0.5542105263157895,0.5,0,0,0,49.96738331375299,-24.249166055524082,43.09157587384878
11300,0.06,0,0.4323202335046515,0.631578947368421,0.5552416756176155,0.41,0,0,0,49.97085021406121,-24.24918852988575,43.09504915275982
11400,0.06,0,0.43217413968086016,0.631578947368421,0.5580880773361976,0.41,0,0,0,49.986265793997404,-24.25039258128771,43.096322323588275
11500,0.06,0,0.43212115289222036,0.631578947368421,0.5658109559613319,0.32,0,0,0,49.9901891247028,-24.251195230741466,43.09822410300027
11600,0.06,0,0.4320114260538607,0.631578947368421,0.5728786251342642,0.52,0,0,0,49.999683304984686,-24.252949108728053,43.10098486989846
11700,0.06,0,0.43197942335731876,0.631578947368421,0.5695273899033297,0.43,0,0,0,50.00083989419806,-24.252594030713663,43.10318089677379
11800,0.06,0,0.43188421197922994,0.631578947368421,0.5687003222341568,0.46,0,0,0,49.99550240142826,-24.2521331572729,43.117285929586814
11900,0.06,0,0.4318198137864157,0.631578947368421,0.5763157894736842,0.34,0,0,0,49.99999921848331,-24.25170133886405,43.119837711399086
12000,0.06,0,0.43176209716917474,0.631578947368421,0.5724812030075188,0.54,0,0,0,50.00115070116847,-24.253191797583856,43.12460869266863
12100,0.06,0,0.4316998965565216,0.631578947368421,0.5703114930182599,0.4,0,0,0,50.00567817193261,-24.252521605759433,43.12691718804509
12200,0.06,0,0.4316459145974455,0.631578947368421,0.5701825993555317,0.47,0,0,0,50.007244930840265,-24.253727872123804,43.13095930955179
12300,0.06,0,0.43156004425542427,0.631578947368421,0.5766272824919442,0.39,0,0,0,50.00963175736241,-24.253245706033905,43.13748242495625
12400,0.06,0,0.4315555655609258,0.631578947368421,0.5768635875402792,0.43,0,0,0,50.013122623924,-24.253809664273753,43.13491912191785
12500,0.06,0,0.4315397696367345,0.631578947368421,0.5779269602577873,0.31,0,0,0,50.015899228493375,-24.253678383521674,43.13410331827785
12600,0.06,0,0.4314123353742736,0.631578947368421,0.5833297529538131,0.45,0,0,0,50.02138311544239,-24.255132438557578,43.142114412913934
12700,0.06,0,0.43142197220631884,0.631578947368421,0.581890440386681,0.44,0,0,0,50.01635485634521,-24.256674482620905,43.14548781058561
12800,0.06,0,0.43141530689682395,0.631578947368421,0.5817830290010741,0.45,0,0,0,50.01721911564966,-24.257688426715305,43.14540887011244
12900,0.06,0,0.4313432164345824,0.631578947368421,0.586766917293233,0.36,0,0,0,50.023446923814426,-24.25769123076628,43.1472473639196
13000,0.06,0,0.43130198239112066,0.631578947368421,0.5912996777658431,0.45,0,0,0,50.02251913563162,-24.25640891166037,43.15217274442989
13100,0.06,0,0.43123571206735717,0.631578947368421,0.5813963480128894,0.44,0,0,0,50.024615680887585,-24.25582193044321,43.1569953749319
13200,0.06,0,0.4311247825749919,0.631578947368421,0.5903759398496241,0.46,0,0,0,50.024251448921916,-24.256621871723187,43.16841409012136
13300,0.06,0,0.4310060413814234,0.631578947368421,0.5909344790547798,0.44,0,0,0,50.03387729822855,-24.25846789603905,43.17199957701135
13400,0.06,0,0.43090357492790765,0.631578947368421,0.591686358754028,0.48,0,0,0,50.040167146881174,-24.25767034514251,43.17683779850132
13500,0.06,0,0.4308370084444333,0.631578947368421,0.5921911922663803,0.43,0,0,0,50.051080768063386,-24.25891751320625,43.17409268752394
13600,0.06,0,0.4307728513284282,0.631578947368421,0.5963694951664876,0.42,0,0,0,50.055262130272276,-24.26038368628048,43.176915735723654
13700,0.06,0,0.4307195008788686,0.631578947368421,0.5987003222341568,0.51,0,0,0,50.05517474174672,-24.263152820527953,43.18233917159346
13800,0.06,0,0.4306938646637193,0.631578947368421,0.5947153598281418,0.56,0,0,0,50.05682653567121,-24.2629363304737,43.18348448456769
13900,0.06,0,0.430691280060578,0.631578947368421,0.597733619763695,0.45,0,0,0,50.05698102404874,-24.262215939813384,43.18361035529572
14000,0.06,0,0.43063907009113017,0.631578947368421,0.5966595059076262,0.53,0,0,0,50.06050633473984,-24.261516431528108,43.18580446335634
14100,0.06,0,0.43060836360509014,0.631578947368421,0.6047583243823845,0.53,0,0,0,50.06247490564381,-24.261019997327004,43.18718573777416
14200,0.06,0,0.4304861902604621,0.631578947368421,0.6015145005370569,0.51,0,0,0,50.0610353086151,-24.260650791043613,43.200684677229084
14300,0.06,0,0.43043809469644906,0.631578947368421,0.6039097744360902,0.45,0,0,0,50.069210455925386,-24.260853932803442,43.19845729867446
14400,0.06,0,0.43031389607213405,0.631578947368421,0.602889366272825,0.47,0,0,0,50.07537745826466,-24.26236096104889,43.20560376577544
14500,0.06,0,0.4302334232419232,0.631578947368421,0.5986036519871106,0.44,0,0,0,50.07765051516149,-24.26222615711838,43.211723642735706
14600,0.06,0,0.43018055305869785,0.631578947368421,0.6058109559613319,0.49,0,0,0,50.07281685838972,-24.262145636372146,43.221206313948706
14700,0.06,0,0.42998788571367336,0.631578947368421,0.6067776584317938,0.6,0,0,0,50.077621950470736,-24.260929610993657,43.23642365104048
14800,0.06,0,0.4299842372602641,0.631578947368421,0.6162513426423201,0.46,0,0,0,50.0820134695656,-24.260902055989074,43.23299923073722
14900,0.06,0,0.4299854794224401,0.631578947368421,0.6095381310418905,0.41,0,0,0,50.087268260076186,-24.26134674446282,43.22833865968325
15000,0.06,0,0.42978647983205603,0.631578947368421,0.5989473684210527,0.53,0,0,0,50.0983771145633,-24.261393529730395,43.2387643055179
15100,0.06,0,0.42970365290787654,0.631578947368421,0.610139634801289,0.53,0,0,0,50.101873400061024,-24.25864039356343,43.24408079767492
15200,0.06,0,0.42963655550844704,0.631578947368421,0.6151879699248121,0.44,0,0,0,50.105063724403315,-24.259291403015112,43.24808043522142
15300,0.06,0,0.4296274902688042,0.631578947368421,0.6096777658431793,0.43,0,0,0,50.10583851118981,-24.25933066197055,43.24832422038865
15400,0.06,0,0.4296221776220498,0.631578947368421,0.6141783029001074,0.5,0,0,0,50.10869327635723,-24.258837479097654,43.246395072587376
15500,0.06,0,0.42952842796463836,0.631578947368421,0.6158002148227713,0.51,0,0,0,50.10974406233027,-24.25930267169523,43.25492704800101
15600,0.06,0,0.429487131158178,0.631578947368421,0.6173147153598282,0.38,0,0,0,50.11151862570275,-24.259078439002867,43.257554269188354
15700,0.06,0,0.42941767367610434,0.631578947368421,0.6248012889366272,0.46,0,0,0,50.11544418976683,-24.259146407482206,43.261162164625745
15800,0.06,0,0.4292836845168805,0.631578947368421,0.6257465091299678,0.52,0,0,0,50.12326924848694,-24.258218328762418,43.26790907296028
15900,0.06,0,0.4292750558423248,0.631578947368421,0.6205800214822771,0.43,0,0,0,50.12798580114677,-24.258127833073946,43.26470761428297
16000,0.06,0,0.42933648506059086,0.631578947368421,0.6256283566058002,0.55,0,0,0,50.11925969357076,-24.259385953187998,43.26604892988543
16100,0.06,0,0.4291893718166533,0.631578947368421,0.6246186895810956,0.53,0,0,0,50.130166382249406,-24.260257609857714,43.27146272651836
16200,0.06,0,0.4291494383277297,0.631578947368421,0.6243179377013963,0.58,0,0,0,50.13171346993787,-24.259143777803747,43.2741537489736
16300,0.06,0,0.4290836064770691,0.631578947368421,0.6337056928034371,0.46,0,0,0,50.14256661368245,-24.259773301176583,43.27142511333691
16400,0.06,0,0.42898484037943807,0.631578947368421,0.6370569280343716,0.42,0,0,0,50.14488209201639,-24.260357518967083,43.279389034902984
16500,0.06,0,0.42893888734276814,0.631578947368421,0.6327389903329753,0.5,0,0,0,50.153743138183074,-24.25992934864748,43.27637831742042
16600,0.06,0,0.42897551078792723,0.631578947368421,0.6273469387755102,0.47,0,0,0,50.14726726785022,-24.260176373281872,43.27827173768682
16700,0.06,0,0.4289539657307146,0.631578947368421,0.6277873254564984,0.57,0,0,0,50.14795744136269,-24.260718675662286,43.27984981636512
16800,0.06,0,0.4288884791544819,0.631578947368421,0.6299677765843179,0.47,0,0,0,50.14990402794218,-24.258612419405125,43.284777996241026
16900,0.06,0,0.4288598794804339,0.631578947368421,0.633265306122449,0.58,0,0,0,50.15136888947084,-24.25842928972117,43.28640017710155
17000,0.06,0,0.42880357255016804,0.631578947368421,0.6345112781954887,0.48,0,0,0,50.15522330881231,-24.25868684843028,43.28875719990889
17100,0.06,0,0.42878476655832626,0.631578947368421,0.6380880773361977,0.58,0,0,0,50.158985633275854,-24.259095876002235,43.28740864863264
17200,0.06,0,0.4286462987101695,0.631578947368421,0.6422986036519871,0.49,0,0,0,50.16816734487252,-24.26035626637264,43.293467042419174
17300,0.06,0,0.42859858066094497,0.631578947368421,0.6342534908700322,0.49,0,0,0,50.16640484866005,-24.26271630913905,43.299808321868184
17400,0.06,0,0.4285193323966372,0.631578947368421,0.6380021482277122,0.45,0,0,0,50.16758428805462,-24.262239038611845,43.30679780980917
17500,0.06,0,0.42843573067083496,0.631578947368421,0.6386788399570354,0.47,0,0,0,50.17238718803249,-24.26206392910054,43.311101892473246
17600,0.06,0,0.4285022311022259,0.631578947368421,0.6437379162191192,0.52,0,0,0,50.168012519951546,-24.258433072751107,43.30815648127179
17700,0.06,0,0.42848511626209795,0.631578947368421,0.6397529538131042,0.5,0,0,0,50.17154147993635,-24.257752463448703,43.306839999036534
17800,0.06,0,0.42833022690391426,0.631578947368421,0.6420622986036519,0.54,0,0,0,50.177602151083676,-24.25744845101849,43.317267591050886
17900,0.06,0,0.42828575760930165,0.631578947368421,0.6409667024704618,0.43,0,0,0,50.17670110773974,-24.256812092972776,43.32254320830811
18000,0.06,0,0.4282985099418929,0.631578947368421,0.6407196562835661,0.49,0,0,0,50.17696039842307,-24.25594767777156,43.32102944178483
18100,0.06,0,0.42822481450785255,0.631578947368421,0.6405048335123523,0.54,0,0,0,50.17789103460081,-24.256342440609096,43.3276811808665
18200,0.06,0,0.4282024804882439,0.631578947368421,0.6431471535982815,0.48,0,0,0,50.18270701462385,-24.255305321069944,43.32578272183089
18300,0.06,0,0.4281348507248392,0.631578947368421,0.6418259935553169,0.45,0,0,0,50.18262006303925,-24.255995877091873,43.332701705180796
18400,0.06,0,0.4280836417255587,0.631578947368421,0.6399462943071965,0.45,0,0,0,50.18614119939141,-24.255429634701983,43.334844676110016
18500,0.06,0,0.42808002468994943,0.631578947368421,0.6438775510204081,0.42,0,0,0,50.18020785742548,-24.255899912186607,43.340334816045385
18600,0.06,0,0.4280318519422156,0.631578947368421,0.6493770139634801,0.5,0,0,0,50.180947978347184,-24.255627382352575,43.344573243830176
18700,0.06,0,0.4279924058744275,0.631578947368421,0.647626208378088,0.46,0,0,0,50.18225829299958,-24.25612410783044,43.34743623199044
18800,0.06,0,0.4279769790078225,0.631578947368421,0.6603866809881848,0.39,0,0,0,50.189276904630404,-24.25556554010324,43.34293668690777
18900,0.06,0,0.42802010034232557,0.631578947368421,0.656390977443609,0.49,0,0,0,50.1861225014544,-24.2566409270391,43.341294063716404
19000,0.06,0,0.4280060590140307,0.631578947368421,0.6509559613319011,0.47,0,0,0,50.18483358999985,-24.25703446434056,43.34382911795295
19100,0.06,0,0.42796708869541356,0.631578947368421,0.64515574650913,0.49,0,0,0,50.18846169479729,-24.254665618862482,43.344642375888995
19200,0.06,0,0.4279406252100249,0.631578947368421,0.6528034371643394,0.42,0,0,0,50.18928602040075,-24.254705741248376,43.34661082090628
19300,0.06,0,0.4279242466655165,0.631578947368421,0.6485069817400645,0.6,0,0,0,50.18905931685222,-24.254021805502145,43.348465690262216
19400,0.06,0,0.4278843641453583,0.631578947368421,0.6469602577873255,0.55,0,0,0,50.19395079581087,-24.252752329196912,43.34828137236196
19500,0.06,0,0.42778748105062414,0.631578947368421,0.6489473684210526,0.51,0,0,0,50.19239148597327,-24.250993652780732,43.35944565798521
19600,0.06,0,0.4277546893370567,0.631578947368421,0.643093447905478,0.46,0,0,0,50.19012079721647,-24.25148612952131,43.364731404510785
19700,0.06,0,0.42783534699327,0.631578947368421,0.6411922663802363,0.41,0,0,0,50.18770575055678,-24.251218861812283,43.3586423985803
19800,0.06,0,0.4277550863569124,0.631578947368421,0.6372610096670247,0.58,0,0,0,50.194682726016744,-24.25216941615057,43.36074996859033
19900,0.06,0,0.4277244688578985,0.631578947368421,0.6465413533834586,0.47,0,0,0,50.199307897183736,-24.25298653967205,43.35985845185849
20000,0.06,0,0.4276657018096807,0.631578947368421,0.6465950590762621,0.56,0,0,0,50.19991024248469,-24.252899634742853,43.36529633903002
20100,0.06,0,0.4276920464436847,0.631578947368421,0.6463694951664877,0.39,0,0,0,50.20270105907073,-24.25264059950968,43.360214587880634
20200,0.06,0,0.4277147775688146,0.631578947368421,0.6564124597207304,0.46,0,0,0,50.20736699386981,-24.25228323718655,43.35388079426202
20300,0.06,0,0.42759120789242927,0.631578947368421,0.6545542427497315,0.47,0,0,0,50.215329808165016,-24.25219718030143,43.35953288381077
20400,0.06,0,0.4274467017082826,0.631578947368421,0.6527926960257787,0.56,0,0,0,50.2250763176117,-24.251793922527344,43.36577431807689
20500,0.06,0,0.42743217257108634,0.631578947368421,0.6545864661654135,0.49,0,0,0,50.22707813809747,-24.249426283790967,43.36551997435564
20600,0.06,0,0.4273353115381383,0.631578947368421,0.6554994629430719,0.5,0,0,0,50.23287017789585,-24.250170393788338,43.37034798430326
20700,0.06,0,0.4272782332177055,0.631578947368421,0.6561439312567132,0.47,0,0,0,50.2259570961104,-24.248606283622905,43.382111924312944
20800,0.06,0,0.42722593359536426,0.631578947368421,0.6559291084854995,0.42,0,0,0,50.225890362948,-24.248092458506452,43.38748026984456
20900,0.06,0,0.4272456407865494,0.631578947368421,0.6650053705692803,0.6,0,0,0,50.22160574534841,-24.248945573416968,43.38918037167371
21000,0.06,0,0.42724142186336994,0.631578947368421,0.6577121374865735,0.51,0,0,0,50.21375191950155,-24.249286893290172,43.39639530729035
21100,0.06,0,0.4272383105790312,0.631578947368421,0.6583458646616541,0.51,0,0,0,50.216422133142984,-24.249302138332624,43.39440375197216
21200,0.06,0,0.42717199504150444,0.631578947368421,0.6614500537056928,0.52,0,0,0,50.22011644654961,-24.251164002215923,43.397947744048814
21300,0.06,0,0.42725791603066343,0.631578947368421,0.6605692803437164,0.47,0,0,0,50.212054035348146,-24.2520963045095,43.396187363052924
21400,0.06,0,0.4272376519845555,0.631578947368421,0.6611493018259935,0.53,0,0,0,50.215493406554984,-24.254826772097758,43.39527321821051
21500,0.06,0,0.42723705676041956,0.631578947368421,0.6652524167561762,0.63,0,0,0,50.21318654227572,-24.255034247759447,43.39732731879568
21600,0.06,0,0.42716027471844836,0.631578947368421,0.6554027926960257,0.47,0,0,0,50.22108590299182,-24.254190958446568,43.39830071960447
21700,0.06,0,0.42712745398967483,0.631578947368421,0.6557679914070892,0.44,0,0,0,50.22024627926848,-24.251667303028203,43.40236109549567
21800,0.06,0,0.42699650948943946,0.631578947368421,0.6585606874328679,0.56,0,0,0,50.229078989039635,-24.25151841909658,43.40803645950366
21900,0.06,0,0.42706105007926326,0.631578947368421,0.6650805585392051,0.5,0,0,0,50.225280860842716,-24.250451163289537,43.404758419041485
22000,0.06,0,0.4269179877870537,0.631578947368421,0.6613104189044039,0.54,0,0,0,50.23278976557442,-24.248999738472563,43.41281315424436
22100,0.06,0,0.4268724745603148,0.631578947368421,0.6633190118152524,0.51,0,0,0,50.23295488531551,-24.248544111390604,43.417299120270435
22200,0.06,0,0.42686409370489226,0.631578947368421,0.6597422126745435,0.42,0,0,0,50.2301388748865,-24.248124250890335,43.42058567142853
22300,0.06,0,0.4268117352310349,0.631578947368421,0.662234156820623,0.52,0,0,0,50.2321247104679,-24.24868603023722,43.42419546069911
22400,0.06,0,0.42687194750748214,0.631578947368421,0.6727712137486573,0.57,0,0,0,50.22560148547927,-24.247869688552687,43.423709348825504
22500,0.06,0,0.4268048454717499,0.631578947368421,0.6658861439312567,0.55,0,0,0,50.23187174613705,-24.249285871653832,43.42511512694979
22600,0.06,0,0.4267481531114163,0.631578947368421,0.6667883995703544,0.52,0,0,0,50.238440852811806,-24.247153279614395,43.42520507804188
22700,0.06,0,0.42672049098483905,0.631578947368421,0.6716648764769065,0.47,0,0,0,50.23925033451608,-24.24645327988437,43.42732037846877
22800,0.06,0,0.4265889651083781,0.631578947368421,0.6709344790547798,0.55,0,0,0,50.24960865501191,-24.245778341517653,43.431755134263646
22900,0.06,0,0.42653923320915754,0.631578947368421,0.669795918367347,0.49,0,0,0,50.252585126629576,-24.245546838452537,43.434246242379885
23000,0.06,0,0.42651921691788997,0.631578947368421,0.6597422126745435,0.57,0,0,0,50.25277441349081,-24.24453639831959,43.43612097430418
23100,0.06,0,0.4264969253037689,0.631578947368421,0.6734586466165413,0.56,0,0,0,50.25731736784944,-24.24482471779407,43.434464674677805
23200,0.06,0,0.42646296788931176,0.631578947368421,0.6753598281417831,0.6,0,0,0,50.26104976134362,-24.245805689952274,43.43469746751094
23300,0.06,0,0.42649796793836275,0.631578947368421,0.6642427497314716,0.47,0,0,0,50.259610815472094,-24.246310664071384,43.43237649542236
23400,0.06,0,0.42642958384954527,0.631578947368421,0.6670032223415682,0.6,0,0,0,50.26503940177067,-24.24931961741475,43.43465008272059
23500,0.06,0,0.426445257305733,0.631578947368421,0.6614178302900108,0.52,0,0,0,50.262122302066594,-24.248068715102082,43.43557445311461
23600,0.06,0,0.42640121539677506,0.631578947368421,0.6649194414607948,0.45,0,0,0,50.26275641951007,-24.24645987372071,43.439512762365844
23700,0.06,0,0.42649744474515716,0.631578947368421,0.6790762620837809,0.37,0,0,0,50.25506142856676,-24.24620616415426,43.43636153654416
23800,0.06,0,0.4264612274420157,0.631578947368421,0.6665735767991408,0.44,0,0,0,50.25832200067226,-24.245927909383187,43.43723214991836
23900,0.06,0,0.4264249856478529,0.631578947368421,0.6758968850698174,0.49,0,0,0,50.261032735861036,-24.24681402933438,43.43858096830037
24000,0.06,0,0.42635646635567276,0.631578947368421,0.6733297529538131,0.5,0,0,0,50.267100362758235,-24.24775095225658,43.440317721666055
24100,0.06,0,0.42629571335034805,0.631578947368421,0.673297529538131,0.56,0,0,0,50.266512381715465,-24.249297083908335,43.447016770321625
24200,0.06,0,0.4262771953073165,0.631578947368421,0.6775187969924812,0.52,0,0,0,50.26846111969974,-24.25089227918075,43.44721979911817
24300,0.06,0,0.42625679002256484,0.631578947368421,0.6774650912996778,0.48,0,0,0,50.265629492987,-24.252135462894504,43.4517472961089
24400,0.06,0,0.42628259571340293,0.631578947368421,0.6795703544575725,0.6,0,0,0,50.26509540083155,-24.252603935849237,43.449578544817356
24500,0.06,0,0.4262683244777443,0.631578947368421,0.676530612244898,0.47,0,0,0,50.2673870078105,-24.25318081892951,43.449052352791945
24600,0.06,0,0.4263533208090176,0.631578947368421,0.6737916219119227,0.49,0,0,0,50.26493947330578,-24.25443132721991,43.4425057281307
24700,0.06,0,0.4263016612744029,0.631578947368421,0.6726530612244898,0.58,0,0,0,50.277625840192044,-24.254519328565248,43.436807106755744
24800,0.06,0,0.4262263195310179,0.631578947368421,0.6788077336197637,0.52,0,0,0,50.280765357092534,-24.25569648028761,43.441772536992076
24900,0.06,0,0.426155086864878,0.631578947368421,0.6791944146079485,0.44,0,0,0,50.28477464078127,-24.254763548442543,43.44556965584901
25000,0.06,0,0.42608990651334744,0.631578947368421,0.676390977443609,0.51,0,0,0,50.282927513628835,-24.25554766823529,43.45381186835097
25100,0.06,0,0.42614467260876737,0.631578947368421,0.6823845327604726,0.49,0,0,0,50.274976449863416,-24.25701550578904,43.4550987932637
25200,0.06,0,0.42614207051056197,0.631578947368421,0.6743071965628357,0.48,0,0,0,50.26960295123185,-24.25639898539594,43.46000923785709
25300,0.06,0,0.4260206616925678,0.631578947368421,0.6753705692803437,0.45,0,0,0,50.28078774442984,-24.256551644492706,43.462724330291366
25400,0.06,0,0.42598567592195097,0.631578947368421,0.6795059076262083,0.46,0,0,0,50.27788889995574,-24.257237147914253,43.468799991769416
25500,0.06,0,0.42595415333824926,0.631578947368421,0.678313641245972,0.46,0,0,0,50.27507001117158,-24.257290608765743,43.474454330905715
25600,0.06,0,0.425919132563651,0.631578947368421,0.6781417830290011,0.54,0,0,0,50.28629115030273,-24.257312583160626,43.46832706558992
25700,0.06,0,0.4259603343926795,0.631578947368421,0.6786466165413534,0.55,0,0,0,50.28468458425394,-24.25632651525384,43.46551116152427
25800,0.06,0,0.4260170696617502,0.631578947368421,0.6860687432867884,0.56,0,0,0,50.2756969612417,-24.25523230082973,43.46749175000805
25900,0.06,0,0.4259591119864477,0.631578947368421,0.677798066595059,0.46,0,0,0,50.278148933995304,-24.255505680015784,43.47128599024806
26000,0.06,0,0.42592236072905293,0.631578947368421,0.6722448979591836,0.53,0,0,0,50.27476808127653,-24.254746265107574,43.477960553704044
26100,0.06,0,0.4258714204458109,0.631578947368421,0.6658324382384533,0.5,0,0,0,50.277518846422325,-24.25441458405381,43.480782101858686
26200,0.06,0,0.42578903798860923,0.631578947368421,0.6735230934479055,0.51,0,0,0,50.2793671161104,-24.255272517631244,43.487596181740265
26300,0.06,0,0.4257327006268849,0.631578947368421,0.6668635875402793,0.49,0,0,0,50.27641941608909,-24.254589880264266,43.49590092060252
26400,0.06,0,0.4257272615131406,0.631578947368421,0.67343716433942,0.52,0,0,0,50.26947190591996,-24.254974063549938,43.50246806969964
26500,0.06,0,0.42570300354259283,0.631578947368421,0.6793984962406016,0.54,0,0,0,50.268462881931704,-24.253785975127013,43.5058202466998
26600,0.06,0,0.4257183107340806,0.631578947368421,0.6774436090225564,0.49,0,0,0,50.27355084747003,-24.252611483720166,43.49985306999893
26700,0.06,0,0.4257228831779867,0.631578947368421,0.675531686358754,0.5,0,0,0,50.27387136767226,-24.251794297007496,43.49910853358398
26800,0.06,0,0.4256270565561632,0.631578947368421,0.6778195488721804,0.45,0,0,0,50.27632452022042,-24.25107002712133,43.50677907256146
26900,0.06,0,0.4256119352339722,0.631578947368421,0.6752201933404941,0.5,0,0,0,50.27220808486636,-24.25079201861065,43.51188738876533
27000,0.06,0,0.4255972301023233,0.631578947368421,0.6725241675617616,0.54,0,0,0,50.28035331722672,-24.253494512315054,43.50634179156717
27100,0.06,0,0.4254734474910609,0.631578947368421,0.6782814178302901,0.51,0,0,0,50.294568934118935,-24.2538695299151,43.506698531516946
27200,0.06,0,0.42536221758022286,0.631578947368421,0.681063372717508,0.58,0,0,0,50.30150211957517,-24.254167681991934,43.51207708872441
27300,0.06,0,0.42532690179576366,0.631578947368421,0.6811815252416756,0.5,0,0,0,50.30376267462268,-24.253442145527707,43.513734475697206
27400,0.06,0,0.4252812664655488,0.631578947368421,0.6873791621911922,0.54,0,0,0,50.30657211709417,-24.256557518495352,43.51597342307968
27500,0.06,0,0.42520144602159493,0.631578947368421,0.6853490870032224,0.49,0,0,0,50.31000025721952,-24.256432669334878,43.52117665875737
27600,0.06,0,0.4252230894164943,0.631578947368421,0.6894092373791622,0.49,0,0,0,50.31310498472635,-24.257093971032806,43.51627600435024
27700,0.06,0,0.42515095150889604,0.631578947368421,0.6862620837808808,0.6,0,0,0,50.3188520140686,-24.260141678938844,43.51868873632948
27800,0.06,0,0.4250988579907464,0.631578947368421,0.6861224489795918,0.52,0,0,0,50.322584131012896,-24.260644909467622,43.52079380204326
27900,0.06,0,0.42501293670382506,0.631578947368421,0.6838775510204081,0.52,0,0,0,50.33267364272471,-24.261496583392056,43.520866244725596
28000,0.06,0,0.42501807423119015,0.631578947368421,0.6881847475832438,0.53,0,0,0,50.324163783872706,-24.261664090901863,43.527699500323436
28100,0.06,0,0.4249540347154286,0.631578947368421,0.6967239527389903,0.58,0,0,0,50.323624634465915,-24.26138577667937,43.534725426902355
28200,0.06,0,0.4249001058812089,0.631578947368421,0.6944038668098819,0.61,0,0,0,50.33138328789659,-24.26214073195452,43.533539115957325
28300,0.06,0,0.424898602620862,0.631578947368421,0.6926852846401719,0.57,0,0,0,50.32512840477256,-24.260704107890145,43.53910391374138
28400,0.06,0,0.4249795663236967,0.631578947368421,0.6887110633727175,0.46,0,0,0,50.31640606702386,-24.26069718538662,43.538355248464285
28500,0.06,0,0.4249757551981777,0.631578947368421,0.6865628356605801,0.56,0,0,0,50.315656658162176,-24.260674924031957,43.53939416713255
28600,0.06,0,0.42492492262544457,0.631578947368421,0.6971750805585392,0.51,0,0,0,50.32448353238275,-24.259771192293535,43.53696497380404
28700,0.06,0,0.4249309158065706,0.631578947368421,0.6909237379162191,0.48,0,0,0,50.32006128962318,-24.260611155018392,43.54017700769631
28800,0.06,0,0.4249201828361314,0.631578947368421,0.6896670247046187,0.59,0,0,0,50.323068034580096,-24.262414773763258,43.538675239169145
28900,0.06,0,0.42498443883972187,0.631578947368421,0.6845757250268528,0.53,0,0,0,50.32727047079396,-24.26079923298537,43.52845733574518
29000,0.06,0,0.4250454890404564,0.631578947368421,0.6846509129967776,0.52,0,0,0,50.323630788244884,-24.262647419432547,43.52535301543377
29100,0.06,0,0.42500775335946145,0.631578947368421,0.6926423200859291,0.58,0,0,0,50.3245978788965,-24.263924741007084,43.52838105051698
29200,0.06,0,0.4249699194518632,0.631578947368421,0.6874006444683136,0.47,0,0,0,50.32330554735649,-24.264103374518427,43.533374196496716
29300,0.06,0,0.42492622862848145,0.631578947368421,0.6910848549946295,0.46,0,0,0,50.32332204558119,-24.26412376677741,43.53783601501797
29400,0.06,0,0.42484335613584573,0.631578947368421,0.6919548872180451,0.54,0,0,0,50.32872514631828,-24.264800451640706,43.54165379795971
29500,0.06,0,0.4248373869780781,0.631578947368421,0.6856820622986036,0.47,0,0,0,50.33292850466331,-24.26437616202987,43.53862931532476
29600,0.06,0,0.42472076273155995,0.631578947368421,0.6934801288936627,0.49,0,0,0,50.34177741194701,-24.265583401741452,43.542929430816436
29700,0.06,0,0.4245892235769183,0.631578947368421,0.6944253490870033,0.58,0,0,0,50.349909250813944,-24.267596816630128,43.54938452938621
29800,0.06,0,0.42451578357519804,0.631578947368421,0.6962835660580021,0.5,0,0,0,50.3559320275629,-24.267089208060042,43.55170886011002
29900,0.06,0,0.4245683151820111,0.631578947368421,0.704468313641246,0.56,0,0,0,50.35431366190019,-24.266980776606037,43.5477197905758
30000,0.06,0,0.4244588994652,0.631578947368421,0.699967776584318,0.6,0,0,0,50.36081867192305,-24.265735314498553,43.55331896344214
30100,0.06,0,0.4245389238524469,0.631578947368421,0.6991621911922664,0.56,0,0,0,50.35541681729829,-24.265418004316928,43.549780567871146
30200,0.06,0,0.42459706441240613,0.631578947368421,0.6910633727175081,0.47,0,0,0,50.354088968100115,-24.262725865948635,43.54496550750988
30300,0.06,0,0.4245826357159912,0.631578947368421,0.7000107411385607,0.55,0,0,0,50.34900363964303,-24.266338173254443,43.55084356619109
30400,0.06,0,0.4245783606339773,0.631578947368421,0.6997529538131042,0.57,0,0,0,50.34695067001044,-24.264477119758194,43.55305794632191
30500,0.06,0,0.4245099068393859,0.631578947368421,0.6964769065520945,0.56,0,0,0,50.357937384020765,-24.264878052025605,43.55057742909549
30600,0.06,0,0.42455248942962465,0.631578947368421,0.6921374865735768,0.73,0,0,0,50.35395648368174,-24.264162063786404,43.5496519998186
30700,0.06,0,0.42456824563484175,0.631578947368421,0.687561761546724,0.58,0,0,0,50.360967834410296,-24.26117334485138,43.54197298200087
30800,0.06,0,0.4245502902083406,0.631578947368421,0.6888292158968851,0.48,0,0,0,50.36332841505354,-24.260822464280437,43.54177355150945
30900,0.06,0,0.4246090356873493,0.631578947368421,0.6958861439312567,0.52,0,0,0,50.36179299257066,-24.26010261934089,43.53707677429519
31000,0.06,0,0.42468851876232927,0.631578947368421,0.6870569280343717,0.46,0,0,0,50.36223594103777,-24.261711536915758,43.52854569410204
31100,0.06,0,0.42455227851679833,0.631578947368421,0.6935338345864661,0.46,0,0,0,50.36681254354566,-24.260119439341395,43.5385576402972
31200,0.06,0,0.42460890478925634,0.631578947368421,0.6962513426423201,0.62,0,0,0,50.36944654164486,-24.261399749126692,43.53047481136167
31300,0.06,0,0.4246441680227743,0.631578947368421,0.6963802363050483,0.47,0,0,0,50.362139930791386,-24.26201946154128,43.5331748993088
31400,0.06,0,0.4245879249123776,0.631578947368421,0.7040816326530612,0.4,0,0,0,50.360285357109156,-24.262654254718587,43.54054489868056
31500,0.06,0,0.4245599338650393,0.631578947368421,0.698764769065521,0.39,0,0,0,50.365843809553134,-24.262275167420878,43.53860998871097
31600,0.06,0,0.42448070493021106,0.631578947368421,0.6982277121374866,0.56,0,0,0,50.37313611885335,-24.264066491685536,43.540432350568175
31700,0.06,0,0.42449892289104535,0.631578947368421,0.6975295381310419,0.61,0,0,0,50.36766160905696,-24.263602430839114,43.54329600099676
31800,0.06,0,0.424528999267341,0.631578947368421,0.7002363050483351,0.47,0,0,0,50.36519119401464,-24.26337052575692,43.54234676210871
31900,0.06,0,0.42454041552756416,0.631578947368421,0.697733619763695,0.56,0,0,0,50.36765675296271,-24.260934250200805,43.539044476329295
32000,0.06,0,0.42445111943416647,0.631578947368421,0.690515574650913,0.49,0,0,0,50.36890847126108,-24.260428420853952,43.54712201046556
32100,0.06,0,0.4244561393212207,0.631578947368421,0.697937701396348,0.55,0,0,0,50.36640674834113,-24.260358005770126,43.548769974912794
32200,0.06,0,0.4243002982524571,0.631578947368421,0.6924489795918367,0.51,0,0,0,50.36797768288599,-24.261853997852754,43.56340623525817
32300,0.06,0,0.42422361874076253,0.631578947368421,0.6914500537056928,0.52,0,0,0,50.364209509227706,-24.262206779650313,43.57454037015718
32400,0.06,0,0.4242265885931008,0.631578947368421,0.7029645542427497,0.63,0,0,0,50.35790743752039,-24.26109826224009,43.579688445862914
32500,0.06,0,0.42420959013869286,0.631578947368421,0.7027819548872181,0.51,0,0,0,50.34670570683401,-24.25868633418518,43.59113123578421
32600,0.06,0,0.4241056603745425,0.631578947368421,0.6889258861439312,0.55,0,0,0,50.35567746593589,-24.259122307636638,43.59404507896173
32700,0.06,0,0.424015280402151,0.631578947368421,0.6922556390977443,0.55,0,0,0,50.36040891841103,-24.2594038334499,43.59924065110309
32800,0.06,0,0.42405527281895994,0.631578947368421,0.7008163265306122,0.62,0,0,0,50.3613548687509,-24.259321273612183,43.594309972410514
32900,0.06,0,0.42399121509333315,0.631578947368421,0.7019441460794844,0.59,0,0,0,50.36883973747854,-24.257692391607975,43.59441717285106
33000,0.06,0,0.4238954220871605,0.631578947368421,0.6995596133190118,0.48,0,0,0,50.370819460953946,-24.257870381569223,43.60255497644639
33100,0.06,0,0.4238631159282959,0.631578947368421,0.6972610096670248,0.52,0,0,0,50.36872590569411,-24.25823909584978,43.607690752725766
33200,0.06,0,0.423812618791873,0.631578947368421,0.6986788399570354,0.47,0,0,0,50.3697505407327,-24.25556824710805,43.61199940988014
33300,0.06,0,0.42384907192082816,0.631578947368421,0.6986573576799141,0.6,0,0,0,50.36329418714428,-24.25309860527708,43.61383894729313
33400,0.06,0,0.4237729764457623,0.631578947368421,0.705639097744361,0.65,0,0,0,50.36802684972474,-24.254028025726104,43.617571772470626
33500,0.06,0,0.4238050266848295,0.631578947368421,0.70484425349087,0.55,0,0,0,50.36490083975719,-24.254941234368705,43.616980212457584
33600,0.06,0,0.42383578440200925,0.631578947368421,0.6993662728249195,0.53,0,0,0,50.35615744593133,-24.25683770579004,43.62138764654315
33700,0.06,0,0.4237541951738104,0.631578947368421,0.6976691729323308,0.54,0,0,0,50.36240820365387,-24.257527275587268,43.62437133216818
33800,0.06,0,0.42374684628643816,0.631578947368421,0.7028786251342642,0.49,0,0,0,50.364320203237575,-24.25669366517267,43.62347173666957
33900,0.06,0,0.42379356869429613,0.631578947368421,0.7031041890440387,0.55,0,0,0,50.36189307900231,-24.25576166443818,43.620764477892884
34000,0.06,0,0.4237708497271235,0.631578947368421,0.6991621911922664,0.53,0,0,0,50.35932678190781,-24.2564495664243,43.62532607109661
34100,0.06,0,0.4237047973814276,0.631578947368421,0.702577873254565,0.59,0,0,0,50.36344372820514,-24.256108092628764,43.628560230039234
34200,0.06,0,0.42361352366338795,0.631578947368421,0.701031149301826,0.48,0,0,0,50.37576490050282,-24.255937273463214,43.62728743595334
34300,0.06,0,0.42360983251343104,0.631578947368421,0.7069924812030075,0.57,0,0,0,50.37728245712802,-24.25524773489745,43.62635335258407
34400,0.06,0,0.42359228552255823,0.631578947368421,0.7050375939849624,0.6,0,0,0,50.373918089151175,-24.254282299305356,43.63107437438702
34500,0.06,0,0.4236097500682755,0.631578947368421,0.7076369495166488,0.51,0,0,0,50.377153065329956,-24.25404074522294,43.62647389602225
34600,0.06,0,0.4235121181366123,0.631578947368421,0.7043501611170784,0.52,0,0,0,50.37899034920154,-24.255307497620475,43.63493968294705
34700,0.06,0,0.4235258629996988,0.631578947368421,0.7022878625134265,0.59,0,0,0,50.378706377383345,-24.25541671702752,43.63376953084093
34800,0.06,0,0.4235079208306536,0.631578947368421,0.7109667024704619,0.51,0,0,0,50.38698189593741,-24.252987461136495,43.62845142202311
34900,0.06,0,0.42344934940634854,0.631578947368421,0.7132975295381311,0.54,0,0,0,50.38461763504827,-24.25247046188331,43.636533616144554
35000,0.06,0,0.4234845424245678,0.631578947368421,0.7035767991407089,0.53,0,0,0,50.38539365340335,-24.251685605360798,43.632235251605834
35100,0.06,0,0.42342921940974954,0.631578947368421,0.712201933404941,0.53,0,0,0,50.389222626422196,-24.250013632738135,43.634620051238834
35200,0.06,0,0.42345811695443963,0.631578947368421,0.7102900107411385,0.39,0,0,0,50.38800004784162,-24.252259700427228,43.632700993290705
35300,0.06,0,0.42338864387616754,0.631578947368421,0.7141890440386681,0.49,0,0,0,50.39108308375804,-24.251466440736706,43.63719062296995
35400,0.06,0,0.42333700531318913,0.631578947368421,0.7111170784103115,0.54,0,0,0,50.3962706788721,-24.250270072827785,43.638021088980615
35500,0.06,0,0.4233016845867074,0.631578947368421,0.7106981740064446,0.55,0,0,0,50.39595420032085,-24.24849632129287,43.64193635286868
35600,0.06,0,0.42328891673341096,0.631578947368421,0.7026960257787326,0.52,0,0,0,50.39113083153908,-24.249125666176386,43.647430215453404
35700,0.06,0,0.4233522981112419,0.631578947368421,0.7042320085929108,0.48,0,0,0,50.38289216435259,-24.24926734278417,43.64803183243228
35800,0.06,0,0.42320861990802117,0.631578947368421,0.7078839957035445,0.55,0,0,0,50.39562517334406,-24.247591990208374,43.65181832404524
35900,0.06,0,0.4231897921724291,0.631578947368421,0.7132760472610097,0.55,0,0,0,50.40116105219503,-24.247332361670907,43.64896562659821
36000,0.06,0,0.4231501135431337,0.631578947368421,0.7069817400644468,0.48,0,0,0,50.40512867725234,-24.246801603533928,43.64962243610427
36100,0.06,0,0.4231356104272252,0.631578947368421,0.7037593984962406,0.53,0,0,0,50.40180360609953,-24.245878654138544,43.65399826151497
36200,0.06,0,0.4230322022695121,0.631578947368421,0.7043716433941998,0.65,0,0,0,50.40013362807328,-24.242231896673868,43.666116070863424
36300,0.06,0,0.4229087469885316,0.631578947368421,0.7137271750805585,0.62,0,0,0,50.416630454162195,-24.242181936115806,43.66457089748002
36400,0.06,0,0.42288701493510683,0.631578947368421,0.7089688506981741,0.56,0,0,0,50.41461923984702,-24.244202392638716,43.66855682934514
36500,0.06,0,0.4229181065414472,0.631578947368421,0.7190225563909775,0.45,0,0,0,50.414197656386285,-24.244351391766862,43.66571160156888
36600,0.06,0,0.4229033756199633,0.631578947368421,0.7066058002148228,0.55,0,0,0,50.414729513335764,-24.245156335949023,43.66677192856169
36700,0.06,0,0.42293675714421325,0.631578947368421,0.7093662728249195,0.53,0,0,0,50.41288978554608,-24.245732469948805,43.66491881506057
36800,0.06,0,0.4229854606342314,0.631578947368421,0.7149087003222342,0.53,0,0,0,50.40656244658127,-24.2455743444716,43.66537159450929
36900,0.06,0,0.42298771699982723,0.631578947368421,0.7129752953813104,0.53,0,0,0,50.40495125098511,-24.245411813433524,43.66653442533329
37000,0.06,0,0.423084237682923,0.631578947368421,0.7082599355531687,0.51,0,0,0,50.39386167687998,-24.24433406013707,43.66617950279398
37100,0.06,0,0.4230915788857082,0.631578947368421,0.700171858216971,0.53,0,0,0,50.39357240739568,-24.242317032495425,43.66567248489617
37200,0.06,0,0.42304299721854294,0.631578947368421,0.7052846401718582,0.54,0,0,0,50.39892046159157,-24.24128645543751,43.66605289842137
37300,0.06,0,0.42298477784746,0.631578947368421,0.7126852846401719,0.49,0,0,0,50.400326663874054,-24.2431156685853,43.670844588447665
37400,0.06,0,0.42298439682317535,0.631578947368421,0.7129752953813104,0.51,0,0,0,50.39524964094282,-24.24177238502123,43.67528351004947
37500,0.06,0,0.4229912886115249,0.631578947368421,0.7116326530612245,0.59,0,0,0,50.38703896580085,-24.241396790234802,43.681688773917
37600,0.06,0,0.4229825684354574,0.631578947368421,0.7103222341568206,0.48,0,0,0,50.38873680614058,-24.242045112464012,43.68111743446574
37700,0.06,0,0.4230399416205975,0.631578947368421,0.7073899033297529,0.56,0,0,0,50.388243983213485,-24.244350564336692,43.67562051468019
37800,0.06,0,0.423033935511453,0.631578947368421,0.7142212674543501,0.5,0,0,0,50.38107815687013,-24.24426107750556,43.68245278864619
37900,0.06,0,0.42297482613020215,0.631578947368421,0.7188721804511278,0.64,0,0,0,50.386665535028044,-24.24347721320914,43.683712647106596
38000,0.06,0,0.4229732669714226,0.631578947368421,0.7138990332975296,0.52,0,0,0,50.38620716822038,-24.243670477772227,43.68427106867996
38100,0.06,0,0.422963409400154,0.631578947368421,0.7083351235230935,0.53,0,0,0,50.386409235926315,-24.24226406145411,43.68511397906729
38200,0.06,0,0.42293401950137016,0.631578947368421,0.7119763694951665,0.49,0,0,0,50.38179008778677,-24.24253040474456,43.69215513555753
38300,0.06,0,0.4229371471322092,0.631578947368421,0.7134908700322234,0.6,0,0,0,50.37851803446478,-24.243748178973437,43.694669788208515
38400,0.06,0,0.42296575093344135,0.631578947368421,0.70968850698174,0.57,0,0,0,50.374223932289404,-24.244129472417843,43.695439317606976
38500,0.06,0,0.4229217380812249,0.631578947368421,0.7196777658431793,0.56,0,0,0,50.37560400447818,-24.245481506011682,43.698789449294054
38600,0.06,0,0.4229696903022513,0.631578947368421,0.7101825993555317,0.54,0,0,0,50.37061449948912,-24.245771812492354,43.69816343314639
38700,0.06,0,0.42293697332845676,0.631578947368421,0.7167239527389904,0.5,0,0,0,50.37487185391273,-24.2475620827065,43.69785040685626
38800,0.06,0,0.422970535691972,0.631578947368421,0.7111385606874329,0.63,0,0,0,50.36543727601017,-24.248825578950687,43.702567957999236
38900,0.06,0,0.4229955643384669,0.631578947368421,0.7129860365198711,0.55,0,0,0,50.36019055335632,-24.249465875135282,43.70453491311008
39000,0.06,0,0.42297859273189914,0.631578947368421,0.7147690655209452,0.58,0,0,0,50.356543111847195,-24.249807017213485,43.70945426337037
39100,0.06,0,0.4229019864201016,0.631578947368421,0.7138668098818475,0.62,0,0,0,50.360641967694065,-24.249894001778394,43.713813825027245
39200,0.06,0,0.4229236472055168,0.631578947368421,0.7208700322234157,0.53,0,0,0,50.359663345692624,-24.247337744008988,43.71242437643447
39300,0.06,0,0.4228171085523275,0.631578947368421,0.7185392051557465,0.55,0,0,0,50.36442733388106,-24.24722556800098,43.7193029286306
39400,0.06,0,0.4227460928794609,0.631578947368421,0.7172395273899034,0.58,0,0,0,50.36474599838152,-24.248607551330622,43.72637052071042
39500,0.06,0,0.42277451498085444,0.631578947368421,0.718421052631579,0.55,0,0,0,50.36616695959814,-24.24939074837849,43.72219735100285
39600,0.06,0,0.42273535562965325,0.631578947368421,0.7086036519871106,0.42,0,0,0,50.364739673923964,-24.250216967057803,43.72748663791104
39700,0.06,0,0.42278135967777264,0.631578947368421,0.7138775510204082,0.58,0,0,0,50.36555355915951,-24.248764467178525,43.722021985011104
39800,0.06,0,0.42271107060344487,0.631578947368421,0.711235230934479,0.55,0,0,0,50.3747595582995,-24.247957670829773,43.72130061449209
39900,0.06,0,0.42270092383539704,0.631578947368421,0.7175617615467239,0.46,0,0,0,50.377528494079016,-24.247927138093928,43.719946984477694
40000,0.06,0,0.4227295754497042,0.631578947368421,0.7125026852846402,0.55,0,0,0,50.37216100596377,-24.245691522159646,43.721642084316
40100,0.06,0,0.4227066201042156,0.631578947368421,0.7154564983888292,0.53,0,0,0,50.37225269995763,-24.24529646681309,43.72393682321186
40200,0.06,0,0.4227200833012458,0.631578947368421,0.7123308270676691,0.49,0,0,0,50.37111077103904,-24.245707106702834,43.72353546491485
40300,0.06,0,0.4228622605081178,0.631578947368421,0.7146509129967776,0.55,0,0,0,50.36861874195607,-24.245554316224336,43.71099701444996
40400,0.06,0,0.42285917136323775,0.631578947368421,0.7149624060150376,0.5,0,0,0,50.37688332372355,-24.24608465491304,43.704145277792804
40500,0.06,0,0.422839223611211,0.631578947368421,0.7064661654135338,0.47,0,0,0,50.37936562006073,-24.245859748136283,43.70405355715095
40600,0.06,0,0.4227839884520216,0.631578947368421,0.7113211600429645,0.61,0,0,0,50.374142820852526,-24.246256712815835,43.714295164841076
40700,0.06,0,0.42284840625003955,0.631578947368421,0.7149409237379162,0.48,0,0,0,50.3628903931265,-24.246462856103573,43.71740108266484
40800,0.06,0,0.4228746542424711,0.631578947368421,0.7137164339419978,0.56,0,0,0,50.361393155311795,-24.245617560049926,43.71598715886693
40900,0.06,0,0.4229580231726447,0.631578947368421,0.711686358754028,0.48,0,0,0,50.359764601145706,-24.243958011359247,43.70878376069466
41000,0.06,0,0.42291248127335745,0.631578947368421,0.7167883995703545,0.48,0,0,0,50.36986250698689,-24.24377907109021,43.7047271311829
41100,0.06,0,0.4229055979331422,0.631578947368421,0.7068635875402792,0.53,0,0,0,50.378001897510686,-24.243991053452326,43.69837715389905
41200,0.06,0,0.42297630527846514,0.631578947368421,0.712953813104189,0.55,0,0,0,50.36957148728303,-24.244955922663078,43.69838488437743
41300,0.06,0,0.4229483388900273,0.631578947368421,0.7123952738990333,0.58,0,0,0,50.37351126112117,-24.245584384853803,43.69785639943969
41400,0.06,0,0.4228913419696665,0.631578947368421,0.7111170784103115,0.66,0,0,0,50.38115002207325,-24.24694792117732,43.697119621012654
41500,0.06,0,0.42296276463244964,0.631578947368421,0.7125241675617615,0.46,0,0,0,50.37339493166666,-24.246245166546423,43.696466932237875
41600,0.06,0,0.4229715656967524,0.631578947368421,0.7106981740064446,0.43,0,0,0,50.38045481028997,-24.24783951185053,43.68943459407844
41700,0.06,0,0.42296920443054836,0.631578947368421,0.7121697099892589,0.66,0,0,0,50.37956511227148,-24.247733246670258,43.69045004984107
41800,0.06,0,0.4229868925069618,0.631578947368421,0.7073469387755102,0.51,0,0,0,50.37547300381181,-24.24675841073859,43.692171964024915
41900,0.06,0,0.4230548715818186,0.631578947368421,0.71484425349087,0.58,0,0,0,50.36411397890707,-24.247872256687245,43.69500390000219
42000,0.06,0,0.42309389612831066,0.631578947368421,0.7074973147153598,0.59,0,0,0,50.358342613571416,-24.248352713973286,43.69598088687229
42100,0.06,0,0.4230396386779244,0.631578947368421,0.7048227712137487,0.42,0,0,0,50.36659322954507,-24.24983788694215,43.694426354214784
42200,0.06,0,0.4230167377689356,0.631578947368421,0.7202470461868958,0.46,0,0,0,50.37167442036794,-24.250798255683875,43.69238397581893
42300,0.06,0,0.42294282954526635,0.631578947368421,0.7148872180451128,0.67,0,0,0,50.37554728782015,-24.25124426602669,43.69665945945657
42400,0.06,0,0.42291346335317953,0.631578947368421,0.7170676691729323,0.56,0,0,0,50.383368338081524,-24.25318873046383,43.69291012241976
42500,0.06,0,0.4229511812279009,0.631578947368421,0.7141245972073039,0.51,0,0,0,50.37944274975912,-24.2529174829495,43.692417950018736
42600,0.06,0,0.42296775264175634,0.631578947368421,0.7066917293233083,0.5,0,0,0,50.377288231202456,-24.253754176746877,43.692574677989874
42700,0.06,0,0.4228991140232125,0.631578947368421,0.7118474758324382,0.49,0,0,0,50.37867504563174,-24.252818408993736,43.69846324306902
42800,0.06,0,0.4228913483031239,0.631578947368421,0.7128141783029001,0.49,0,0,0,50.37771635416144,-24.255446907558337,43.70009729521615
42900,0.06,0,0.42288038014017204,0.631578947368421,0.7190440386680989,0.51,0,0,0,50.37853766349544,-24.25583527187489,43.70051828502242
43000,0.06,0,0.4229421508594674,0.631578947368421,0.7104403866809882,0.53,0,0,0,50.3712205680485,-24.25523691567171,43.70048298177417
43100,0.06,0,0.4228531587587335,0.631578947368421,0.7123200859291084,0.5,0,0,0,50.37235721420603,-24.255236200606788,43.7086937189941
43200,0.06,0,0.422941840927351,0.631578947368421,0.7126638023630505,0.55,0,0,0,50.36964965174235,-24.255199086151126,43.70187792648972
43300,0.06,0,0.42283023782586654,0.631578947368421,0.7061224489795919,0.57,0,0,0,50.37911267699235,-24.255082222430993,43.70520176837354
43400,0.06,0,0.42287112821654055,0.631578947368421,0.7168743286788399,0.45,0,0,0,50.378448467803125,-24.2545968241116,43.70155177506077
43500,0.06,0,0.4228204679392913,0.631578947368421,0.7193555316863588,0.59,0,0,0,50.38528221992722,-24.254406251002187,43.7008599324912
43600,0.06,0,0.42275531303772446,0.631578947368421,0.7159398496240601,0.57,0,0,0,50.38472391463706,-24.256417616736133,43.708079410863675
43700,0.06,0,0.42277381852089124,0.631578947368421,0.7136627282491944,0.52,0,0,0,50.390273522816805,-24.25794047761955,43.70135276808584
43800,0.06,0,0.42275765390330566,0.631578947368421,0.7211815252416757,0.53,0,0,0,50.386167638923055,-24.25839646704207,43.706585024551266
43900,0.06,0,0.4228119012809226,0.631578947368421,0.7143716433941998,0.57,0,0,0,50.38330664760967,-24.256791975811726,43.70345894509624
44000,0.06,0,0.4227093932525666,0.631578947368421,0.7160365198711064,0.58,0,0,0,50.383978527543334,-24.25561249398443,43.7134742020665
44100,0.06,0,0.42277963032386506,0.631578947368421,0.7173254564983889,0.54,0,0,0,50.385077344271835,-24.25654788365336,43.70525884959894
44200,0.06,0,0.42271994581649874,0.631578947368421,0.7222986036519871,0.56,0,0,0,50.385302465352034,-24.256526881009496,43.711234362940814
44300,0.06,0,0.4227173366581254,0.631578947368421,0.7153061224489796,0.55,0,0,0,50.3842665495091,-24.256237389062576,43.71240288569593
44400,0.06,0,0.42271884364278567,0.631578947368421,0.7167239527389904,0.54,0,0,0,50.380242123606955,-24.257193462629466,43.71573883136078
44500,0.06,0,0.4226516601633437,0.631578947368421,0.7157787325456498,0.53,0,0,0,50.38824425512767,-24.255906985644188,43.715744180270285
44600,0.06,0,0.42259670088267,0.631578947368421,0.7178625134264232,0.43,0,0,0,50.39356554657774,-24.255547989890786,43.71681272326487
44700,0.06,0,0.4225983311728469,0.631578947368421,0.7186680988184747,0.63,0,0,0,50.389415629085335,-24.25469477659026,43.72024444206811
44800,0.06,0,0.42259029634449885,0.631578947368421,0.7133834586466166,0.52,0,0,0,50.390949618203656,-24.25331962867101,43.7197447609641
44900,0.06,0,0.4225943856137211,0.631578947368421,0.7166380236305049,0.52,0,0,0,50.394494452689855,-24.255074384271097,43.71624641179202
45000,0.06,0,0.4225982018814794,0.631578947368421,0.710343716433942,0.6,0,0,0,50.39845003669378,-24.257019159368514,43.712420540684136
45100,0.06,0,0.42259229609100246,0.631578947368421,0.7139742212674544,0.39,0,0,0,50.398066704744416,-24.25705323777669,43.713363913299
45200,0.06,0,0.4225531309264749,0.631578947368421,0.7176047261009667,0.59,0,0,0,50.39693549885592,-24.257284869997186,43.71839684992574
45300,0.06,0,0.42257188858069344,0.631578947368421,0.7182169709989259,0.53,0,0,0,50.39579932675661,-24.256362994986972,43.7174418090273
45400,0.06,0,0.4225402250328588,0.631578947368421,0.7222019334049409,0.56,0,0,0,50.400489460715626,-24.255692064073784,43.71664929447346
45500,0.06,0,0.4223878764172475,0.631578947368421,0.71968850698174,0.59,0,0,0,50.40399914415208,-24.256126064233488,43.72937206314718
45600,0.06,0,0.4224204730292544,0.631578947368421,0.7141675617615467,0.5,0,0,0,50.40860112871555,-24.256664303848613,43.72200572526194
45700,0.06,0,0.4223302932365651,0.631578947368421,0.7205585392051558,0.62,0,0,0,50.4222759873404,-24.25737938467173,43.71948141180815
45800,0.06,0,0.4223063337811779,0.631578947368421,0.721686358754028,0.51,0,0,0,50.41763933079003,-24.256096011792934,43.725982715594974
45900,0.06,0,0.42230163827617756,0.631578947368421,0.7190977443609022,0.55,0,0,0,50.41407608348218,-24.256173904580127,43.72955946769882
46000,0.06,0,0.4223077872088729,0.631578947368421,0.7206444683136413,0.58,0,0,0,50.41570729172918,-24.256088969214304,43.72750789544841
46100,0.06,0,0.4222414031067714,0.631578947368421,0.713641245972073,0.61,0,0,0,50.41852139658347,-24.256996408343294,43.73194163234614
46200,0.06,0,0.42219110260323517,0.631578947368421,0.7155531686358754,0.53,0,0,0,50.41569445191225,-24.254931936659442,43.73960438446383
46300,0.06,0,0.4221912629951681,0.631578947368421,0.7158968850698174,0.46,0,0,0,50.41393443681349,-24.25665132414333,43.7411147727334
46400,0.06,0,0.4222262564770734,0.631578947368421,0.7214715359828142,0.51,0,0,0,50.40934726394348,-24.25664184382405,43.74146961853898
46500,0.06,0,0.4222070697562447,0.631578947368421,0.7174006444683136,0.42,0,0,0,50.40833675555917,-24.257164121003385,43.744334301142686
46600,0.06,0,0.42219132091012634,0.631578947368421,0.7213963480128893,0.65,0,0,0,50.40468948191745,-24.2577882392154,43.74913152950271
46700,0.06,0,0.4221056562827861,0.631578947368421,0.7229645542427497,0.44,0,0,0,50.41303215665952,-24.25634867374706,43.75076887927721
46800,0.06,0,0.42213083477734253,0.631578947368421,0.7259828141783029,0.61,0,0,0,50.41963554186833,-24.255940676281924,43.74242968093182
46900,0.06,0,0.4221465806999112,0.631578947368421,0.7291621911922663,0.48,0,0,0,50.416732683063785,-24.25617849635332,43.743316579905965
47000,0.06,0,0.42212694012019336,0.631578947368421,0.7280988184747583,0.49,0,0,0,50.41537706998311,-24.257165864814763,43.74652811773326
47100,0.06,0,0.42214708737091455,0.631578947368421,0.7218152524167561,0.55,0,0,0,50.417437563791644,-24.25631280672586,43.742652508302
47200,0.06,0,0.4220803730310735,0.631578947368421,0.7212674543501612,0.51,0,0,0,50.414054261992476,-24.256918603569883,43.75250255080805
47300,0.06,0,0.42212677579841934,0.631578947368421,0.7183351235230935,0.61,0,0,0,50.40927098675208,-24.256220441249063,43.75184417315586
47400,0.06,0,0.42211452359483814,0.631578947368421,0.7129430719656283,0.47,0,0,0,50.42002986840993,-24.25443653635825,43.74377784322529
47500,0.06,0,0.42201916200970196,0.631578947368421,0.7218152524167561,0.52,0,0,0,50.428893362732566,-24.253462140580762,43.74597216769548
47600,0.06,0,0.4220452913841439,0.631578947368421,0.7222556390977444,0.54,0,0,0,50.42823563692601,-24.252636081241334,43.74383433250378
47700,0.06,0,0.4219997501617552,0.631578947368421,0.7195488721804512,0.56,0,0,0,50.43307145157799,-24.25247636435527,43.744360199865774
47800,0.06,0,0.4220945492764131,0.631578947368421,0.7265735767991407,0.53,0,0,0,50.433592302613256,-24.2526110845616,43.73408389397501
47900,0.06,0,0.4221305772055749,0.631578947368421,0.7258861439312567,0.51,0,0,0,50.43384232843043,-24.25052791582972,43.73013449151954
48000,0.06,0,0.4221264036580443,0.631578947368421,0.726702470461869,0.47,0,0,0,50.42773459340435,-24.250783236909445,43.735863433334735
48100,0.06,0,0.42196597783139606,0.631578947368421,0.7193340494092374,0.59,0,0,0,50.43733302085226,-24.251642725207798,43.74416494908046
48200,0.06,0,0.42191988412415665,0.631578947368421,0.7232330827067669,0.63,0,0,0,50.444151402409524,-24.253019527907146,43.743030480415534
48300,0.06,0,0.42195221869472166,0.631578947368421,0.7308807733619763,0.61,0,0,0,50.4389469985003,-24.253114309841774,43.74419157174092
48400,0.06,0,0.4220266086259701,0.631578947368421,0.7326745435016112,0.56,0,0,0,50.43024997811579,-24.2545434487923,43.74402349247493
48500,0.06,0,0.4221108975263467,0.631578947368421,0.7286788399570354,0.59,0,0,0,50.4284340944918,-24.253441317806523,43.7368633690337
48600,0.06,0,0.42217468337230896,0.631578947368421,0.7286358754027927,0.55,0,0,0,50.42508149730583,-24.252809030675255,43.73316270122899
48700,0.06,0,0.4221079325079572,0.631578947368421,0.7273039742212675,0.64,0,0,0,50.433662661835,-24.25289657005231,43.732636263001076
48800,0.06,0,0.42210221804652315,0.631578947368421,0.7183780880773362,0.49,0,0,0,50.434310173312774,-24.253754011661634,43.7326668415097
48900,0.06,0,0.4221071976217697,0.631578947368421,0.7217830290010742,0.56,0,0,0,50.442050964392315,-24.252284286956645,43.7254398337122
49000,0.06,0,0.4221526654208191,0.631578947368421,0.7217937701396347,0.51,0,0,0,50.441389125698194,-24.251764316549494,43.72130405844341
49100,0.06,0,0.42211222733563025,0.631578947368421,0.722889366272825,0.64,0,0,0,50.4450783737215,-24.252669981543246,43.72229471365709
49200,0.06,0,0.42209080844756774,0.631578947368421,0.7277980665950591,0.48,0,0,0,50.45345332517768,-24.253348231223256,43.717255399762095
49300,0.06,0,0.4221528875637363,0.631578947368421,0.7226315789473684,0.62,0,0,0,50.45032972606011,-24.253886415923937,43.71353294568973
49400,0.06,0,0.42222699207686076,0.631578947368421,0.7256605800214823,0.57,0,0,0,50.448607289349404,-24.25201024037698,43.707353063216814
49500,0.06,0,0.4221308008256641,0.631578947368421,0.7233727175080559,0.46,0,0,0,50.450343266507225,-24.252163645581014,43.715808393270464
49600,0.06,0,0.4221736488072043,0.631578947368421,0.7275187969924812,0.55,0,0,0,50.44125604889851,-24.253724215400936,43.71924631132945
49700,0.06,0,0.4221644521017371,0.631578947368421,0.7246401718582169,0.49,0,0,0,50.44181619170537,-24.252922868037704,43.71971321882241
49800,0.06,0,0.42213711962489614,0.631578947368421,0.7271535982814178,0.54,0,0,0,50.44031647887723,-24.25327857492189,43.72384395404533
49900,0.06,0,0.42212939038022823,0.631578947368421,0.7224489795918367,0.54,0,0,0,50.441108418779315,-24.25163822233163,43.72395805389137
50000,0.06,0,0.4220467645946127,0.631578947368421,0.730655209452202,0.51,0,0,0,50.44777838200477,-24.24989058120065,43.72673596457172
50100,0.06,0,0.4220540391044815,0.631578947368421,0.7279591836734693,0.55,0,0,0,50.45343343684052,-24.250111031659895,43.72108128104664
50200,0.06,0,0.4220056261443394,0.631578947368421,0.7251127819548873,0.58,0,0,0,50.45649015810344,-24.248283444497734,43.72344802757555
50300,0.06,0,0.4219642999783641,0.631578947368421,0.7192803437164339,0.58,0,0,0,50.45846131318243,-24.24881740122674,43.726021976940025
50400,0.06,0,0.42195688908431317,0.631578947368421,0.730655209452202,0.61,0,0,0,50.4598970911,-24.248547866944318,43.72554574866779
50500,0.06,0,0.42196587873537683,0.631578947368421,0.7275080558539205,0.52,0,0,0,50.464149346285396,-24.249802214748655,43.72092984785526
50600,0.06,0,0.42190335684711416,0.631578947368421,0.7213533834586466,0.6,0,0,0,50.46557083188131,-24.250413207759138,43.72617716667024
50700,0.06,0,0.42198153076423595,0.631578947368421,0.7244253490870032,0.56,0,0,0,50.45789052451148,-24.252048323357698,43.72473112720515
50800,0.06,0,0.4220234268610998,0.631578947368421,0.733780880773362,0.55,0,0,0,50.45864647116588,-24.25427464754529,43.719735386000394
50900,0.06,0,0.42197292019015215,0.631578947368421,0.7299570354457573,0.62,0,0,0,50.46819946095498,-24.255849611546424,43.71669169529533
51000,0.06,0,0.4219981581966704,0.631578947368421,0.7264554242749731,0.54,0,0,0,50.47199021855358,-24.25548697710351,43.71079397974983
51100,0.06,0,0.42221782261144974,0.631578947368421,0.7241890440386681,0.6,0,0,0,50.4491920541967,-24.25556191639917,43.70779564237549
51200,0.06,0,0.4221826170636979,0.631578947368421,0.716015037593985,0.56,0,0,0,50.45372455894075,-24.2561136612246,43.70751359606989
51300,0.06,0,0.42215440545717586,0.631578947368421,0.7138560687432868,0.51,0,0,0,50.45727154698612,-24.25718190590358,43.707361761982334
51400,0.06,0,0.4220917350974699,0.631578947368421,0.7132116004296455,0.53,0,0,0,50.45745356405351,-24.257022501466636,43.71369355186322
51500,0.06,0,0.4220807515847699,0.631578947368421,0.7216433941997852,0.49,0,0,0,50.46205607209073,-24.256297892471753,43.71084397094611
51600,0.06,0,0.42206135830180813,0.631578947368421,0.7200429645542428,0.44,0,0,0,50.4674154303766,-24.254906093028143,43.70821037768892
51700,0.06,0,0.42196614112798053,0.631578947368421,0.71968850698174,0.5,0,0,0,50.47036397834666,-24.255954603748574,43.71551911874062
51800,0.06,0,0.421888413104086,0.631578947368421,0.7227604726100967,0.53,0,0,0,50.47113639721618,-24.256625993480775,43.7229040407133
51900,0.06,0,0.4218914265160466,0.631578947368421,0.730139634801289,0.56,0,0,0,50.46661967531045,-24.2569869386392,43.7265048812613
52000,0.06,0,0.4218439842100638,0.631578947368421,0.7283888292158969,0.56,0,0,0,50.47114666478544,-24.259423729648898,43.727500070887885
52100,0.06,0,0.4218139362295568,0.631578947368421,0.7225349087003222,0.57,0,0,0,50.47022349794258,-24.260541014981122,43.73141489659815
52200,0.06,0,0.42185051898348064,0.631578947368421,0.7141460794844253,0.62,0,0,0,50.46809984498472,-24.260066573114425,43.72946254069771
52300,0.06,0,0.4218928531372069,0.631578947368421,0.7185714285714285,0.53,0,0,0,50.46305233916427,-24.260234121772903,43.72944812647905
52400,0.06,0,0.42191446367250357,0.631578947368421,0.7204511278195489,0.56,0,0,0,50.46205293866713,-24.258410678430078,43.7280743131811
52500,0.06,0,0.42192613832532805,0.631578947368421,0.72968850698174,0.5,0,0,0,50.46428283276861,-24.25735378509477,43.72493217792351
52600,0.06,0,0.4218748387324502,0.631578947368421,0.7255961331901182,0.52,0,0,0,50.46354001942945,-24.257917181106826,43.730892790139876
52700,0.06,0,0.4218025337274597,0.631578947368421,0.734328678839957,0.65,0,0,0,50.47050132136163,-24.257752695749257,43.73235634555738
52800,0.06,0,0.42179664342695194,0.631578947368421,0.7241353383458646,0.64,0,0,0,50.46828731456285,-24.259143776633344,43.73488559185454
52900,0.06,0,0.4217322493556648,0.631578947368421,0.7287755102040816,0.49,0,0,0,50.47391743020651,-24.260065479956904,43.736684293230404
53000,0.06,0,0.4216218495711487,0.631578947368421,0.7192051557465091,0.54,0,0,0,50.47754624278485,-24.260451903184816,43.744991509505354
53100,0.06,0,0.4215432083702553,0.631578947368421,0.7309667024704619,0.54,0,0,0,50.48840331764394,-24.26104887040714,43.74374365793318
53200,0.06,0,0.42148372781839627,0.631578947368421,0.7368313641245972,0.58,0,0,0,50.492217475875606,-24.26048695829572,43.74661200673381
53300,0.06,0,0.4214289170106965,0.631578947368421,0.7353168635875402,0.48,0,0,0,50.50171712754837,-24.262466450088183,43.74407161708434
53400,0.06,0,0.4214966009631308,0.631578947368421,0.7254779806659506,0.51,0,0,0,50.49950145452056,-24.263462623743067,43.73896616048789
53500,0.06,0,0.4214668119541592,0.631578947368421,0.7287647690655209,0.55,0,0,0,50.4940418094136,-24.261451808580873,43.74678719299616
53600,0.06,0,0.4214323373267451,0.631578947368421,0.7313319011815252,0.66,0,0,0,50.49596045173798,-24.25982559414379,43.74870349497076
53700,0.06,0,0.4214212424307249,0.631578947368421,0.7293770139634801,0.58,0,0,0,50.49930305946097,-24.26035986615428,43.746959427606
53800,0.06,0,0.4213423073633133,0.631578947368421,0.738657357679914,0.6,0,0,0,50.49930056772492,-24.25978248569106,43.755157224967014
53900,0.06,0,0.42132400685874855,0.631578947368421,0.735531686358754,0.55,0,0,0,50.49865812847364,-24.257918889776434,43.75761443423094
54000,0.06,0,0.4211838968666015,0.631578947368421,0.7344253490870032,0.66,0,0,0,50.50949086664566,-24.25759266812062,43.76278294445481
54100,0.06,0,0.4209688095040643,0.631578947368421,0.7371321160042964,0.58,0,0,0,50.52561126047796,-24.259929217798565,43.77117302598448
54200,0.06,0,0.4210119657035794,0.631578947368421,0.7331149301825993,0.57,0,0,0,50.52098743366744,-24.2606835447554,43.77069187727598
54300,0.06,0,0.42107868957154093,0.631578947368421,0.7367561761546724,0.5,0,0,0,50.5098474425047,-24.261115341031932,43.773408135368605
54400,0.06,0,0.4211009569808962,0.631578947368421,0.7311385606874329,0.57,0,0,0,50.50455443024055,-24.261155294053214,43.77568076764691
54500,0.06,0,0.42115896356604043,0.631578947368421,0.7363480128893662,0.51,0,0,0,50.50438988224551,-24.26136919907703,43.76979411119412
54600,0.06,0,0.421174680321351,0.631578947368421,0.7397529538131042,0.58,0,0,0,50.492511208629644,-24.263349645944693,43.778457505520066
54700,0.06,0,0.4212208538359553,0.631578947368421,0.7386143931256713,0.55,0,0,0,50.49069168445063,-24.262071253407004,43.775236048998984
54800,0.06,0,0.4211875830380437,0.631578947368421,0.7296992481203007,0.6,0,0,0,50.49435755273427,-24.26275929692288,43.77551566460616
54900,0.06,0,0.4211358640942291,0.631578947368421,0.7359613319011815,0.61,0,0,0,50.497084475487526,-24.261500298958406,43.77852741987772
55000,0.06,0,0.42119711393585474,0.631578947368421,0.7273469387755102,0.51,0,0,0,50.494520308691314,-24.261101412861215,43.774384011291566
55100,0.06,0,0.42120999423820543,0.631578947368421,0.7303866809881847,0.56,0,0,0,50.489822828604915,-24.261025251959857,43.77711798522296
55200,0.06,0,0.4211465072025579,0.631578947368421,0.7308485499462943,0.59,0,0,0,50.494277654324,-24.26149180640208,43.779854511793616
55300,0.06,0,0.4210824798619585,0.631578947368421,0.732438238453276,0.51,0,0,0,50.50486086152961,-24.263659663396314,43.77733603199915
55400,0.06,0,0.42107206056560054,0.631578947368421,0.7348657357679914,0.6,0,0,0,50.50535150700361,-24.2639116377721,43.77799399328419
55500,0.06,0,0.4210478494881155,0.631578947368421,0.7386680988184747,0.43,0,0,0,50.50274220838016,-24.2641743495636,43.782773298490646
55600,0.06,0,0.4210237152550853,0.631578947368421,0.7383243823845328,0.53,0,0,0,50.50753125297454,-24.26479819893976,43.781131395424865
55700,0.06,0,0.42103920929896127,0.631578947368421,0.7389795918367347,0.59,0,0,0,50.50314972925705,-24.26569762309693,43.78331846935837
55800,0.06,0,0.421056785917847,0.631578947368421,0.7395810955961332,0.54,0,0,0,50.49769340546775,-24.264694009207602,43.78622140768241
55900,0.06,0,0.4210111180965804,0.631578947368421,0.7372073039742213,0.48,0,0,0,50.503910370676564,-24.266566712244355,43.78558036546715
56000,0.06,0,0.4209938001663219,0.631578947368421,0.7398174006444683,0.53,0,0,0,50.49848465229522,-24.268390943232177,43.79208617778663
56100,0.06,0,0.4209232650948368,0.631578947368421,0.7384747583243824,0.59,0,0,0,50.50767420725826,-24.267643671809914,43.79145548658954
56200,0.06,0,0.4208795996552777,0.631578947368421,0.7399140708915145,0.58,0,0,0,50.51404368755985,-24.267452222648394,43.79047638475581
56300,0.06,0,0.420856514213123,0.631578947368421,0.734672395273899,0.58,0,0,0,50.512001233295685,-24.2685250346109,43.794649210879726
56400,0.06,0,0.42087422480465136,0.631578947368421,0.736702470461869,0.6,0,0,0,50.5106764005346,-24.268761294003067,43.79395494210989
56500,0.06,0,0.4208447810421575,0.631578947368421,0.7392373791621912,0.61,0,0,0,50.51780569246129,-24.267953716274448,43.790838093958925
56600,0.06,0,0.4208725447823943,0.631578947368421,0.7397314715359828,0.63,0,0,0,50.51486705918379,-24.26873661936789,43.790496643511425
56700,0.06,0,0.42080516907970067,0.631578947368421,0.7463265306122449,0.56,0,0,0,50.511808937142916,-24.268389923083397,43.8001596210563
56800,0.06,0,0.42074177841474275,0.631578947368421,0.7378517722878625,0.59,0,0,0,50.510218506951,-24.26794360819481,43.808138087347125
56900,0.06,0,0.42072554191391714,0.631578947368421,0.7388077336197637,0.55,0,0,0,50.51512266257506,-24.26796377916544,43.80557553040206
57000,0.06,0,0.4207386808807955,0.631578947368421,0.735016111707841,0.52,0,0,0,50.51782653879286,-24.26664894284363,43.80186301359881
57100,0.06,0,0.4206500189472074,0.631578947368421,0.7380558539205155,0.59,0,0,0,50.521320872702915,-24.265397981957225,43.80806507388471
57200,0.06,0,0.42065811066471026,0.631578947368421,0.7387325456498389,0.65,0,0,0,50.52641326267023,-24.265457325429395,43.802807203435414
57300,0.06,0,0.4206452067256308,0.631578947368421,0.740204081632653,0.6,0,0,0,50.530480504147484,-24.264006284649945,43.800625088486115
57400,0.06,0,0.42066415592207884,0.631578947368421,0.734468313641246,0.49,0,0,0,50.52897562181582,-24.264628810291324,43.799956485864804
57500,0.06,0,0.4207200171799563,0.631578947368421,0.7359935553168636,0.57,0,0,0,50.52269581088133,-24.26626909313609,43.79958440312755
57600,0.06,0,0.4208193321650242,0.631578947368421,0.7335445757250268,0.56,0,0,0,50.51161961604602,-24.266055478322574,43.798849644485834
57700,0.06,0,0.42081649784235087,0.631578947368421,0.7306015037593985,0.61,0,0,0,50.51237259402491,-24.26648683240215,43.798491737384985
57800,0.06,0,0.4208650820197254,0.631578947368421,0.7343823845327605,0.55,0,0,0,50.5105543273051,-24.268225560926695,43.79501215575954
57900,0.06,0,0.4208596219273929,0.631578947368421,0.7330397422126745,0.52,0,0,0,50.51091728447472,-24.268267314733087,43.79526563497976
58000,0.06,0,0.420833668808048,0.631578947368421,0.7264983888292159,0.5,0,0,0,50.512785716804,-24.266279609170528,43.79634646505767
58100,0.06,0,0.42074357956029174,0.631578947368421,0.7392696025778732,0.57,0,0,0,50.516433804354584,-24.264414144267157,43.80256063260931
58200,0.06,0,0.4206630909157989,0.631578947368421,0.7386358754027927,0.51,0,0,0,50.519271420423856,-24.26427808575214,43.80848089115634
58300,0.06,0,0.4207188677632116,0.631578947368421,0.7376906552094522,0.57,0,0,0,50.51501640122397,-24.263020845045833,43.806362597264936
58400,0.06,0,0.4207816007585339,0.631578947368421,0.7417400644468314,0.62,0,0,0,50.50551937345815,-24.264658637058922,43.808067739737275
58500,0.06,0,0.4207000470183664,0.631578947368421,0.739624060150376,0.59,0,0,0,50.515237466355124,-24.263887243285147,43.808130636442684
58600,0.06,0,0.42071137882020554,0.631578947368421,0.7393447905477981,0.61,0,0,0,50.51582404143373,-24.265010852056026,43.806441997013806
58700,0.06,0,0.4206482292998349,0.631578947368421,0.7369709989258861,0.57,0,0,0,50.52287998492699,-24.266273847570847,43.80689955328584
58800,0.06,0,0.42064636435039204,0.631578947368421,0.7340601503759399,0.5,0,0,0,50.53085542125106,-24.267061721742852,43.80017956773507
58900,0.06,0,0.4206449863120045,0.631578947368421,0.7391192266380237,0.46,0,0,0,50.52948864977602,-24.266241250617227,43.801507812050204
59000,0.06,0,0.4206804777190997,0.631578947368421,0.7383566058002148,0.58,0,0,0,50.5200917647363,-24.267068814742846,43.80595894649901
59100,0.06,0,0.42066320438028887,0.631578947368421,0.7258002148227712,0.61,0,0,0,50.52034035386392,-24.266130174674753,43.80754215432998
59200,0.06,0,0.4206294713580057,0.631578947368421,0.7277121374865736,0.59,0,0,0,50.521873257533386,-24.266809316740307,43.8097260788659
59300,0.06,0,0.42065385256778676,0.631578947368421,0.7326852846401719,0.51,0,0,0,50.518060804832864,-24.265946452248766,43.8104928577791
59400,0.06,0,0.4206148020875313,0.631578947368421,0.7323093447905478,0.55,0,0,0,50.524927814614934,-24.263824795040485,43.8086053050699
59500,0.06,0,0.42065376991836817,0.631578947368421,0.73656283566058,0.54,0,0,0,50.51778653224276,-24.26447952015768,43.81073932280771
59600,0.06,0,0.42073080682638364,0.631578947368421,0.7352953813104189,0.48,0,0,0,50.51387970555962,-24.26423036262435,43.80610523651518
59700,0.06,0,0.4206948677209738,0.631578947368421,0.7383566058002148,0.55,0,0,0,50.514128260131535,-24.264253154470637,43.809631936648834
59800,0.06,0,0.4206398241299304,0.631578947368421,0.7385821697099892,0.65,0,0,0,50.51622624679626,-24.262710987704974,43.81354503235735
59900,0.06,0,0.4207132427658763,0.631578947368421,0.7326638023630505,0.58,0,0,0,50.506406036045306,-24.260069022150496,43.814416531948844
60000,0.06,0,0.4207104074110461,0.631578947368421,0.740859291084855,0.43,0,0,0,50.50050188347699,-24.26031271916068,43.81983431528134
60100,0.06,0,0.42063912872991627,0.631578947368421,0.7282062298603652,0.48,0,0,0,50.5093051973698,-24.261702784836462,43.819621036087995
60200,0.06,0,0.420679066324414,0.631578947368421,0.7364339419978517,0.59,0,0,0,50.50847450159203,-24.263197407884636,43.81618159390246
60300,0.06,0,0.42068722055169294,0.631578947368421,0.7389903329752954,0.52,0,0,0,50.509238217826145,-24.263724669915923,43.814669797788596
60400,0.06,0,0.42075221754707404,0.631578947368421,0.7366917293233083,0.54,0,0,0,50.50852304884477,-24.26233661004097,43.8085216840386
60500,0.06,0,0.4207945710490047,0.631578947368421,0.7314500537056928,0.48,0,0,0,50.507870961150196,-24.261368742655115,43.804677839369674
60600,0.06,0,0.4208386730655319,0.631578947368421,0.7307411385606875,0.57,0,0,0,50.50523235174346,-24.261459199406843,43.802375608389646
60700,0.06,0,0.4208397233024692,0.631578947368421,0.7338238453276047,0.62,0,0,0,50.506176297004856,-24.26364667909459,43.80144764509474
60800,0.06,0,0.42094252200691024,0.631578947368421,0.7227926960257788,0.6,0,0,0,50.500356838813616,-24.26408914310178,43.795797129268216
60900,0.06,0,0.42094104309988717,0.631578947368421,0.7279806659505907,0.44,0,0,0,50.497921776322606,-24.263503493462977,43.798062885053454
61000,0.06,0,0.4209611007244582,0.631578947368421,0.7306337271750806,0.49,0,0,0,50.496002394391226,-24.26269828614357,43.79764073938003
61100,0.06,0,0.4209881312331742,0.631578947368421,0.7325349087003222,0.49,0,0,0,50.49266087244857,-24.261857971482673,43.797726881712045
61200,0.06,0,0.4210147565172524,0.631578947368421,0.7329001074113856,0.48,0,0,0,50.49075827494061,-24.263735012053125,43.796607366820766
61300,0.06,0,0.42105673714783354,0.631578947368421,0.7260902255639098,0.63,0,0,0,50.48790524983604,-24.263848870210577,43.794715371819606
61400,0.06,0,0.4210376940568022,0.631578947368421,0.7353920515574651,0.58,0,0,0,50.49270257002619,-24.264408306775227,43.79253502913468
61500,0.06,0,0.42096084116003524,0.631578947368421,0.7340279269602578,0.63,0,0,0,50.50207370647834,-24.26367784796961,43.7924024303317
61600,0.06,0,0.4209652488371666,0.631578947368421,0.7354457572502685,0.63,0,0,0,50.49771014796285,-24.26492445505923,43.79572801252326
61700,0.06,0,0.4209468830493038,0.631578947368421,0.7414178302900107,0.49,0,0,0,50.49997230925199,-24.26456240374804,43.795676878903095
61800,0.06,0,0.42094947245549924,0.631578947368421,0.7316541353383459,0.51,0,0,0,50.502460003203765,-24.265077699377994,43.79325016436118
61900,0.06,0,0.4209324650001402,0.631578947368421,0.7343609022556391,0.62,0,0,0,50.50159580613977,-24.265173309109983,43.79576902955423
62000,0.06,0,0.42087516223215593,0.631578947368421,0.7344253490870032,0.53,0,0,0,50.50358922924174,-24.266304931939832,43.80000299283625
62100,0.06,0,0.4208544442686255,0.631578947368421,0.735499462943072,0.5,0,0,0,50.501482192749435,-24.266361752633706,43.80398671957969
62200,0.06,0,0.42075851070321996,0.631578947368421,0.7352524167561761,0.55,0,0,0,50.51127502325777,-24.265261560186694,43.805479696631544
62300,0.06,0,0.42082952778621785,0.631578947368421,0.7367776584317938,0.52,0,0,0,50.50536132568625,-24.265385535200217,43.8032156428788
62400,0.06,0,0.4208492232848906,0.631578947368421,0.7326745435016112,0.67,0,0,0,50.50816324826888,-24.266520434510536,43.79873582363206
62500,0.06,0,0.42088442668573617,0.631578947368421,0.7327282491944146,0.58,0,0,0,50.505854458431436,-24.267401056175007,43.797074449849454
62600,0.06,0,0.4208975490627674,0.631578947368421,0.7329860365198712,0.6,0,0,0,50.50164046203658,-24.26768847405965,43.799363417771865
62700,0.06,0,0.42088611404698784,0.631578947368421,0.7369924812030075,0.62,0,0,0,50.5120368823042,-24.267359594059158,43.79153834023848
62800,0.06,0,0.4208929118267871,0.631578947368421,0.7376154672395274,0.43,0,0,0,50.518010974726906,-24.265729711353156,43.785652511074495
62900,0.06,0,0.4208757658901462,0.631578947368421,0.732921589688507,0.62,0,0,0,50.52023425104273,-24.266206733638732,43.78550930040257
63000,0.06,0,0.42088965474396317,0.631578947368421,0.7314607948442535,0.52,0,0,0,50.51614497807578,-24.267543485983577,43.78760874335129
63100,0.06,0,0.4208639141858408,0.631578947368421,0.735220193340494,0.66,0,0,0,50.50894512626209,-24.2661503912211,43.79652898117728
63200,0.06,0,0.4208936100859249,0.631578947368421,0.7342105263157894,0.47,0,0,0,50.509119893204485,-24.266829060702463,43.79328741297082
63300,0.06,0,0.42087397017008743,0.631578947368421,0.7283136412459721,0.57,0,0,0,50.506280071571105,-24.26540215033875,43.797793493681965
63400,0.06,0,0.42089478834488453,0.631578947368421,0.725531686358754,0.53,0,0,0,50.50729640538221,-24.264165455388387,43.794745901893826
63500,0.06,0,0.420898348418894,0.631578947368421,0.7276154672395274,0.5,0,0,0,50.50588677499192,-24.26417942153052,43.79559778452227
63600,0.06,0,0.42089084939377785,0.631578947368421,0.7281310418904404,0.53,0,0,0,50.50596807561807,-24.264652537382908,43.79630759198155
63700,0.06,0,0.4208736290042153,0.631578947368421,0.7343071965628356,0.56,0,0,0,50.507237049319514,-24.262826946627683,43.79699914444867
63800,0.06,0,0.42084801751553585,0.631578947368421,0.7397851772287862,0.61,0,0,0,50.51155320334531,-24.263412173380516,43.79592186140448
63900,0.06,0,0.4207814143003406,0.631578947368421,0.7423845327604726,0.59,0,0,0,50.51738832583718,-24.264349207669333,43.79779453571484
64000,0.06,0,0.42081245305992654,0.631578947368421,0.7255102040816327,0.67,0,0,0,50.5179714752361,-24.26539329291914,43.79405851019715
64100,0.06,0,0.42077431120664016,0.631578947368421,0.732749731471536,0.49,0,0,0,50.513969819611475,-24.26625689392902,43.8014979291962
64200,0.06,0,0.42072071653782145,0.631578947368421,0.7347261009667024,0.56,0,0,0,50.51525486012411,-24.266021346794847,43.80596331035503
64300,0.06,0,0.4205978918588577,0.631578947368421,0.7364232008592911,0.6,0,0,0,50.523616798028854,-24.268714469084642,43.81150345667968
64400,0.06,0,0.4206782338812199,0.631578947368421,0.7326638023630505,0.57,0,0,0,50.51680037787361,-24.270288725662983,43.80904676315261
64500,0.06,0,0.42074006309046647,0.631578947368421,0.7402255639097745,0.63,0,0,0,50.51603129784143,-24.27023716811823,43.80327574372837
64600,0.06,0,0.420751987850845,0.631578947368421,0.7373576799140709,0.47,0,0,0,50.515085792788604,-24.2697853375769,43.80285414630568
64700,0.06,0,0.4208569029898804,0.631578947368421,0.7350590762620838,0.46,0,0,0,50.50904986865804,-24.26755750233265,43.797167778289385
64800,0.06,0,0.4208653587193096,0.631578947368421,0.7322448979591837,0.52,0,0,0,50.51075388788885,-24.269690106718013,43.794810334997734
64900,0.06,0,0.4209484074284226,0.631578947368421,0.7355209452201933,0.56,0,0,0,50.50489553202773,-24.270130872312716,43.791249089815906
65000,0.06,0,0.42099227391033855,0.631578947368421,0.7341353383458646,0.59,0,0,0,50.50112816764302,-24.270451883458318,43.78995260627149
65100,0.06,0,0.4210641720081373,0.631578947368421,0.7288936627282492,0.59,0,0,0,50.50074712841304,-24.27126233300648,43.78280567565532
65200,0.06,0,0.42107482333927837,0.631578947368421,0.7298925886143931,0.47,0,0,0,50.50265955026898,-24.273050357300583,43.78004025006747
65300,0.06,0,0.4210269119885613,0.631578947368421,0.7285606874328678,0.67,0,0,0,50.51446176991604,-24.27077152931932,43.77479231080853
65400,0.06,0,0.42104373111789273,0.631578947368421,0.7319011815252416,0.51,0,0,0,50.5123990327262,-24.270094003852815,43.77483119800618
65500,0.06,0,0.4210651321152361,0.631578947368421,0.734983888292159,0.54,0,0,0,50.499403757762565,-24.269827234141136,43.78387053766527
65600,0.06,0,0.42101360981201774,0.631578947368421,0.7326530612244898,0.53,0,0,0,50.50965525745705,-24.26937932656857,43.78034115421981
65700,0.06,0,0.42101096051048914,0.631578947368421,0.7324274973147153,0.61,0,0,0,50.50874784941063,-24.26803076889115,43.78140318610129
65800,0.06,0,0.42099853611293614,0.631578947368421,0.7348335123523093,0.57,0,0,0,50.51551877654199,-24.26873841288622,43.77682676877871
65900,0.06,0,0.42102085908125286,0.631578947368421,0.7289258861439313,0.5,0,0,0,50.51887309592125,-24.269771464563686,43.77159916418261
66000,0.06,0,0.42102220052359585,0.631578947368421,0.7331149301825993,0.56,0,0,0,50.52715818540891,-24.26825235180971,43.764282363676614
66100,0.06,0,0.4209792294681982,0.631578947368421,0.7326423200859291,0.43,0,0,0,50.52501306380091,-24.26997933363188,43.770607834724714
66200,0.06,0,0.4210074051400352,0.631578947368421,0.7337056928034371,0.48,0,0,0,50.517919049242494,-24.26897399459068,43.773824619907884
66300,0.06,0,0.4210234811116265,0.631578947368421,0.7336305048335123,0.5,0,0,0,50.51776077215226,-24.269313243310908,43.77229034307545
66400,0.06,0,0.42101555223387127,0.631578947368421,0.7342212674543501,0.58,0,0,0,50.51353083475795,-24.267095535310144,43.776780199087035
66500,0.06,0,0.4210466424283321,0.631578947368421,0.7361009667024705,0.61,0,0,0,50.517618841416414,-24.267465827367754,43.770005449883506
66600,0.06,0,0.4211507215131176,0.631578947368421,0.7382062298603652,0.64,0,0,0,50.504755272956174,-24.268038596783775,43.7703340289623
66700,0.06,0,0.4211335326259432,0.631578947368421,0.7331149301825993,0.55,0,0,0,50.504724012309694,-24.267951005891316,43.77214764201873
66800,0.06,0,0.4211098478769986,0.631578947368421,0.7288936627282492,0.41,0,0,0,50.50787764695512,-24.267996920009818,43.77187632707035
66900,0.06,0,0.4210727872233535,0.631578947368421,0.7371750805585392,0.61,0,0,0,50.51853681891253,-24.26743318317539,43.76649243029709
67000,0.06,0,0.42107014201963167,0.631578947368421,0.722373791621912,0.53,0,0,0,50.527500890286056,-24.267242432104858,43.75900272435225
67100,0.06,0,0.4211409445012476,0.631578947368421,0.7252738990332975,0.61,0,0,0,50.52521628947123,-24.266407380255494,43.753624253173705
67200,0.06,0,0.4209888155705757,0.631578947368421,0.7354887218045113,0.62,0,0,0,50.53700489385819,-24.264443666504825,43.75922515050595
67300,0.06,0,0.4210457100247352,0.631578947368421,0.7361654135338346,0.67,0,0,0,50.52879346576971,-24.264171954880833,43.760422462821204
67400,0.06,0,0.4211169166309828,0.631578947368421,0.7301288936627283,0.54,0,0,0,50.5303418102871,-24.26562869216573,43.75168234376502
67500,0.06,0,0.42106039942644613,0.631578947368421,0.7325241675617615,0.62,0,0,0,50.52974035427462,-24.265406627860926,43.7580757986464
67600,0.06,0,0.42100271383494337,0.631578947368421,0.7296992481203007,0.67,0,0,0,50.524812867584515,-24.267268537097834,43.76833964748994
67700,0.06,0,0.42101357848852167,0.631578947368421,0.7268528464017185,0.56,0,0,0,50.52206939303734,-24.268112670925458,43.769586832910946
67800,0.06,0,0.4211036957412875,0.631578947368421,0.7331578947368421,0.55,0,0,0,50.511425905249844,-24.268430559338515,43.76944094205051
67900,0.06,0,0.4210581949453262,0.631578947368421,0.736015037593985,0.54,0,0,0,50.51388948341497,-24.269366980457853,43.77203591752879
68000,0.06,0,0.4210953154162993,0.631578947368421,0.7400322234156821,0.53,0,0,0,50.51006937601572,-24.270558583195566,43.77148753102758
68100,0.06,0,0.421113665635097,0.631578947368421,0.7382169709989259,0.52,0,0,0,50.508048935346764,-24.27221538348171,43.771331054704945
68200,0.06,0,0.4212060360603435,0.631578947368421,0.7374328678839958,0.58,0,0,0,50.504231194025955,-24.270459483310606,43.76504006680105
68300,0.06,0,0.42115294556568417,0.631578947368421,0.7358539205155746,0.59,0,0,0,50.51782792704802,-24.271884459508332,43.75877635918537
68400,0.06,0,0.4212273916074204,0.631578947368421,0.7342320085929108,0.57,0,0,0,50.51673577674768,-24.27175295262434,43.7519884872485
68500,0.06,0,0.42121433488377713,0.631578947368421,0.7364017185821697,0.6,0,0,0,50.51083833488013,-24.27184693680376,43.758453167405094
68600,0.06,0,0.4212122400422804,0.631578947368421,0.7357894736842105,0.54,0,0,0,50.51201130634049,-24.27203148236184,43.75765464623432
68700,0.06,0,0.4212993572139871,0.631578947368421,0.7358539205155746,0.48,0,0,0,50.50756009929582,-24.272529363739455,43.752461889595835
68800,0.06,0,0.4212615425065302,0.631578947368421,0.7255209452201934,0.51,0,0,0,50.5154314668721,-24.272098111791085,43.749571179948525
68900,0.06,0,0.4211718248452943,0.631578947368421,0.7343071965628356,0.63,0,0,0,50.52255660008136,-24.270428620440374,43.75271941428214
69000,0.06,0,0.42125051212180353,0.631578947368421,0.7329860365198712,0.63,0,0,0,50.51634676600394,-24.270303201174908,43.74992404268579
69100,0.06,0,0.42124428121873886,0.631578947368421,0.7268206229860366,0.6,0,0,0,50.512638433740285,-24.269707946802,43.75378307898132
69200,0.06,0,0.4212722872600023,0.631578947368421,0.7350483351235231,0.52,0,0,0,50.50965939304133,-24.269534228373868,43.75345475216434
69300,0.06,0,0.4212594705256727,0.631578947368421,0.7362298603651987,0.6,0,0,0,50.51003144437925,-24.27029839372594,43.75446364924813
69400,0.06,0,0.42118921907902485,0.631578947368421,0.7360580021482277,0.59,0,0,0,50.5131670009708,-24.2690535309049,43.75904512140597
69500,0.06,0,0.4212067793237067,0.631578947368421,0.737733619763695,0.63,0,0,0,50.515409969567855,-24.268113769783632,43.75527789918132
69600,0.06,0,0.421239764625158,0.631578947368421,0.7334156820622986,0.44,0,0,0,50.515973692124646,-24.269308081891467,43.75136338976986
69700,0.06,0,0.4212598399013045,0.631578947368421,0.7345112781954887,0.55,0,0,0,50.51965554153408,-24.269076725091647,43.74608997674804
69800,0.06,0,0.4212172916582475,0.631578947368421,0.7381203007518797,0.4,0,0,0,50.522829727018916,-24.26806536027627,43.74776017938417
69900,0.06,0,0.4212483300973222,0.631578947368421,0.7304833512352309,0.62,0,0,0,50.5278604114904,-24.267301045415305,43.74018143565806
70000,0.06,0,0.42129958130441036,0.631578947368421,0.7258002148227712,0.56,0,0,0,50.525299197548826,-24.265249678710084,43.73707742582396
70100,0.06,0,0.4211790254609368,0.631578947368421,0.7292266380236305,0.48,0,0,0,50.53398429559947,-24.265978431622667,43.742077384215555
70200,0.06,0,0.4211572942704219,0.631578947368421,0.7344038668098819,0.48,0,0,0,50.53496085172155,-24.26479693126074,43.74348908922511
70300,0.06,0,0.42105836231800087,0.631578947368421,0.7292158968850698,0.61,0,0,0,50.550721250209804,-24.26496061398865,43.740125782517765
70400,0.06,0,0.42108731239230474,0.631578947368421,0.7299570354457573,0.52,0,0,0,50.55293196279614,-24.26668314510074,43.73520596282993
70500,0.06,0,0.4210827321052533,0.631578947368421,0.7304403866809882,0.43,0,0,0,50.555921379337256,-24.268092399510934,43.7330955586305
70600,0.06,0,0.4210489549920353,0.631578947368421,0.7313319011815252,0.59,0,0,0,50.56647527665202,-24.267148506666967,43.72747547421946
70700,0.06,0,0.42100151836414446,0.631578947368421,0.7280558539205155,0.6,0,0,0,50.56809204778371,-24.266339477180242,43.73100427741733
70800,0.06,0,0.4210025260692982,0.631578947368421,0.7352416756176154,0.61,0,0,0,50.57133529590871,-24.26576347719875,43.72809504723735
70900,0.06,0,0.4210739205518526,0.631578947368421,0.7280128893662728,0.55,0,0,0,50.56854224556824,-24.26588042370249,43.72309562607761
71000,0.06,0,0.4210104623557229,0.631578947368421,0.7360580021482277,0.56,0,0,0,50.57400596767139,-24.265906325602398,43.72496163296929
71100,0.06,0,0.4209726471083615,0.631578947368421,0.7372610096670247,0.56,0,0,0,50.57809824418701,-24.268458298351703,43.72535126423927
71200,0.06,0,0.4209345952657374,0.631578947368421,0.739484425349087,0.56,0,0,0,50.577202875098244,-24.26765175268878,43.73007810963219
71300,0.06,0,0.4208746960787558,0.631578947368421,0.7317830290010741,0.53,0,0,0,50.585549340001016,-24.267452951386225,43.72908544607464
71400,0.06,0,0.4209649690237246,0.631578947368421,0.7382706766917293,0.59,0,0,0,50.57148303486561,-24.266365208560167,43.73186855920725
71500,0.06,0,0.4209377135680522,0.631578947368421,0.7319978517722878,0.65,0,0,0,50.56746855355588,-24.265109273445184,43.73817220784043
71600,0.06,0,0.4209497055428507,0.631578947368421,0.7345864661654136,0.66,0,0,0,50.56783273233189,-24.265827329493522,43.7366112149496
71700,0.06,0,0.4210057166896281,0.631578947368421,0.733952738990333,0.6,0,0,0,50.56995833272595,-24.26748458300193,43.728954308812604
71800,0.06,0,0.42098845190935924,0.631578947368421,0.7406444683136413,0.57,0,0,0,50.565332033252126,-24.268345663122677,43.734748630690866
71900,0.06,0,0.4210951034051954,0.631578947368421,0.7301611170784104,0.61,0,0,0,50.55946348459407,-24.2690345898317,43.72874695737039
72000,0.06,0,0.42112661886081265,0.631578947368421,0.7367132116004297,0.49,0,0,0,50.55580058718131,-24.26857523826193,43.72864249314218
72100,0.06,0,0.4211942704528704,0.631578947368421,0.732921589688507,0.59,0,0,0,50.54709026338087,-24.270525470191437,43.729153016089015
72200,0.06,0,0.4211069369489889,0.631578947368421,0.7347690655209452,0.58,0,0,0,50.54839559156264,-24.268481967972495,43.73709255249502
72300,0.06,0,0.4210388994809873,0.631578947368421,0.738968850698174,0.43,0,0,0,50.5560452044924,-24.268296776552017,43.73754130584334
72400,0.06,0,0.4209635689264076,0.631578947368421,0.7345112781954887,0.52,0,0,0,50.56165866160491,-24.268661954553842,43.740511349027436
72500,0.06,0,0.4209046858595277,0.631578947368421,0.7332223415682062,0.52,0,0,0,50.573171468444876,-24.26870893844265,43.73667172232729
72600,0.06,0,0.42084496350580386,0.631578947368421,0.7332438238453276,0.55,0,0,0,50.582358694207024,-24.269874514453445,43.73493344141186
72700,0.06,0,0.4208608309591138,0.631578947368421,0.7406122448979592,0.52,0,0,0,50.58369005876454,-24.269097746938865,43.73213346886963
72800,0.06,0,0.4208485559593762,0.631578947368421,0.7376906552094522,0.55,0,0,0,50.58114298841264,-24.267974811095716,43.73561126043225
72900,0.06,0,0.4208537757113705,0.631578947368421,0.7385606874328678,0.49,0,0,0,50.57347080628924,-24.26725291477207,43.74170358907617
73000,0.06,0,0.42083289354693204,0.631578947368421,0.7344253490870032,0.61,0,0,0,50.57819335591899,-24.26880239608544,43.73978967712248
73100,0.06,0,0.4209561339883168,0.631578947368421,0.7330612244897959,0.54,0,0,0,50.57452146856027,-24.269597940711257,43.73015901094732
73200,0.06,0,0.42092831955252286,0.631578947368421,0.7316541353383459,0.62,0,0,0,50.57230476948105,-24.270562322169337,43.734965566060595
73300,0.06,0,0.4209346721084601,0.631578947368421,0.7342857142857143,0.56,0,0,0,50.56613736228774,-24.272776012821343,43.73963968591467
73400,0.06,0,0.42099167378421043,0.631578947368421,0.7318045112781955,0.53,0,0,0,50.56595057009545,-24.2724579785281,43.73387895442576
73500,0.06,0,0.4209560594829245,0.631578947368421,0.7342857142857143,0.52,0,0,0,50.57023234024529,-24.272119157751817,43.73387573703797
73600,0.06,0,0.42097554310122515,0.631578947368421,0.7312459720730398,0.38,0,0,0,50.56796143725978,-24.27229978247908,43.733815550245986
73700,0.06,0,0.42099324131626314,0.631578947368421,0.7337271750805585,0.72,0,0,0,50.56923329347397,-24.27183784615675,43.73087712223519
73800,0.06,0,0.4210297708250544,0.631578947368421,0.7251020408163266,0.55,0,0,0,50.565174467719515,-24.270861086530378,43.73059286867842
73900,0.06,0,0.4210393824850268,0.631578947368421,0.7302685284640171,0.52,0,0,0,50.56306689089858,-24.272471892800798,43.731417311813885
74000,0.06,0,0.42105126732765646,0.631578947368421,0.7291084854994629,0.53,0,0,0,50.56174196366368,-24.27256700836159,43.73132883497805
74100,0.06,0,0.42104255823426906,0.631578947368421,0.7304833512352309,0.66,0,0,0,50.566761107074264,-24.27176547691226,43.72789263615424
74200,0.06,0,0.42101696008742484,0.631578947368421,0.7381632653061224,0.53,0,0,0,50.56424212806846,-24.272533850634535,43.73272986711994
74300,0.06,0,0.4210627446901771,0.631578947368421,0.7359720730397422,0.63,0,0,0,50.561688476530485,-24.272701732284737,43.7301830631773
74400,0.06,0,0.4209900740947764,0.631578947368421,0.7241890440386681,0.51,0,0,0,50.568059737862235,-24.272705472012476,43.73222101106599
74500,0.06,0,0.4209932036851249,0.631578947368421,0.7323952738990333,0.48,0,0,0,50.57108957803601,-24.27273625911888,43.72927582631689
74600,0.06,0,0.42095646644764595,0.631578947368421,0.740827067669173,0.53,0,0,0,50.57231655460837,-24.270931674310326,43.73203107378393
74700,0.06,0,0.4209587241911086,0.631578947368421,0.7343394199785177,0.52,0,0,0,50.57223202279257,-24.271011112906177,43.73186962215079
74800,0.06,0,0.42101372044757934,0.631578947368421,0.7309881847475832,0.59,0,0,0,50.57174738903863,-24.27171444854468,43.72657603939637
74900,0.06,0,0.4210275006841546,0.631578947368421,0.7316970998925886,0.52,0,0,0,50.5662013185054,-24.27378630213491,43.729940615468045
75000,0.06,0,0.42096003665398485,0.631578947368421,0.7330397422126745,0.46,0,0,0,50.56824869683247,-24.272006700845385,43.735178080436256
75100,0.06,0,0.4209454891976921,0.631578947368421,0.7323415682062299,0.52,0,0,0,50.56954971613234,-24.272321389445786,43.735564296496065
75200,0.06,0,0.4209701160109395,0.631578947368421,0.7387432867883996,0.56,0,0,0,50.56710371031693,-24.27514524697443,43.735121189959564
75300,0.06,0,0.4210285876119572,0.631578947368421,0.7392803437164339,0.65,0,0,0,50.56546096253526,-24.27536027503023,43.73046799401803
75400,0.06,0,0.42099592657070445,0.631578947368421,0.7287862513426423,0.52,0,0,0,50.571441732375426,-24.275547005278316,43.72868849048406
75500,0.06,0,0.4210352033218232,0.631578947368421,0.7388829215896885,0.6,0,0,0,50.56429255300918,-24.27600783509636,43.730791340570306
75600,0.06,0,0.4209955677869251,0.631578947368421,0.736186895810956,0.64,0,0,0,50.56457609829566,-24.27665637241169,43.73466322282551
75700,0.06,0,0.42098839521343795,0.631578947368421,0.7372717508055854,0.61,0,0,0,50.559056786199385,-24.27751026287885,43.74018275456379
75800,0.06,0,0.4210629527772458,0.631578947368421,0.7411707841031149,0.6,0,0,0,50.5497802628545,-24.27596278119956,43.74046314078299
75900,0.06,0,0.4210433473900625,0.631578947368421,0.7391299677765844,0.58,0,0,0,50.54743266251373,-24.274628157617233,43.74453141924841
76000,0.06,0,0.4209202994836319,0.631578947368421,0.7436197636949516,0.58,0,0,0,50.559792500174524,-24.27449375156221,43.7466223804285
76100,0.06,0,0.4208869356654007,0.631578947368421,0.7390010741138561,0.64,0,0,0,50.56270002270013,-24.27615523086795,43.74757441178313
76200,0.06,0,0.4209606599157894,0.631578947368421,0.7339849624060151,0.61,0,0,0,50.550205640663435,-24.275520486685014,43.75072384961468
76300,0.06,0,0.4209215774373571,0.631578947368421,0.7355961331901182,0.53,0,0,0,50.54656413562316,-24.275800596508542,43.7579383027734
76400,0.06,0,0.42103163044435316,0.631578947368421,0.7395918367346939,0.52,0,0,0,50.535375465085295,-24.274509313266968,43.75618605715948
76500,0.06,0,0.4210729567451468,0.631578947368421,0.7300429645542428,0.65,0,0,0,50.531768698053746,-24.276626280681075,43.7550144413391
76600,0.06,0,0.4210124883354785,0.631578947368421,0.7333082706766917,0.49,0,0,0,50.53157821921652,-24.276991165831216,43.76146376458201
76700,0.06,0,0.42112218639968124,0.631578947368421,0.7328678839957036,0.49,0,0,0,50.523408035543504,-24.276960692677218,43.75713920696335
76800,0.06,0,0.42110822209574916,0.631578947368421,0.7307841031149301,0.61,0,0,0,50.51957800595499,-24.279625361462312,43.761907690935544
76900,0.06,0,0.4210503435290063,0.631578947368421,0.7320193340494092,0.42,0,0,0,50.518088043416164,-24.2794761861665,43.769214180879416
77000,0.06,0,0.4210501903578458,0.631578947368421,0.7333727175080559,0.51,0,0,0,50.514436293647115,-24.279669175243143,43.77239423404799
77100,0.06,0,0.4210365543781905,0.631578947368421,0.7355639097744361,0.52,0,0,0,50.50633711760661,-24.28106581319875,43.78083142791966
77200,0.06,0,0.42104726046421737,0.631578947368421,0.7382169709989259,0.61,0,0,0,50.502427822228746,-24.28244261034228,43.78310710393123
77300,0.06,0,0.4211709271795463,0.631578947368421,0.7388292158968851,0.51,0,0,0,50.49509199202214,-24.282874468320422,43.77661010556399
77400,0.06,0,0.42125394735784866,0.631578947368421,0.7317078410311493,0.68,0,0,0,50.49606862655854,-24.28182827850362,43.7671361604146
77500,0.06,0,0.42132818988447324,0.631578947368421,0.7249731471535983,0.57,0,0,0,50.49744034100698,-24.281029043358988,43.75823524090637
77600,0.06,0,0.4214264099180372,0.631578947368421,0.7263802363050483,0.54,0,0,0,50.4934528433692,-24.280154015156146,43.75149150613637
77700,0.06,0,0.4213476072406801,0.631578947368421,0.7210633727175081,0.59,0,0,0,50.50018897082365,-24.279426731225172,43.7538371209263
77800,0.06,0,0.42136175080828886,0.631578947368421,0.7221911922663803,0.54,0,0,0,50.501842828093416,-24.279587077077686,43.75093564276742
77900,0.06,0,0.4213788588461049,0.631578947368421,0.7329645542427498,0.53,0,0,0,50.49914903505267,-24.27901444993391,43.75149307502817
78000,0.06,0,0.4213122441616,0.631578947368421,0.73,0.57,0,0,0,50.50063368623385,-24.279344275477705,43.75712428919235
78100,0.06,0,0.4213211504271877,0.631578947368421,0.7319978517722878,0.55,0,0,0,50.50108619907444,-24.280474262856274,43.755807236158155
78200,0.06,0,0.4213205807873573,0.631578947368421,0.7331041890440386,0.54,0,0,0,50.508506805870454,-24.28155505972371,43.749437872865066
78300,0.06,0,0.4213697323783453,0.631578947368421,0.73828141783029,0.56,0,0,0,50.50574456388628,-24.28225766876764,43.7467270737018
78400,0.06,0,0.42136422937205065,0.631578947368421,0.7293555316863588,0.54,0,0,0,50.51041675652989,-24.28368649160882,43.74325179786765
78500,0.06,0,0.42133941638665445,0.631578947368421,0.7330290010741138,0.46,0,0,0,50.51250765812261,-24.283281598863525,43.74401706644472
78600,0.06,0,0.4214079701281223,0.631578947368421,0.7339312567132116,0.55,0,0,0,50.5123235162079,-24.284262446832482,43.737060326124194
78700,0.06,0,0.4214158340474372,0.631578947368421,0.7364232008592911,0.54,0,0,0,50.508279058296104,-24.28227792128536,43.73974634767449
78800,0.06,0,0.42138709262592483,0.631578947368421,0.7315359828141783,0.37,0,0,0,50.506929579539225,-24.282371368816673,43.74389843950495
78900,0.06,0,0.42141883511671346,0.631578947368421,0.7361654135338346,0.6,0,0,0,50.50652480670775,-24.28128589564216,43.74095407093247
79000,0.06,0,0.4214343849950521,0.631578947368421,0.7378839957035446,0.51,0,0,0,50.504351790364254,-24.282387603006693,43.74122208155113
79100,0.06,0,0.42141534095484046,0.631578947368421,0.7294629430719656,0.55,0,0,0,50.50580819949803,-24.28276004427253,43.74193737717691
79200,0.06,0,0.4214637262401742,0.631578947368421,0.7292588614393126,0.62,0,0,0,50.501887429223665,-24.28387222047989,43.74031123723727
79300,0.06,0,0.4214216200800761,0.631578947368421,0.7286466165413534,0.6,0,0,0,50.509077695082404,-24.2822376967735,43.73845421757213
79400,0.06,0,0.42144299088854226,0.631578947368421,0.7387540279269602,0.49,0,0,0,50.50545681429023,-24.282942086515177,43.7393718752521
79500,0.06,0,0.42155250527112115,0.631578947368421,0.7288077336197637,0.55,0,0,0,50.4966582215344,-24.280878153314433,43.73562811682261
79600,0.06,0,0.4215415669889617,0.631578947368421,0.720343716433942,0.57,0,0,0,50.50276583160586,-24.281645030963123,43.73147362578014
79700,0.06,0,0.4214684984048469,0.631578947368421,0.7238668098818475,0.46,0,0,0,50.5082076703523,-24.281717710078826,43.73434268617656
79800,0.06,0,0.4213931627520962,0.631578947368421,0.7244253490870032,0.62,0,0,0,50.516714848833665,-24.281303648751393,43.734795084695804
79900,0.06,0,0.42136786967328893,0.631578947368421,0.7340816326530613,0.53,0,0,0,50.51646922295977,-24.281741074972683,43.737632978957386
80000,0.06,0,0.42130240586070683,0.631578947368421,0.7283673469387755,0.44,0,0,0,50.51760324635069,-24.282566646471267,43.74344714527326
80100,0.06,0,0.42120930225079123,0.631578947368421,0.7311600429645543,0.6,0,0,0,50.533324003288044,-24.280605743759434,43.739504689739015
80200,0.06,0,0.42116514361011825,0.631578947368421,0.7363050483351236,0.46,0,0,0,50.53725162968365,-24.280647906131417,43.740691043077376
80300,0.06,0,0.42106434858797936,0.631578947368421,0.7317400644468314,0.52,0,0,0,50.53619096480328,-24.27937989482255,43.75208001518395
80400,0.06,0,0.42100184221051573,0.631578947368421,0.7284747583243824,0.52,0,0,0,50.53625922077399,-24.279532439032685,43.75851680901306
80500,0.06,0,0.42097257303756874,0.631578947368421,0.7274973147153598,0.54,0,0,0,50.54585276395054,-24.28007360157766,43.75325333726364
80600,0.06,0,0.42099672942192906,0.631578947368421,0.7427389903329753,0.54,0,0,0,50.54091146435625,-24.280656980361602,43.755020254255385
80700,0.06,0,0.4209272189017093,0.631578947368421,0.7440816326530613,0.55,0,0,0,50.539587219288926,-24.27980800158701,43.76339247695312
80800,0.06,0,0.42093730828290987,0.631578947368421,0.7367132116004297,0.46,0,0,0,50.53648506140501,-24.27834779818503,43.76502984942753
80900,0.06,0,0.4209267409594758,0.631578947368421,0.7366917293233083,0.59,0,0,0,50.53369932377533,-24.278717146369342,43.7685412323517
81000,0.06,0,0.4209832455635742,0.631578947368421,0.7346294307196563,0.43,0,0,0,50.52309789986918,-24.280116835986945,43.771849455427386
81100,0.06,0,0.42098768708826256,0.631578947368421,0.7361224489795918,0.54,0,0,0,50.521410374931484,-24.28069384206064,43.77284971104551
81200,0.06,0,0.42098273574205275,0.631578947368421,0.7341783029001074,0.48,0,0,0,50.521099513091286,-24.281538119339608,43.77363388331605
81300,0.06,0,0.4210271067693516,0.631578947368421,0.7299355531686359,0.61,0,0,0,50.521616595340525,-24.282629598818765,43.76857271573702
81400,0.06,0,0.42103030523843993,0.631578947368421,0.7409559613319012,0.49,0,0,0,50.522582237612,-24.28317939686909,43.76740367011575
81500,0.06,0,0.42102371784670173,0.631578947368421,0.7349301825993555,0.58,0,0,0,50.52535338325448,-24.2838641653308,43.76568792819853
81600,0.06,0,0.4210069427812543,0.631578947368421,0.7355102040816327,0.59,0,0,0,50.52884970100938,-24.283636481043207,43.764403311667756
81700,0.06,0,0.4209140492998977,0.631578947368421,0.7374973147153598,0.54,0,0,0,50.53773400428726,-24.284235936961768,43.76636660105717
81800,0.06,0,0.4208932882608807,0.631578947368421,0.7321482277121375,0.52,0,0,0,50.54110337989629,-24.281418857385347,43.76560755214588
81900,0.06,0,0.42093896711680945,0.631578947368421,0.7339634801288937,0.55,0,0,0,50.53614945038812,-24.28061442945055,43.76514802325172
82000,0.06,0,0.4208762692278415,0.631578947368421,0.7404833512352309,0.56,0,0,0,50.53158038332045,-24.2828426718133,43.77562554782612
82100,0.06,0,0.42090548487589496,0.631578947368421,0.7370461868958109,0.58,0,0,0,50.5266613694505,-24.282490223966434,43.776848491624335
82200,0.06,0,0.4209521766395291,0.631578947368421,0.7284425349087004,0.56,0,0,0,50.51454560558206,-24.28059208086368,43.782491372358585
82300,0.06,0,0.42105915432700264,0.631578947368421,0.7310418904403867,0.53,0,0,0,50.50322451837947,-24.281685856400433,43.78117967545096
82400,0.06,0,0.4211316041761009,0.631578947368421,0.7321267454350161,0.5,0,0,0,50.49224998386661,-24.281183182491333,43.78316197143364
82500,0.06,0,0.42118310975978523,0.631578947368421,0.7306122448979592,0.49,0,0,0,50.48653900308771,-24.281224111876366,43.78275991860703
82600,0.06,0,0.4211852962537274,0.631578947368421,0.7286358754027927,0.56,0,0,0,50.488030444529336,-24.281233563108177,43.781239272002104
82700,0.06,0,0.42114811843727695,0.631578947368421,0.7325563909774436,0.61,0,0,0,50.49502574471277,-24.279055092056964,43.77903841640663
82800,0.06,0,0.42108870857503167,0.631578947368421,0.7321697099892589,0.64,0,0,0,50.49086209102005,-24.279926107145634,43.78882572295199
82900,0.06,0,0.42118610851929544,0.631578947368421,0.7268850698174006,0.51,0,0,0,50.48110174804169,-24.27851208431427,43.78716394587327
83000,0.06,0,0.421172296231721,0.631578947368421,0.7310096670247046,0.6,0,0,0,50.46899235200971,-24.277542176596718,43.7991064603101
83100,0.06,0,0.42110824409948744,0.631578947368421,0.7333082706766917,0.57,0,0,0,50.469832295602856,-24.278068562362986,43.80503943053197
83200,0.06,0,0.42106918531542264,0.631578947368421,0.7387218045112782,0.49,0,0,0,50.47067331291606,-24.27843252721736,43.80837281593951
83300,0.06,0,0.4210727629682417,0.631578947368421,0.7339205155746509,0.5,0,0,0,50.4622207851658,-24.278222626965245,43.815338529179904
83400,0.06,0,0.4211208226166403,0.631578947368421,0.735016111707841,0.59,0,0,0,50.46558573282606,-24.279287729705587,43.8074169946902
83500,0.06,0,0.42115724505320706,0.631578947368421,0.7306229860365199,0.47,0,0,0,50.47142794755917,-24.277205497939402,43.79855805289433
83600,0.06,0,0.4211155659280968,0.631578947368421,0.7359183673469388,0.55,0,0,0,50.47662418507522,-24.274260584215654,43.79838371257884
83700,0.06,0,0.4210268294356807,0.631578947368421,0.7288721804511278,0.52,0,0,0,50.47712540758419,-24.273869315017414,43.80717975495422
83800,0.06,0,0.4210573584755946,0.631578947368421,0.7291192266380236,0.6,0,0,0,50.46363227350255,-24.274178182829626,43.81571594701119
83900,0.06,0,0.42101632990609555,0.631578947368421,0.7314930182599355,0.56,0,0,0,50.46464175644276,-24.27490642506673,43.81910927870455
84000,0.06,0,0.42107183399516046,0.631578947368421,0.7349731471535983,0.56,0,0,0,50.4638198229415,-24.27493841378358,43.814046823402734
84100,0.06,0,0.4209573818714733,0.631578947368421,0.7335553168635875,0.57,0,0,0,50.47437702618579,-24.276720605544675,43.81679259615426
84200,0.06,0,0.42091016990856467,0.631578947368421,0.7298174006444683,0.56,0,0,0,50.472359211223086,-24.277484020001005,43.823459297538385
84300,0.06,0,0.42083129070020314,0.631578947368421,0.7351664876476907,0.58,0,0,0,50.48175895187823,-24.276690294040932,43.82351193020969
84400,0.06,0,0.4207902484102883,0.631578947368421,0.7408807733619763,0.57,0,0,0,50.48391433725075,-24.276837079273996,43.82591510454761
84500,0.06,0,0.4206906028290707,0.631578947368421,0.7242212674543501,0.56,0,0,0,50.490819772216554,-24.277121853160956,43.83030047331449
84600,0.06,0,0.4206742915669489,0.631578947368421,0.7364983888292159,0.61,0,0,0,50.49433596657788,-24.27737486504556,43.82894769346894
84700,0.06,0,0.4206990941659867,0.631578947368421,0.7307948442534908,0.58,0,0,0,50.49184831426542,-24.27694912105951,43.82852298286326
84800,0.06,0,0.42067036453738066,0.631578947368421,0.7307518796992482,0.57,0,0,0,50.48868505180589,-24.276369983122212,43.83426241775862
84900,0.06,0,0.4207001972687438,0.631578947368421,0.7280558539205155,0.52,0,0,0,50.488343048468025,-24.27644051309471,43.831450946640125
85000,0.06,0,0.4206642449371117,0.631578947368421,0.7332116004296455,0.51,0,0,0,50.49216539732584,-24.276418609847944,43.831878624657016
85100,0.06,0,0.42064233710306115,0.631578947368421,0.7398066595059076,0.63,0,0,0,50.489753509201584,-24.276534578918525,43.83625542175987
85200,0.06,0,0.42064390088614845,0.631578947368421,0.7424704618689582,0.59,0,0,0,50.49556090295988,-24.277560559219765,43.83105095480291
85300,0.06,0,0.4205291457772097,0.631578947368421,0.7408163265306122,0.54,0,0,0,50.50426646908134,-24.28003656410892,43.8354543418522
85400,0.06,0,0.42058589214531616,0.631578947368421,0.7403866809881847,0.53,0,0,0,50.50141310101601,-24.28194020581018,43.832016368696976
85500,0.06,0,0.42053370854775224,0.631578947368421,0.7413104189044039,0.54,0,0,0,50.50945169489845,-24.28279652419546,43.83047869501138
85600,0.06,0,0.42058144256515806,0.631578947368421,0.7359828141783029,0.54,0,0,0,50.497603519388385,-24.281450886281814,43.83578685267405
85700,0.06,0,0.42059817049126924,0.631578947368421,0.7398066595059076,0.58,0,0,0,50.494766895878975,-24.28166879779587,43.83650587345097
85800,0.06,0,0.42063175601790503,0.631578947368421,0.7328141783029001,0.51,0,0,0,50.49208148630386,-24.28139447097006,43.835336976640164
85900,0.06,0,0.42067104677861344,0.631578947368421,0.733813104189044,0.51,0,0,0,50.49235262603761,-24.281611418062724,43.831007377187824
86000,0.06,0,0.4206411449015102,0.631578947368421,0.7289795918367347,0.57,0,0,0,50.501250133068424,-24.2832774226663,43.826400300381934
86100,0.06,0,0.42073482580707056,0.631578947368421,0.7323845327604727,0.55,0,0,0,50.504822371856434,-24.28170611148679,43.8135427253416
86200,0.06,0,0.4206314822801284,0.631578947368421,0.7341783029001074,0.68,0,0,0,50.51307888760836,-24.28292526278336,43.81714391079587
86300,0.06,0,0.42068019385658406,0.631578947368421,0.735499462943072,0.52,0,0,0,50.50943587714607,-24.282555462145034,43.815230178450776
86400,0.06,0,0.4206739573601084,0.631578947368421,0.7367991407089152,0.64,0,0,0,50.50933493408803,-24.280435412127574,43.81596730593264
86500,0.06,0,0.4206736058411165,0.631578947368421,0.7358216970998925,0.52,0,0,0,50.50567056315385,-24.27907347473423,43.81918293016157
86600,0.06,0,0.4206736205109142,0.631578947368421,0.7360257787325456,0.54,0,0,0,50.50542002839429,-24.279711621000754,43.81939876941755
86700,0.06,0,0.420720828315336,0.631578947368421,0.7352309344790547,0.59,0,0,0,50.50108349592166,-24.278433023317664,43.81824428137792
86800,0.06,0,0.4207266165426299,0.631578947368421,0.7364983888292159,0.59,0,0,0,50.49956690119818,-24.279536948347207,43.81895736769239
86900,0.06,0,0.42063477217190715,0.631578947368421,0.7381632653061224,0.56,0,0,0,50.50359876540641,-24.27836778151388,43.825026137037426
87000,0.06,0,0.42068423937524824,0.631578947368421,0.7402363050483352,0.64,0,0,0,50.49451463860163,-24.279489849842985,43.827756199382485
87100,0.06,0,0.4207109426907024,0.631578947368421,0.7339634801288937,0.59,0,0,0,50.49709971727512,-24.28093113826742,43.82273085408016
87200,0.06,0,0.4206902614847327,0.631578947368421,0.735531686358754,0.53,0,0,0,50.49586913175253,-24.278372049186256,43.82595320058999
87300,0.06,0,0.4207375889385767,0.631578947368421,0.7316863587540279,0.45,0,0,0,50.49781973458938,-24.277850891776435,43.81933066124615
87400,0.06,0,0.42079586949744424,0.631578947368421,0.7343716433941998,0.45,0,0,0,50.49602664689906,-24.276872047009185,43.81481743566184
87500,0.06,0,0.4207440668130812,0.631578947368421,0.7355961331901182,0.55,0,0,0,50.49699198760604,-24.27643949177999,43.81937428419767
87600,0.06,0,0.42080687093286645,0.631578947368421,0.7332545649838883,0.57,0,0,0,50.49696148022651,-24.277950394421847,43.81286084776255
87700,0.06,0,0.42079861538479457,0.631578947368421,0.7356928034371644,0.56,0,0,0,50.49956439843446,-24.27866260148548,43.81146209465736
87800,0.06,0,0.4208159480776536,0.631578947368421,0.7362835660580022,0.6,0,0,0,50.49817318826015,-24.277993731597494,43.81086451857069
87900,0.06,0,0.4208258188242617,0.631578947368421,0.7309344790547798,0.52,0,0,0,50.4911254008257,-24.278190394347963,43.81595208784034
88000,0.06,0,0.42081965980417074,0.631578947368421,0.7349301825993555,0.64,0,0,0,50.494538825596564,-24.279033825861728,43.81363137161413
88100,0.06,0,0.42079934092940086,0.631578947368421,0.7362406015037594,0.46,0,0,0,50.49565637592785,-24.278123820038235,43.81477725988734
88200,0.06,0,0.4207687656831874,0.631578947368421,0.7413856068743286,0.55,0,0,0,50.48930892401649,-24.278328080813132,43.8234698079253
88300,0.06,0,0.4206932422638196,0.631578947368421,0.736186895810956,0.59,0,0,0,50.50226044176857,-24.27928629265,43.82009632514115
88400,0.06,0,0.420644147244206,0.631578947368421,0.7353705692803437,0.63,0,0,0,50.50504068835015,-24.278743625775295,43.82279821021474
88500,0.06,0,0.4206680964895697,0.631578947368421,0.7392158968850698,0.67,0,0,0,50.49690219205862,-24.278251961515277,43.827365755375986
88600,0.06,0,0.4207438135407146,0.631578947368421,0.7273039742212675,0.59,0,0,0,50.492618719361985,-24.27705902193338,43.82319594913277
88700,0.06,0,0.42071858219509284,0.631578947368421,0.7393340494092374,0.59,0,0,0,50.49170829942803,-24.277856641315477,43.82661434182212
88800,0.06,0,0.42076388422907285,0.631578947368421,0.7417722878625135,0.51,0,0,0,50.478146573855405,-24.27522523601646,43.83366912035316
88900,0.06,0,0.4206582909816787,0.631578947368421,0.7364232008592911,0.48,0,0,0,50.48297360671159,-24.274035714703565,43.84047990854761
89000,0.06,0,0.42057377285512065,0.631578947368421,0.7380665950590762,0.54,0,0,0,50.48547776991618,-24.273416324150936,43.847115054583426
89100,0.06,0,0.42064219956418586,0.631578947368421,0.7404833512352309,0.62,0,0,0,50.48017542312439,-24.27327318079356,43.84458722942103
89200,0.06,0,0.42072279724532763,0.631578947368421,0.7361439312567132,0.51,0,0,0,50.47625713227283,-24.27551702560827,43.83959078722713
89300,0.06,0,0.420755342863735,0.631578947368421,0.7360794844253491,0.51,0,0,0,50.46804583799295,-24.275437821704045,43.843332048913446
89400,0.06,0,0.42076118744173846,0.631578947368421,0.7406122448979592,0.55,0,0,0,50.46497866701558,-24.276782897622642,43.84538772580555
89500,0.06,0,0.42083556669763134,0.631578947368421,0.7332223415682062,0.52,0,0,0,50.4629177961894,-24.276627761367173,43.839428709915666
89600,0.06,0,0.42090120877055964,0.631578947368421,0.7323845327604727,0.62,0,0,0,50.45303534651167,-24.274565858035448,43.84117736289762
89700,0.06,0,0.4209091245732331,0.631578947368421,0.7297959183673469,0.54,0,0,0,50.44862325512432,-24.27406451415979,43.8441870174556
89800,0.06,0,0.4208850523654651,0.631578947368421,0.7316326530612245,0.62,0,0,0,50.45253742450745,-24.275187266074163,43.843292973102315
89900,0.06,0,0.4209733897222318,0.631578947368421,0.7310096670247046,0.58,0,0,0,50.452153915277904,-24.273685650856553,43.83442606759929
90000,0.06,0,0.42102944010638227,0.631578947368421,0.7252524167561761,0.58,0,0,0,50.45016646924437,-24.27264222498379,43.830317116253795
90100,0.06,0,0.4210197366357219,0.631578947368421,0.7314930182599355,0.49,0,0,0,50.44903931351439,-24.27022670467375,43.83230659714315
90200,0.06,0,0.420962338982,0.631578947368421,0.7293447905477981,0.48,0,0,0,50.45044606613453,-24.269446683042872,43.837060693647736
90300,0.06,0,0.42093867623368597,0.631578947368421,0.730515574650913,0.48,0,0,0,50.45600454138028,-24.26999124465996,43.83469538860607
90400,0.06,0,0.4209757073813364,0.631578947368421,0.7291836734693877,0.57,0,0,0,50.45277488347605,-24.269745780600246,43.833645232337055
90500,0.06,0,0.4210172862700851,0.631578947368421,0.7270139634801289,0.54,0,0,0,50.45457701376633,-24.26860247925123,43.82775081252615
90600,0.06,0,0.42115395841051384,0.631578947368421,0.7298925886143931,0.61,0,0,0,50.44628158024474,-24.266987845845456,43.820732645396355
90700,0.06,0,0.4212514602450462,0.631578947368421,0.7302255639097744,0.48,0,0,0,50.437501742746235,-24.266285706398335,43.818216272719674
90800,0.06,0,0.42120779535860675,0.631578947368421,0.7253168635875403,0.6,0,0,0,50.43966019279978,-24.268016729004593,43.82088343280729
90900,0.06,0,0.42121450206504996,0.631578947368421,0.7277980665950591,0.51,0,0,0,50.44275831987404,-24.267495400035024,43.817494325786996
91000,0.06,0,0.42122277822376414,0.631578947368421,0.7287540279269603,0.53,0,0,0,50.44286084526912,-24.26748841748667,43.816544344857135
91100,0.06,0,0.42126202629760695,0.631578947368421,0.7277013963480129,0.58,0,0,0,50.44483247030162,-24.268787721906758,43.81074965167015
91200,0.06,0,0.42126464172960787,0.631578947368421,0.7286680988184747,0.59,0,0,0,50.441316474253604,-24.26875741168816,43.81353144706204
91300,0.06,0,0.4212165378976331,0.631578947368421,0.7300537056928035,0.58,0,0,0,50.44663179699713,-24.269946424701487,43.81391809474555
91400,0.06,0,0.42124140737668125,0.631578947368421,0.7300322234156821,0.5,0,0,0,50.444338651773236,-24.269973504060964,43.813323000715314
91500,0.06,0,0.42124347644522225,0.631578947368421,0.7406981740064447,0.49,0,0,0,50.4473739682132,-24.26956122527759,43.810471651867495
91600,0.06,0,0.4212320814088057,0.631578947368421,0.731374865735768,0.53,0,0,0,50.45608733721753,-24.271506152971757,43.80409087065855
91700,0.06,0,0.42127581879949433,0.631578947368421,0.7269602577873254,0.5,0,0,0,50.45472238363315,-24.27118129909586,43.80072798505386
91800,0.06,0,0.42117348670415045,0.631578947368421,0.7252094522019334,0.63,0,0,0,50.4553024365947,-24.272062134978725,43.810866531714375
91900,0.06,0,0.42106009426026075,0.631578947368421,0.7217830290010742,0.51,0,0,0,50.45706306975321,-24.272934612584343,43.821135763491036
92000,0.06,0,0.4210467162910186,0.631578947368421,0.7334586466165414,0.47,0,0,0,50.45456219546001,-24.275681133607673,43.824700243019926
92100,0.06,0,0.4209911710917389,0.631578947368421,0.7301611170784104,0.67,0,0,0,50.45401036362861,-24.278087264106375,43.83096182301005
92200,0.06,0,0.4209696449373425,0.631578947368421,0.7318367346938776,0.61,0,0,0,50.4598588149561,-24.27849036872581,43.82812270412693
92300,0.06,0,0.4210610532995395,0.631578947368421,0.7315252416756176,0.56,0,0,0,50.45458390333275,-24.276490055931113,43.823189169751096
92400,0.06,0,0.42105061840871877,0.631578947368421,0.7313211600429645,0.53,0,0,0,50.449898101513625,-24.274950964556098,43.82834565111609
92500,0.06,0,0.4210604163696386,0.631578947368421,0.7383243823845328,0.43,0,0,0,50.44770975385839,-24.275223391569035,43.82922694258872
92600,0.06,0,0.42100187192182315,0.631578947368421,0.7304833512352309,0.56,0,0,0,50.443921280344675,-24.272943715433467,43.838613977345474
92700,0.06,0,0.4209996662156587,0.631578947368421,0.7225134264232008,0.45,0,0,0,50.44673966153233,-24.275227528614405,43.8363944488271
92800,0.06,0,0.42101962503834556,0.631578947368421,0.7325456498388829,0.6,0,0,0,50.441816316750575,-24.276024199052152,43.83859476772268
92900,0.06,0,0.42104650909421387,0.631578947368421,0.7397207303974221,0.51,0,0,0,50.43674597656714,-24.27604824992135,43.84020240411787
93000,0.06,0,0.4210765668784806,0.631578947368421,0.735499462943072,0.58,0,0,0,50.440591166882555,-24.277486563704,43.83373116056905
93100,0.06,0,0.42099830219346684,0.631578947368421,0.7318689581095597,0.58,0,0,0,50.44845103124097,-24.278891592987854,43.83504940463728
93200,0.06,0,0.4209446663977299,0.631578947368421,0.7321482277121375,0.64,0,0,0,50.450346594106506,-24.279509078216133,43.83898754802883
93300,0.06,0,0.4208534209925997,0.631578947368421,0.7331149301825993,0.49,0,0,0,50.45848056523311,-24.27895557073652,43.84142386451442
93400,0.06,0,0.4207968504625091,0.631578947368421,0.7326960257787325,0.57,0,0,0,50.46318281553355,-24.276048160458092,43.843231987761264
93500,0.06,0,0.4207450339335108,0.631578947368421,0.7358968850698174,0.65,0,0,0,50.46502141080384,-24.276397396375096,43.84703392713903
93600,0.06,0,0.4207831811055704,0.631578947368421,0.7392696025778732,0.6,0,0,0,50.45919439899045,-24.276170115066964,43.84812184506517
93700,0.06,0,0.42066065349312937,0.631578947368421,0.7338882921589689,0.53,0,0,0,50.468782483671426,-24.276411457937197,43.85256095882078
93800,0.06,0,0.42062355962869397,0.631578947368421,0.7319763694951665,0.64,0,0,0,50.46892167154133,-24.275323860524736,43.85630726817372
93900,0.06,0,0.4206143835097089,0.631578947368421,0.7306229860365199,0.57,0,0,0,50.46504000412924,-24.275807719321545,43.860637447745894
94000,0.06,0,0.42066610766396373,0.631578947368421,0.7350268528464017,0.56,0,0,0,50.454733189170305,-24.276426578793203,43.86420312444463
94100,0.06,0,0.42064615979717734,0.631578947368421,0.7370247046186896,0.58,0,0,0,50.461014031790306,-24.277884247746908,43.86082324939823
94200,0.06,0,0.42062302580218486,0.631578947368421,0.7396992481203007,0.56,0,0,0,50.46144547541068,-24.27785240040995,43.86286053722074
94300,0.06,0,0.42059341286360485,0.631578947368421,0.7341353383458646,0.61,0,0,0,50.460472228073435,-24.276864154704022,43.866794869039886
94400,0.06,0,0.42054804194015355,0.631578947368421,0.7364339419978517,0.53,0,0,0,50.46258049332784,-24.275239632464814,43.86969454934861
94500,0.06,0,0.4204985699719623,0.631578947368421,0.7351879699248121,0.6,0,0,0,50.46051893574503,-24.27617628983189,43.87664835262399
94600,0.06,0,0.42047433581866644,0.631578947368421,0.7324167561761546,0.51,0,0,0,50.46630439919214,-24.274878794946645,43.87414688088623
94700,0.06,0,0.4204082332717763,0.631578947368421,0.7372932330827068,0.61,0,0,0,50.46934771709759,-24.27287694748099,43.878399355558464
94800,0.06,0,0.42048695787570534,0.631578947368421,0.7319871106337271,0.48,0,0,0,50.46839027110387,-24.27383940523948,43.87101660365725
94900,0.06,0,0.42050544938470935,0.631578947368421,0.7285499462943072,0.52,0,0,0,50.469633890654045,-24.27392951410372,43.86800642262274
95000,0.06,0,0.42040952450856117,0.631578947368421,0.738453276047261,0.54,0,0,0,50.46894464004685,-24.27468531755249,43.878615028078336
95100,0.06,0,0.42049475216123694,0.631578947368421,0.7363694951664876,0.56,0,0,0,50.459177507251525,-24.2758084248168,43.87821316950052
95200,0.06,0,0.4205614437934302,0.631578947368421,0.735499462943072,0.46,0,0,0,50.4523926250064,-24.275519350784823,43.877154912015286
95300,0.06,0,0.4205086165011418,0.631578947368421,0.7275080558539205,0.56,0,0,0,50.457319760071975,-24.274950796921726,43.87838195010779
95400,0.06,0,0.42042944679914795,0.631578947368421,0.7356928034371644,0.56,0,0,0,50.461338635134666,-24.275468919051953,43.883149296571844
95500,0.06,0,0.42047458873866295,0.631578947368421,0.7362620837808808,0.51,0,0,0,50.45336232716936,-24.275670516962403,43.88537488429372
95600,0.06,0,0.4204404999796027,0.631578947368421,0.7344790547798067,0.66,0,0,0,50.45741283128294,-24.27564676547993,43.885409837579346
95700,0.06,0,0.42040829110740463,0.631578947368421,0.739828141783029,0.59,0,0,0,50.455721713153906,-24.27416490862917,43.89024305873699
95800,0.06,0,0.42034284334203903,0.631578947368421,0.7439849624060151,0.6,0,0,0,50.4579305196878,-24.27249224053333,43.895155205964194
95900,0.06,0,0.42034897217402695,0.631578947368421,0.7367454350161117,0.58,0,0,0,50.45750002817428,-24.271375540225257,43.89488969723853
96000,0.06,0,0.42033931575419015,0.631578947368421,0.7346938775510204,0.38,0,0,0,50.46306607156869,-24.271163121873116,43.891056401823235
96100,0.06,0,0.42027887740096476,0.631578947368421,0.7353276047261009,0.58,0,0,0,50.47059635753853,-24.272575152867297,43.89081861995904
96200,0.06,0,0.4202619765811176,0.631578947368421,0.7459613319011815,0.6,0,0,0,50.47075890984085,-24.271083510452478,43.89244232178057
96300,0.06,0,0.42023788127861833,0.631578947368421,0.7396455424274974,0.64,0,0,0,50.47090625762372,-24.269239638677405,43.894830846034345
96400,0.06,0,0.42024718353301005,0.631578947368421,0.7422556390977444,0.67,0,0,0,50.474903734046514,-24.269335043673774,43.89038294986227
96500,0.06,0,0.42035657127949894,0.631578947368421,0.7420193340494092,0.55,0,0,0,50.472997362709535,-24.27039348005721,43.88061884095676
96600,0.06,0,0.4203591391895297,0.631578947368421,0.7412889366272825,0.55,0,0,0,50.47123168298764,-24.270015768880135,43.881885886039946
96700,0.06,0,0.42030579423674697,0.631578947368421,0.7318045112781955,0.6,0,0,0,50.47402192907147,-24.26911913744047,43.8850292128126
96800,0.06,0,0.4202446877893618,0.631578947368421,0.7419011815252416,0.46,0,0,0,50.47192986481931,-24.26883577185504,43.89322969710407
96900,0.06,0,0.42013851733812435,0.631578947368421,0.7410418904403867,0.61,0,0,0,50.476547835393504,-24.26902174996081,43.90030497314531
97000,0.06,0,0.4201537940236061,0.631578947368421,0.7390010741138561,0.56,0,0,0,50.477964502830794,-24.269562268040662,43.8974767489943
97100,0.06,0,0.4201686076335539,0.631578947368421,0.7325134264232008,0.55,0,0,0,50.472148353572194,-24.27057218944856,43.900987424123095
97200,0.06,0,0.420133993008832,0.631578947368421,0.7395810955961332,0.63,0,0,0,50.473542983957856,-24.270086734813678,43.90339127944016
97300,0.06,0,0.4201551565085082,0.631578947368421,0.7400537056928035,0.6,0,0,0,50.47327363960061,-24.269864959339216,43.90141410909379
97400,0.06,0,0.42019332631693174,0.631578947368421,0.7377765843179377,0.64,0,0,0,50.46958536331246,-24.27212776509606,43.90063415068259
97500,0.06,0,0.4201895505760267,0.631578947368421,0.7383029001074114,0.48,0,0,0,50.47754881151034,-24.272116007957152,43.89410271114205
97600,0.06,0,0.4203139737099356,0.631578947368421,0.7375402792696025,0.61,0,0,0,50.46806768618062,-24.27250213220625,43.88935266570888
97700,0.06,0,0.42031614748362733,0.631578947368421,0.7433404940923738,0.57,0,0,0,50.466385704139306,-24.27268357536202,43.890588450690075
97800,0.06,0,0.42037977094421736,0.631578947368421,0.7398711063372717,0.66,0,0,0,50.45712811675798,-24.27481997825985,43.891997293583216
97900,0.06,0,0.42029519277110927,0.631578947368421,0.7388614393125671,0.59,0,0,0,50.465402973092274,-24.274061195020295,43.89363144942989
98000,0.06,0,0.42022893261528105,0.631578947368421,0.7414930182599355,0.53,0,0,0,50.46041100836358,-24.27398782496646,43.904895444949815
98100,0.06,0,0.4202022829663455,0.631578947368421,0.7422986036519871,0.59,0,0,0,50.463855729004365,-24.27444377274936,43.904682748752705
98200,0.06,0,0.42024581606526645,0.631578947368421,0.7317293233082707,0.6,0,0,0,50.462003391141046,-24.27614308129978,43.901746147486065
98300,0.06,0,0.4202957260091136,0.631578947368421,0.7360257787325456,0.54,0,0,0,50.453322050638,-24.27580560192387,43.90408596818245
98400,0.06,0,0.42031060624420896,0.631578947368421,0.7375617615467239,0.57,0,0,0,50.45793707107095,-24.276600259933716,43.89851618886475
98500,0.06,0,0.4202469787713176,0.631578947368421,0.734640171858217,0.57,0,0,0,50.46047105991458,-24.275916417855044,43.90295784259777
98600,0.06,0,0.42018104736114764,0.631578947368421,0.7374113856068744,0.58,0,0,0,50.46786134927543,-24.27457973586448,43.90341677667137
98700,0.06,0,0.4202299746252219,0.631578947368421,0.7497851772287862,0.76,0,0,0,50.458105670222764,-24.275029310676217,43.90679250659899
98800,0.06,0,0.42023985552953425,0.631578947368421,0.7351772287862514,0.58,0,0,0,50.45819374109788,-24.273691488099583,43.90568351249436
98900,0.06,0,0.4202418747929008,0.631578947368421,0.7375617615467239,0.44,0,0,0,50.458268504669,-24.273319825538646,43.9054074912129
99000,0.06,0,0.4203380019537068,0.631578947368421,0.735875402792696,0.58,0,0,0,50.44729704750707,-24.27386920684038,43.90491327709309
99100,0.06,0,0.42041945474905973,0.631578947368421,0.7374758324382384,0.45,0,0,0,50.44389971331666,-24.274884717195032,43.899363431607114
99200,0.06,0,0.42039889536415054,0.631578947368421,0.7366380236305048,0.57,0,0,0,50.43756326651409,-24.277384454338204,43.9070256322966
99300,0.06,0,0.4205061637024464,0.631578947368421,0.7400751879699248,0.61,0,0,0,50.43053657218157,-24.276116227688405,43.90194142684798
99400,0.06,0,0.4204856977865005,0.631578947368421,0.7400644468313641,0.63,0,0,0,50.43532514417542,-24.277469752996197,43.899909761862446
99500,0.06,0,0.4204030139660568,0.631578947368421,0.7436949516648764,0.58,0,0,0,50.4351755606705,-24.276350738878413,43.90867411351099
99600,0.06,0,0.4203754487000965,0.631578947368421,0.7398388829215897,0.57,0,0,0,50.44364332628565,-24.276346163809478,43.904182084900306
99700,0.06,0,0.420426040263421,0.631578947368421,0.7456498388829216,0.57,0,0,0,50.445226084653285,-24.274955007834553,43.89752155512217
99800,0.06,0,0.420375008099402,0.631578947368421,0.7471321160042964,0.6,0,0,0,50.44806888710045,-24.273378423470987,43.9003765995968
99900,0.06,0,0.42028362946160897,0.631578947368421,0.7300214822771214,0.5,0,0,0,50.44887959476036,-24.273955434887423,43.90921585176896
100000,0.06,0,0.42037361728875616,0.631578947368421,0.735220193340494,0.53,0,0,0,50.44059226235463,-24.27297245854291,43.907029058462975
100100,0.06,0,0.4203279801817343,0.631578947368421,0.7454027926960258,0.5,0,0,0,50.44180392155547,-24.27337141331579,43.91074146146177
100200,0.06,0,0.42030983784650505,0.631578947368421,0.7420193340494092,0.54,0,0,0,50.437780506810455,-24.273245468983166,43.91613973814959
100300,0.06,0,0.4203172004098534,0.631578947368421,0.7318045112781955,0.62,0,0,0,50.43309927455017,-24.272065107550713,43.919446725570694
100400,0.06,0,0.420188169259933,0.631578947368421,0.7345327604726101,0.57,0,0,0,50.437850983857444,-24.271529611539336,43.92879459863702
100500,0.06,0,0.4202197618514933,0.631578947368421,0.7368313641245972,0.54,0,0,0,50.44445960497321,-24.272184343523964,43.91973739767592
100600,0.06,0,0.42023700292040855,0.631578947368421,0.7438453276047261,0.57,0,0,0,50.44671681843698,-24.2706544821573,43.915970415681954
100700,0.06,0,0.42019533057310565,0.631578947368421,0.7405048335123523,0.46,0,0,0,50.45557861563939,-24.26969825271583,43.91261175325799
100800,0.06,0,0.4202626118691789,0.631578947368421,0.7373469387755102,0.53,0,0,0,50.46068041768702,-24.2685684491649,43.901142579221364
100900,0.06,0,0.42025132210848587,0.631578947368421,0.7418367346938776,0.46,0,0,0,50.46558828600049,-24.267984169055143,43.898052374032986
101000,0.06,0,0.42027994754448655,0.631578947368421,0.7463050483351236,0.53,0,0,0,50.45675891208782,-24.269856139346988,43.90274360977332
101100,0.06,0,0.42025028795009284,0.631578947368421,0.7428464017185822,0.43,0,0,0,50.45780629735631,-24.269150395273286,43.90493070894194
101200,0.06,0,0.4202086351634615,0.631578947368421,0.7435660580021483,0.59,0,0,0,50.45948468563223,-24.267974567831285,43.90782222917416
101300,0.06,0,0.4202283463742391,0.631578947368421,0.7384425349087004,0.51,0,0,0,50.4643943281227,-24.269574650052057,43.90149113274476
101400,0.06,0,0.4203045372796302,0.631578947368421,0.7447798066595059,0.57,0,0,0,50.45535692743798,-24.26907267820629,43.90139493694612
101500,0.06,0,0.42033149711218687,0.631578947368421,0.739452201933405,0.69,0,0,0,50.450519266140596,-24.26918873323776,43.902788526284006
101600,0.06,0,0.42033284800705734,0.631578947368421,0.7340279269602578,0.44,0,0,0,50.44623320347541,-24.268431565454893,43.90637752852702
101700,0.06,0,0.4202247364491147,0.631578947368421,0.7339205155746509,0.71,0,0,0,50.448687599669896,-24.268271637384327,43.915536704190025
101800,0.06,0,0.4202177894632373,0.631578947368421,0.737218045112782,0.55,0,0,0,50.45124050632941,-24.267641738705233,43.91404048292285
101900,0.06,0,0.42021495166367406,0.631578947368421,0.7339312567132116,0.5,0,0,0,50.45505803238089,-24.268663965374945,43.91101440102422
102000,0.06,0,0.42016577464865984,0.631578947368421,0.730859291084855,0.53,0,0,0,50.46155093632558,-24.269269681993634,43.91050312548946
102100,0.06,0,0.4201412524744139,0.631578947368421,0.7361439312567132,0.6,0,0,0,50.46698535722844,-24.27033822292574,43.90833735063451
102200,0.06,0,0.419972639734789,0.631578947368421,0.7383995703544576,0.51,0,0,0,50.479167958813655,-24.27159393073878,43.91536483490632
102300,0.06,0,0.42006514310225407,0.631578947368421,0.7316219119226638,0.61,0,0,0,50.47052195921622,-24.271877023010926,43.91321553911909
102400,0.06,0,0.41997015474118987,0.631578947368421,0.739656283566058,0.57,0,0,0,50.48099302155641,-24.272095951786422,43.914036983339614
102500,0.06,0,0.41994727320030156,0.631578947368421,0.7405048335123523,0.5,0,0,0,50.4836138709436,-24.27187932241161,43.91414979928952
102600,0.06,0,0.4199186289102989,0.631578947368421,0.7418796992481203,0.54,0,0,0,50.48155298551556,-24.27425607208303,43.91893825159263
102700,0.06,0,0.41990087184837344,0.631578947368421,0.7412137486573577,0.57,0,0,0,50.483166224891114,-24.27436048763541,43.91939199404247
102800,0.06,0,0.4199601406192514,0.631578947368421,0.7365198711063373,0.55,0,0,0,50.48546880525097,-24.274884642238376,43.911190844614715
102900,0.06,0,0.41986701052290504,0.631578947368421,0.7457035445757251,0.55,0,0,0,50.499400023776516,-24.27566292444799,43.90881429971818
103000,0.06,0,0.4198190370877971,0.631578947368421,0.7419119226638023,0.58,0,0,0,50.498454271480405,-24.274151605401798,43.91465426781672
103100,0.06,0,0.41991027645719003,0.631578947368421,0.7432008592910848,0.52,0,0,0,50.491784279811405,-24.275467739457852,43.910912248282784
103200,0.06,0,0.41990411713248343,0.631578947368421,0.7409667024704619,0.59,0,0,0,50.495996477670985,-24.275165552765984,43.90789340434159
103300,0.06,0,0.41992970247223965,0.631578947368421,0.7497529538131041,0.6,0,0,0,50.50142746771442,-24.27761428507665,43.9004965735449
103400,0.06,0,0.41985529920552295,0.631578947368421,0.7436627282491944,0.52,0,0,0,50.504040276330066,-24.27646278573764,43.90600467558881
103500,0.06,0,0.4197427992390131,0.631578947368421,0.7433404940923738,0.47,0,0,0,50.51086739438934,-24.275289182693076,43.91183642910909
103600,0.06,0,0.4197487423064946,0.631578947368421,0.7401933404940924,0.5,0,0,0,50.51086104385971,-24.27707196640283,43.911220218410584
103700,0.06,0,0.41969837240016106,0.631578947368421,0.7460687432867884,0.48,0,0,0,50.516560615711136,-24.2774128964215,43.91153528966201
103800,0.06,0,0.41975722633308826,0.631578947368421,0.7455424274973147,0.6,0,0,0,50.5129805339289,-24.27674719492035,43.90849024847718
103900,0.06,0,0.41978884215218293,0.631578947368421,0.7494307196562836,0.52,0,0,0,50.504200275965374,-24.27613899251749,43.91281634638847
104000,0.06,0,0.4198175399610367,0.631578947368421,0.7410633727175081,0.47,0,0,0,50.49904595455746,-24.275688685144505,43.914296336027626
104100,0.06,0,0.41984922780034084,0.631578947368421,0.746423200859291,0.54,0,0,0,50.49861828131695,-24.277272913980617,43.91135381641072
104200,0.06,0,0.4198944895120828,0.631578947368421,0.7506766917293233,0.58,0,0,0,50.50310182100845,-24.27713815552557,43.9027225567362
104300,0.06,0,0.41985413502036,0.631578947368421,0.7423093447905478,0.49,0,0,0,50.506134808891815,-24.277653043935334,43.904305595007656
104400,0.06,0,0.41983006275068124,0.631578947368421,0.7469709989258861,0.56,0,0,0,50.516889884045696,-24.279327401580403,43.897475197603285
104500,0.06,0,0.4198695792673713,0.631578947368421,0.7519978517722878,0.54,0,0,0,50.509263410974114,-24.279397317947577,43.899971260327106
104600,0.06,0,0.41993487948064895,0.631578947368421,0.7455639097744361,0.59,0,0,0,50.50116051752422,-24.278657186734584,43.900187418950814
104700,0.06,0,0.41997561936223904,0.631578947368421,0.7394199785177229,0.57,0,0,0,50.498821152560986,-24.277487285781604,43.89796235099575
104800,0.06,0,0.4199972653763872,0.631578947368421,0.7466917293233083,0.47,0,0,0,50.48837000227221,-24.27745799371918,43.90478637746895
104900,0.06,0,0.4200441037728376,0.631578947368421,0.7450268528464017,0.5,0,0,0,50.48625612359517,-24.27749896644421,43.90172873521839
105000,0.06,0,0.42001519194056414,0.631578947368421,0.7458539205155746,0.49,0,0,0,50.49343983040799,-24.2781430596222,43.8985043864171
105100,0.06,0,0.41999819476619166,0.631578947368421,0.7375832438238453,0.47,0,0,0,50.49082264885902,-24.279137172053144,43.90255650509959
105200,0.06,0,0.41997278966352475,0.631578947368421,0.7329860365198712,0.6,0,0,0,50.50396584939428,-24.27971001575633,43.89378633533648
105300,0.06,0,0.4200730620557321,0.631578947368421,0.7411063372717508,0.47,0,0,0,50.49776318813455,-24.2812445740351,43.88869899410642
105400,0.06,0,0.4201079691979597,0.631578947368421,0.7306229860365199,0.45,0,0,0,50.49680124135206,-24.28249649722237,43.885888238568384
105500,0.06,0,0.42015546636376927,0.631578947368421,0.7380880773361976,0.57,0,0,0,50.490638789437945,-24.280013922491854,43.88628281365355
105600,0.06,0,0.4202015538385683,0.631578947368421,0.7368528464017186,0.52,0,0,0,50.48483900580599,-24.27828146960218,43.886510567715646
105700,0.06,0,0.4201332249136592,0.631578947368421,0.737078410311493,0.55,0,0,0,50.49745681094483,-24.277442666978043,43.88268039791134
105800,0.06,0,0.42017612333211124,0.631578947368421,0.7380988184747583,0.52,0,0,0,50.490668912739785,-24.278687263469468,43.88409906627797
105900,0.06,0,0.4201346822143786,0.631578947368421,0.7436949516648764,0.52,0,0,0,50.48232058964141,-24.278029624605725,43.89568557573617
106000,0.06,0,0.42007850754680204,0.631578947368421,0.7407841031149301,0.57,0,0,0,50.4957128105035,-24.278799773551842,43.88991214034047
106100,0.06,0,0.42006314978125087,0.631578947368421,0.7341460794844253,0.54,0,0,0,50.49851325466255,-24.275949476359493,43.88908273561452
106200,0.06,0,0.4200261682753522,0.631578947368421,0.7450375939849624,0.6,0,0,0,50.50617863647411,-24.275826466024252,43.886285297543836
106300,0.06,0,0.41998720657530764,0.631578947368421,0.7461546723952739,0.55,0,0,0,50.501370648225226,-24.276993670777433,43.89453516057978
106400,0.06,0,0.4199786054997912,0.631578947368421,0.7450053705692803,0.47,0,0,0,50.50466034552772,-24.276227145866827,43.892574916264316
106500,0.06,0,0.42005651579114833,0.631578947368421,0.7423630504833513,0.55,0,0,0,50.491305846135994,-24.275731722351207,43.89604094941315
106600,0.06,0,0.4200413818788594,0.631578947368421,0.7363480128893662,0.58,0,0,0,50.494408657899314,-24.275392153409683,43.89492505674025
106700,0.06,0,0.4199805831625576,0.631578947368421,0.7389795918367347,0.58,0,0,0,50.49382801520021,-24.27378274616239,43.9017843624441
106800,0.06,0,0.41996963634779905,0.631578947368421,0.7338668098818475,0.54,0,0,0,50.49957412610291,-24.27392530080134,43.89793318506119
106900,0.06,0,0.4200305095110835,0.631578947368421,0.742921589688507,0.52,0,0,0,50.49888500917619,-24.27486153877584,43.892170204161694
107000,0.06,0,0.4200924297145995,0.631578947368421,0.7459291084854994,0.6,0,0,0,50.49847236469694,-24.27464632617828,43.88605925541464
107100,0.06,0,0.4200518383513916,0.631578947368421,0.7418045112781955,0.58,0,0,0,50.49517433034853,-24.274909825248198,43.893166793154414
107200,0.06,0,0.4200872495712359,0.631578947368421,0.7365843179377014,0.49,0,0,0,50.49773439842479,-24.273987711812968,43.887241771530014
107300,0.06,0,0.4200791520412893,0.631578947368421,0.7396992481203007,0.56,0,0,0,50.491113623608086,-24.274515215696468,43.89384268716992
107400,0.06,0,0.4200764266935195,0.631578947368421,0.7373361976369495,0.5,0,0,0,50.495044753956144,-24.2743681087069,43.89071022210143
107500,0.06,0,0.4200688398554492,0.631578947368421,0.7419119226638023,0.55,0,0,0,50.4975134639427,-24.274575438411752,43.88935717260844
107600,0.06,0,0.42013627081110805,0.631578947368421,0.7411600429645543,0.44,0,0,0,50.500199478776906,-24.274597418436873,43.87997900510184
107700,0.06,0,0.42013015207131466,0.631578947368421,0.7446294307196563,0.58,0,0,0,50.505463355545494,-24.274231837163935,43.87604465988044
107800,0.06,0,0.42006882702542303,0.631578947368421,0.7500537056928034,0.56,0,0,0,50.50196650387331,-24.275489311521216,43.885488543687494
107900,0.06,0,0.42019368141808916,0.631578947368421,0.7527282491944146,0.59,0,0,0,50.4933203799977,-24.274694120007876,43.87996102608972
108000,0.06,0,0.42016772617700926,0.631578947368421,0.7422878625134264,0.52,0,0,0,50.49717718944112,-24.274521664306814,43.87932003079494
108100,0.06,0,0.42004997904469354,0.631578947368421,0.7407733619763694,0.67,0,0,0,50.50853200040034,-24.275910342270617,43.88175288370968
108200,0.06,0,0.420112394882776,0.631578947368421,0.7447475832438238,0.55,0,0,0,50.502997821508586,-24.275427371104897,43.88004129942677
108300,0.06,0,0.42015861126093546,0.631578947368421,0.742577873254565,0.55,0,0,0,50.50197548504607,-24.277246507179417,43.876102794200285
108400,0.06,0,0.4201383157058844,0.631578947368421,0.7412781954887218,0.55,0,0,0,50.5013488984293,-24.278172199932534,43.8787667214832
108500,0.06,0,0.4201085109498232,0.631578947368421,0.7438023630504833,0.57,0,0,0,50.51044367738715,-24.27890772571133,43.87397846007271
108600,0.06,0,0.4200963682485141,0.631578947368421,0.7362513426423201,0.53,0,0,0,50.513586093483966,-24.277664859131214,43.87251716870247
108700,0.06,0,0.4200838721296908,0.631578947368421,0.7454564983888292,0.6,0,0,0,50.517046587893155,-24.27596581234296,43.870816808891234
108800,0.06,0,0.4201412244969025,0.631578947368421,0.7496992481203008,0.52,0,0,0,50.512198420817136,-24.276409239345085,43.86903827138354
108900,0.06,0,0.42013269090945166,0.631578947368421,0.7476691729323308,0.58,0,0,0,50.515180959776664,-24.277736288869875,43.86733913669451
109000,0.06,0,0.42006886873200033,0.631578947368421,0.7450912996777659,0.62,0,0,0,50.51484896221382,-24.277624177705125,43.87429236997946
109100,0.06,0,0.4200886490745746,0.631578947368421,0.7414285714285714,0.59,0,0,0,50.51564116536587,-24.27781193671337,43.87153848108439
109200,0.06,0,0.4201788975355961,0.631578947368421,0.7400107411385607,0.5,0,0,0,50.5020744501097,-24.277510911836593,43.87389847554166
109300,0.06,0,0.4201822989173751,0.631578947368421,0.737905477980666,0.57,0,0,0,50.501020973242376,-24.27898097222281,43.87445854002752
109400,0.06,0,0.4202376408529788,0.631578947368421,0.7403651987110633,0.6,0,0,0,50.49770535491558,-24.278884450194212,43.87156098938372
109500,0.06,0,0.42022524777882525,0.631578947368421,0.7376799140708915,0.55,0,0,0,50.50373860772618,-24.277168641428176,43.86761371022603
109600,0.06,0,0.4201680053718295,0.631578947368421,0.7332760472610097,0.57,0,0,0,50.511480395199285,-24.275364473247595,43.86686568795942
109700,0.06,0,0.4201711469741448,0.631578947368421,0.7436949516648764,0.53,0,0,0,50.50608135794334,-24.273873847010933,43.87122697551585
109800,0.06,0,0.42015787394443266,0.631578947368421,0.7350268528464017,0.57,0,0,0,50.504438519115055,-24.273697839576137,43.874040007699804
109900,0.06,0,0.4200471356018924,0.631578947368421,0.7367669172932331,0.52,0,0,0,50.50948451693721,-24.274565023914974,43.88122239907443
110000,0.06,0,0.42005825595746177,0.631578947368421,0.7409881847475832,0.63,0,0,0,50.51608156281557,-24.275199127131945,43.874330287345394
110100,0.06,0,0.42009294941013525,0.631578947368421,0.7382599355531686,0.68,0,0,0,50.51920588276473,-24.273257598058606,43.8679937689552
110200,0.06,0,0.42008573801106786,0.631578947368421,0.7438775510204082,0.57,0,0,0,50.523008583640575,-24.27462403584832,43.86544497212823
110300,0.06,0,0.42013719393514254,0.631578947368421,0.747250268528464,0.61,0,0,0,50.52285162863705,-24.274823013166635,43.86020884762004
110400,0.06,0,0.4200619081180256,0.631578947368421,0.7375832438238453,0.5,0,0,0,50.52565713234293,-24.27536893926624,43.86563388430261
110500,0.06,0,0.4201521698186995,0.631578947368421,0.7397422126745435,0.54,0,0,0,50.51627566688808,-24.275710726260435,43.86435480047203
110600,0.06,0,0.4201442921240053,0.631578947368421,0.7319334049409237,0.59,0,0,0,50.51553858351261,-24.276715281408034,43.86581730248393
110700,0.06,0,0.42011737202071825,0.631578947368421,0.7383995703544576,0.57,0,0,0,50.51785049686576,-24.27815303393486,43.86662050133399
110800,0.06,0,0.4201779418223121,0.631578947368421,0.7437056928034371,0.64,0,0,0,50.512892181552466,-24.27751188688776,43.864602308341155
110900,0.06,0,0.42014640926165014,0.631578947368421,0.7427389903329753,0.56,0,0,0,50.51135774804502,-24.276783238310486,43.869227024976745
111000,0.06,0,0.42031939619949893,0.631578947368421,0.7409129967776584,0.51,0,0,0,50.49646343836497,-24.279287733551637,43.86410640723778
111100,0.06,0,0.4203220820527318,0.631578947368421,0.7416111707841031,0.47,0,0,0,50.492477916813606,-24.280842789097836,43.86728841844357
111200,0.06,0,0.4203218130360078,0.631578947368421,0.7448120300751879,0.55,0,0,0,50.491045623474974,-24.28136438805781,43.86856089082937
111300,0.06,0,0.4202927066487914,0.631578947368421,0.7385606874328678,0.64,0,0,0,50.490166485366146,-24.283212404640988,43.87236280046222
111400,0.06,0,0.42037605513272147,0.631578947368421,0.7380343716433942,0.55,0,0,0,50.48298010032277,-24.28158830521522,43.86990828046204
111500,0.06,0,0.42036366456076973,0.631578947368421,0.7383888292158969,0.58,0,0,0,50.47929335097311,-24.2810974452347,43.874405510959235
111600,0.06,0,0.42037083369144185,0.631578947368421,0.744983888292159,0.55,0,0,0,50.47237454775575,-24.282937593678955,43.87967150814758
111700,0.06,0,0.42035024220989786,0.631578947368421,0.7450053705692803,0.56,0,0,0,50.46867726641632,-24.28214085439616,43.885035754384646
111800,0.06,0,0.4203061529188369,0.631578947368421,0.7411170784103115,0.57,0,0,0,50.47770816534399,-24.280075860749157,43.8817869721953
111900,0.06,0,0.42034509915999674,0.631578947368421,0.7428571428571429,0.53,0,0,0,50.47411140749843,-24.28031598182096,43.880847894939826
112000,0.06,0,0.4203746567024166,0.631578947368421,0.736906552094522,0.59,0,0,0,50.475653190470815,-24.27807338671367,43.87642227824698
112100,0.06,0,0.420355904066502,0.631578947368421,0.7432223415682062,0.49,0,0,0,50.48135926879991,-24.277821137320025,43.873419942526134
112200,0.06,0,0.4203347236118223,0.631578947368421,0.7357250268528464,0.57,0,0,0,50.48518694543968,-24.27709161237253,43.87230414750718
112300,0.06,0,0.4202290262143913,0.631578947368421,0.7406337271750806,0.62,0,0,0,50.49617813519045,-24.27709401585278,43.873787240748754
112400,0.06,0,0.4202535067870083,0.631578947368421,0.7408700322234156,0.43,0,0,0,50.502280117236786,-24.27485818947895,43.86593072869871
112500,0.06,0,0.42025245045683357,0.631578947368421,0.7394414607948443,0.56,0,0,0,50.494079026572244,-24.27432334653757,43.87316557381217
112600,0.06,0,0.4202676636275233,0.631578947368421,0.7419334049409237,0.55,0,0,0,50.49859714975286,-24.274958275980232,43.867652217442455
112700,0.06,0,0.4202578884102487,0.631578947368421,0.7465413533834586,0.54,0,0,0,50.49768264578004,-24.272849711256292,43.86946703478428
112800,0.06,0,0.4201659309183509,0.631578947368421,0.7393233082706767,0.6,0,0,0,50.501093660570504,-24.27302401662842,43.87610456307536
112900,0.06,0,0.42011990894941953,0.631578947368421,0.7410096670247046,0.63,0,0,0,50.502225927764286,-24.271137019947204,43.87992714764853
113000,0.06,0,0.42008808865453123,0.631578947368421,0.7389795918367347,0.51,0,0,0,50.504583366732945,-24.270436883749994,43.881202537966075
113100,0.06,0,0.42011932756861137,0.631578947368421,0.7427712137486574,0.58,0,0,0,50.50134233909369,-24.27239377210738,43.880755609947144
113200,0.06,0,0.4201288652371502,0.631578947368421,0.745671321160043,0.52,0,0,0,50.50187535088254,-24.27242974022578,43.87929631914924
113300,0.06,0,0.42018570455796367,0.631578947368421,0.7456498388829216,0.53,0,0,0,50.49828234102983,-24.27338671418945,43.87648232232567
113400,0.06,0,0.4201204836060272,0.631578947368421,0.7423630504833513,0.49,0,0,0,50.50978038307668,-24.272764839257732,43.87330426944744
113500,0.06,0,0.4201336437653068,0.631578947368421,0.742062298603652,0.61,0,0,0,50.50768870496475,-24.272652886124966,43.873746864251906
113600,0.06,0,0.4201574157623945,0.631578947368421,0.7419978517722878,0.45,0,0,0,50.507685355240916,-24.273950732233036,43.871267450446304
113700,0.06,0,0.42022060868848937,0.631578947368421,0.740204081632653,0.66,0,0,0,50.50700127022022,-24.27649130664455,43.86526419238079
113800,0.06,0,0.4202249188992074,0.631578947368421,0.7372932330827068,0.54,0,0,0,50.51189140018072,-24.27653872384971,43.86056765343463
113900,0.06,0,0.42019502963135846,0.631578947368421,0.7383566058002148,0.47,0,0,0,50.51292635436736,-24.276759498696297,43.862788820023944
114000,0.06,0,0.4202933053173336,0.631578947368421,0.7356176154672396,0.55,0,0,0,50.502500631252936,-24.276736806983347,43.86158544583674
114100,0.06,0,0.4202483277217598,0.631578947368421,0.7355746509129968,0.58,0,0,0,50.49544711669713,-24.27651988496182,43.87240729781384
114200,0.06,0,0.4202891436666131,0.631578947368421,0.7361654135338346,0.51,0,0,0,50.48724081960858,-24.27933815552268,43.87527709071114
114300,0.06,0,0.42012493227204184,0.631578947368421,0.7331793770139635,0.56,0,0,0,50.498119803548974,-24.277658874876032,43.88297042728076
114400,0.06,0,0.42016764152814084,0.631578947368421,0.7431578947368421,0.63,0,0,0,50.49037166929927,-24.278055296130752,43.88524329869313
114500,0.06,0,0.42016761029716776,0.631578947368421,0.7450268528464017,0.54,0,0,0,50.49397001897593,-24.279988433810303,43.8821191681815
114600,0.06,0,0.4201462131845735,0.631578947368421,0.7385929108485499,0.6,0,0,0,50.49850127228215,-24.282334533897572,43.88041622406898
114700,0.06,0,0.4201375572588265,0.631578947368421,0.7433190118152524,0.7,0,0,0,50.50254316105708,-24.281796531323558,43.87780830471499
114800,0.06,0,0.42008809990922996,0.631578947368421,0.7432330827067669,0.49,0,0,0,50.49897244444048,-24.283732131394377,43.88607698650901
114900,0.06,0,0.4202201403819069,0.631578947368421,0.74515574650913,0.56,0,0,0,50.49632171822298,-24.28283657398562,43.87459022604389
115000,0.06,0,0.4201645054373512,0.631578947368421,0.7347153598281417,0.5,0,0,0,50.49676627128912,-24.284553690834077,43.88001345577418
115100,0.06,0,0.4201618551392533,0.631578947368421,0.7381203007518797,0.56,0,0,0,50.493013490003264,-24.285275513874723,43.88355154753366
115200,0.06,0,0.42013839140087816,0.631578947368421,0.7395273899033298,0.54,0,0,0,50.50851972171056,-24.285492801157577,43.87252923675826
115300,0.06,0,0.42021645220973647,0.631578947368421,0.7345542427497315,0.52,0,0,0,50.502792367122105,-24.284976339497835,43.869353843617915
115400,0.06,0,0.4202054266970168,0.631578947368421,0.7371428571428571,0.5,0,0,0,50.510803333412,-24.286195086038123,43.86354708355998
115500,0.06,0,0.4200585511794682,0.631578947368421,0.7432008592910848,0.73,0,0,0,50.514254530946836,-24.2845207999316,43.87588632568506
115600,0.06,0,0.4200790161120919,0.631578947368421,0.7367776584317938,0.53,0,0,0,50.516886017977086,-24.285503272342556,43.871463392260566
115700,0.06,0,0.42012865765453944,0.631578947368421,0.7425456498388829,0.56,0,0,0,50.51330030397089,-24.28338557534146,43.86939350156381
115800,0.06,0,0.42012117383861575,0.631578947368421,0.746423200859291,0.48,0,0,0,50.51746138699208,-24.283072298148387,43.86656141635042
115900,0.06,0,0.42017692259554423,0.631578947368421,0.7446616541353384,0.53,0,0,0,50.51596339618836,-24.282837381506624,43.862041872200585
116000,0.06,0,0.4201802784099459,0.631578947368421,0.7398711063372717,0.57,0,0,0,50.513593434848545,-24.28301208532892,43.86374943542093
116100,0.06,0,0.42020123014799254,0.631578947368421,0.7430504833512352,0.5,0,0,0,50.50971301476785,-24.282453535797274,43.86493201059571
116200,0.06,0,0.42023653146611273,0.631578947368421,0.7406337271750806,0.6,0,0,0,50.51516096284688,-24.28131175029087,43.856516866771116
116300,0.06,0,0.4202755720479335,0.631578947368421,0.746186895810956,0.6,0,0,0,50.510709414648794,-24.28226502118673,43.85630766135426
116400,0.06,0,0.42033677370134004,0.631578947368421,0.7449624060150376,0.53,0,0,0,50.503998252728536,-24.284505606958273,43.85574906152551
116500,0.06,0,0.4203088420722308,0.631578947368421,0.7456928034371644,0.58,0,0,0,50.505218823238245,-24.284924972921136,43.85760355407763
116600,0.06,0,0.4203056463728343,0.631578947368421,0.7407518796992482,0.49,0,0,0,50.499200531777255,-24.28415708706363,43.8631638279026
116700,0.06,0,0.4203186211552085,0.631578947368421,0.7354350161117078,0.58,0,0,0,50.500188074229094,-24.284780900355226,43.86095209187396
116800,0.06,0,0.42029311619396464,0.631578947368421,0.7393555316863587,0.58,0,0,0,50.49893969662245,-24.284302302028582,43.86469808539745
116900,0.06,0,0.420351414448897,0.631578947368421,0.7414930182599355,0.46,0,0,0,50.49850586046351,-24.284420735843593,43.858991312317215
117000,0.06,0,0.42038263126453557,0.631578947368421,0.740139634801289,0.55,0,0,0,50.49110003237653,-24.285499743613734,43.86216700672992
117100,0.06,0,0.42031468735598676,0.631578947368421,0.7404296455424275,0.56,0,0,0,50.49576337483274,-24.283630294721192,43.86520595321295
117200,0.06,0,0.42042925005477866,0.631578947368421,0.7406444683136413,0.57,0,0,0,50.48405764123783,-24.284821017350822,43.86342137988114
117300,0.06,0,0.42036175473073134,0.631578947368421,0.7475832438238453,0.56,0,0,0,50.485034939806255,-24.285771075268936,43.86961505126277
117400,0.06,0,0.4203931120979412,0.631578947368421,0.7426423200859291,0.5,0,0,0,50.480147069715024,-24.287100172883665,43.87059026259078
117500,0.06,0,0.420379298330114,0.631578947368421,0.7374113856068744,0.59,0,0,0,50.47342129523028,-24.287530805495454,43.877877975398135
117600,0.06,0,0.4203015509471984,0.631578947368421,0.7378839957035446,0.61,0,0,0,50.48114480874202,-24.28632135656083,43.87928003668234
117700,0.06,0,0.42030791016915237,0.631578947368421,0.7382599355531686,0.61,0,0,0,50.481231641342056,-24.282321078782264,43.878540671546695
117800,0.06,0,0.4203114490623679,0.631578947368421,0.7333727175080559,0.58,0,0,0,50.48876341969034,-24.2810163236525,43.87162559979013
117900,0.06,0,0.4204137220301118,0.631578947368421,0.738141783029001,0.46,0,0,0,50.477224997484846,-24.280039617334946,43.87097909241492
118000,0.06,0,0.42046864487148683,0.631578947368421,0.7384317937701397,0.54,0,0,0,50.48412274311352,-24.280291407070735,43.85925514136148
118100,0.06,0,0.42052733876471954,0.631578947368421,0.7424812030075187,0.6,0,0,0,50.47268122845955,-24.27941416643666,43.863074559462966
118200,0.06,0,0.420564392573691,0.631578947368421,0.7450268528464017,0.59,0,0,0,50.47409758576984,-24.28039601595339,43.85797926856436
118300,0.06,0,0.42046621948819357,0.631578947368421,0.7387325456498389,0.57,0,0,0,50.48283386887753,-24.28027445083729,43.86062791003704
118400,0.06,0,0.42054587634496626,0.631578947368421,0.7360257787325456,0.59,0,0,0,50.46691766421572,-24.279355146526918,43.866150236537095
118500,0.06,0,0.4205022995907298,0.631578947368421,0.7392910848549946,0.52,0,0,0,50.46808554894364,-24.281785891155156,43.86968088203719
118600,0.06,0,0.42057786360267907,0.631578947368421,0.7380773361976369,0.46,0,0,0,50.46397600390667,-24.280897264980776,43.86537083826755
118700,0.06,0,0.42062360496789414,0.631578947368421,0.7343823845327605,0.54,0,0,0,50.46472672943135,-24.28102924016373,43.85994814965294
118800,0.06,0,0.4206629216862501,0.631578947368421,0.7374221267454351,0.56,0,0,0,50.46678244580066,-24.28110902944413,43.854062409792185
118900,0.06,0,0.4206254356513385,0.631578947368421,0.7364446831364124,0.48,0,0,0,50.46778027264033,-24.28164688340362,43.85710353241991
119000,0.06,0,0.4205256457769666,0.631578947368421,0.7385821697099892,0.53,0,0,0,50.47712796284465,-24.279493294647807,43.859387055919754
119100,0.06,0,0.42056987177954475,0.631578947368421,0.7324489795918367,0.57,0,0,0,50.472903783061355,-24.28064190940537,43.858445215255884
119200,0.06,0,0.4206083738381347,0.631578947368421,0.7333190118152524,0.42,0,0,0,50.46636153095485,-24.28136125458776,43.86011556670506
119300,0.06,0,0.4206501526229211,0.631578947368421,0.739484425349087,0.53,0,0,0,50.463145209028866,-24.27985065905331,43.858554592872004
119400,0.06,0,0.4207117366089979,0.631578947368421,0.7337486573576799,0.54,0,0,0,50.460592074033656,-24.279629582557227,43.854353326019705
119500,0.06,0,0.420776633781083,0.631578947368421,0.7334479054779807,0.55,0,0,0,50.455455711433004,-24.282573940922717,43.85205326877163
119600,0.06,0,0.42085154692862914,0.631578947368421,0.7379806659505908,0.68,0,0,0,50.44301873914894,-24.280229638000893,43.85505745250731
119700,0.06,0,0.4208063499110689,0.631578947368421,0.7311815252416756,0.47,0,0,0,50.4466484689702,-24.280481310826318,43.85661194587258
119800,0.06,0,0.42075929743658286,0.631578947368421,0.7390762620837809,0.57,0,0,0,50.44844600340892,-24.2817280843385,43.85995348783781
119900,0.06,0,0.42076224233672604,0.631578947368421,0.7388292158968851,0.68,0,0,0,50.44512919858556,-24.279532173365656,43.86253031799617
120000,0.06,0,0.42076942870984835,0.631578947368421,0.7373039742212675,0.49,0,0,0,50.44503997859874,-24.27878938805571,43.86185876087333
120100,0.06,0,0.42076966329038584,0.631578947368421,0.7316541353383459,0.53,0,0,0,50.44402292158085,-24.278087263350493,43.86271865406311
120200,0.06,0,0.4207574587014704,0.631578947368421,0.7393984962406015,0.5,0,0,0,50.445573861158,-24.2775305300384,43.86264235624193
120300,0.06,0,0.4206466853108899,0.631578947368421,0.7395810955961332,0.57,0,0,0,50.45086714407636,-24.278406933429707,43.86958991381567
120400,0.06,0,0.4206646061997837,0.631578947368421,0.7360365198711063,0.55,0,0,0,50.45079438071078,-24.278630836808105,43.86778427798226
120500,0.06,0,0.4206481020644946,0.631578947368421,0.7391299677765844,0.59,0,0,0,50.456609641049646,-24.27939042069987,43.864449352415136
120600,0.06,0,0.4204671907242794,0.631578947368421,0.7369709989258861,0.51,0,0,0,50.47055357737996,-24.28106263493551,43.8711985628826
120700,0.06,0,0.4204434660732312,0.631578947368421,0.7442857142857143,0.52,0,0,0,50.47460325185391,-24.281914615411566,43.870154043775756
120800,0.06,0,0.4205264078050857,0.631578947368421,0.7424489795918368,0.55,0,0,0,50.47433127052749,-24.28214037888309,43.86173774483554
120900,0.06,0,0.42053575605630333,0.631578947368421,0.7453168635875402,0.59,0,0,0,50.474570236956524,-24.281270556155647,43.86055507131343
121000,0.06,0,0.420629000748409,0.631578947368421,0.7424167561761547,0.65,0,0,0,50.468726971373925,-24.280912581846916,43.85590914560656
121100,0.06,0,0.42067965729622675,0.631578947368421,0.7445864661654136,0.61,0,0,0,50.47046104550299,-24.28249431581202,43.84912156529244
121200,0.06,0,0.4207395253056003,0.631578947368421,0.7422771213748658,0.67,0,0,0,50.46821232419427,-24.282053503429662,43.84483568667757
121300,0.06,0,0.4207124552290057,0.631578947368421,0.737733619763695,0.51,0,0,0,50.47212467737586,-24.28106062916914,43.844257956476845
121400,0.06,0,0.4206655549595132,0.631578947368421,0.7351879699248121,0.58,0,0,0,50.476351031595904,-24.28289691632046,43.845474718218526
121500,0.06,0,0.4206310471149459,0.631578947368421,0.7348227712137486,0.51,0,0,0,50.48073798726448,-24.282821973545705,43.84526108494747
121600,0.06,0,0.4206569235467002,0.631578947368421,0.7341460794844253,0.6,0,0,0,50.48527115442403,-24.284159404226696,43.83862726675519
121700,0.06,0,0.42069263589564476,0.631578947368421,0.739828141783029,0.58,0,0,0,50.48445443387337,-24.284178703897503,43.83561497801143
121800,0.06,0,0.42063714680006603,0.631578947368421,0.737218045112782,0.59,0,0,0,50.491172558857656,-24.28593305046094,43.83556429465984
121900,0.06,0,0.42066804101043587,0.631578947368421,0.7345542427497315,0.57,0,0,0,50.48519780569327,-24.285792235139322,43.837532384838546
122000,0.06,0,0.42062310224120636,0.631578947368421,0.7344360902255639,0.52,0,0,0,50.48127420377552,-24.288655724785425,43.84562351231419
122100,0.06,0,0.42078519914027335,0.631578947368421,0.7376369495166487,0.53,0,0,0,50.470851665545155,-24.28895282905059,43.83778399055161
122200,0.06,0,0.42080297716382925,0.631578947368421,0.7334479054779807,0.6,0,0,0,50.47682865720016,-24.28985739519458,43.83074129909066
122300,0.06,0,0.42068025586104524,0.631578947368421,0.7417293233082707,0.62,0,0,0,50.48011641002857,-24.288959919006196,43.840672136660565
122400,0.06,0,0.420690088974397,0.631578947368421,0.7410526315789474,0.47,0,0,0,50.480384618302296,-24.29165374983955,43.8394144896275
122500,0.06,0,0.4207010598420067,0.631578947368421,0.737905477980666,0.52,0,0,0,50.478161825066444,-24.291141365530237,43.840201670888774
122600,0.06,0,0.4206269765712151,0.631578947368421,0.7338238453276047,0.64,0,0,0,50.481526954158085,-24.292706696115356,43.84500013327067
122700,0.06,0,0.42057195386063223,0.631578947368421,0.7370247046186896,0.51,0,0,0,50.489002285500064,-24.292233059219047,43.844243820843374
122800,0.06,0,0.4204847428868931,0.631578947368421,0.7324597207303974,0.53,0,0,0,50.49336680474717,-24.294444579789342,43.849546799376874
122900,0.06,0,0.4204199532935887,0.631578947368421,0.7350590762620838,0.53,0,0,0,50.49292856983216,-24.293979147946825,43.85668494952557
123000,0.06,0,0.4203144922219553,0.631578947368421,0.737389903329753,0.42,0,0,0,50.494490038705415,-24.293321253878776,43.86633248175925
123100,0.06,0,0.42036283520348866,0.631578947368421,0.7339849624060151,0.5,0,0,0,50.48698071040719,-24.293260280676837,43.86781155904047
123200,0.06,0,0.42031191688408753,0.631578947368421,0.7397744360902255,0.49,0,0,0,50.493523331003075,-24.29585474549305,43.867441093904546
123300,0.06,0,0.4202795994438661,0.631578947368421,0.7406659505907626,0.52,0,0,0,50.49281653182113,-24.295207060191096,43.871428389304555
123400,0.06,0,0.42029307602845334,0.631578947368421,0.74,0.51,0,0,0,50.49092592752951,-24.294433203840423,43.8716643519971
123500,0.06,0,0.42029112379200273,0.631578947368421,0.7428356605800215,0.52,0,0,0,50.494864563131465,-24.29431545057464,43.86844609708982
123600,0.06,0,0.42030455948494977,0.631578947368421,0.7450053705692803,0.53,0,0,0,50.492504103374046,-24.292722961543344,43.86909450155496
123700,0.06,0,0.4202747802589497,0.631578947368421,0.7379484425349087,0.58,0,0,0,50.48784167193664,-24.291549008945637,43.87625440778624
123800,0.06,0,0.4203159071422717,0.631578947368421,0.7400644468313641,0.63,0,0,0,50.489110573985386,-24.292195389240756,43.870858625046985
123900,0.06,0,0.4202929785602262,0.631578947368421,0.7364661654135338,0.56,0,0,0,50.493778820471725,-24.290994880261337,43.86919578129571
124000,0.06,0,0.42027524909143144,0.631578947368421,0.741890440386681,0.59,0,0,0,50.4944788499666,-24.291540320539504,43.870438214117854
124100,0.06,0,0.42027336792864917,0.631578947368421,0.7470032223415682,0.54,0,0,0,50.495009417976725,-24.290997351758165,43.87017361672163
124200,0.06,0,0.42028153700378934,0.631578947368421,0.7371321160042964,0.54,0,0,0,50.49201319243136,-24.290031957943444,43.87192413670884
124300,0.06,0,0.42030932933025206,0.631578947368421,0.7366058002148228,0.47,0,0,0,50.48949183564859,-24.288670197819524,43.87121391344401
124400,0.06,0,0.42024993342077543,0.631578947368421,0.7385606874328678,0.48,0,0,0,50.4993611990984,-24.287362193449425,43.86883923891336
124500,0.06,0,0.4202836310755228,0.631578947368421,0.7410526315789474,0.5,0,0,0,50.48973415818751,-24.28763659034613,43.8736858498716
124600,0.06,0,0.42031703601018683,0.631578947368421,0.7433190118152524,0.62,0,0,0,50.48850248079472,-24.286507344681482,43.87126918634048
124700,0.06,0,0.4203268063278722,0.631578947368421,0.740204081632653,0.6,0,0,0,50.483107524631464,-24.288135570696515,43.874937680113
124800,0.06,0,0.42032660491084817,0.631578947368421,0.7402577873254566,0.58,0,0,0,50.48805533370827,-24.289377349470815,43.87065897634724
124900,0.06,0,0.4202778502742816,0.631578947368421,0.7413748657357679,0.61,0,0,0,50.493467687903234,-24.291704063850666,43.871045217764184
125000,0.06,0,0.4202264111472155,0.631578947368421,0.7370569280343716,0.46,0,0,0,50.49690597404098,-24.290717854702844,43.87342788689937
125100,0.06,0,0.42025684537893937,0.631578947368421,0.7492373791621912,0.61,0,0,0,50.495843588476255,-24.28997158286418,43.87117364278902
125200,0.06,0,0.42013920097903645,0.631578947368421,0.7448335123523093,0.62,0,0,0,50.50349006657108,-24.291062786886783,43.87681396521727
125300,0.06,0,0.4200881686636649,0.631578947368421,0.7423952738990333,0.57,0,0,0,50.50193301350857,-24.289363803735394,43.88349707574806
125400,0.06,0,0.4201027054187991,0.631578947368421,0.7389258861439313,0.58,0,0,0,50.50939494651324,-24.291133209143435,43.87549574008374
125500,0.06,0,0.42013236042477925,0.631578947368421,0.7338023630504833,0.66,0,0,0,50.51667212523861,-24.29289029146702,43.866078754054385
125600,0.06,0,0.420118491355973,0.631578947368421,0.7356068743286789,0.63,0,0,0,50.51688040530372,-24.293711642381112,43.86734600836387
125700,0.06,0,0.42009030858343316,0.631578947368421,0.7403651987110633,0.49,0,0,0,50.523954465808465,-24.29467965982855,43.8641465009341
125800,0.06,0,0.4199908066791396,0.631578947368421,0.7433404940923738,0.55,0,0,0,50.53467902412682,-24.294319871918503,43.865227420856016
125900,0.06,0,0.41989591899698586,0.631578947368421,0.7463694951664877,0.65,0,0,0,50.53896384496364,-24.295606242559387,43.87142019836456
126000,0.06,0,0.41993430118379416,0.631578947368421,0.745671321160043,0.58,0,0,0,50.5409637040018,-24.297396137000746,43.86567453780984
126100,0.06,0,0.4198704203488926,0.631578947368421,0.7446294307196563,0.61,0,0,0,50.54430046691039,-24.297085993182254,43.86945214096012
126200,0.06,0,0.4199323811739552,0.631578947368421,0.7435230934479055,0.59,0,0,0,50.54491674426538,-24.2948638403849,43.86244441724465
126300,0.06,0,0.4200260480483965,0.631578947368421,0.7420085929108485,0.57,0,0,0,50.54329421625757,-24.294916421470003,43.85407072790935
126400,0.06,0,0.4200625795225154,0.631578947368421,0.7409559613319012,0.63,0,0,0,50.53356661423062,-24.294583828655984,43.858697961631485
126500,0.06,0,0.42002287584037984,0.631578947368421,0.736938775510204,0.61,0,0,0,50.53550547755624,-24.295553789415205,43.861160953947994
126600,0.06,0,0.4200330992169865,0.631578947368421,0.7494736842105263,0.62,0,0,0,50.53178779810109,-24.296056720888416,43.86332023273349
126700,0.06,0,0.4200456333362462,0.631578947368421,0.7473254564983888,0.53,0,0,0,50.529842879235495,-24.296059604609912,43.86369962639262
126800,0.06,0,0.42000933071341323,0.631578947368421,0.74343716433942,0.55,0,0,0,50.53267286608436,-24.295998299933576,43.86503417705588
126900,0.06,0,0.4199844018050218,0.631578947368421,0.7363050483351236,0.5,0,0,0,50.527116103725454,-24.296717686660894,43.87246224344778
127000,0.06,0,0.41995619644837345,0.631578947368421,0.7399033297529538,0.54,0,0,0,50.529871007160956,-24.297484141338593,43.87301673257116
127100,0.06,0,0.4198534208614311,0.631578947368421,0.7403544575725027,0.58,0,0,0,50.52959253892363,-24.297196599403993,43.88399821672951
127200,0.06,0,0.41988854314985713,0.631578947368421,0.7416970998925886,0.56,0,0,0,50.52799310473952,-24.297801959448687,43.88171647156635
127300,0.06,0,0.4199855861291123,0.631578947368421,0.7437271750805585,0.54,0,0,0,50.524599625180905,-24.29692054860368,43.87452367618873
127400,0.06,0,0.4199511028538038,0.631578947368421,0.7413211600429646,0.59,0,0,0,50.52358837090031,-24.29771137109856,43.87900456934662
127500,0.06,0,0.4199839689906788,0.631578947368421,0.7442105263157894,0.58,0,0,0,50.52647002050834,-24.2975516061029,43.87306845503336
127600,0.06,0,0.41988634122728236,0.631578947368421,0.7387862513426423,0.47,0,0,0,50.53685295645853,-24.297432074512315,43.874253442318626
127700,0.06,0,0.4198238280190715,0.631578947368421,0.7416111707841031,0.63,0,0,0,50.54864815458505,-24.298017273824918,43.870547173178146
127800,0.06,0,0.41982280641560893,0.631578947368421,0.7366487647690655,0.58,0,0,0,50.55695870878446,-24.29813209750954,43.86344246921794
127900,0.06,0,0.4197331603172503,0.631578947368421,0.7503222341568206,0.57,0,0,0,50.558148294974785,-24.300433568956162,43.871778483543245
128000,0.06,0,0.4197185376384049,0.631578947368421,0.7459398496240601,0.57,0,0,0,50.556846439904504,-24.30131911124368,43.87443669515587
128100,0.06,0,0.4196272185984119,0.631578947368421,0.74343716433942,0.55,0,0,0,50.56792527950712,-24.300390887006337,43.87437015890201
128200,0.06,0,0.41971094028423056,0.631578947368421,0.7439957035445757,0.67,0,0,0,50.56349106525623,-24.299033936081354,43.86946517283638
128300,0.06,0,0.41967393938712905,0.631578947368421,0.7488614393125671,0.65,0,0,0,50.56772433692121,-24.301210709139703,43.869660108814216
128400,0.06,0,0.4197219882060997,0.631578947368421,0.7409881847475832,0.58,0,0,0,50.56835600284535,-24.301803353027893,43.86409008227928
128500,0.06,0,0.41968606932150604,0.631578947368421,0.738109559613319,0.51,0,0,0,50.57604876583235,-24.302549403862,43.861171770189415
128600,0.06,0,0.41968467902658857,0.631578947368421,0.7350805585392052,0.49,0,0,0,50.57723927513851,-24.302064760157492,43.86028464269092
128700,0.06,0,0.41960775536225475,0.631578947368421,0.745810955961332,0.45,0,0,0,50.575416415812555,-24.301779776769084,43.869906352103946
128800,0.06,0,0.41959667665456285,0.631578947368421,0.7442642320085929,0.56,0,0,0,50.579465600155935,-24.30043239353213,43.86755252203726
128900,0.06,0,0.4196421080124234,0.631578947368421,0.7480880773361976,0.51,0,0,0,50.57427316882554,-24.30059779597718,43.867306694989104
129000,0.06,0,0.4196476934391834,0.631578947368421,0.7441783029001074,0.51,0,0,0,50.57266521521929,-24.30098253141631,43.86811756865817
129100,0.06,0,0.4196978564307126,0.631578947368421,0.745220193340494,0.58,0,0,0,50.576953792187645,-24.300941708713204,43.85915510836487
129200,0.06,0,0.4196545730459049,0.631578947368421,0.7467776584317938,0.6,0,0,0,50.57533109205525,-24.301340382939806,43.865086121804744
129300,0.06,0,0.4197375328115219,0.631578947368421,0.7408055853920515,0.55,0,0,0,50.56986672359482,-24.30019883437853,43.86115527049225
129400,0.06,0,0.4196942149981909,0.631578947368421,0.7411600429645543,0.7,0,0,0,50.56996993898384,-24.30023620533426,43.865592771294665
129500,0.06,0,0.4197053798050206,0.631578947368421,0.7409129967776584,0.58,0,0,0,50.565444898790815,-24.300869367874014,43.868351253394906
129600,0.06,0,0.4196750116667992,0.631578947368421,0.7499892588614393,0.6,0,0,0,50.56522106080626,-24.30035981921569,43.87171982166842
129700,0.06,0,0.4196424683999728,0.631578947368421,0.7425993555316863,0.52,0,0,0,50.56527180621532,-24.300887731008896,43.87507804142492
129800,0.06,0,0.41953372499123065,0.631578947368421,0.7392910848549946,0.53,0,0,0,50.566388080049386,-24.299846296018938,43.88548167813799
129900,0.06,0,0.4194375671524612,0.631578947368421,0.7460794844253491,0.46,0,0,0,50.57745912811777,-24.29953013402234,43.88593418688276
130000,0.06,0,0.41941406744817494,0.631578947368421,0.7423952738990333,0.48,0,0,0,50.58372033922221,-24.298788818908303,43.88296063984591
130100,0.06,0,0.4193984433296504,0.631578947368421,0.7421697099892589,0.62,0,0,0,50.59049258986504,-24.30020747656929,43.87872086808171
130200,0.06,0,0.4194282937420824,0.631578947368421,0.7495059076262084,0.45,0,0,0,50.592376065012665,-24.298947968465065,43.87396463082986
130300,0.06,0,0.4194816427250081,0.631578947368421,0.7502148227712138,0.57,0,0,0,50.588471662522046,-24.300608519387687,43.87177056070648
130400,0.06,0,0.419557107131029,0.631578947368421,0.7478625134264232,0.6,0,0,0,50.58212583045539,-24.300215828442532,43.86938247213243
130500,0.06,0,0.41951456568043055,0.631578947368421,0.7468098818474759,0.62,0,0,0,50.58358365662232,-24.30157779385139,43.87256665697023
130600,0.06,0,0.4194960347562257,0.631578947368421,0.7506981740064447,0.56,0,0,0,50.58146738927952,-24.30149479926966,43.87634035099948
130700,0.06,0,0.41949477070157315,0.631578947368421,0.7574543501611171,0.59,0,0,0,50.58118401943312,-24.30204075166385,43.876718370830766
130800,0.06,0,0.41948214292267333,0.631578947368421,0.7473469387755102,0.59,0,0,0,50.582846092468216,-24.305127898536938,43.876597439384966
130900,0.06,0,0.41943046591125943,0.631578947368421,0.7436734693877551,0.56,0,0,0,50.58025624231764,-24.307265104850227,43.8842502495683
131000,0.06,0,0.41937317356290255,0.631578947368421,0.7486143931256714,0.65,0,0,0,50.57922141909948,-24.307194311788518,43.89114343359307
131100,0.06,0,0.4193283274902037,0.631578947368421,0.7483458646616541,0.61,0,0,0,50.58371232805157,-24.307371037705366,43.89194032916729
131200,0.06,0,0.41932313393927334,0.631578947368421,0.7486680988184747,0.63,0,0,0,50.57846740869168,-24.308756453997926,43.89703554715952
131300,0.06,0,0.41939478740580505,0.631578947368421,0.7478839957035446,0.58,0,0,0,50.57109026815703,-24.30794763279403,43.89593821038393
131400,0.06,0,0.41936260492665295,0.631578947368421,0.7545649838882922,0.61,0,0,0,50.571015446113584,-24.307620692949627,43.899371797694464
131500,0.06,0,0.41935489500221546,0.631578947368421,0.7537701396348013,0.54,0,0,0,50.574420641173774,-24.308525044547064,43.89722308069678
131600,0.06,0,0.4194787198317455,0.631578947368421,0.7518474758324383,0.51,0,0,0,50.5678888624912,-24.30850151207028,43.8899336388687
131700,0.06,0,0.41960535996446613,0.631578947368421,0.7485069817400645,0.62,0,0,0,50.56345717797197,-24.30894958718771,43.88053293443384
131800,0.06,0,0.41961763676202646,0.631578947368421,0.7526852846401718,0.51,0,0,0,50.56300141786796,-24.310808020017706,43.87964463175869
131900,0.06,0,0.41962836277335336,0.631578947368421,0.749828141783029,0.53,0,0,0,50.557874340023496,-24.31038963858971,43.88297275991235
132000,0.06,0,0.41956972979886664,0.631578947368421,0.7452524167561762,0.47,0,0,0,50.56530651137111,-24.311393503906178,43.88265431475569
132100,0.06,0,0.4195115090477451,0.631578947368421,0.7492588614393125,0.64,0,0,0,50.566708245218216,-24.310984515105265,43.887527830827516
132200,0.06,0,0.41960944973025455,0.631578947368421,0.7562728249194415,0.61,0,0,0,50.56289042885056,-24.312408823494614,43.88059709154344
132300,0.06,0,0.4196967895474654,0.631578947368421,0.7465091299677766,0.51,0,0,0,50.569535825561914,-24.312411188945457,43.865700247461724
132400,0.06,0,0.4197495422114614,0.631578947368421,0.7480128893662729,0.48,0,0,0,50.567198539371184,-24.311887728678528,43.86221463748425
132500,0.06,0,0.4198075503028033,0.631578947368421,0.7479699248120301,0.49,0,0,0,50.56630907313696,-24.312222374840804,43.85692528632589
132600,0.06,0,0.41976994127832346,0.631578947368421,0.7512459720730398,0.65,0,0,0,50.563116783165206,-24.312213541669493,43.86362376432093
132700,0.06,0,0.41969940767426706,0.631578947368421,0.7537379162191192,0.57,0,0,0,50.56481563778514,-24.312531458307223,43.869521413658866
132800,0.06,0,0.41967511719081935,0.631578947368421,0.749656283566058,0.5,0,0,0,50.570808305581004,-24.313417895377665,43.86686168630056
132900,0.06,0,0.41970067115566756,0.631578947368421,0.7502255639097745,0.61,0,0,0,50.57759165292859,-24.313344140626526,43.85830783941283
133000,0.06,0,0.4196991468227275,0.631578947368421,0.7515145005370569,0.57,0,0,0,50.56881741268392,-24.31459941076958,43.86607705271724
133100,0.06,0,0.4197593608533718,0.631578947368421,0.7408378088077336,0.51,0,0,0,50.55691627520316,-24.316746521279242,43.870109138401496
133200,0.06,0,0.4197646886929382,0.631578947368421,0.7422986036519871,0.5,0,0,0,50.55731271879808,-24.31634192846791,43.86920831779306
133300,0.06,0,0.4198524971230399,0.631578947368421,0.7420085929108485,0.55,0,0,0,50.54718830962882,-24.31711435474317,43.86881845907119
133400,0.06,0,0.4199986197162792,0.631578947368421,0.7394736842105263,0.46,0,0,0,50.539950239771294,-24.316810172685386,43.859836446316756
133500,0.06,0,0.41995020237244846,0.631578947368421,0.7453168635875402,0.66,0,0,0,50.5504583007906,-24.316884146613837,43.85577486662117
133600,0.06,0,0.4199611469346532,0.631578947368421,0.7423630504833513,0.54,0,0,0,50.54884467114087,-24.317537962501607,43.85603188173956
133700,0.06,0,0.41999804258807427,0.631578947368421,0.7425241675617615,0.53,0,0,0,50.54436102014494,-24.319138788072053,43.85606925798309
133800,0.06,0,0.42005180445724405,0.631578947368421,0.7467776584317938,0.63,0,0,0,50.54007913925345,-24.320485592985346,43.854171297717926
133900,0.06,0,0.41999262967431134,0.631578947368421,0.7478839957035446,0.6,0,0,0,50.53725834705968,-24.31942754397026,43.862798236252125
134000,0.06,0,0.4200357537052456,0.631578947368421,0.7465198711063372,0.57,0,0,0,50.5305574249151,-24.318755144076487,43.864111056195085
134100,0.06,0,0.4199953423154666,0.631578947368421,0.7368528464017186,0.54,0,0,0,50.52376137952847,-24.319779392812723,43.8742324133725
134200,0.06,0,0.420000586247598,0.631578947368421,0.7398711063372717,0.5,0,0,0,50.51779449774385,-24.31952304025966,43.8788667364613
134300,0.06,0,0.41999279346918605,0.631578947368421,0.7487003222341568,0.53,0,0,0,50.52266184742026,-24.318289086540968,43.87545352384597
134400,0.06,0,0.4199965792395885,0.631578947368421,0.7517078410311493,0.56,0,0,0,50.520661452489946,-24.320737113308983,43.87679529713964
134500,0.06,0,0.4199699078460136,0.631578947368421,0.747937701396348,0.57,0,0,0,50.521825220023,-24.322351451676674,43.87857105506172
134600,0.06,0,0.4200062417829497,0.631578947368421,0.7532223415682062,0.6,0,0,0,50.523844944752334,-24.324420165312116,43.87302128008608
134700,0.06,0,0.4200340959121818,0.631578947368421,0.7440494092373792,0.58,0,0,0,50.51636056586276,-24.324410465917616,43.87661157292887
134800,0.06,0,0.4199690811919906,0.631578947368421,0.7438453276047261,0.64,0,0,0,50.51719613848804,-24.323877332774767,43.88267819142291
134900,0.06,0,0.41998756903147233,0.631578947368421,0.7456390977443609,0.64,0,0,0,50.51457740840475,-24.324013601138496,43.883021302464314
135000,0.06,0,0.42000125705864455,0.631578947368421,0.751858216970999,0.63,0,0,0,50.515862467447526,-24.32323693121323,43.88047484369414
135100,0.06,0,0.4200459302226819,0.631578947368421,0.7456176154672395,0.57,0,0,0,50.5051003140304,-24.324724880347997,43.88515753623368
135200,0.06,0,0.4201446160460177,0.631578947368421,0.7392910848549946,0.58,0,0,0,50.500539412892635,-24.324744929349468,43.87881206397984
135300,0.06,0,0.4201416023912117,0.631578947368421,0.7380988184747583,0.64,0,0,0,50.497246606567906,-24.326001708762476,43.88198805886023
135400,0.06,0,0.4201588353565148,0.631578947368421,0.7393555316863587,0.52,0,0,0,50.49909408765474,-24.324730900000652,43.87858289126252
135500,0.06,0,0.4200754532224558,0.631578947368421,0.7365413533834586,0.56,0,0,0,50.503476188886204,-24.32507609706006,43.883484466801576
135600,0.06,0,0.42009156673227493,0.631578947368421,0.74171858216971,0.55,0,0,0,50.492470499604124,-24.32403550677821,43.89136600390055
135700,0.06,0,0.4201757764789122,0.631578947368421,0.7398711063372717,0.66,0,0,0,50.488831975658066,-24.324079119528676,43.88573193055555
135800,0.06,0,0.42020069477344524,0.631578947368421,0.7367132116004297,0.6,0,0,0,50.48912490086917,-24.321753379803017,43.88287486668625
135900,0.06,0,0.4201667562362999,0.631578947368421,0.7409129967776584,0.61,0,0,0,50.49855176383124,-24.319601132445236,43.878226923557314
136000,0.06,0,0.4202333225545933,0.631578947368421,0.7440171858216971,0.59,0,0,0,50.4993741025903,-24.317839571483724,43.870562064504675
136100,0.06,0,0.4201814516972747,0.631578947368421,0.738625134264232,0.47,0,0,0,50.50335859501944,-24.31831485133253,43.872516207415806
136200,0.06,0,0.4203277337985353,0.631578947368421,0.741858216970999,0.45,0,0,0,50.492359387347534,-24.318130026657215,43.86680155279483
136300,0.06,0,0.4202083524819681,0.631578947368421,0.74515574650913,0.49,0,0,0,50.50047162871068,-24.31838414654355,43.87221549318862
136400,0.06,0,0.4200597307726645,0.631578947368421,0.7504833512352309,0.52,0,0,0,50.50412483248865,-24.319818895693604,43.88456335200074
136500,0.06,0,0.4200330567001226,0.631578947368421,0.7416111707841031,0.56,0,0,0,50.503935802517624,-24.319088822554416,43.887514492867886
136600,0.06,0,0.4200821707115627,0.631578947368421,0.7406122448979592,0.59,0,0,0,50.49892054352552,-24.31985748376933,43.88674151621306
136700,0.06,0,0.4200141927380103,0.631578947368421,0.7357465091299678,0.45,0,0,0,50.50551838558915,-24.31935892799976,43.88811032801942
136800,0.06,0,0.42000188963968,0.631578947368421,0.736047261009667,0.5,0,0,0,50.50520898262908,-24.316356768313238,43.88966481409135
136900,0.06,0,0.41997422802692236,0.631578947368421,0.7421374865735768,0.49,0,0,0,50.50273724600442,-24.317609056493858,43.89470382490452
137000,0.06,0,0.419985690830858,0.631578947368421,0.745295381310419,0.47,0,0,0,50.502089988519884,-24.31623392555607,43.89406835159743
137100,0.06,0,0.41997220228448834,0.631578947368421,0.739312567132116,0.51,0,0,0,50.49980366860358,-24.317041138992952,43.89746544541025
137200,0.06,0,0.4199836883261653,0.631578947368421,0.738625134264232,0.48,0,0,0,50.501900154351276,-24.317422632901064,43.8944426373027
137300,0.06,0,0.4199547249645493,0.631578947368421,0.7465413533834586,0.6,0,0,0,50.493693439365906,-24.316521721348423,43.90460457534129
137400,0.06,0,0.41993082189090597,0.631578947368421,0.7444360902255639,0.54,0,0,0,50.49200644351717,-24.316673773395756,43.90857067603725
137500,0.06,0,0.4199222949396419,0.631578947368421,0.7440064446831364,0.46,0,0,0,50.48959916478028,-24.31684050122737,43.91155583075687
137600,0.06,0,0.4199633484458862,0.631578947368421,0.7399892588614393,0.54,0,0,0,50.481932686924864,-24.317015080723102,43.91393126833857
137700,0.06,0,0.41999503338409383,0.631578947368421,0.7384962406015038,0.54,0,0,0,50.474965453687794,-24.317459493771906,43.91667948154578
137800,0.06,0,0.4199885426757426,0.631578947368421,0.7394092373791622,0.59,0,0,0,50.48382563124865,-24.317832865237836,43.909650463484546
137900,0.06,0,0.42006640143685264,0.631578947368421,0.7427712137486574,0.6,0,0,0,50.48389509083755,-24.31743958653612,43.9014514638415
138000,0.06,0,0.4200551776112395,0.631578947368421,0.7358324382384532,0.55,0,0,0,50.479399084966474,-24.318790465748595,43.90653474339299
138100,0.06,0,0.42003581509866916,0.631578947368421,0.7374328678839958,0.53,0,0,0,50.48291057863768,-24.319011450431347,43.90550452117162
138200,0.06,0,0.4199290816096213,0.631578947368421,0.7393984962406015,0.66,0,0,0,50.493252382406205,-24.318538884804394,43.90766917907983
138300,0.06,0,0.41992445440058485,0.631578947368421,0.7411815252416756,0.55,0,0,0,50.49407436693761,-24.317351975368293,43.90743823068736
138400,0.06,0,0.4199026837141978,0.631578947368421,0.7454027926960258,0.6,0,0,0,50.49382578445415,-24.31749195368418,43.90993086751973
138500,0.06,0,0.41985996035127493,0.631578947368421,0.750515574650913,0.65,0,0,0,50.49459040798404,-24.31945356662424,43.913733994367114
138600,0.06,0,0.41982590604654707,0.631578947368421,0.7505907626208378,0.6,0,0,0,50.498970893914226,-24.320320236049508,43.91348650540485
138700,0.06,0,0.4198152594278441,0.631578947368421,0.7469172932330828,0.69,0,0,0,50.49641928139478,-24.32106370744327,43.916819191763054
138800,0.06,0,0.41987746025927597,0.631578947368421,0.7365198711063373,0.48,0,0,0,50.49074635905423,-24.32169801080808,43.91524690816097
138900,0.06,0,0.41998027787305026,0.631578947368421,0.7379806659505908,0.53,0,0,0,50.483096458568596,-24.321181685152254,43.91114880160523
139000,0.06,0,0.4199310640185954,0.631578947368421,0.7515252416756176,0.63,0,0,0,50.48321826415437,-24.321835027232662,43.91618901122704
139100,0.06,0,0.41995044743738097,0.631578947368421,0.7459720730397422,0.51,0,0,0,50.482145574337125,-24.322611512255357,43.91509512358606
139200,0.06,0,0.41996994626636386,0.631578947368421,0.7468421052631579,0.52,0,0,0,50.48539840671482,-24.32101863526321,43.91022681620014
139300,0.06,0,0.41998684107273265,0.631578947368421,0.7452738990332975,0.51,0,0,0,50.49121789082065,-24.319579486930177,43.90339966704526
139400,0.06,0,0.4200017797490482,0.631578947368421,0.7387218045112782,0.53,0,0,0,50.493040025350155,-24.32118503966707,43.90025382653956
139500,0.06,0,0.41999254956083465,0.631578947368421,0.7349194414607948,0.51,0,0,0,50.49229343030708,-24.31938646521944,43.90186776099058
139600,0.06,0,0.41994650270211636,0.631578947368421,0.7425134264232008,0.58,0,0,0,50.49069734732472,-24.318126810024214,43.90806952485971
139700,0.06,0,0.42004035508649823,0.631578947368421,0.736390977443609,0.58,0,0,0,50.4876450075536,-24.31821111777544,43.9009128197348
139800,0.06,0,0.42012323784982375,0.631578947368421,0.7486680988184747,0.47,0,0,0,50.490772978364454,-24.317990507552825,43.88953277511003
139900,0.06,0,0.42015955779725844,0.631578947368421,0.7444468313641246,0.49,0,0,0,50.48970761850634,-24.31863774614487,43.88666483490909
140000,0.06,0,0.42012208772866366,0.631578947368421,0.7387325456498389,0.58,0,0,0,50.4923377522561,-24.32008515232868,43.888292772014026
140100,0.06,0,0.4201298091272741,0.631578947368421,0.7425886143931256,0.5,0,0,0,50.49184750348724,-24.319914567909812,43.88791229050352
140200,0.06,0,0.42012557488021746,0.631578947368421,0.7463050483351236,0.52,0,0,0,50.48920337895664,-24.31961576173251,43.890653053457456
140300,0.06,0,0.4201532701689017,0.631578947368421,0.7370676691729323,0.5,0,0,0,50.48636879245028,-24.3197367851388,43.89022401229631
140400,0.06,0,0.4202299180533154,0.631578947368421,0.7393233082706767,0.47,0,0,0,50.484081492594804,-24.320128122759368,43.88420683677832
140500,0.06,0,0.42017315932378246,0.631578947368421,0.7364017185821697,0.48,0,0,0,50.491482543490896,-24.32037454095713,43.88370147295129
140600,0.06,0,0.42015725392915776,0.631578947368421,0.7354887218045113,0.49,0,0,0,50.49786982810431,-24.321157186430806,43.87981183257465
140700,0.06,0,0.42016584317883265,0.631578947368421,0.7406766917293233,0.59,0,0,0,50.50128087006881,-24.3183096765129,43.87595107549466
140800,0.06,0,0.4202291136316274,0.631578947368421,0.7372717508055854,0.61,0,0,0,50.49438302892363,-24.31763064726494,43.875337853704806
140900,0.06,0,0.42024659058935315,0.631578947368421,0.7402792696025778,0.48,0,0,0,50.49411917958486,-24.318574598718993,43.87374244740572
141000,0.06,0,0.4202932922371365,0.631578947368421,0.7466272824919441,0.56,0,0,0,50.489298516542654,-24.320423884883517,43.87305588883165
141100,0.06,0,0.42020108687762875,0.631578947368421,0.7379591836734694,0.58,0,0,0,50.48879219711219,-24.31963987387251,43.88312309082267
141200,0.06,0,0.4201575245398052,0.631578947368421,0.7301933404940923,0.57,0,0,0,50.49872200816371,-24.31918901400057,43.8790430873043
141300,0.06,0,0.42013666182467324,0.631578947368421,0.7358324382384532,0.53,0,0,0,50.50856615202619,-24.31600137988834,43.87266951649538
141400,0.06,0,0.42018543307265765,0.631578947368421,0.7356820622986037,0.62,0,0,0,50.50735290384325,-24.3160959346307,43.86863093451126
141500,0.06,0,0.42011676185066493,0.631578947368421,0.7376906552094522,0.48,0,0,0,50.50899028939397,-24.315417537591596,43.874379237035576
141600,0.06,0,0.4200942130633048,0.631578947368421,0.7480988184747583,0.56,0,0,0,50.514030922739614,-24.316347196702996,43.87235589964442
141700,0.06,0,0.4201234878209082,0.631578947368421,0.7433404940923738,0.54,0,0,0,50.515564082110394,-24.317762666451696,43.867967372498946
141800,0.06,0,0.4201121919684645,0.631578947368421,0.737593984962406,0.59,0,0,0,50.512803315457,-24.316046517054307,43.87154454044616
141900,0.06,0,0.42005094514657465,0.631578947368421,0.7315682062298604,0.57,0,0,0,50.51301684940309,-24.31580462395883,43.877755880674115
142000,0.06,0,0.42005505177853564,0.631578947368421,0.7395488721804512,0.58,0,0,0,50.51129158524485,-24.318428618842518,43.878825587978106
142100,0.06,0,0.41996554975542677,0.631578947368421,0.747593984962406,0.63,0,0,0,50.51751863919239,-24.320668868848397,43.88276704859772
142200,0.06,0,0.42001972533735926,0.631578947368421,0.7438023630504833,0.54,0,0,0,50.51847050812067,-24.320149452351167,43.87628016672245
142300,0.06,0,0.4199934200359925,0.631578947368421,0.7441460794844253,0.46,0,0,0,50.5194362568678,-24.32118832491097,43.87818944628877
142400,0.06,0,0.41995937810955913,0.631578947368421,0.7396777658431793,0.64,0,0,0,50.52290001348629,-24.321506492919518,43.87873776294377
142500,0.06,0,0.4199320567058026,0.631578947368421,0.7440601503759399,0.55,0,0,0,50.52358574833516,-24.318845564494342,43.880996992900926
142600,0.06,0,0.4200083657198391,0.631578947368421,0.7445972073039743,0.53,0,0,0,50.51367639719307,-24.318216222634902,43.88163113898802
142700,0.06,0,0.4200137531886418,0.631578947368421,0.7428356605800215,0.55,0,0,0,50.509214325390246,-24.31795541789227,43.88494480413724
142800,0.06,0,0.420137196452859,0.631578947368421,0.7405907626208378,0.54,0,0,0,50.50483781190924,-24.315430277743904,43.87585242789438
142900,0.06,0,0.420100303501192,0.631578947368421,0.7399033297529538,0.44,0,0,0,50.507593958902255,-24.31701880578323,43.877311108413046
143000,0.06,0,0.42010597742382805,0.631578947368421,0.7434479054779807,0.47,0,0,0,50.4998631437067,-24.31654619716795,43.88343540982041
143100,0.06,0,0.42011606810642754,0.631578947368421,0.7407089151450054,0.56,0,0,0,50.50224268024021,-24.31933501516937,43.880313756892015
143200,0.06,0,0.4201140948866346,0.631578947368421,0.7374221267454351,0.47,0,0,0,50.512062903318444,-24.319552773114083,43.87198889477371
143300,0.06,0,0.42014142772927665,0.631578947368421,0.7388506981740064,0.68,0,0,0,50.507875146234895,-24.321815120113683,43.87277206544512
143400,0.06,0,0.4202062004830336,0.631578947368421,0.7396992481203007,0.5,0,0,0,50.50884337089074,-24.323676276281304,43.86516840433752
143500,0.06,0,0.42020606022420715,0.631578947368421,0.7428893662728249,0.65,0,0,0,50.51227617430299,-24.322773454683045,43.86220197751441
143600,0.06,0,0.420254060573163,0.631578947368421,0.7513211600429646,0.56,0,0,0,50.506378167611814,-24.32172444558249,43.86231368008379
143700,0.06,0,0.4202698564457443,0.631578947368421,0.7477443609022556,0.64,0,0,0,50.515496741163986,-24.32289172306615,43.852747804793054
143800,0.06,0,0.42034393309653506,0.631578947368421,0.7387110633727175,0.62,0,0,0,50.5161532013114,-24.322495556841083,43.84444992512004
143900,0.06,0,0.42042944106779445,0.631578947368421,0.7392588614393125,0.51,0,0,0,50.50775825436642,-24.321629624523116,43.84281868273363
144000,0.06,0,0.4204112670523894,0.631578947368421,0.7377765843179377,0.61,0,0,0,50.502955505580786,-24.321812369597698,43.84888353072346
144100,0.06,0,0.42041845986320464,0.631578947368421,0.743576799140709,0.64,0,0,0,50.497550489675405,-24.32043218618961,43.852826627735176
144200,0.06,0,0.42051981560671436,0.631578947368421,0.737389903329753,0.53,0,0,0,50.487888078715194,-24.31868483213692,43.85064756985457
144300,0.06,0,0.42050482062803934,0.631578947368421,0.7398925886143931,0.61,0,0,0,50.49372890880969,-24.317868932644252,43.84713868391925
144400,0.06,0,0.4204911959930307,0.631578947368421,0.7367669172932331,0.57,0,0,0,50.49253535717032,-24.31779999123406,43.84959590645822
144500,0.06,0,0.4205371322682708,0.631578947368421,0.7377980665950591,0.62,0,0,0,50.48690672420826,-24.317897202378646,43.84969423557759
144600,0.06,0,0.42059211060454427,0.631578947368421,0.7278839957035446,0.57,0,0,0,50.47415119001026,-24.31718180431623,43.85504234762576
144700,0.06,0,0.42050557898858243,0.631578947368421,0.7421374865735768,0.59,0,0,0,50.48584455310154,-24.319011864585313,43.85390718693617
144800,0.06,0,0.4205802094841456,0.631578947368421,0.7403544575725027,0.62,0,0,0,50.488206671313655,-24.31849034907221,43.84407409878234
144900,0.06,0,0.420459170696538,0.631578947368421,0.7426315789473684,0.64,0,0,0,50.50393758997128,-24.3185002419933,43.8430351761427
145000,0.06,0,0.4204381529830177,0.631578947368421,0.7378195488721805,0.68,0,0,0,50.50613541532376,-24.31736235820063,43.843318921331154
145100,0.06,0,0.42043922731089783,0.631578947368421,0.7394951664876477,0.62,0,0,0,50.500422157333645,-24.317792489211374,43.848166998715556
145200,0.06,0,0.4204208002562712,0.631578947368421,0.7481310418904404,0.54,0,0,0,50.50359603099784,-24.316765020041103,43.84733312773998
145300,0.06,0,0.4204623059455676,0.631578947368421,0.7324919441460794,0.51,0,0,0,50.494446781692965,-24.316827331373187,43.85094881741747
145400,0.06,0,0.4204960367243118,0.631578947368421,0.7291944146079484,0.57,0,0,0,50.488755300718346,-24.315287617560752,43.85237406151613
145500,0.06,0,0.4205576896918229,0.631578947368421,0.7361976369495167,0.52,0,0,0,50.48444152284777,-24.31632172949005,43.84969191967963
145600,0.06,0,0.42059091161160733,0.631578947368421,0.7311063372717508,0.62,0,0,0,50.48224448759432,-24.318145646951887,43.84813652003806
145700,0.06,0,0.4205408218344399,0.631578947368421,0.7328249194414608,0.49,0,0,0,50.490585156654326,-24.315904432382247,43.846114935278074
145800,0.06,0,0.4205017373116781,0.631578947368421,0.7401181525241676,0.53,0,0,0,50.48773695629223,-24.318686025009786,43.85266406728818
145900,0.06,0,0.42048164402495875,0.631578947368421,0.7393877551020408,0.52,0,0,0,50.483985869695104,-24.317736964945855,43.858018144911654
146000,0.06,0,0.42050942641426803,0.631578947368421,0.7413104189044039,0.52,0,0,0,50.48074951776901,-24.31826980880184,43.857932094147166
146100,0.06,0,0.42042635570887243,0.631578947368421,0.7420515574650913,0.72,0,0,0,50.490127698251996,-24.319271968467984,43.85844993621303
146200,0.06,0,0.42041624675201666,0.631578947368421,0.7392910848549946,0.58,0,0,0,50.493211656096385,-24.319464668773445,43.85682572464899
146300,0.06,0,0.42044735164092234,0.631578947368421,0.7380236305048335,0.55,0,0,0,50.48920267974405,-24.320629215763184,43.85706326690192
146400,0.06,0,0.42048870381285003,0.631578947368421,0.7331041890440386,0.51,0,0,0,50.49160754670164,-24.320733926555956,43.85066156184006
146500,0.06,0,0.42059953479616385,0.631578947368421,0.7367239527389904,0.5,0,0,0,50.48616546681536,-24.321023454748556,43.84383216935541
146600,0.06,0,0.42050054434489714,0.631578947368421,0.7402363050483352,0.59,0,0,0,50.499296556614695,-24.32123923110596,43.84275030435278
146700,0.06,0,0.4204221164976415,0.631578947368421,0.745531686358754,0.47,0,0,0,50.50733358769903,-24.321818758780378,43.84395114753757
146800,0.06,0,0.42038319105714345,0.631578947368421,0.7514715359828141,0.51,0,0,0,50.51239564557667,-24.321360201093775,43.843616692258806
146900,0.06,0,0.42036548520779804,0.631578947368421,0.7439849624060151,0.62,0,0,0,50.51357076893386,-24.319357606602104,43.8444433914197
147000,0.06,0,0.4203341863947334,0.631578947368421,0.7402470461868959,0.63,0,0,0,50.50974809902953,-24.32177885533402,43.851026599334915
147100,0.06,0,0.4203581606104084,0.631578947368421,0.7379162191192267,0.46,0,0,0,50.51279019885806,-24.321260672776372,43.84588490232788
147200,0.06,0,0.42031316025078647,0.631578947368421,0.7415252416756176,0.63,0,0,0,50.52172621898329,-24.322731817013185,43.84282315073729
147300,0.06,0,0.42024696167362485,0.631578947368421,0.7411922663802363,0.48,0,0,0,50.52553349339325,-24.323505038144592,43.84642517594653
147400,0.06,0,0.42016836945555636,0.631578947368421,0.7463694951664877,0.51,0,0,0,50.535917769036956,-24.323286184449326,43.845615237620684
147500,0.06,0,0.420176962663551,0.631578947368421,0.7462943071965629,0.53,0,0,0,50.5360851757797,-24.32333242788987,43.84457329251392
147600,0.06,0,0.42027974684608244,0.631578947368421,0.7388936627282492,0.62,0,0,0,50.52385487579578,-24.325851982971102,43.84446145636827
147700,0.06,0,0.42023494670655254,0.631578947368421,0.746938775510204,0.64,0,0,0,50.531476773534756,-24.32629561705702,43.84252162965843
147800,0.06,0,0.42027325769525403,0.631578947368421,0.7416541353383459,0.56,0,0,0,50.52720900969759,-24.32538507349,43.8422278687584
147900,0.06,0,0.42022993387712965,0.631578947368421,0.7456176154672395,0.57,0,0,0,50.530633879516756,-24.32423781862412,43.84377595668069
148000,0.06,0,0.42012304819602353,0.631578947368421,0.7514607948442535,0.58,0,0,0,50.53586044167672,-24.325547655828167,43.850394877435264
148100,0.06,0,0.41998444676291724,0.631578947368421,0.7498174006444683,0.6,0,0,0,50.540096580252786,-24.324512594347294,43.861189555022584
148200,0.06,0,0.4199804335802227,0.631578947368421,0.7405477980665951,0.52,0,0,0,50.544947857871385,-24.32507681081201,43.857398862625274
148300,0.06,0,0.4199771884549795,0.631578947368421,0.7440494092373792,0.47,0,0,0,50.5417233539003,-24.32719828800974,43.860535818083385
148400,0.06,0,0.4199442904792145,0.631578947368421,0.7456068743286789,0.59,0,0,0,50.53807459693977,-24.32685139359172,43.867138703312236
148500,0.06,0,0.41986602888151403,0.631578947368421,0.7369280343716434,0.49,0,0,0,50.544812590735305,-24.32867053720391,43.869466487593435
148600,0.06,0,0.4197943093056571,0.631578947368421,0.7509452201933405,0.52,0,0,0,50.54500612007279,-24.32940271077999,43.876793349098044
148700,0.06,0,0.4197982600507468,0.631578947368421,0.7446938775510205,0.55,0,0,0,50.543124673247995,-24.328032970520145,43.8780137021613
148800,0.06,0,0.4199036420760613,0.631578947368421,0.7472932330827068,0.47,0,0,0,50.536031009575936,-24.32696062340658,43.8731593040555
148900,0.06,0,0.41984575221496195,0.631578947368421,0.7480880773361976,0.58,0,0,0,50.53314276206858,-24.326998936118283,43.88171663353303
149000,0.06,0,0.41987319591064937,0.631578947368421,0.7482491944146079,0.56,0,0,0,50.5272251717005,-24.32812724532018,43.88398739594544
149100,0.06,0,0.41979955802928276,0.631578947368421,0.7395273899033298,0.63,0,0,0,50.53172386251558,-24.32702943711373,43.887777626385784
149200,0.06,0,0.4198512749137024,0.631578947368421,0.7429108485499463,0.53,0,0,0,50.528488679779755,-24.326182535671332,43.88518122372129
149300,0.06,0,0.419885778180691,0.631578947368421,0.7451772287862514,0.56,0,0,0,50.53132643922176,-24.325329333472308,43.87911072755073
149400,0.06,0,0.4198437748427421,0.631578947368421,0.7492481203007518,0.58,0,0,0,50.533613008321126,-24.325413071706933,43.88151495860528
149500,0.06,0,0.4197939980283039,0.631578947368421,0.7378947368421053,0.48,0,0,0,50.53470348090533,-24.325269799950043,43.88577116439506
149600,0.06,0,0.419788013369655,0.631578947368421,0.737250268528464,0.55,0,0,0,50.54038720214459,-24.32708552324893,43.88146139659572
149700,0.06,0,0.4197516377034055,0.631578947368421,0.7459720730397422,0.62,0,0,0,50.547082544597885,-24.324344074184467,43.879451228578276
149800,0.06,0,0.4198257786685797,0.631578947368421,0.7522126745435016,0.57,0,0,0,50.540742653820075,-24.324408699419923,43.87720546384974
149900,0.06,0,0.4197392831976256,0.631578947368421,0.7466272824919441,0.65,0,0,0,50.541614100711854,-24.325040317421323,43.88549052439282
150000,0.06,0,0.4197627113478974,0.631578947368421,0.7492266380236305,0.6,0,0,0,50.54179621743146,-24.324619349851112,43.88288302710583
150100,0.06,0,0.4196928184457479,0.631578947368421,0.7459505907626208,0.55,0,0,0,50.543078092686706,-24.325078851049497,43.88907785146157
150200,0.06,0,0.4196962972489188,0.631578947368421,0.7479162191192267,0.51,0,0,0,50.54296962038258,-24.325657051990174,43.888808252448875
150300,0.06,0,0.41961542488023884,0.631578947368421,0.7427389903329753,0.55,0,0,0,50.54959804900675,-24.326516301570813,43.891510803841776
150400,0.06,0,0.41952716309354887,0.631578947368421,0.7471428571428571,0.54,0,0,0,50.54874228875058,-24.326039331804488,43.901488087376755
150500,0.06,0,0.4196342367716945,0.631578947368421,0.7512781954887218,0.63,0,0,0,50.53892127050013,-24.326906574391256,43.89881522060849
150600,0.06,0,0.41964476883462914,0.631578947368421,0.7463694951664877,0.39,0,0,0,50.535062698305744,-24.327211198758604,43.90106524879273
150700,0.06,0,0.4196502227026667,0.631578947368421,0.7536842105263157,0.58,0,0,0,50.532649024741445,-24.326178589130695,43.90259159187201
150800,0.06,0,0.41961213207839937,0.631578947368421,0.7460150375939849,0.54,0,0,0,50.53158138165502,-24.326159247946524,43.90750455290187
150900,0.06,0,0.4196832706443529,0.631578947368421,0.7483566058002148,0.53,0,0,0,50.52447535259444,-24.326631126146737,43.90623633189756
151000,0.06,0,0.4196370874929922,0.631578947368421,0.7478732545649839,0.62,0,0,0,50.529014913133345,-24.327378897705188,43.90712343207328
151100,0.06,0,0.419698542354742,0.631578947368421,0.7458968850698174,0.55,0,0,0,50.5238305629403,-24.327719678147457,43.90519901601387
151200,0.06,0,0.419658833975343,0.631578947368421,0.752062298603652,0.59,0,0,0,50.5184452126058,-24.32654623421573,43.91403416334471
151300,0.06,0,0.4196107994055062,0.631578947368421,0.7459720730397422,0.57,0,0,0,50.51500156799798,-24.325026890811774,43.922055177538034
151400,0.06,0,0.41968154909857414,0.631578947368421,0.7531578947368421,0.59,0,0,0,50.51869908262565,-24.326484724996664,43.91143666309695
151500,0.06,0,0.4196845569941392,0.631578947368421,0.7526638023630505,0.52,0,0,0,50.520073595467466,-24.326281423082943,43.909927246752595
151600,0.06,0,0.41966622768234635,0.631578947368421,0.7477551020408163,0.66,0,0,0,50.51534233080415,-24.324225478062104,43.91595783496658
151700,0.06,0,0.4196796109326003,0.631578947368421,0.7464446831364124,0.61,0,0,0,50.50780144315833,-24.326506228830308,43.921113896662234
151800,0.06,0,0.4197623546328077,0.631578947368421,0.7427282491944146,0.52,0,0,0,50.507189645107424,-24.32644767077596,43.91298806699491
151900,0.06,0,0.41970355078608135,0.631578947368421,0.7506766917293233,0.58,0,0,0,50.509606283202395,-24.326502508452133,43.91703931370519
152000,0.06,0,0.41965354036535313,0.631578947368421,0.7461331901181525,0.61,0,0,0,50.51261149255936,-24.32692071982662,43.91965981736332
152100,0.06,0,0.41968696932405447,0.631578947368421,0.7445112781954887,0.66,0,0,0,50.51815606196237,-24.326540793591835,43.91134154902145
152200,0.06,0,0.41971182247462135,0.631578947368421,0.7497636949516648,0.52,0,0,0,50.5182827720206,-24.32636237859253,43.908631215831484
152300,0.06,0,0.4197113607200215,0.631578947368421,0.748453276047261,0.43,0,0,0,50.51773593782617,-24.325811765244637,43.9091548166831
152400,0.06,0,0.41969293020249543,0.631578947368421,0.7484640171858217,0.62,0,0,0,50.51468667916998,-24.327227425413255,43.91373369611145
152500,0.06,0,0.41976488506929566,0.631578947368421,0.7483458646616541,0.59,0,0,0,50.508404029267545,-24.325904102956283,43.91166754686916
152600,0.06,0,0.41977412799667657,0.631578947368421,0.748109559613319,0.67,0,0,0,50.50748699097686,-24.32779177513882,43.91149792799735
152700,0.06,0,0.41981906649949613,0.631578947368421,0.7466487647690655,0.64,0,0,0,50.51469414731772,-24.328163187230025,43.900533151039895
152800,0.06,0,0.4198297420522855,0.631578947368421,0.7467883995703545,0.62,0,0,0,50.520756762759675,-24.32849203179302,43.89414879719796
152900,0.06,0,0.4198085383834527,0.631578947368421,0.7448872180451128,0.59,0,0,0,50.522622763343364,-24.33077378575671,43.8947445340213
153000,0.06,0,0.4198604300280903,0.631578947368421,0.7445327604726101,0.54,0,0,0,50.517558427786,-24.331190274431798,43.893719329280884
153100,0.06,0,0.4197876725675117,0.631578947368421,0.7500107411385607,0.62,0,0,0,50.51665662683761,-24.33146119782177,43.90211068121618
153200,0.06,0,0.4197582632403656,0.631578947368421,0.748657357679914,0.53,0,0,0,50.51851925371108,-24.332460835612665,43.90356778218161
153300,0.06,0,0.41973376423157804,0.631578947368421,0.7490655209452202,0.54,0,0,0,50.524895170962964,-24.332523399049872,43.900589672773684
153400,0.06,0,0.41965179293603594,0.631578947368421,0.7457787325456499,0.45,0,0,0,50.529721790211255,-24.331182282641468,43.904970628315915
153500,0.06,0,0.4195976520240976,0.631578947368421,0.7460902255639098,0.55,0,0,0,50.53148624874553,-24.332074802114807,43.90910243875532
153600,0.06,0,0.41962656673850085,0.631578947368421,0.7456176154672395,0.55,0,0,0,50.53291647227735,-24.332492973286307,43.904834180516254
153700,0.06,0,0.419599172942802,0.631578947368421,0.750375939849624,0.55,0,0,0,50.53444163725641,-24.333414843205997,43.90637536993393
153800,0.06,0,0.4195004106266679,0.631578947368421,0.753609022556391,0.52,0,0,0,50.535455589925235,-24.3312533699812,43.91583102524501
153900,0.06,0,0.4194462710491992,0.631578947368421,0.7448227712137486,0.62,0,0,0,50.5390876023977,-24.332438307556355,43.91834297726809
154000,0.06,0,0.41941209973951976,0.631578947368421,0.7481525241675617,0.61,0,0,0,50.542942240145855,-24.332672524028347,43.91857150561081
154100,0.06,0,0.41940722576235373,0.631578947368421,0.746219119226638,0.6,0,0,0,50.55748711772626,-24.333070867871108,43.906446812572696
154200,0.06,0,0.4193893888371151,0.631578947368421,0.75515574650913,0.58,0,0,0,50.55727451731981,-24.334854333425575,43.90849882518936
154300,0.06,0,0.4196415500653975,0.631578947368421,0.7526852846401718,0.6,0,0,0,50.54550410486538,-24.335803790552376,43.8923330771325
154400,0.06,0,0.419570860790516,0.631578947368421,0.7507733619763695,0.58,0,0,0,50.552210597152865,-24.337000831126794,43.89390411203256
154500,0.06,0,0.4195288591491046,0.631578947368421,0.7538668098818475,0.6,0,0,0,50.54934852176671,-24.337488064289214,43.90078410028818
154600,0.06,0,0.4194725183560312,0.631578947368421,0.7476154672395274,0.49,0,0,0,50.5535833257686,-24.33845797454049,43.90300256309775
154700,0.06,0,0.4195104678518923,0.631578947368421,0.7505048335123523,0.54,0,0,0,50.551960647129896,-24.336895974240228,43.90044016166827
154800,0.06,0,0.419514559871948,0.631578947368421,0.7472824919441461,0.69,0,0,0,50.554971408054904,-24.335097661450067,43.89739751879022
154900,0.06,0,0.4195075030613404,0.631578947368421,0.7487647690655209,0.51,0,0,0,50.55159270440506,-24.33734579539905,43.90106995397082
155000,0.06,0,0.4194949697527179,0.631578947368421,0.7486788399570354,0.56,0,0,0,50.55920032365487,-24.33740749206323,43.89577562140047
155100,0.06,0,0.4194866081562201,0.631578947368421,0.7481310418904404,0.54,0,0,0,50.56817049084261,-24.33891370934937,43.88886387056942
155200,0.06,0,0.41949662804639615,0.631578947368421,0.7477873254564984,0.57,0,0,0,50.56819619154643,-24.337443312852542,43.8877932572715
155300,0.06,0,0.419515905739676,0.631578947368421,0.7509452201933405,0.58,0,0,0,50.571839608363476,-24.33779363833137,43.882614791555184
155400,0.06,0,0.4195350196583825,0.631578947368421,0.7514285714285714,0.55,0,0,0,50.57205682816147,-24.338234032782772,43.88042703138719
155500,0.06,0,0.419531589105749,0.631578947368421,0.75312567132116,0.51,0,0,0,50.57399863268149,-24.338936248149448,43.879101029600314
155600,0.06,0,0.41962393507724705,0.631578947368421,0.7454135338345864,0.55,0,0,0,50.570936890526575,-24.33859379918821,43.87210063595043
155700,0.06,0,0.4196572608795947,0.631578947368421,0.747078410311493,0.54,0,0,0,50.57046493229884,-24.33695561329163,43.869026078779015
155800,0.06,0,0.41975421494147463,0.631578947368421,0.7501933404940924,0.54,0,0,0,50.56042524294404,-24.335844195071815,43.86760226991501
155900,0.06,0,0.419742608246922,0.631578947368421,0.7411922663802363,0.46,0,0,0,50.56099368558855,-24.33719990979888,43.868322089505114
156000,0.06,0,0.41985167900885945,0.631578947368421,0.7431793770139635,0.58,0,0,0,50.56033046781027,-24.33705889637193,43.857501086766625
156100,0.06,0,0.41978900033448346,0.631578947368421,0.7427389903329753,0.67,0,0,0,50.56767412067601,-24.339593435383104,43.85767932407403
156200,0.06,0,0.41974631150475566,0.631578947368421,0.7475402792696025,0.59,0,0,0,50.571233323055964,-24.33690180703301,43.859052699364284
156300,0.06,0,0.4197314409440509,0.631578947368421,0.7482599355531686,0.59,0,0,0,50.57393904889238,-24.336209833670196,43.85826001094006
156400,0.06,0,0.41972786883476426,0.631578947368421,0.7477551020408163,0.53,0,0,0,50.57369041536584,-24.33777943173301,43.8588488888007
156500,0.06,0,0.41977003719544975,0.631578947368421,0.742986036519871,0.55,0,0,0,50.57154580062651,-24.337961579889875,43.85630276930356
156600,0.06,0,0.4197917115379274,0.631578947368421,0.7404189044038668,0.64,0,0,0,50.575880307247225,-24.33822564526934,43.850279992184866
156700,0.06,0,0.4197774504915082,0.631578947368421,0.7475080558539205,0.51,0,0,0,50.58119188791499,-24.335798546627583,43.8471647947885
156800,0.06,0,0.4198072712807993,0.631578947368421,0.7465735767991407,0.59,0,0,0,50.58785811458594,-24.334256173121773,43.83827257461991
156900,0.06,0,0.4198418877769227,0.631578947368421,0.7434156820622986,0.58,0,0,0,50.587124341924394,-24.333980673989597,43.8352938807277
157000,0.06,0,0.4198499215028915,0.631578947368421,0.7402148227712138,0.58,0,0,0,50.59877410096867,-24.33317571978342,43.82436274708963
157100,0.06,0,0.4198828697903239,0.631578947368421,0.7381632653061224,0.62,0,0,0,50.59686935184309,-24.333958996353285,43.82257350577905
157200,0.06,0,0.4198230506185376,0.631578947368421,0.738936627282492,0.68,0,0,0,50.60363533082058,-24.332909232513416,43.82295748729564
157300,0.06,0,0.4197725233089951,0.631578947368421,0.740859291084855,0.46,0,0,0,50.60938496537009,-24.333535339476683,43.823253141769506
157400,0.06,0,0.41973842538615963,0.631578947368421,0.7410204081632653,0.51,0,0,0,50.610026611464335,-24.33533641154107,43.8262575261202
157500,0.06,0,0.4197555063031504,0.631578947368421,0.739656283566058,0.58,0,0,0,50.61782465084264,-24.334551774686883,43.817722649513904
157600,0.06,0,0.41969399298372173,0.631578947368421,0.7442212674543501,0.5,0,0,0,50.62122984432748,-24.33542218521902,43.82119691824061
157700,0.06,0,0.41972431354104717,0.631578947368421,0.7471965628356606,0.48,0,0,0,50.61636923648491,-24.333634613878406,43.82223908360213
157800,0.06,0,0.4197558342161506,0.631578947368421,0.7487647690655209,0.52,0,0,0,50.61713549896777,-24.33216411519246,43.818284996595814
157900,0.06,0,0.4197368225391908,0.631578947368421,0.7425026852846401,0.5,0,0,0,50.62055625401709,-24.329975287366572,43.81730849809032
158000,0.06,0,0.41978772047653257,0.631578947368421,0.7386788399570354,0.63,0,0,0,50.61526461706919,-24.33250804657927,43.81657616820041
158100,0.06,0,0.4198175470354702,0.631578947368421,0.7457787325456499,0.49,0,0,0,50.60429793779479,-24.3325823632284,43.822958162395224
158200,0.06,0,0.41977476356787363,0.631578947368421,0.7431901181525241,0.52,0,0,0,50.60795829097188,-24.33318947930267,43.82425466745184
158300,0.06,0,0.4197838043534344,0.631578947368421,0.7394092373791622,0.64,0,0,0,50.60242672564102,-24.334329842063156,43.828101346229246
158400,0.06,0,0.41982152271390316,0.631578947368421,0.740139634801289,0.55,0,0,0,50.60088320881594,-24.33468425281267,43.82550046455317
158500,0.06,0,0.4198727904664719,0.631578947368421,0.7369924812030075,0.56,0,0,0,50.59813518715955,-24.334171907068537,43.82252914112783
158600,0.06,0,0.41981911816668566,0.631578947368421,0.7411278195488722,0.54,0,0,0,50.60199747003104,-24.334903741604794,43.82478643099689
158700,0.06,0,0.4198532861756829,0.631578947368421,0.7463372717508056,0.51,0,0,0,50.60205127635662,-24.33478440767903,43.82117333738158
158800,0.06,0,0.41984132016819536,0.631578947368421,0.7468635875402793,0.65,0,0,0,50.6082786953483,-24.33530061623756,43.81702988619067
158900,0.06,0,0.4198088261407926,0.631578947368421,0.7435445757250269,0.58,0,0,0,50.60823081461712,-24.33363890218911,43.82046286908153
159000,0.06,0,0.419779899807456,0.631578947368421,0.7457465091299678,0.55,0,0,0,50.62363877940018,-24.33500179675005,43.81014421564228
159100,0.06,0,0.41972039455745813,0.631578947368421,0.747250268528464,0.6,0,0,0,50.63327853571211,-24.336651239474705,43.8080134107544
159200,0.06,0,0.4197891573520543,0.631578947368421,0.748657357679914,0.58,0,0,0,50.62785671057005,-24.336757837165298,43.80552822709255
159300,0.06,0,0.4197738796153399,0.631578947368421,0.7448335123523093,0.56,0,0,0,50.62929262331629,-24.337331869165222,43.80588010910975
159400,0.06,0,0.4197692343840753,0.631578947368421,0.7410418904403867,0.56,0,0,0,50.625064842351115,-24.337748468496095,43.81002321206651
159500,0.06,0,0.41971318356626597,0.631578947368421,0.7375187969924812,0.47,0,0,0,50.62718263381198,-24.338515727224593,43.814040977829556
159600,0.06,0,0.41975335602095154,0.631578947368421,0.7446616541353384,0.47,0,0,0,50.63105463209999,-24.338574770118527,43.806497411182114
159700,0.06,0,0.4197542545069041,0.631578947368421,0.7482491944146079,0.54,0,0,0,50.62548152307676,-24.33590409134298,43.81122607361431
159800,0.06,0,0.4196608944997277,0.631578947368421,0.7446616541353384,0.56,0,0,0,50.63147700486019,-24.337157950141624,43.81578353140065
159900,0.06,0,0.4196178777277308,0.631578947368421,0.7440494092373792,0.52,0,0,0,50.63212957439642,-24.334766136757576,43.81971049409753
160000,0.06,0,0.4196729284192888,0.631578947368421,0.7491514500537056,0.64,0,0,0,50.6180789309154,-24.334322241202234,43.82612438009176
160100,0.06,0,0.41960685593799507,0.631578947368421,0.7477443609022556,0.51,0,0,0,50.62151897112473,-24.33631500137622,43.830046644718166
160200,0.06,0,0.419642063777926,0.631578947368421,0.7497314715359829,0.54,0,0,0,50.62782635108109,-24.337885988293035,43.820909285075565
160300,0.06,0,0.41970476479381713,0.631578947368421,0.7489151450053706,0.59,0,0,0,50.6251097776785,-24.338198652396816,43.81671384618416
160400,0.06,0,0.4196811513396919,0.631578947368421,0.7509452201933405,0.41,0,0,0,50.62300002879291,-24.33746111603548,43.82100539831824
160500,0.06,0,0.4196152453584891,0.631578947368421,0.7444253490870032,0.51,0,0,0,50.62856693957468,-24.336336472694036,43.82306891600699
160600,0.06,0,0.41961785910057164,0.631578947368421,0.7476262083780881,0.67,0,0,0,50.62887418595934,-24.335372693686043,43.822530005103786
160700,0.06,0,0.41963258040412715,0.631578947368421,0.7530934479054779,0.66,0,0,0,50.624434603862184,-24.333386595424596,43.82483559339978
160800,0.06,0,0.41967132726843837,0.631578947368421,0.7392803437164339,0.44,0,0,0,50.62030511361117,-24.333795909723925,43.82436419251656
160900,0.06,0,0.4197426532930295,0.631578947368421,0.743813104189044,0.56,0,0,0,50.612045845409746,-24.334723325362578,43.82406759261664
161000,0.06,0,0.4197220434406275,0.631578947368421,0.7477873254564984,0.55,0,0,0,50.617879776178924,-24.332315816958438,43.821168348572506
161100,0.06,0,0.41967974976233446,0.631578947368421,0.7467669172932331,0.6,0,0,0,50.61956402571963,-24.332659257644877,43.82412627845673
161200,0.06,0,0.4196308020646904,0.631578947368421,0.7439742212674544,0.52,0,0,0,50.624462201403695,-24.33134113351792,43.82499742633687
161300,0.06,0,0.41960342834243175,0.631578947368421,0.7458216970998925,0.54,0,0,0,50.63004902699526,-24.333104630669872,43.82302021271875
161400,0.06,0,0.4196159239980478,0.631578947368421,0.7462298603651987,0.55,0,0,0,50.633738447656306,-24.335154517768707,43.818522152595726
161500,0.06,0,0.4195791866556065,0.631578947368421,0.7421804511278195,0.51,0,0,0,50.63357215884495,-24.33555069540836,43.82250271648627
161600,0.06,0,0.419566757835716,0.631578947368421,0.7467132116004297,0.41,0,0,0,50.6303958402213,-24.337630751094604,43.82655017393896
161700,0.06,0,0.41962962734130693,0.631578947368421,0.7467239527389903,0.59,0,0,0,50.6303825666041,-24.339494552360023,43.81999550622323
161800,0.06,0,0.41959603571629456,0.631578947368421,0.7488184747583244,0.57,0,0,0,50.633317719724104,-24.337551727632228,43.820963209926354
161900,0.06,0,0.41962137971402996,0.631578947368421,0.7470676691729323,0.51,0,0,0,50.63422376422144,-24.337320613689343,43.8175324608973
162000,0.06,0,0.41965294528469804,0.631578947368421,0.7482169709989259,0.57,0,0,0,50.63145620305594,-24.33809766802604,43.81663150746663
162100,0.06,0,0.4196865180614649,0.631578947368421,0.7408700322234156,0.61,0,0,0,50.630349538318406,-24.34002215050522,43.81408405654158
162200,0.06,0,0.4196117498565274,0.631578947368421,0.7451987110633728,0.52,0,0,0,50.63364011123016,-24.33899647108684,43.819043144466036
162300,0.06,0,0.41965574301784586,0.631578947368421,0.7444897959183674,0.6,0,0,0,50.62855496270781,-24.340477597446146,43.81885026388229
162400,0.06,0,0.41969680894656197,0.631578947368421,0.7431364124597207,0.54,0,0,0,50.62642327510532,-24.34279894323634,43.81640760183955
162500,0.06,0,0.4196589811530213,0.631578947368421,0.743297529538131,0.52,0,0,0,50.62804936769707,-24.346195169604727,43.81894974461766
162600,0.06,0,0.4195639996986928,0.631578947368421,0.7425349087003222,0.55,0,0,0,50.632642116671825,-24.34529834994638,43.82489393923042
162700,0.06,0,0.41965857040056287,0.631578947368421,0.7422771213748658,0.54,0,0,0,50.62782621577065,-24.34557463901387,43.81918577430616
162800,0.06,0,0.4196817545495603,0.631578947368421,0.7470461868958109,0.54,0,0,0,50.63722256646021,-24.344863959799888,43.80863437339882
162900,0.06,0,0.4197278555987997,0.631578947368421,0.7495166487647691,0.59,0,0,0,50.63312837090662,-24.344311976987406,43.80736460475386
163000,0.06,0,0.4197253643872971,0.631578947368421,0.7438238453276047,0.53,0,0,0,50.63040138812943,-24.344987317200264,43.809984120291716
163100,0.06,0,0.4197271057429361,0.631578947368421,0.7422126745435016,0.58,0,0,0,50.630977147785565,-24.34589160140643,43.809304170895864
163200,0.06,0,0.4197680251440451,0.631578947368421,0.74171858216971,0.56,0,0,0,50.63090668917809,-24.344026436591747,43.805094556352586
163300,0.06,0,0.41984328705201834,0.631578947368421,0.7405263157894737,0.6,0,0,0,50.62247098493302,-24.345407259210017,43.804540322959156
163400,0.06,0,0.41981119477116197,0.631578947368421,0.7419119226638023,0.54,0,0,0,50.61029101921522,-24.34479115979069,43.81843182876679
163500,0.06,0,0.41981583087855845,0.631578947368421,0.7481310418904404,0.56,0,0,0,50.60968558608745,-24.343596240133216,43.818472118336125
163600,0.06,0,0.4198615155099879,0.631578947368421,0.7433619763694952,0.57,0,0,0,50.613079271868955,-24.34364764585981,43.810766505474355
163700,0.06,0,0.41990670955183607,0.631578947368421,0.7386895810955961,0.43,0,0,0,50.611663990582024,-24.343721352611862,43.80727617890982
163800,0.06,0,0.4198477729392563,0.631578947368421,0.7434049409237379,0.49,0,0,0,50.608353443667326,-24.344432831495897,43.816291732055504
163900,0.06,0,0.41983899053714896,0.631578947368421,0.7487218045112782,0.63,0,0,0,50.60288251161996,-24.345154772094165,43.821945601865245
164000,0.06,0,0.41985496493767466,0.631578947368421,0.742577873254565,0.45,0,0,0,50.60348514683261,-24.345765809405812,43.819756435422946
164100,0.06,0,0.41985742767050954,0.631578947368421,0.7396777658431793,0.57,0,0,0,50.60704400183565,-24.34556994465626,43.81641787209537
164200,0.06,0,0.4199428950736315,0.631578947368421,0.7386680988184747,0.57,0,0,0,50.602806438025844,-24.34459211361904,43.811168802991574
164300,0.06,0,0.419888519739239,0.631578947368421,0.7385069817400645,0.65,0,0,0,50.60307939854367,-24.344083686695804,43.81660597091846
164400,0.06,0,0.4199927808729878,0.631578947368421,0.7418152524167562,0.56,0,0,0,50.60115338256028,-24.343255761902814,43.80739607871628
164500,0.06,0,0.4199732868498711,0.631578947368421,0.7351879699248121,0.55,0,0,0,50.59946815066732,-24.343052524089977,43.81088858688381
164600,0.06,0,0.4199315669613682,0.631578947368421,0.7433297529538131,0.65,0,0,0,50.60190560409656,-24.342150076941245,43.81313062082721
164700,0.06,0,0.4200080793124454,0.631578947368421,0.7436627282491944,0.65,0,0,0,50.60087457859986,-24.34193418122894,43.806041795346374
164800,0.06,0,0.41994904180800474,0.631578947368421,0.742373791621912,0.51,0,0,0,50.60423961074,-24.341906377559862,43.80928677850109
164900,0.06,0,0.4199885364358344,0.631578947368421,0.74515574650913,0.54,0,0,0,50.598975001978985,-24.341892385807995,43.80972480916022
165000,0.06,0,0.42011941505460254,0.631578947368421,0.7430182599355531,0.53,0,0,0,50.59050652885497,-24.34039713018266,43.80340802523558
165100,0.06,0,0.4201693560196078,0.631578947368421,0.7430827067669173,0.52,0,0,0,50.58371774336804,-24.339396620927097,43.8040796989516
165200,0.06,0,0.42012686825769524,0.631578947368421,0.7445864661654136,0.53,0,0,0,50.58168354700577,-24.338200966768103,43.81027144606684
165300,0.06,0,0.4201206290666247,0.631578947368421,0.7465198711063372,0.52,0,0,0,50.57994448494061,-24.33792387489848,43.812428396818525
165400,0.06,0,0.42006941484512517,0.631578947368421,0.7427389903329753,0.56,0,0,0,50.58163574493786,-24.33725642457558,43.81630483945655
165500,0.06,0,0.4200376831066143,0.631578947368421,0.7371965628356606,0.54,0,0,0,50.57970604494088,-24.33539645309174,43.8212867326104
165600,0.06,0,0.42001158765871566,0.631578947368421,0.7428678839957036,0.47,0,0,0,50.580713880007664,-24.335739427675666,43.823136156692016
165700,0.06,0,0.4199988554337985,0.631578947368421,0.7439097744360902,0.67,0,0,0,50.575447111699376,-24.33908440645291,43.82902839303659
165800,0.06,0,0.42007415429391565,0.631578947368421,0.7374865735767991,0.53,0,0,0,50.57164743285645,-24.340785357351326,43.82446446522958
165900,0.06,0,0.4201494092533466,0.631578947368421,0.740859291084855,0.64,0,0,0,50.563359688646294,-24.342303788298953,43.82379675500138
166000,0.06,0,0.42016012603390834,0.631578947368421,0.7352631578947368,0.56,0,0,0,50.56450406895869,-24.342400651268445,43.82168716811119
166100,0.06,0,0.42019205767304546,0.631578947368421,0.745359828141783,0.59,0,0,0,50.56436645384051,-24.343237098802,43.81847628359046
166200,0.06,0,0.42022857419495946,0.631578947368421,0.7409022556390977,0.53,0,0,0,50.564469558613006,-24.3428996017257,43.81457925643207
166300,0.06,0,0.4202594988405211,0.631578947368421,0.7458002148227713,0.63,0,0,0,50.55811403959027,-24.341803496346035,43.81686257906816
166400,0.06,0,0.42028587821518326,0.631578947368421,0.7385929108485499,0.65,0,0,0,50.562667295603696,-24.340640399944718,43.810166863053844
166500,0.06,0,0.4203710865202516,0.631578947368421,0.7337701396348013,0.6,0,0,0,50.559791951478104,-24.33966038182485,43.803777624261215
166600,0.06,0,0.4205557538293058,0.631578947368421,0.7371428571428571,0.6,0,0,0,50.55249496227919,-24.339788511855527,43.79086332308106
166700,0.06,0,0.4205554788277674,0.631578947368421,0.7339205155746509,0.56,0,0,0,50.5566867600585,-24.33838375888416,43.78726113134774
166800,0.06,0,0.420506149938127,0.631578947368421,0.738968850698174,0.66,0,0,0,50.56576257066679,-24.339514063934626,43.784537652182316
166900,0.06,0,0.42043806303313436,0.631578947368421,0.7319548872180451,0.63,0,0,0,50.577207748676805,-24.34091988551161,43.7817185805902
167000,0.06,0,0.4204576243686079,0.631578947368421,0.7425671321160043,0.61,0,0,0,50.581703495283506,-24.34138217791281,43.775790506680345
167100,0.06,0,0.42050609862911886,0.631578947368421,0.7354887218045113,0.46,0,0,0,50.576610234250666,-24.34270967423605,43.77515209260526
167200,0.06,0,0.4205118958037746,0.631578947368421,0.7381310418904404,0.53,0,0,0,50.57824769197698,-24.344243670794967,43.7731314188791
167300,0.06,0,0.4205344630940956,0.631578947368421,0.7431041890440386,0.56,0,0,0,50.572612478365365,-24.34485499741232,43.77565970391449
167400,0.06,0,0.4205075542404895,0.631578947368421,0.7446831364124598,0.51,0,0,0,50.57169100630671,-24.343830595087933,43.779258660164764
167500,0.06,0,0.42044348206707377,0.631578947368421,0.7387432867883996,0.62,0,0,0,50.57973549397035,-24.342234655567292,43.77896630138167
167600,0.06,0,0.42057029720683675,0.631578947368421,0.7365735767991407,0.62,0,0,0,50.57737750550619,-24.34268791569357,43.76780599103832
167700,0.06,0,0.4205789461789289,0.631578947368421,0.7346186895810956,0.5,0,0,0,50.57165017354064,-24.342334491652434,43.771862612675136
167800,0.06,0,0.4205173310846646,0.631578947368421,0.7336842105263158,0.56,0,0,0,50.580865939121644,-24.34272726778474,43.77029981624283
167900,0.06,0,0.4204582643384361,0.631578947368421,0.7445542427497315,0.67,0,0,0,50.58839456111182,-24.342032180128257,43.769933887517524
168000,0.06,0,0.4204894422323677,0.631578947368421,0.7411707841031149,0.6,0,0,0,50.58899113488652,-24.342245740331364,43.76617237111021
168100,0.06,0,0.42044856644065354,0.631578947368421,0.7366595059076262,0.49,0,0,0,50.597352570228196,-24.340974133611354,43.763194039830005
168200,0.06,0,0.4203748263205938,0.631578947368421,0.7395596133190118,0.51,0,0,0,50.6090873867754,-24.34043467414987,43.76072154034652
168300,0.06,0,0.42032853113659996,0.631578947368421,0.7396992481203007,0.49,0,0,0,50.61257947545617,-24.340611953285045,43.76252169968683
168400,0.06,0,0.42033524203155087,0.631578947368421,0.7363694951664876,0.53,0,0,0,50.61182501271225,-24.34104365136897,43.76247535655835
168500,0.06,0,0.42029743054078855,0.631578947368421,0.7364446831364124,0.64,0,0,0,50.6194629288436,-24.341104037066348,43.75980852182492
168600,0.06,0,0.4201460952755943,0.631578947368421,0.7428893662728249,0.55,0,0,0,50.6212970666255,-24.34269237873509,43.773984563601125
168700,0.06,0,0.4201009362221142,0.631578947368421,0.7478947368421053,0.52,0,0,0,50.62620823250276,-24.343774778165237,43.774443180368344
168800,0.06,0,0.4200586451233325,0.631578947368421,0.7449194414607948,0.61,0,0,0,50.63008275788948,-24.34361924675892,43.77550012210206
168900,0.06,0,0.42015254466250074,0.631578947368421,0.7405477980665951,0.6,0,0,0,50.62809674638034,-24.342375317320858,43.767433590153615
169000,0.06,0,0.4201763787638636,0.631578947368421,0.7348227712137486,0.63,0,0,0,50.62506486597835,-24.342239051819867,43.76757196013153
169100,0.06,0,0.42012930393192693,0.631578947368421,0.7409344790547798,0.6,0,0,0,50.622204865359265,-24.3421377345953,43.774949059943445
169200,0.06,0,0.42011570432755285,0.631578947368421,0.7431686358754028,0.52,0,0,0,50.62350409268023,-24.340380203796023,43.77524260397982
169300,0.06,0,0.42013156319871453,0.631578947368421,0.7399785177228786,0.46,0,0,0,50.616454459518884,-24.34008462891958,43.779686792364416
169400,0.06,0,0.4200883531858846,0.631578947368421,0.7347261009667024,0.59,0,0,0,50.61438718118875,-24.339747078857606,43.785978250142755
169500,0.06,0,0.42013854489740526,0.631578947368421,0.7391836734693877,0.56,0,0,0,50.606689380668364,-24.339500953708303,43.78740687700384
169600,0.06,0,0.42019172627636414,0.631578947368421,0.7432545649838883,0.48,0,0,0,50.608033127951565,-24.339975143871417,43.780702444837026
169700,0.06,0,0.420076254487453,0.631578947368421,0.7449194414607948,0.62,0,0,0,50.6112670851252,-24.339271239191334,43.78993874536572
169800,0.06,0,0.42001895514677107,0.631578947368421,0.7440171858216971,0.63,0,0,0,50.618075234286295,-24.338942255146748,43.790022039946024
169900,0.06,0,0.42001339064397963,0.631578947368421,0.7469065520945221,0.54,0,0,0,50.620798019671945,-24.340314785280555,43.788246783766525
170000,0.06,0,0.42009496538978586,0.631578947368421,0.7373147153598282,0.58,0,0,0,50.61451478858722,-24.338279264375412,43.78517867850156
170100,0.06,0,0.42018497614938854,0.631578947368421,0.7447690655209452,0.46,0,0,0,50.60586477508304,-24.33797557690772,43.78328170617178
170200,0.06,0,0.42007322962364646,0.631578947368421,0.7425134264232008,0.54,0,0,0,50.60875168757154,-24.338338619414852,43.79243056701842
170300,0.06,0,0.420096858388871,0.631578947368421,0.7449409237379162,0.46,0,0,0,50.609261622306036,-24.33884963731383,43.78952619415725
170400,0.06,0,0.4201543070909913,0.631578947368421,0.7480451127819548,0.53,0,0,0,50.61429014129329,-24.339144746695276,43.7791888623459
170500,0.06,0,0.42006774138999436,0.631578947368421,0.7392051557465091,0.48,0,0,0,50.61493520794349,-24.33831397996052,43.78765262098943
170600,0.06,0,0.4201437829764363,0.631578947368421,0.7449946294307197,0.62,0,0,0,50.60270255120541,-24.337074105047282,43.790310794649834
170700,0.06,0,0.42015492833328183,0.631578947368421,0.7410955961331901,0.55,0,0,0,50.60766534245383,-24.336119996900525,43.78485503863799
170800,0.06,0,0.420046718000216,0.631578947368421,0.7453061224489796,0.54,0,0,0,50.61650630402804,-24.334937638536978,43.78848499645197
170900,0.06,0,0.41999358671423903,0.631578947368421,0.7350698174006445,0.59,0,0,0,50.61879192410804,-24.333547919759788,43.792047001122796
171000,0.06,0,0.4199710939328694,0.631578947368421,0.7349731471535983,0.52,0,0,0,50.61247868024284,-24.332719470835787,43.79985518929477
171100,0.06,0,0.41995421664636523,0.631578947368421,0.7357465091299678,0.51,0,0,0,50.613074391400154,-24.33223900020416,43.80109989431312
171200,0.06,0,0.4199578267188465,0.631578947368421,0.7415574650912997,0.56,0,0,0,50.613651592509996,-24.332189487317503,43.80022386199487
171300,0.06,0,0.4199845140623138,0.631578947368421,0.7406444683136413,0.6,0,0,0,50.60758716924968,-24.33265662345446,43.802688984252775
171400,0.06,0,0.4199214036824743,0.631578947368421,0.7368635875402793,0.55,0,0,0,50.60800205764715,-24.332895797690092,43.80891297940611
171500,0.06,0,0.4199460750636388,0.631578947368421,0.7434586466165414,0.5,0,0,0,50.60678266330115,-24.33120300535892,43.807394787238486
171600,0.06,0,0.4200021132182329,0.631578947368421,0.7403544575725027,0.58,0,0,0,50.602293160915075,-24.332830542321165,43.805435982468204
171700,0.06,0,0.42000295202098015,0.631578947368421,0.7390762620837809,0.43,0,0,0,50.604388989557854,-24.335003039572253,43.80353425713424
171800,0.06,0,0.42003819251649077,0.631578947368421,0.7421267454350161,0.55,0,0,0,50.60461368315241,-24.338251774543263,43.79966473527163
171900,0.06,0,0.42008591416376323,0.631578947368421,0.7389151450053706,0.61,0,0,0,50.59731655432449,-24.33875572820837,43.80100516116592
172000,0.06,0,0.42011098876775127,0.631578947368421,0.7383780880773362,0.51,0,0,0,50.59715038531869,-24.340466437643492,43.79853470982861
172100,0.06,0,0.42003609864953284,0.631578947368421,0.7494414607948443,0.47,0,0,0,50.59980435622144,-24.34231269156664,43.804046094449255
172200,0.06,0,0.4200431216166398,0.631578947368421,0.7459935553168636,0.56,0,0,0,50.60303973811195,-24.340646362409636,43.80051307572547
172300,0.06,0,0.4201488055200338,0.631578947368421,0.7427604726100967,0.49,0,0,0,50.5985055953141,-24.341877511941465,43.79341951473578
172400,0.06,0,0.42012243976102776,0.631578947368421,0.7348335123523093,0.55,0,0,0,50.59434976028428,-24.342198459853318,43.79976530277742
172500,0.06,0,0.4201088361959275,0.631578947368421,0.7374006444683137,0.43,0,0,0,50.60158706827095,-24.343814504865396,43.79491890702538
172600,0.06,0,0.42017419788478666,0.631578947368421,0.7437701396348013,0.59,0,0,0,50.5938125328405,-24.342729983841828,43.79483496451857
172700,0.06,0,0.4201153605412294,0.631578947368421,0.7397314715359828,0.53,0,0,0,50.59692407729893,-24.343887114786238,43.798274835148014
172800,0.06,0,0.42011798670555334,0.631578947368421,0.741890440386681,0.62,0,0,0,50.60274862299337,-24.344079181719835,43.792959754945485
172900,0.06,0,0.4200662289862994,0.631578947368421,0.7415896885069817,0.57,0,0,0,50.61133118762253,-24.344200242465288,43.79092839285843
173000,0.06,0,0.4200688580724194,0.631578947368421,0.7378302900107412,0.65,0,0,0,50.61104798431123,-24.340643852537568,43.79089935701397
173100,0.06,0,0.42013550405592154,0.631578947368421,0.7446831364124598,0.48,0,0,0,50.61430009073762,-24.340683612967442,43.7811395802323
173200,0.06,0,0.42012739231105645,0.631578947368421,0.738657357679914,0.65,0,0,0,50.62037854111284,-24.34020850945191,43.77672759657526
173300,0.06,0,0.4201310403598245,0.631578947368421,0.7363050483351236,0.57,0,0,0,50.6178760656557,-24.337746314116817,43.77851171800189
173400,0.06,0,0.4200611578568083,0.631578947368421,0.7406659505907626,0.46,0,0,0,50.62143102986559,-24.335587132782308,43.78271990721763
173500,0.06,0,0.4201742552968201,0.631578947368421,0.7434264232008593,0.52,0,0,0,50.611681532506154,-24.33581848001943,43.77936674405339
173600,0.06,0,0.42016191085836757,0.631578947368421,0.7462406015037594,0.52,0,0,0,50.6071291535085,-24.337288986437738,43.78459129169376
173700,0.06,0,0.42020815908124454,0.631578947368421,0.7453383458646616,0.58,0,0,0,50.60420445278505,-24.334243753241786,43.78230262633963
173800,0.06,0,0.4203058603397619,0.631578947368421,0.739140708915145,0.57,0,0,0,50.58803820055343,-24.333621729336297,43.78611342259387
173900,0.06,0,0.42037758740932396,0.631578947368421,0.7375617615467239,0.57,0,0,0,50.587279945464346,-24.33102454539222,43.77929860212707
174000,0.06,0,0.4203690947811417,0.631578947368421,0.737905477980666,0.54,0,0,0,50.59086080366569,-24.332978078753577,43.777084272625245
174100,0.06,0,0.42042035082239654,0.631578947368421,0.7454350161117078,0.63,0,0,0,50.589673100789625,-24.33357886920237,43.77277477513729
174200,0.06,0,0.420482013295532,0.631578947368421,0.7390332975295382,0.54,0,0,0,50.58580500921568,-24.336609651490164,43.76970226001423
174300,0.06,0,0.42044994140011505,0.631578947368421,0.7341245972073039,0.64,0,0,0,50.58790877366654,-24.3358917792689,43.771220650935994
174400,0.06,0,0.42044758849733643,0.631578947368421,0.7362728249194415,0.56,0,0,0,50.58746886140711,-24.3360038757937,43.77184624262066
174500,0.06,0,0.4205663635891266,0.631578947368421,0.7432116004296455,0.57,0,0,0,50.58060148158461,-24.3366371144445,43.76542559880109
174600,0.06,0,0.4205793514097241,0.631578947368421,0.7350375939849624,0.49,0,0,0,50.584045064140525,-24.337987653224396,43.761094784998576
174700,0.06,0,0.4205455541769343,0.631578947368421,0.7353383458646616,0.48,0,0,0,50.587395209489294,-24.33822806616438,43.761713347507715
174800,0.06,0,0.42056722289384607,0.631578947368421,0.7400859291084855,0.67,0,0,0,50.57987084023375,-24.337373941409137,43.76596838046036
174900,0.06,0,0.4205455081384313,0.631578947368421,0.7380665950590762,0.59,0,0,0,50.58549749350935,-24.33847066244289,43.76335986000367
175000,0.06,0,0.42049977186333126,0.631578947368421,0.7314607948442535,0.51,0,0,0,50.589089163641745,-24.338099703071276,43.76501244385955
175100,0.06,0,0.4204100288162233,0.631578947368421,0.7367669172932331,0.53,0,0,0,50.5921097887836,-24.33854899491811,43.771741197226845
175200,0.06,0,0.42041079707376033,0.631578947368421,0.744328678839957,0.51,0,0,0,50.58529035625912,-24.338943618845416,43.77756209206842
175300,0.06,0,0.42050675028448525,0.631578947368421,0.7365306122448979,0.59,0,0,0,50.585074682694795,-24.336272240175504,43.76775932836506
175400,0.06,0,0.42058049146333376,0.631578947368421,0.7368206229860366,0.56,0,0,0,50.582686248626054,-24.334996388243674,43.762151725436546
175500,0.06,0,0.4205536178890776,0.631578947368421,0.7380665950590762,0.49,0,0,0,50.58646555275305,-24.334626525502248,43.7616784775365
175600,0.06,0,0.4205819665374459,0.631578947368421,0.7403866809881847,0.66,0,0,0,50.57889714837587,-24.335600061107737,43.765276656549126
175700,0.06,0,0.42071005283818824,0.631578947368421,0.7407303974221268,0.52,0,0,0,50.56890375873308,-24.33571178185615,43.76059842970393
175800,0.06,0,0.42070820201949344,0.631578947368421,0.7350375939849624,0.56,0,0,0,50.563976394133476,-24.336261861714817,43.76505535234917
175900,0.06,0,0.42085822191188993,0.631578947368421,0.7426208378088077,0.54,0,0,0,50.547440294049586,-24.33491053200575,43.763766986277595
176000,0.06,0,0.42082953268835194,0.631578947368421,0.7457142857142857,0.5,0,0,0,50.55315171628172,-24.335026396723016,43.76180579039054
176100,0.06,0,0.4207443271751231,0.631578947368421,0.7354564983888292,0.52,0,0,0,50.55883249375665,-24.336228478365697,43.76574999290222
176200,0.06,0,0.42072351708616246,0.631578947368421,0.7431901181525241,0.51,0,0,0,50.56016524743132,-24.335805137114182,43.766761050118475
176300,0.06,0,0.420715924833915,0.631578947368421,0.7411385606874329,0.51,0,0,0,50.560046638993526,-24.336645634430703,43.767653540378646
176400,0.06,0,0.42075948247442285,0.631578947368421,0.7335875402792696,0.62,0,0,0,50.558399879096555,-24.33435614150023,43.76454807643884
176500,0.06,0,0.4207069453924431,0.631578947368421,0.7373361976369495,0.41,0,0,0,50.565375989014946,-24.333355002661392,43.76397470302651
176600,0.06,0,0.4207041342826934,0.631578947368421,0.7407411385606875,0.64,0,0,0,50.561995517192884,-24.333761457600666,43.76719311981235
176700,0.06,0,0.42077609916090464,0.631578947368421,0.7378625134264232,0.63,0,0,0,50.552162308172086,-24.331923705861133,43.76821963170797
176800,0.06,0,0.42067366585655697,0.631578947368421,0.738657357679914,0.5,0,0,0,50.55727962339244,-24.331827194351952,43.77444589915767
176900,0.06,0,0.4206750486465942,0.631578947368421,0.7351772287862514,0.67,0,0,0,50.559193445828434,-24.331285781835817,43.77264501608134
177000,0.06,0,0.42057928846711234,0.631578947368421,0.7442105263157894,0.61,0,0,0,50.569371394326055,-24.33032110158222,43.77379945425725
177100,0.06,0,0.4205367172908265,0.631578947368421,0.7391944146079484,0.59,0,0,0,50.57065905206362,-24.331979158652217,43.777115996197566
177200,0.06,0,0.4205511845781955,0.631578947368421,0.7424812030075187,0.59,0,0,0,50.574329647412625,-24.331507445398927,43.772432873097756
177300,0.06,0,0.42048286919103317,0.631578947368421,0.7447368421052631,0.64,0,0,0,50.57269309464711,-24.33264159819274,43.780961255637635
177400,0.06,0,0.42048245306210297,0.631578947368421,0.7440816326530613,0.38,0,0,0,50.5725650014599,-24.33379154054967,43.78111547442752
177500,0.06,0,0.42045128324150205,0.631578947368421,0.737078410311493,0.49,0,0,0,50.56686800192061,-24.33384643988534,43.789294016561186
177600,0.06,0,0.4204820799779592,0.631578947368421,0.7391514500537056,0.57,0,0,0,50.55952132062582,-24.333774546256997,43.792449273143795
177700,0.06,0,0.4204677257651014,0.631578947368421,0.7399355531686359,0.54,0,0,0,50.56413712551497,-24.331896203072795,43.789946509406896
177800,0.06,0,0.4204461259705896,0.631578947368421,0.7406981740064447,0.51,0,0,0,50.56451030329049,-24.331117099459128,43.79187295626101
177900,0.06,0,0.42035716296177383,0.631578947368421,0.7330827067669173,0.48,0,0,0,50.57163846982757,-24.32980522777119,43.79496707205728
178000,0.06,0,0.4203581553307828,0.631578947368421,0.7368635875402793,0.54,0,0,0,50.56862952231504,-24.32894261280178,43.797469575370876
178100,0.06,0,0.4204649465263618,0.631578947368421,0.743813104189044,0.53,0,0,0,50.557978508295776,-24.32695797160868,43.79557017579338
178200,0.06,0,0.42040890711791756,0.631578947368421,0.7424489795918368,0.54,0,0,0,50.569371439722374,-24.325417614842074,43.79153985498872
178300,0.06,0,0.42043421526867675,0.631578947368421,0.7451127819548872,0.56,0,0,0,50.565003597760956,-24.327013798209162,43.792686328969694
178400,0.06,0,0.42046853369106757,0.631578947368421,0.7424167561761547,0.43,0,0,0,50.5682653300732,-24.326888339582727,43.78628752645042
178500,0.06,0,0.4204361917229655,0.631578947368421,0.7347583243823845,0.59,0,0,0,50.569028043561715,-24.324793834816468,43.78899531488209
178600,0.06,0,0.4203851820961659,0.631578947368421,0.7339957035445758,0.49,0,0,0,50.57634694646963,-24.324708740912413,43.787971206638595
178700,0.06,0,0.42034678393876235,0.631578947368421,0.7442105263157894,0.5,0,0,0,50.58295578762321,-24.324286594362032,43.78624960838252
178800,0.06,0,0.42037910347198193,0.631578947368421,0.7433297529538131,0.5,0,0,0,50.57551555589412,-24.323498799358294,43.789324197967055
178900,0.06,0,0.4204159506414131,0.631578947368421,0.7399462943071966,0.47,0,0,0,50.57926680386935,-24.324001650322767,43.78223891975843
179000,0.06,0,0.4203539312303859,0.631578947368421,0.7359505907626208,0.57,0,0,0,50.58223505154032,-24.322759670101618,43.78612900019657
179100,0.06,0,0.4203638863054122,0.631578947368421,0.7390225563909775,0.59,0,0,0,50.580621086328456,-24.32151585827173,43.78648918353467
179200,0.06,0,0.4203167109065457,0.631578947368421,0.742986036519871,0.55,0,0,0,50.587216584667466,-24.323419986015296,43.78569421153259
179300,0.06,0,0.42030351934756904,0.631578947368421,0.7429752953813105,0.59,0,0,0,50.58047700322887,-24.32417193092049,43.79290285586555
179400,0.06,0,0.42032293939611265,0.631578947368421,0.7395381310418905,0.43,0,0,0,50.58320094988102,-24.324085688829744,43.7885213315521
179500,0.06,0,0.42024223620512086,0.631578947368421,0.7442212674543501,0.58,0,0,0,50.59252187579892,-24.321463172259836,43.788861527410795
179600,0.06,0,0.4203282701640223,0.631578947368421,0.7379806659505908,0.6,0,0,0,50.58817202400591,-24.320995095716285,43.783663140162034
179700,0.06,0,0.4203572985259073,0.631578947368421,0.7456820622986037,0.57,0,0,0,50.59137047015918,-24.320202880502933,43.77787173428376
179800,0.06,0,0.4202704697546001,0.631578947368421,0.742986036519871,0.61,0,0,0,50.589963024147,-24.32049833858317,43.78813451631
179900,0.06,0,0.42031408918723556,0.631578947368421,0.742610096670247,0.56,0,0,0,50.59125311456736,-24.319254609195394,43.78247377004955
180000,0.06,0,0.4203462454300433,0.631578947368421,0.7418796992481203,0.65,0,0,0,50.58682954101911,-24.31860673980558,43.78295270898812
180100,0.06,0,0.4204604177535735,0.631578947368421,0.7419548872180451,0.6,0,0,0,50.577288654879304,-24.31977436767737,43.779320795486335
180200,0.06,0,0.4205780424538068,0.631578947368421,0.7413963480128893,0.54,0,0,0,50.56782890436533,-24.319382145464886,43.7752643924507
180300,0.06,0,0.42050627139501245,0.631578947368421,0.7379806659505908,0.47,0,0,0,50.57261884244514,-24.319745873977634,43.77858901482169
180400,0.06,0,0.42039985157112336,0.631578947368421,0.7374865735767991,0.57,0,0,0,50.579516287552536,-24.32028630034063,43.78369958145356
180500,0.06,0,0.42035498624150563,0.631578947368421,0.7414393125671321,0.65,0,0,0,50.5830204079355,-24.317873261472116,43.78533927977611
180600,0.06,0,0.42038079548926693,0.631578947368421,0.7375187969924812,0.6,0,0,0,50.58359435424478,-24.31714437893427,43.78215430265224
180700,0.06,0,0.42041711911845125,0.631578947368421,0.7472610096670247,0.47,0,0,0,50.57558884376442,-24.316117700999577,43.78530115953535
180800,0.06,0,0.4204747241776586,0.631578947368421,0.740171858216971,0.62,0,0,0,50.5762380732001,-24.31585413204643,43.77874059142839
180900,0.06,0,0.4205579195729889,0.631578947368421,0.746358754027927,0.57,0,0,0,50.568978827961146,-24.315749185261158,43.77636346978163
181000,0.06,0,0.42053060242496054,0.631578947368421,0.7431149301825993,0.59,0,0,0,50.57141898652074,-24.313221181077292,43.77709470565877
181100,0.06,0,0.4205803229992389,0.631578947368421,0.7370676691729323,0.47,0,0,0,50.56500864133779,-24.31177087846425,43.777468578273414
181200,0.06,0,0.42058097798769806,0.631578947368421,0.7343931256713212,0.61,0,0,0,50.56517120216588,-24.312426004075366,43.77725966280213
181300,0.06,0,0.42049411986874125,0.631578947368421,0.7425349087003222,0.55,0,0,0,50.565992256448055,-24.311920782213626,43.78559141187612
181400,0.06,0,0.4203692706097028,0.631578947368421,0.7359398496240601,0.62,0,0,0,50.56892413336786,-24.30969541630922,43.79605634145838
181500,0.06,0,0.42036541038856085,0.631578947368421,0.7341138560687432,0.48,0,0,0,50.574801596299366,-24.311652480943575,43.791368791688406
181600,0.06,0,0.4203007189404224,0.631578947368421,0.7374758324382384,0.59,0,0,0,50.570977548923466,-24.311816884784697,43.80142093059259
181700,0.06,0,0.42043321894155156,0.631578947368421,0.7405370569280344,0.63,0,0,0,50.56505760767165,-24.3125244093305,43.79274333099356
181800,0.06,0,0.4203113542427083,0.631578947368421,0.7398818474758324,0.62,0,0,0,50.5746523481959,-24.309194787005907,43.797130036423965
181900,0.06,0,0.42030924108418116,0.631578947368421,0.7379914070891515,0.51,0,0,0,50.57349557194183,-24.307539618532847,43.79835201642052
182000,0.06,0,0.420345464420531,0.631578947368421,0.7348120300751879,0.51,0,0,0,50.57379186665513,-24.309177131077956,43.79432110896936
182100,0.06,0,0.420275268875025,0.631578947368421,0.7365843179377014,0.7,0,0,0,50.58222951713521,-24.30908613552837,43.79432918263185
182200,0.06,0,0.4202555203428878,0.631578947368421,0.7375617615467239,0.53,0,0,0,50.5836067587109,-24.305755161523997,43.79519470801869
182300,0.06,0,0.4202631035444985,0.631578947368421,0.7369924812030075,0.61,0,0,0,50.58914952007139,-24.304717888598574,43.789606169885744
182400,0.06,0,0.4203017618171951,0.631578947368421,0.7385714285714285,0.5,0,0,0,50.59183005870334,-24.304097121449317,43.783258596039104
182500,0.06,0,0.42020945607767335,0.631578947368421,0.740859291084855,0.6,0,0,0,50.59884604262363,-24.304911686400967,43.78680401511595
182600,0.06,0,0.42033005390847666,0.631578947368421,0.739312567132116,0.49,0,0,0,50.59539659626269,-24.304294813791927,43.77722544566969
182700,0.06,0,0.4203483524110462,0.631578947368421,0.7353276047261009,0.52,0,0,0,50.598697993270775,-24.302766262136764,43.77246355186718
182800,0.06,0,0.420347129279215,0.631578947368421,0.7374328678839958,0.51,0,0,0,50.59361177707384,-24.302492438564183,43.776991415103794
182900,0.06,0,0.4204316287600053,0.631578947368421,0.7363050483351236,0.51,0,0,0,50.592899021926634,-24.30381155240454,43.768809605863424
183000,0.06,0,0.42041054629490426,0.631578947368421,0.7342857142857143,0.54,0,0,0,50.58774021010358,-24.302586098949618,43.775468152750236
183100,0.06,0,0.42031511713151315,0.631578947368421,0.7346831364124597,0.5,0,0,0,50.597938129070926,-24.30047052540609,43.77658215418287
183200,0.06,0,0.42036776086612515,0.631578947368421,0.7353920515574651,0.56,0,0,0,50.59332147653736,-24.300331349414893,43.77509402354179
183300,0.06,0,0.42041542102150337,0.631578947368421,0.7378195488721805,0.53,0,0,0,50.58903091051211,-24.30016963631209,43.77384372517095
183400,0.06,0,0.4204046755084911,0.631578947368421,0.7400859291084855,0.56,0,0,0,50.58644465984096,-24.301437915523376,43.77720059257503
183500,0.06,0,0.42049173366914355,0.631578947368421,0.7334156820622986,0.62,0,0,0,50.58824312784532,-24.30363569460414,43.76658100190626
183600,0.06,0,0.420584817707741,0.631578947368421,0.7293555316863588,0.58,0,0,0,50.587351032879354,-24.30059364416515,43.75766620230231
183700,0.06,0,0.42056790988173637,0.631578947368421,0.7395381310418905,0.62,0,0,0,50.588026628288475,-24.30070442648612,43.75884096363775
183800,0.06,0,0.4205934317025108,0.631578947368421,0.7415682062298604,0.6,0,0,0,50.59344409265862,-24.302040557063826,43.75150031341291
183900,0.06,0,0.42063822772769593,0.631578947368421,0.735735767991407,0.6,0,0,0,50.59009773802889,-24.303255755847555,43.749734678633324
184000,0.06,0,0.4206409660710371,0.631578947368421,0.7304081632653061,0.54,0,0,0,50.58567263954242,-24.30370883525491,43.753276955031964
184100,0.06,0,0.4205820405757888,0.631578947368421,0.7417722878625135,0.62,0,0,0,50.572814110087,-24.303380120881062,43.7705331600896
184200,0.06,0,0.42061082917233017,0.631578947368421,0.7374436090225563,0.51,0,0,0,50.57094077302244,-24.302289095163825,43.76915861108443
184300,0.06,0,0.4206116530581991,0.631578947368421,0.7433941997851772,0.55,0,0,0,50.56497637188654,-24.30340821123436,43.77423566599649
184400,0.06,0,0.4206637218264199,0.631578947368421,0.740827067669173,0.5,0,0,0,50.565125872965716,-24.303585067229076,43.76868798675779
184500,0.06,0,0.42068014888883754,0.631578947368421,0.7433404940923738,0.51,0,0,0,50.561905612960764,-24.30477401263609,43.76976636609424
184600,0.06,0,0.42053283671432623,0.631578947368421,0.7389581095596133,0.56,0,0,0,50.56907468533586,-24.306328212087713,43.77889154322632
184700,0.06,0,0.420539114006167,0.631578947368421,0.7473254564983888,0.5,0,0,0,50.569419650755705,-24.307619914031058,43.77793942710315
184800,0.06,0,0.42055143287349067,0.631578947368421,0.736734693877551,0.51,0,0,0,50.56974283179355,-24.306275384400003,43.776377308124616
184900,0.06,0,0.4204968136684948,0.631578947368421,0.740655209452202,0.58,0,0,0,50.57634786049178,-24.304862023835796,43.776345785031744
185000,0.06,0,0.4204912489850032,0.631578947368421,0.741203007518797,0.52,0,0,0,50.5794138200408,-24.304302619853576,43.77427149621126
185100,0.06,0,0.4205359586187097,0.631578947368421,0.7423415682062299,0.53,0,0,0,50.57772894182614,-24.30307770736188,43.771075679745024
185200,0.06,0,0.42061380563504597,0.631578947368421,0.7402685284640171,0.66,0,0,0,50.56705051501686,-24.302043389224202,43.772216133995755
185300,0.06,0,0.4206497785736978,0.631578947368421,0.7421589688506982,0.6,0,0,0,50.569795360712504,-24.30237610977719,43.76609716025025
185400,0.06,0,0.4206113906280879,0.631578947368421,0.7430290010741138,0.63,0,0,0,50.56813522586538,-24.302258140373546,43.77152851860885
185500,0.06,0,0.4205452122013804,0.631578947368421,0.7307626208378089,0.52,0,0,0,50.58015499315107,-24.299207925375097,43.768013139683916
185600,0.06,0,0.4204675703131684,0.631578947368421,0.740827067669173,0.45,0,0,0,50.58634314372262,-24.298168992088584,43.77074010561584
185700,0.06,0,0.4204989963533366,0.631578947368421,0.7404833512352309,0.53,0,0,0,50.58063077646842,-24.29931089100955,43.77241181131972
185800,0.06,0,0.42048390497951454,0.631578947368421,0.7353276047261009,0.46,0,0,0,50.578798662261185,-24.2995749390174,43.77556844825407
185900,0.06,0,0.42056939711735813,0.631578947368421,0.7383243823845328,0.51,0,0,0,50.57656774079688,-24.29862261442439,43.768600414903844
186000,0.06,0,0.4204888558152075,0.631578947368421,0.7365843179377014,0.53,0,0,0,50.577563573093414,-24.29808309133053,43.77612200859018
186100,0.06,0,0.4204798612283738,0.631578947368421,0.7400214822771214,0.67,0,0,0,50.57839269554854,-24.297138380135443,43.77634080483685
186200,0.06,0,0.4204850832071043,0.631578947368421,0.7324274973147153,0.45,0,0,0,50.57580656153316,-24.299033416374844,43.778035572698464
186300,0.06,0,0.42045578523299726,0.631578947368421,0.7373576799140709,0.52,0,0,0,50.573228104754016,-24.30068502536325,43.78331825225505
186400,0.06,0,0.42055340037889155,0.631578947368421,0.7354887218045113,0.54,0,0,0,50.56327817106763,-24.302620348385283,43.78176941565252
186500,0.06,0,0.4205170382700298,0.631578947368421,0.737765843179377,0.61,0,0,0,50.56142261476575,-24.302999110996392,43.787162113701434
186600,0.06,0,0.4204570487140006,0.631578947368421,0.7387325456498389,0.5,0,0,0,50.56761265362728,-24.304585529614297,43.78804873425412
186700,0.06,0,0.4205459130805999,0.631578947368421,0.7398711063372717,0.54,0,0,0,50.55660118239911,-24.30571410138596,43.78833123822915
186800,0.06,0,0.4205251471220749,0.631578947368421,0.7430075187969924,0.59,0,0,0,50.55252773951149,-24.30680309956409,43.794022119309865
186900,0.06,0,0.4206731993825085,0.631578947368421,0.7406766917293233,0.64,0,0,0,50.542768729315306,-24.30763417686203,43.78706215335289
187000,0.06,0,0.4206596536051843,0.631578947368421,0.738796992481203,0.52,0,0,0,50.5405409758774,-24.308432061286766,43.79040228467503
187100,0.06,0,0.4208238839916004,0.631578947368421,0.732749731471536,0.54,0,0,0,50.5303482794443,-24.309680092726893,43.78214238330361
187200,0.06,0,0.4207943993147973,0.631578947368421,0.7339634801288937,0.53,0,0,0,50.53808352476242,-24.30913711993569,43.77850849206047
187300,0.06,0,0.4208932580935784,0.631578947368421,0.7360042964554243,0.54,0,0,0,50.52817358427095,-24.309941750452648,43.776809993519315
187400,0.06,0,0.42094788839276,0.631578947368421,0.7415359828141783,0.61,0,0,0,50.526401669099506,-24.310015275743574,43.77266368602765
187500,0.06,0,0.42087197635650087,0.631578947368421,0.7416541353383459,0.51,0,0,0,50.535268668289845,-24.308260071539777,43.77287708760015
187600,0.06,0,0.42101153102939437,0.631578947368421,0.7267239527389904,0.52,0,0,0,50.525559566392694,-24.30778700773546,43.76677618958113
187700,0.06,0,0.4209632094945859,0.631578947368421,0.7353490870032223,0.54,0,0,0,50.53690920031502,-24.305723580438134,43.76196977294184
187800,0.06,0,0.4210063491971774,0.631578947368421,0.7372073039742213,0.57,0,0,0,50.53277971997975,-24.306365554098907,43.76106138005873
187900,0.06,0,0.4209726893953249,0.631578947368421,0.7339419978517723,0.54,0,0,0,50.54007079271911,-24.307828805255703,43.75824677657208
188000,0.06,0,0.42106780008666583,0.631578947368421,0.7403651987110633,0.53,0,0,0,50.53312640206378,-24.306815779462617,43.754374685710836
188100,0.06,0,0.42099841974337077,0.631578947368421,0.7359183673469388,0.57,0,0,0,50.53285613521615,-24.304769612965337,43.761819438055674
188200,0.06,0,0.4209972053902174,0.631578947368421,0.7416756176154672,0.52,0,0,0,50.53005079128648,-24.305602116913324,43.764375257692855
188300,0.06,0,0.42103570713030286,0.631578947368421,0.731546723952739,0.55,0,0,0,50.53339558530971,-24.304838384796128,43.757476721696214
188400,0.06,0,0.42092479835237556,0.631578947368421,0.7319119226638023,0.48,0,0,0,50.54003374385162,-24.307186680176326,43.76325748584469
188500,0.06,0,0.42077927588452385,0.631578947368421,0.7374328678839958,0.53,0,0,0,50.5483124174015,-24.30962497689208,43.7712226744099
188600,0.06,0,0.42078378538968275,0.631578947368421,0.7289903329752954,0.54,0,0,0,50.5499496268792,-24.307783913337946,43.769335936639465
188700,0.06,0,0.42086635834591607,0.631578947368421,0.7420300751879699,0.57,0,0,0,50.5473210515677,-24.306748504843608,43.763024157497476
188800,0.06,0,0.42081641356097615,0.631578947368421,0.739656283566058,0.54,0,0,0,50.54473378295041,-24.306514656188064,43.77045858604115
188900,0.06,0,0.42076095306621125,0.631578947368421,0.7319441460794844,0.53,0,0,0,50.549638423250485,-24.30842605339286,43.771980527623086
189000,0.06,0,0.420772154933623,0.631578947368421,0.7374865735767991,0.65,0,0,0,50.54559987837881,-24.30925613448524,43.774312468646926
189100,0.06,0,0.4207710220239445,0.631578947368421,0.7317937701396348,0.45,0,0,0,50.54814294266388,-24.309415687639085,43.77222804877074
189200,0.06,0,0.42073969560616964,0.631578947368421,0.7417830290010741,0.5,0,0,0,50.545904195450696,-24.31040551280202,43.777426011551526
189300,0.06,0,0.42078875964598883,0.631578947368421,0.7349087003222342,0.55,0,0,0,50.5437372146987,-24.311886246472525,43.774198223638535
189400,0.06,0,0.4208152434708851,0.631578947368421,0.7271428571428571,0.44,0,0,0,50.54170375301479,-24.313505575573693,43.77320438492837
189500,0.06,0,0.42083115195248777,0.631578947368421,0.7391836734693877,0.59,0,0,0,50.54101623270516,-24.31377172622658,43.77214508092369
189600,0.06,0,0.42085310374524976,0.631578947368421,0.7329430719656284,0.56,0,0,0,50.54205830034592,-24.314305217783023,43.768959476332
189700,0.06,0,0.4209101760174662,0.631578947368421,0.7351342642320086,0.56,0,0,0,50.5353204247554,-24.3172954770356,43.768859657969394
189800,0.06,0,0.4209596774575095,0.631578947368421,0.7327175080558539,0.57,0,0,0,50.53099277284189,-24.31579548261273,43.76746087371848
189900,0.06,0,0.4209364129329589,0.631578947368421,0.7381203007518797,0.51,0,0,0,50.535061309600906,-24.314097414184314,43.766355958181784
190000,0.06,0,0.4209466957823059,0.631578947368421,0.7400107411385607,0.5,0,0,0,50.52750387300873,-24.31302939385789,43.77183284416351
190100,0.06,0,0.4209977467412397,0.631578947368421,0.7333834586466166,0.51,0,0,0,50.52317565432388,-24.313211818071117,43.77027438146278
190200,0.06,0,0.421017673430834,0.631578947368421,0.7359613319011815,0.56,0,0,0,50.522741791604545,-24.31353007050685,43.76857860066243
190300,0.06,0,0.4211248045511089,0.631578947368421,0.7331901181525242,0.64,0,0,0,50.51758028383827,-24.31145196676941,43.76191499690408
190400,0.06,0,0.4211469541057836,0.631578947368421,0.7256068743286789,0.57,0,0,0,50.51897671394977,-24.312323574515204,43.75840381868334
190500,0.06,0,0.42108914281033105,0.631578947368421,0.7286143931256713,0.59,0,0,0,50.52407565013919,-24.314211118513185,43.75999466186205
190600,0.06,0,0.4210300359592626,0.631578947368421,0.7244468313641246,0.48,0,0,0,50.523473751575786,-24.314109316324526,43.76665936258315
190700,0.06,0,0.42097447390548104,0.631578947368421,0.7285606874328678,0.52,0,0,0,50.51976458607259,-24.31515212229545,43.77564965390743
190800,0.06,0,0.4209267346615908,0.631578947368421,0.7407948442534908,0.55,0,0,0,50.517564765317694,-24.315663808256982,43.7825209081939
190900,0.06,0,0.42090441625844977,0.631578947368421,0.7359076262083781,0.47,0,0,0,50.51912582402293,-24.316808662382368,43.783489503808866
191000,0.06,0,0.4208594437179011,0.631578947368421,0.7320837808807734,0.52,0,0,0,50.52413521470103,-24.319124281614883,43.783826625667615
191100,0.06,0,0.4208152627138636,0.631578947368421,0.738109559613319,0.55,0,0,0,50.52093254606868,-24.317260869680073,43.79119932433508
191200,0.06,0,0.4208263518707097,0.631578947368421,0.7412889366272825,0.57,0,0,0,50.520344660747114,-24.318308160842925,43.79055495391647
191300,0.06,0,0.420853644524615,0.631578947368421,0.7393984962406015,0.57,0,0,0,50.52018956640988,-24.31934478532613,43.78784953171951
191400,0.06,0,0.4209604165008582,0.631578947368421,0.7374113856068744,0.59,0,0,0,50.51038885753953,-24.31917621614417,43.7852373815101
191500,0.06,0,0.4209853843477119,0.631578947368421,0.7343716433941998,0.52,0,0,0,50.50754493626039,-24.31942614542724,43.78510582492829
191600,0.06,0,0.42091966678766396,0.631578947368421,0.7333834586466166,0.5,0,0,0,50.511944265548685,-24.320859136604273,43.78812787640853
191700,0.06,0,0.42092985919722575,0.631578947368421,0.7351879699248121,0.56,0,0,0,50.51120346360161,-24.32221672747497,43.787709774381874
191800,0.06,0,0.4209787936524457,0.631578947368421,0.732373791621912,0.57,0,0,0,50.504634362253206,-24.319747005290708,43.78831467723204
191900,0.06,0,0.42091052268118206,0.631578947368421,0.7326960257787325,0.47,0,0,0,50.50393796499995,-24.318576455415027,43.79602096110008
192000,0.06,0,0.42087027674393,0.631578947368421,0.7356498388829216,0.54,0,0,0,50.51290872191313,-24.319251941874963,43.79243035214272
192100,0.06,0,0.42086031494122145,0.631578947368421,0.7348979591836735,0.54,0,0,0,50.512614326327686,-24.318147491642513,43.79372215835392
192200,0.06,0,0.4208415520541463,0.631578947368421,0.733813104189044,0.49,0,0,0,50.509733407163665,-24.31823300212827,43.798172636743026
192300,0.06,0,0.4207785654777526,0.631578947368421,0.7367883995703545,0.57,0,0,0,50.51106698727558,-24.318990340657923,43.80357228834225
192400,0.06,0,0.420707311008151,0.631578947368421,0.7381525241675617,0.55,0,0,0,50.51635557138986,-24.318993091925712,43.8064046276604
192500,0.06,0,0.42076039947457805,0.631578947368421,0.7358431793770139,0.56,0,0,0,50.518035021466524,-24.31954247489527,43.79942131517362
192600,0.06,0,0.4207925873407347,0.631578947368421,0.7339205155746509,0.55,0,0,0,50.5096612995752,-24.317865154327745,43.80333165971063
192700,0.06,0,0.4207318202959007,0.631578947368421,0.733265306122449,0.63,0,0,0,50.519509155009935,-24.318135312142456,43.80111836020631
192800,0.06,0,0.42082019923775055,0.631578947368421,0.7266058002148228,0.57,0,0,0,50.517815273343565,-24.31828656564411,43.793387787785775
192900,0.06,0,0.4209025397776982,0.631578947368421,0.7313856068743286,0.67,0,0,0,50.524303648854044,-24.321339881721194,43.77919766708446
193000,0.06,0,0.4209749535261454,0.631578947368421,0.730655209452202,0.57,0,0,0,50.51005481549009,-24.322485548367816,43.78401495649685
193100,0.06,0,0.42100178413966705,0.631578947368421,0.732438238453276,0.66,0,0,0,50.49863070527595,-24.32179603833406,43.79112904093042
193200,0.06,0,0.42104445093036774,0.631578947368421,0.7280021482277121,0.48,0,0,0,50.494333975102435,-24.322175658764213,43.79041739538274
193300,0.06,0,0.4210592026517304,0.631578947368421,0.730687432867884,0.54,0,0,0,50.49870389886413,-24.32391312344541,43.785093920260096
193400,0.06,0,0.42119464489202585,0.631578947368421,0.7309129967776584,0.6,0,0,0,50.49737850321008,-24.324984386186475,43.772162934972215
193500,0.06,0,0.42123783822693706,0.631578947368421,0.7286680988184747,0.61,0,0,0,50.497131675777375,-24.32677004311397,43.76788851241071
193600,0.06,0,0.4212894949084488,0.631578947368421,0.7348657357679914,0.5,0,0,0,50.49435584456217,-24.326582824576143,43.76492764614215
193700,0.06,0,0.4212478566485934,0.631578947368421,0.7399248120300752,0.55,0,0,0,50.49432592302829,-24.32868682793119,43.76927952846501
193800,0.06,0,0.42118790296690084,0.631578947368421,0.73312567132116,0.54,0,0,0,50.49127588386868,-24.329003213795477,43.77815419250411
193900,0.06,0,0.42120133235481055,0.631578947368421,0.7262620837808808,0.42,0,0,0,50.492255597719904,-24.328218287295368,43.77590897876102
194000,0.06,0,0.42110557918139785,0.631578947368421,0.7324812030075188,0.55,0,0,0,50.4923126950286,-24.32924367066936,43.78581345869923
194100,0.06,0,0.4210532586361413,0.631578947368421,0.7385606874328678,0.58,0,0,0,50.49984361171959,-24.329414866541978,43.78472385110318
194200,0.06,0,0.42104458859952376,0.631578947368421,0.7330504833512352,0.53,0,0,0,50.49621772235244,-24.33117182304713,43.788769488494395
194300,0.06,0,0.42114788925346885,0.631578947368421,0.7302685284640171,0.61,0,0,0,50.49343044934126,-24.332550445853645,43.78044540128654
194400,0.06,0,0.4210953980860469,0.631578947368421,0.7393984962406015,0.58,0,0,0,50.494371843894854,-24.334417135982207,43.78508647801498
194500,0.06,0,0.4210423367132241,0.631578947368421,0.7358431793770139,0.63,0,0,0,50.49450020843279,-24.33282252851972,43.7904931205887
194600,0.06,0,0.4210683505377511,0.631578947368421,0.7413856068743286,0.53,0,0,0,50.48990319364659,-24.335338452868896,43.7917745200922
194700,0.06,0,0.4210305180903149,0.631578947368421,0.7430504833512352,0.59,0,0,0,50.48849549475465,-24.335488442622857,43.79693060148598
194800,0.06,0,0.4209588543787528,0.631578947368421,0.7433082706766917,0.55,0,0,0,50.491939412828785,-24.335963437807084,43.80139877900816
194900,0.06,0,0.42100873367153285,0.631578947368421,0.7369817400644468,0.46,0,0,0,50.49295371780879,-24.335705313668814,43.79532959839392
195000,0.06,0,0.42093581346259623,0.631578947368421,0.7323952738990333,0.53,0,0,0,50.49429094203831,-24.336261111759807,43.80175640050467
195100,0.06,0,0.42094261967458035,0.631578947368421,0.7347368421052631,0.49,0,0,0,50.49463654383622,-24.337836311017846,43.8007483821751
195200,0.06,0,0.42095177062713823,0.631578947368421,0.7404833512352309,0.49,0,0,0,50.49417170401817,-24.335242989078154,43.800199422642706
195300,0.06,0,0.42086329671100176,0.631578947368421,0.7466165413533835,0.58,0,0,0,50.49708692147866,-24.335918564746926,43.80687796912146
195400,0.06,0,0.4208865558331805,0.631578947368421,0.7373254564983889,0.5,0,0,0,50.48966896837407,-24.33634608167181,43.8108928644624
195500,0.06,0,0.4209255396620798,0.631578947368421,0.7341353383458646,0.56,0,0,0,50.48687988217448,-24.336016227750207,43.80925539366415
195600,0.06,0,0.4208754904965853,0.631578947368421,0.7390010741138561,0.71,0,0,0,50.48506796486966,-24.33430697519155,43.81603755829902
195700,0.06,0,0.4208458531602351,0.631578947368421,0.7393984962406015,0.48,0,0,0,50.4873251611394,-24.33476497735407,43.81716415332571
195800,0.06,0,0.4207114347432512,0.631578947368421,0.7322878625134264,0.54,0,0,0,50.49075830425394,-24.336017242438732,43.828183532428774
195900,0.06,0,0.4205928457458433,0.631578947368421,0.7380988184747583,0.53,0,0,0,50.499115985249404,-24.335552963323362,43.83328550852047
196000,0.06,0,0.42055818383933896,0.631578947368421,0.7454779806659506,0.53,0,0,0,50.50226687996035,-24.3352093203037,43.83416316123545
196100,0.06,0,0.42052600058724815,0.631578947368421,0.7429430719656284,0.52,0,0,0,50.50162518210924,-24.337275943663492,43.83807485166132
196200,0.06,0,0.42051495414078593,0.631578947368421,0.7348012889366273,0.64,0,0,0,50.49778010973999,-24.336564525533838,43.84256449519665
196300,0.06,0,0.4204406773965491,0.631578947368421,0.7322019334049409,0.58,0,0,0,50.498300169491834,-24.336282255063114,43.84985830427611
196400,0.06,0,0.4204676655414778,0.631578947368421,0.7392588614393125,0.59,0,0,0,50.496973178608044,-24.336721766368363,43.84819599640506
196500,0.06,0,0.42050129707148654,0.631578947368421,0.7371213748657358,0.56,0,0,0,50.50365377507812,-24.335376405261762,43.83888928260789
196600,0.06,0,0.42050364728017015,0.631578947368421,0.7358968850698174,0.46,0,0,0,50.50382813505252,-24.335691900258617,43.83849291659715
196700,0.06,0,0.4204892983116146,0.631578947368421,0.7413533834586467,0.5,0,0,0,50.50997474638028,-24.33447965708987,43.83465394750451
196800,0.06,0,0.4204482226830525,0.631578947368421,0.7354350161117078,0.64,0,0,0,50.506160155358806,-24.335085940370266,43.84224740170044
196900,0.06,0,0.42051849173068173,0.631578947368421,0.7364017185821697,0.42,0,0,0,50.50724423156219,-24.334322009737765,43.83398045670239
197000,0.06,0,0.4206229232059254,0.631578947368421,0.7279484425349086,0.52,0,0,0,50.50474019556901,-24.33337381822525,43.825270196443775
197100,0.06,0,0.42062103558238656,0.631578947368421,0.7273254564983889,0.54,0,0,0,50.50150273545164,-24.333615508731533,43.82827635610794
197200,0.06,0,0.42064016414828814,0.631578947368421,0.7339742212674544,0.53,0,0,0,50.50990652853098,-24.33318262229205,43.81899149216959
197300,0.06,0,0.4206865037571382,0.631578947368421,0.734672395273899,0.63,0,0,0,50.50369884734182,-24.33485618235686,43.81955016166971
197400,0.06,0,0.4207162986259199,0.631578947368421,0.7375402792696025,0.51,0,0,0,50.50286618835004,-24.335391055064868,43.8171693057363
197500,0.06,0,0.4207222034701338,0.631578947368421,0.7435445757250269,0.48,0,0,0,50.502461751968674,-24.33460272134194,43.81690522488042
197600,0.06,0,0.42079261503584336,0.631578947368421,0.7376584317937701,0.64,0,0,0,50.50037820724935,-24.335030694987402,43.811380802467646
197700,0.06,0,0.4207931110745587,0.631578947368421,0.7385499462943071,0.59,0,0,0,50.48700157946408,-24.334897436683864,43.82293705238871
197800,0.06,0,0.4207785052253873,0.631578947368421,0.731858216970999,0.58,0,0,0,50.48096266294265,-24.336240165500506,43.829700826715445
197900,0.06,0,0.42070755447845254,0.631578947368421,0.7382169709989259,0.57,0,0,0,50.48033035070437,-24.335867499774213,43.83764164055016
198000,0.06,0,0.4206959773160306,0.631578947368421,0.7350053705692804,0.6,0,0,0,50.475232957019784,-24.33680633560118,43.84327521004684
198100,0.06,0,0.4206174747545215,0.631578947368421,0.7411278195488722,0.56,0,0,0,50.47743913081742,-24.3374465374713,43.849541386482215
198200,0.06,0,0.4206403682274684,0.631578947368421,0.7417508055853921,0.6,0,0,0,50.476109148445424,-24.336224090020924,43.84831018030236
198300,0.06,0,0.4205740058413174,0.631578947368421,0.734328678839957,0.56,0,0,0,50.478849132088264,-24.3370909479243,43.85284855197133
198400,0.06,0,0.42062930832883716,0.631578947368421,0.7370891514500537,0.63,0,0,0,50.47017818770384,-24.334365895568837,43.85461604733693
198500,0.06,0,0.42070444438610927,0.631578947368421,0.729452201933405,0.51,0,0,0,50.47208177926989,-24.333409314538727,43.845130082414016
198600,0.06,0,0.4206263361262911,0.631578947368421,0.732577873254565,0.53,0,0,0,50.47617330586218,-24.333116825840825,43.849717225645385
198700,0.06,0,0.42052409089271486,0.631578947368421,0.740515574650913,0.58,0,0,0,50.482071067675214,-24.3329832028132,43.85525458507687
198800,0.06,0,0.42050365559315833,0.631578947368421,0.7393984962406015,0.52,0,0,0,50.48578945951263,-24.33450062241146,43.85415563256688
198900,0.06,0,0.42057290643651773,0.631578947368421,0.7434156820622986,0.48,0,0,0,50.47530586153076,-24.334969619859816,43.856041580841456
199000,0.06,0,0.4205909142438377,0.631578947368421,0.7462406015037594,0.61,0,0,0,50.47341546580929,-24.333853474152143,43.85580634574091
199100,0.06,0,0.42065217194362436,0.631578947368421,0.7511707841031149,0.54,0,0,0,50.47004020382339,-24.33398277418608,43.85235231800932
199200,0.06,0,0.42064299562770613,0.631578947368421,0.7380021482277122,0.49,0,0,0,50.4729855555953,-24.33303216634342,43.85074989547295
199300,0.06,0,0.4206447712757405,0.631578947368421,0.7343716433941998,0.45,0,0,0,50.47086070113982,-24.33264391903035,43.85241092626259
199400,0.06,0,0.4205946507150024,0.631578947368421,0.7388614393125671,0.67,0,0,0,50.47041846872147,-24.33209869364638,43.85802093026446
199500,0.06,0,0.42046026538915204,0.631578947368421,0.7404189044038668,0.52,0,0,0,50.482691306831086,-24.33303826198436,43.86137287957811
199600,0.06,0,0.4205425972315445,0.631578947368421,0.7359291084854994,0.48,0,0,0,50.480784356734816,-24.331050614062605,43.8544424796689
199700,0.06,0,0.4205095337503296,0.631578947368421,0.7397099892588614,0.5,0,0,0,50.47626136546732,-24.329691369554805,43.861820574584534
199800,0.06,0,0.4205535987974764,0.631578947368421,0.7355531686358754,0.58,0,0,0,50.47480535681051,-24.331866930943438,43.858489907618406
199900,0.06,0,0.4204774998717918,0.631578947368421,0.7344253490870032,0.63,0,0,0,50.48214947943414,-24.33394691516827,43.86004584173078
200000,0.06,0,0.4203707751419305,0.631578947368421,0.7373469387755102,0.53,0,0,0,50.49245173423364,-24.335183696536387,43.86222985398324
