sweep,T,tuning,density,e_per_N,acc_part,acc_box,flip_cand,flip_prop,flip_acc,a,b,c
100,0.06,1,0.4281653213879608,0.631578947368421,,,0,0,0,50.14658633226862,-24.87849490080061,43.360753180929066
200,0.06,1,0.4281653213879608,0.631578947368421,,,0,0,0,50.14658633226862,-24.87849490080061,43.360753180929066
300,0.06,1,0.4281653213879608,0.631578947368421,,,0,0,0,50.14658633226862,-24.87849490080061,43.360753180929066
400,0.06,1,0.4281653213879608,0.631578947368421,,,0,0,0,50.14658633226862,-24.87849490080061,43.360753180929066
500,0.06,1,0.4281653213879608,0.631578947368421,,,0,0,0,50.14658633226862,-24.87849490080061,43.360753180929066
600,0.06,1,0.4281653213879608,0.631578947368421,,,0,0,0,50.14658633226862,-24.87849490080061,43.360753180929066
700,0.06,1,0.4281653213879608,0.631578947368421,,,0,0,0,50.14658633226862,-24.87849490080061,43.360753180929066
800,0.06,1,0.4281653213879608,0.631578947368421,,,0,0,0,50.14658633226862,-24.87849490080061,43.360753180929066
900,0.06,1,0.4281487550920933,0.631578947368421,,,0,0,0,50.14707038792206,-24.88064815546938,43.36201236665388
1000,0.06,1,0.4281487550920933,0.631578947368421,,,0,0,0,50.14707038792206,-24.88064815546938,43.36201236665388
1100,0.06,1,0.4281487550920933,0.631578947368421,,,0,0,0,50.14707038792206,-24.88064815546938,43.36201236665388
1200,0.06,1,0.4281487550920933,0.631578947368421,,,0,0,0,50.14707038792206,-24.88064815546938,43.36201236665388
1300,0.06,1,0.4281487550920933,0.631578947368421,,,0,0,0,50.14707038792206,-24.88064815546938,43.36201236665388
1400,0.06,1,0.4280964053015105,0.631578947368421,,,0,0,0,50.149767198343056,-24.885177216634553,43.36498280938666
1500,0.06,1,0.4280964053015105,0.631578947368421,,,0,0,0,50.149767198343056,-24.885177216634553,43.36498280938666
1600,0.06,1,0.4280964053015105,0.631578947368421,,,0,0,0,50.149767198343056,-24.885177216634553,43.36498280938666
1700,0.06,1,0.4280964053015105,0.631578947368421,,,0,0,0,50.149767198343056,-24.885177216634553,43.36498280938666
1800,0.06,1,0.4280964053015105,0.631578947368421,,,0,0,0,50.149767198343056,-24.885177216634553,43.36498280938666
1900,0.06,1,0.4280964053015105,0.631578947368421,,,0,0,0,50.149767198343056,-24.885177216634553,43.36498280938666
2000,0.06,1,0.4280964053015105,0.631578947368421,,,0,0,0,50.149767198343056,-24.885177216634553,43.36498280938666
2100,0.06,1,0.42803764640794073,0.631578947368421,,,0,0,0,50.15357492818491,-24.88396585655184,43.367642957651896
2200,0.06,1,0.42802310922469206,0.631578947368421,,,0,0,0,50.15479709049695,-24.88303593754428,43.36805906650239
2300,0.06,1,0.42798089140398377,0.631578947368421,,,0,0,0,50.15612222987136,-24.881785947814045,43.37119116299224
2400,0.06,1,0.4279531099468035,0.631578947368421,,,0,0,0,50.15735177746473,-24.881972524428,43.37294343116936
2500,0.06,1,0.42789846897680667,0.631578947368421,,,0,0,0,50.162495691287866,-24.883116779042556,43.37403374028531
2600,0.06,1,0.42786634027970594,0.631578947368421,,,0,0,0,50.16236767457717,-24.88296080551991,43.37740141900969
2700,0.06,1,0.42775858760185176,0.631578947368421,,,0,0,0,50.16584197271568,-24.88114246807565,43.385323302852925
2800,0.06,1,0.42769201622961,0.631578947368421,,,0,0,0,50.16863175001556,-24.880930298884483,43.389663394412246
2900,0.06,1,0.42763013347530404,0.631578947368421,,,0,0,0,50.173171438120356,-24.880986568820596,43.3920158711779
3000,0.06,1,0.42759144261993975,0.631578947368421,,,0,0,0,50.174533137889625,-24.8808364811444,43.3947644886439
3100,0.06,1,0.4273962431571516,0.631578947368421,,,0,0,0,50.188330557254794,-24.880395309262795,43.40264842011029
3200,0.06,1,0.42731381033297955,0.631578947368421,,,0,0,0,50.19209899630082,-24.87991405226282,43.40776188274562
3300,0.06,1,0.4272370698644691,0.631578947368421,,,0,0,0,50.19651779660665,-24.878370646733195,43.41173692739964
3400,0.06,1,0.4271376037040745,0.631578947368421,,,0,0,0,50.203432656129415,-24.878999583973062,43.41586529342051
3500,0.06,1,0.42694688038289225,0.631578947368421,,,0,0,0,50.21213768075063,-24.87802529974888,43.42772963426677
3600,0.06,1,0.4267010149909862,0.631578947368421,,,0,0,0,50.2254527538373,-24.877055125864157,43.4412331301593
3700,0.06,1,0.42651975365637307,0.631578947368421,,,0,0,0,50.23428808894026,-24.87550465858857,43.452050878195955
3800,0.06,1,0.42641200855530564,0.631578947368421,,,0,0,0,50.24080061886905,-24.875064826191895,43.45739632005953
3900,0.06,1,0.42624594287030837,0.631578947368421,,,0,0,0,50.24645748405978,-24.87622708714696,43.46943290600985
4000,0.06,1,0.42604119114618816,0.631578947368421,,,0,0,0,50.25580388116218,-24.87695218260359,43.482235763759455
4100,0.06,1,0.4258519296011867,0.631578947368421,,,0,0,0,50.2633004144234,-24.876642460869423,43.495072539571694
4200,0.06,1,0.42578224843636514,0.631578947368421,,,0,0,0,50.269192746347805,-24.87607026665079,43.49709156832659
4300,0.06,1,0.425623903786915,0.631578947368421,,,0,0,0,50.28417408801216,-24.87630524136284,43.50030970628311
4400,0.06,1,0.42547901998003035,0.631578947368421,,,0,0,0,50.28574452499652,-24.874293810341122,43.51376341147231
4500,0.06,1,0.42537217467766747,0.631578947368421,,,0,0,0,50.29186149751016,-24.873583115027543,43.51939934583558
4600,0.06,1,0.4252289991060002,0.631578947368421,,,0,0,0,50.29742996859724,-24.8766069203011,43.52923273480079
4700,0.06,1,0.42505000761147,0.631578947368421,,,0,0,0,50.30770140616606,-24.877339262145224,43.53867199060523
4800,0.06,1,0.4248426651247187,0.631578947368421,,,0,0,0,50.31893043340891,-24.878307812018477,43.550200130795055
4900,0.06,1,0.42465919257313367,0.631578947368421,,,0,0,0,50.33284339770754,-24.879418583186137,43.55697253329736
5000,0.06,1,0.4245941213471375,0.631578947368421,,,0,0,0,50.34037922228165,-24.87999862057921,43.55712649723902
5100,0.06,0,0.4244691096157847,0.631578947368421,0.3364017185821697,0.23,0,0,0,50.346357972215756,-24.880212795820626,43.56478060754308
5200,0.06,0,0.4242969555950972,0.631578947368421,0.33714285714285713,0.25,0,0,0,50.354940701813554,-24.879971645779005,43.5750281624192
5300,0.06,0,0.424198127334653,0.631578947368421,0.34748657357679913,0.29,0,0,0,50.35770939721319,-24.878773170497226,43.58278378878674
5400,0.06,0,0.4240613430715573,0.631578947368421,0.3549409237379162,0.35,0,0,0,50.36613506112965,-24.87903318802015,43.58954851197172
5500,0.06,0,0.42390590739539763,0.631578947368421,0.3585606874328679,0.25,0,0,0,50.37468561537305,-24.879604671779763,43.59813014327384
5600,0.06,0,0.4237787597205254,0.631578947368421,0.3671535982814178,0.35,0,0,0,50.38285796270901,-24.87881648026862,43.60413707455884
5700,0.06,0,0.42367142033106886,0.631578947368421,0.36868958109559613,0.21,0,0,0,50.38952577495578,-24.879026998601134,43.60941301765145
5800,0.06,0,0.4234651551669075,0.631578947368421,0.3752953813104189,0.35,0,0,0,50.40256475558521,-24.878971536855865,43.619367568009764
5900,0.06,0,0.42326570987531514,0.631578947368421,0.387422126745435,0.38,0,0,0,50.41368504671561,-24.876353194387836,43.630295141643046
6000,0.06,0,0.42312965781199957,0.631578947368421,0.3936627282491944,0.32,0,0,0,50.42314715914192,-24.873943355388025,43.636133880631846
6100,0.06,0,0.42296476151752416,0.631578947368421,0.40642320085929107,0.37,0,0,0,50.43994942362556,-24.873285284792203,43.63860430300036
6200,0.06,0,0.42286096988741717,0.631578947368421,0.40977443609022557,0.33,0,0,0,50.44741262841916,-24.87387691461137,43.64285794789462
6300,0.06,0,0.42271449345827394,0.631578947368421,0.41147153598281416,0.35,0,0,0,50.456304564270575,-24.874503218130325,43.65028693850657
6400,0.06,0,0.42256036118080303,0.631578947368421,0.42413533834586464,0.29,0,0,0,50.46668378915554,-24.87376933145589,43.657228124470194
6500,0.06,0,0.4223769259893908,0.631578947368421,0.4293233082706767,0.4,0,0,0,50.47562008129256,-24.873463681104454,43.66845562864299
6600,0.06,0,0.42223920964463946,0.631578947368421,0.43118152524167563,0.36,0,0,0,50.47966949908144,-24.871664788776968,43.67919423543132
6700,0.06,0,0.42217378790336985,0.631578947368421,0.4343071965628357,0.3,0,0,0,50.48418808306474,-24.873999205745033,43.68205282905302
6800,0.06,0,0.4220127646255462,0.631578947368421,0.4370139634801289,0.37,0,0,0,50.490275383877176,-24.876365743302337,43.69345167724676
6900,0.06,0,0.42182326494511396,0.631578947368421,0.4504511278195489,0.48,0,0,0,50.49279712016308,-24.87719416722885,43.710897362119276
7000,0.06,0,0.4216804616354914,0.631578947368421,0.4566487647690655,0.36,0,0,0,50.500611379975965,-24.875902732344972,43.71893424658008
7100,0.06,0,0.4215908821425634,0.631578947368421,0.45808807733619766,0.33,0,0,0,50.50658983074896,-24.876671865926163,43.723047533967836
7200,0.06,0,0.4215215412039021,0.631578947368421,0.46893662728249197,0.32,0,0,0,50.50607147923632,-24.875325391403,43.73068885232616
7300,0.06,0,0.42134119336149256,0.631578947368421,0.4740279269602578,0.27,0,0,0,50.50836639619839,-24.87502973073027,43.747419206291376
7400,0.06,0,0.42118362295165285,0.631578947368421,0.4662620837808808,0.33,0,0,0,50.51746121634505,-24.874763690822487,43.75590676485081
7500,0.06,0,0.42104818719203996,0.631578947368421,0.47569280343716436,0.35,0,0,0,50.521009211159615,-24.87726513053293,43.76690755236465
7600,0.06,0,0.4209355038239643,0.631578947368421,0.48149301825993557,0.4,0,0,0,50.5284870388189,-24.87762504291433,43.77214494285395
7700,0.06,0,0.42087309786395655,0.631578947368421,0.4739097744360902,0.3,0,0,0,50.53297883600541,-24.878760155407203,43.774743947601635
7800,0.06,0,0.42069725038627626,0.631578947368421,0.48525241675617614,0.36,0,0,0,50.54182648549726,-24.879868286572812,43.78537514294102
7900,0.06,0,0.4205610004966311,0.631578947368421,0.49473684210526314,0.41,0,0,0,50.548039632477135,-24.880676393237252,43.79417671518979
8000,0.06,0,0.42044692370077574,0.631578947368421,0.5016219119226638,0.38,0,0,0,50.553854718821185,-24.879197279632113,43.801020165693345
8100,0.06,0,0.4203422336612213,0.631578947368421,0.5034264232008593,0.31,0,0,0,50.560340421816136,-24.87956677911974,43.80630916589816
8200,0.06,0,0.42015658288387275,0.631578947368421,0.5017615467239528,0.39,0,0,0,50.5724433269617,-24.881158524520217,43.81517718375093
8300,0.06,0,0.42005383496129667,0.631578947368421,0.5076584317937701,0.29,0,0,0,50.57705158881774,-24.882301218506967,43.82190152438317
8400,0.06,0,0.4198771766626303,0.631578947368421,0.5133619763694952,0.39,0,0,0,50.58478213137573,-24.881468727937317,43.833639231881655
8500,0.06,0,0.4198147309264745,0.631578947368421,0.521890440386681,0.37,0,0,0,50.595603596865644,-24.881651061046423,43.83078270700931
8600,0.06,0,0.41977642136359566,0.631578947368421,0.5195381310418904,0.38,0,0,0,50.5985580698126,-24.883218375847488,43.832223251275565
8700,0.06,0,0.41963382774425356,0.631578947368421,0.51859291084855,0.37,0,0,0,50.60125044293254,-24.88351018839257,43.84478465265614
8800,0.06,0,0.41948107099401777,0.631578947368421,0.5253168635875403,0.37,0,0,0,50.60646580762173,-24.885591782285207,43.85623084542652
8900,0.06,0,0.4194352920866442,0.631578947368421,0.5297529538131042,0.33,0,0,0,50.60173598935562,-24.88606322396992,43.8651172498039
9000,0.06,0,0.41927703425340124,0.631578947368421,0.5345972073039742,0.37,0,0,0,50.60968515642608,-24.887622326268552,43.87478190671492
9100,0.06,0,0.4191927877248829,0.631578947368421,0.5347583243823846,0.38,0,0,0,50.610838151609784,-24.887963620703445,43.882599825331454
9200,0.06,0,0.41913042726324345,0.631578947368421,0.5370784103114931,0.32,0,0,0,50.62305612390072,-24.887901722860278,43.878536186748065
9300,0.06,0,0.41910009982545704,0.631578947368421,0.544876476906552,0.43,0,0,0,50.627654865073204,-24.88962142220991,43.87772540313691
9400,0.06,0,0.4190146412015272,0.631578947368421,0.5319763694951665,0.4,0,0,0,50.62958067909733,-24.88831011802099,43.885004994915256
9500,0.06,0,0.4189628110988433,0.631578947368421,0.5422234156820623,0.32,0,0,0,50.62949495721857,-24.88888947329215,43.890508343058904
9600,0.06,0,0.41888540885651193,0.631578947368421,0.5447261009667025,0.33,0,0,0,50.63334433064095,-24.88957144697292,43.895281124263505
9700,0.06,0,0.4188099309392865,0.631578947368421,0.5490870032223416,0.44,0,0,0,50.644034997297574,-24.8877688045494,43.893924217764464
9800,0.06,0,0.41868244637694146,0.631578947368421,0.5454564983888293,0.4,0,0,0,50.65458090581071,-24.885888523155547,43.89814830048618
9900,0.06,0,0.4186615460556638,0.631578947368421,0.5490332975295381,0.38,0,0,0,50.65512053159878,-24.8835050717232,43.89987210577893
10000,0.06,0,0.4185249883168473,0.631578947368421,0.5499892588614393,0.42,0,0,0,50.6641914820513,-24.885059411283695,43.906333476722295
10100,0.06,0,0.41845151648649,0.631578947368421,0.5616648764769065,0.48,0,0,0,50.669076381228955,-24.885890652010445,43.909808902058195
10200,0.06,0,0.41827021911478923,0.631578947368421,0.5619548872180451,0.45,0,0,0,50.67677125559965,-24.887017149013623,43.922171160412915
10300,0.06,0,0.4181663352158597,0.631578947368421,0.5597636949516649,0.35,0,0,0,50.6827346204869,-24.888053019344163,43.927913426900794
10400,0.06,0,0.418027101120914,0.631578947368421,0.5614178302900107,0.37,0,0,0,50.69768267134134,-24.887499168931882,43.92958836720085
10500,0.06,0,0.4179202535852995,0.631578947368421,0.566702470461869,0.28,0,0,0,50.711313126157336,-24.887901981617794,43.92900897479267
10600,0.06,0,0.41789187318015103,0.631578947368421,0.5635553168635875,0.43,0,0,0,50.71640239633449,-24.8869502354807,43.9275838668135
10700,0.06,0,0.4177484664850995,0.631578947368421,0.5695918367346938,0.35,0,0,0,50.72131164028126,-24.888562903953726,43.93841039007133
10800,0.06,0,0.41765197896812095,0.631578947368421,0.5779484425349087,0.37,0,0,0,50.72928709686523,-24.888929990420035,43.9416517875693
10900,0.06,0,0.4175727968569599,0.631578947368421,0.5767776584317937,0.36,0,0,0,50.732953484567986,-24.889851067693446,43.9468080159732
11000,0.06,0,0.4175655392051886,0.631578947368421,0.5793984962406015,0.46,0,0,0,50.736831334077365,-24.890268794288872,43.94421290774346
11100,0.06,0,0.41752286113831316,0.631578947368421,0.5755424274973148,0.4,0,0,0,50.75294803806865,-24.89092129829423,43.93474876489021
11200,0.06,0,0.41742738108801736,0.631578947368421,0.5805477980665951,0.38,0,0,0,50.76481400448394,-24.890281259369097,43.93452632921301
11300,0.06,0,0.4173930761087053,0.631578947368421,0.5781203007518797,0.27,0,0,0,50.76387070306449,-24.891183569852796,43.938953713913776
11400,0.06,0,0.41725022079937185,0.631578947368421,0.5793447905477981,0.38,0,0,0,50.769998156843826,-24.890553103539574,43.94869240820992
11500,0.06,0,0.4171844166575205,0.631578947368421,0.5823737916219119,0.36,0,0,0,50.77400855685149,-24.892312729257114,43.95215276068741
11600,0.06,0,0.4171110730495192,0.631578947368421,0.5859076262083781,0.48,0,0,0,50.77455352483382,-24.892746118939563,43.95940935498324
11700,0.06,0,0.41712075837505685,0.631578947368421,0.5853920515574651,0.49,0,0,0,50.774596981108836,-24.892538631721045,43.95835101801141
11800,0.06,0,0.41695465168332135,0.631578947368421,0.5867883995703544,0.34,0,0,0,50.78525459413468,-24.89342157481842,43.96663455891952
11900,0.06,0,0.41688768896859396,0.631578947368421,0.5995918367346939,0.43,0,0,0,50.79054986615964,-24.89357576107957,43.96911214613085
12000,0.06,0,0.4168522824082252,0.631578947368421,0.5906122448979592,0.31,0,0,0,50.78705768620295,-24.893701431795574,43.97587041700057
12100,0.06,0,0.41680448206758614,0.631578947368421,0.5960687432867884,0.46,0,0,0,50.79443387337803,-24.89583795565513,43.974526944717944
12200,0.06,0,0.41686033630788794,0.631578947368421,0.602577873254565,0.44,0,0,0,50.794796191417426,-24.89532278476401,43.96832126308089
12300,0.06,0,0.416736725014963,0.631578947368421,0.5917400644468314,0.46,0,0,0,50.80565175448401,-24.898073658869958,43.97196559661991
12400,0.06,0,0.41664825413444706,0.631578947368421,0.5921697099892589,0.39,0,0,0,50.81439885679226,-24.89714896177173,43.97373171666568
12500,0.06,0,0.4166342077296272,0.631578947368421,0.5961546723952739,0.28,0,0,0,50.81610684475207,-24.89748059440543,43.973736189296396
12600,0.06,0,0.41653821067389196,0.631578947368421,0.6013533834586466,0.39,0,0,0,50.8245435458212,-24.897705444962494,43.976569379094336
12700,0.06,0,0.4163785083753183,0.631578947368421,0.6063050483351236,0.29,0,0,0,50.83606000923343,-24.89728070515565,43.98347029914027
12800,0.06,0,0.41629374785497497,0.631578947368421,0.6087540279269602,0.36,0,0,0,50.84021562604606,-24.899466472731557,43.98882977575891
12900,0.06,0,0.4162088216262659,0.631578947368421,0.6101074113856069,0.36,0,0,0,50.84397920431894,-24.89964402927421,43.99454876151713
13000,0.06,0,0.41607876150513695,0.631578947368421,0.6133512352309345,0.42,0,0,0,50.85046503084954,-24.898785150668857,44.00268768379362
13100,0.06,0,0.41601930230883327,0.631578947368421,0.6180665950590762,0.37,0,0,0,50.851718580006604,-24.89993966438856,44.007891861326655
13200,0.06,0,0.41601106955847594,0.631578947368421,0.6092266380236305,0.41,0,0,0,50.85375528631509,-24.900066883755294,44.0070002034536
13300,0.06,0,0.4159463374074111,0.631578947368421,0.6179269602577874,0.39,0,0,0,50.860610636240125,-24.902749831931832,44.00791635066805
13400,0.06,0,0.41587206061499477,0.631578947368421,0.6149946294307197,0.39,0,0,0,50.870020283901795,-24.90082637070038,44.00763459213299
13500,0.06,0,0.41583213165981464,0.631578947368421,0.6080988184747583,0.44,0,0,0,50.876989266925065,-24.901207680686035,44.00583166750541
13600,0.06,0,0.41580218479022163,0.631578947368421,0.6203866809881847,0.41,0,0,0,50.88145032098303,-24.901092070306845,44.00514254279641
13700,0.06,0,0.4157549843651687,0.631578947368421,0.6209989258861439,0.48,0,0,0,50.87921916525155,-24.900390210230135,44.012068354178346
13800,0.06,0,0.4157180975108547,0.631578947368421,0.6148764769065521,0.37,0,0,0,50.88520415544519,-24.90069677148905,44.010796516350375
13900,0.06,0,0.4155565301877301,0.631578947368421,0.6229001074113856,0.45,0,0,0,50.88733152172812,-24.90205191123146,44.02606719702563
14000,0.06,0,0.41551354199988727,0.631578947368421,0.6237486573576799,0.39,0,0,0,50.88252126214034,-24.901554084236658,44.03478454905766
14100,0.06,0,0.41544419249679704,0.631578947368421,0.6206229860365199,0.39,0,0,0,50.88876037762634,-24.902545306184454,44.03673551388004
14200,0.06,0,0.4153300492934673,0.631578947368421,0.6232867883995703,0.41,0,0,0,50.89868248970364,-24.903733946469572,44.04025110895791
14300,0.06,0,0.41530096499016783,0.631578947368421,0.6239312567132116,0.44,0,0,0,50.901652086832435,-24.90170053380416,44.04076584647273
14400,0.06,0,0.4152649301750124,0.631578947368421,0.6306981740064447,0.38,0,0,0,50.908651147925994,-24.90141306618018,44.03853213444549
14500,0.06,0,0.4152277868410004,0.631578947368421,0.6302040816326531,0.42,0,0,0,50.91281593106629,-24.90051112048368,44.03886873583918
14600,0.06,0,0.415149456004919,0.631578947368421,0.624500537056928,0.45,0,0,0,50.918106671888935,-24.902072957812095,44.04260123174933
14700,0.06,0,0.4150782451387972,0.631578947368421,0.6358109559613319,0.37,0,0,0,50.922518773126434,-24.90239344541434,44.0463405285956
14800,0.06,0,0.41506462216148077,0.631578947368421,0.6280880773361976,0.37,0,0,0,50.924732851119515,-24.90118637435663,44.04587110271294
14900,0.06,0,0.4150848729537119,0.631578947368421,0.6225241675617615,0.44,0,0,0,50.92886010806349,-24.90108126606999,44.04015294407396
15000,0.06,0,0.415042048907168,0.631578947368421,0.6267883995703545,0.34,0,0,0,50.92810332265648,-24.897973088933064,44.04535150672528
15100,0.06,0,0.4148905761627001,0.631578947368421,0.6276047261009667,0.4,0,0,0,50.930129179245945,-24.89833695353385,44.05967942139633
15200,0.06,0,0.41492238500191975,0.631578947368421,0.6298174006444683,0.45,0,0,0,50.91435437378604,-24.897660935581975,44.06995168546733
15300,0.06,0,0.4147549315297177,0.631578947368421,0.6289151450053706,0.4,0,0,0,50.925521333570074,-24.897489355567952,44.078076950807954
15400,0.06,0,0.4146773947596638,0.631578947368421,0.6363802363050484,0.47,0,0,0,50.92609519945057,-24.896899896873308,44.085821920010446
15500,0.06,0,0.4146513912497566,0.631578947368421,0.6366595059076262,0.4,0,0,0,50.92664325253311,-24.896537631104206,44.0881121540482
15600,0.06,0,0.4146353776264077,0.631578947368421,0.6379269602577873,0.37,0,0,0,50.9304703234943,-24.898095191826517,44.08650183677409
15700,0.06,0,0.4145515696874281,0.631578947368421,0.6390977443609023,0.41,0,0,0,50.93869698127297,-24.899560162237236,44.08829313742197
15800,0.06,0,0.41452210390358396,0.631578947368421,0.6404833512352309,0.39,0,0,0,50.939327239426355,-24.901799359092028,44.09088156745601
15900,0.06,0,0.41445094191965876,0.631578947368421,0.6416970998925886,0.44,0,0,0,50.935083680842354,-24.90085403534486,44.1021260301367
16000,0.06,0,0.4143192611834557,0.631578947368421,0.6407089151450054,0.42,0,0,0,50.94573727834624,-24.901561806321926,44.10691734205238
16100,0.06,0,0.4142711440839615,0.631578947368421,0.6430182599355532,0.46,0,0,0,50.95179200689012,-24.9013558653883,44.10679836413003
16200,0.06,0,0.4141771380476549,0.631578947368421,0.6374650912996778,0.35,0,0,0,50.96331727731285,-24.902773637744193,44.10683236701338
16300,0.06,0,0.4141285285050698,0.631578947368421,0.6424812030075188,0.35,0,0,0,50.96411349718103,-24.904140394317803,44.11132036652996
16400,0.06,0,0.414040516078357,0.631578947368421,0.6466702470461869,0.37,0,0,0,50.96372055887123,-24.904497949709825,44.121037269758666
16500,0.06,0,0.4138558804091011,0.631578947368421,0.6437486573576799,0.36,0,0,0,50.97640964411574,-24.90088635264001,44.12973367615669
16600,0.06,0,0.41391740739310884,0.631578947368421,0.6517722878625134,0.43,0,0,0,50.9739484771543,-24.900287900613503,44.125304379385724
16700,0.06,0,0.4137424240226518,0.631578947368421,0.6478195488721804,0.52,0,0,0,50.98357372870441,-24.901405452357686,44.13563222469156
16800,0.06,0,0.41376803984195615,0.631578947368421,0.6506659505907626,0.38,0,0,0,50.97621044982795,-24.901222115511697,44.139274641609255
16900,0.06,0,0.4137231399003224,0.631578947368421,0.6508700322234157,0.48,0,0,0,50.98562626627443,-24.902420625687046,44.135912579499006
17000,0.06,0,0.41362292027734404,0.631578947368421,0.6467454350161117,0.57,0,0,0,50.98964036298481,-24.905355034462886,44.14313119464438
17100,0.06,0,0.41360923441894154,0.631578947368421,0.6557142857142857,0.47,0,0,0,50.99828561782237,-24.905905080020748,44.13710842732291
17200,0.06,0,0.4135262252752288,0.631578947368421,0.6550912996777658,0.46,0,0,0,51.00154377894763,-24.906181513401343,44.14314808275085
17300,0.06,0,0.4134993519196859,0.631578947368421,0.6541890440386681,0.49,0,0,0,51.00916264894466,-24.90928706311546,44.13942317790977
17400,0.06,0,0.41348456604149775,0.631578947368421,0.6515359828141783,0.3,0,0,0,51.00898260203064,-24.910630087062597,44.14115737339947
17500,0.06,0,0.41338078801428907,0.631578947368421,0.6593340494092373,0.49,0,0,0,51.012273241150695,-24.910445266518245,44.14939076055254
17600,0.06,0,0.4133595371942544,0.631578947368421,0.653609022556391,0.45,0,0,0,51.014202988053945,-24.910544488763254,44.149990328280545
17700,0.06,0,0.41327600019591554,0.631578947368421,0.6582277121374865,0.57,0,0,0,51.0202510386998,-24.907847241156784,44.15367983523993
17800,0.06,0,0.41325465465877165,0.631578947368421,0.6624919441460795,0.43,0,0,0,51.02554784829524,-24.908033303720675,44.15137677435545
17900,0.06,0,0.4132995129701348,0.631578947368421,0.6556390977443609,0.46,0,0,0,51.02164857040962,-24.904200135599527,44.149958572095315
18000,0.06,0,0.4132028620206986,0.631578947368421,0.654124597207304,0.4,0,0,0,51.024939894677516,-24.905544236912892,44.15743702153053
18100,0.06,0,0.4131205402164001,0.631578947368421,0.6663694951664877,0.51,0,0,0,51.03371993685218,-24.906917762241417,44.15863766320781
18200,0.06,0,0.4130882972443471,0.631578947368421,0.6584103114930182,0.48,0,0,0,51.031615852459076,-24.90674850695398,44.16390524455437
18300,0.06,0,0.41306190058666875,0.631578947368421,0.6624812030075188,0.35,0,0,0,51.02887372591627,-24.905559188513788,44.16910090918726
18400,0.06,0,0.41305888073200264,0.631578947368421,0.6580128893662728,0.45,0,0,0,51.04104949172032,-24.907721640314705,44.1588872776645
18500,0.06,0,0.4130732160756603,0.631578947368421,0.6562943071965628,0.4,0,0,0,51.042944286556626,-24.910087243260623,44.15571559135161
18600,0.06,0,0.4129942195425828,0.631578947368421,0.6649301825993555,0.5,0,0,0,51.05024073165123,-24.909945015096763,44.157849349412565
18700,0.06,0,0.41301146369609776,0.631578947368421,0.6626530612244897,0.44,0,0,0,51.05174738561458,-24.91018084859579,44.154702515479094
18800,0.06,0,0.41289462397057985,0.631578947368421,0.6718796992481203,0.47,0,0,0,51.058784536111155,-24.910470169692196,44.161109964327686
18900,0.06,0,0.4129129659374764,0.631578947368421,0.6650912996777658,0.43,0,0,0,51.05770670019631,-24.90960413883093,44.160080494238876
19000,0.06,0,0.41289585012992325,0.631578947368421,0.6694307196562835,0.38,0,0,0,51.06194496590098,-24.911219483918636,44.15824551979485
19100,0.06,0,0.4129954922473932,0.631578947368421,0.6670784103114931,0.36,0,0,0,51.05776175767612,-24.913079692909577,44.15120865121006
19200,0.06,0,0.4129340369271991,0.631578947368421,0.6669924812030075,0.34,0,0,0,51.06423710246408,-24.91363827406214,44.152179946976645
19300,0.06,0,0.41289040083495476,0.631578947368421,0.6661654135338346,0.57,0,0,0,51.0572264270234,-24.914896154103218,44.16290932873053
19400,0.06,0,0.4128137515974875,0.631578947368421,0.6663265306122449,0.5,0,0,0,51.071976652539576,-24.914590094542937,44.158352112918585
19500,0.06,0,0.4127073608229073,0.631578947368421,0.6633082706766917,0.48,0,0,0,51.08491141785613,-24.915997683738457,44.15855174762974
19600,0.06,0,0.41267891954762553,0.631578947368421,0.6690655209452202,0.42,0,0,0,51.09140503808256,-24.916297299092186,44.15598224094991
19700,0.06,0,0.412643287466254,0.631578947368421,0.6624274973147154,0.52,0,0,0,51.09540642262304,-24.91730765031236,44.15633690289878
19800,0.06,0,0.4126688133596882,0.631578947368421,0.6641568206229861,0.39,0,0,0,51.099003289100565,-24.918910380162306,44.15049760553769
19900,0.06,0,0.4126247695155756,0.631578947368421,0.6671213748657358,0.47,0,0,0,51.101048645187305,-24.919191765517112,44.15344291527828
20000,0.06,0,0.412573558723371,0.631578947368421,0.6692588614393126,0.52,0,0,0,51.09790665987,-24.918789547497475,44.16163878263052
20100,0.06,0,0.4124921603776366,0.631578947368421,0.6701611170784103,0.43,0,0,0,51.10399982327475,-24.921184376917058,44.16508687434714
20200,0.06,0,0.41239546371386315,0.631578947368421,0.6643931256713211,0.51,0,0,0,51.107582878788854,-24.921823603960096,44.17234545219203
20300,0.06,0,0.41219809276076813,0.631578947368421,0.6655424274973147,0.45,0,0,0,51.123259282447485,-24.9221862203936,44.179944831526804
20400,0.06,0,0.4121509471920507,0.631578947368421,0.6693018259935554,0.53,0,0,0,51.12083700133339,-24.9227100037181,44.187092172110866
20500,0.06,0,0.4120979084364313,0.631578947368421,0.6710096670247047,0.46,0,0,0,51.12066950434262,-24.923509519920053,44.19292403677422
20600,0.06,0,0.4120079676064662,0.631578947368421,0.6798066595059076,0.48,0,0,0,51.12301936447747,-24.922133654297358,44.20053953443724
20700,0.06,0,0.4119188235581731,0.631578947368421,0.6784103114930182,0.48,0,0,0,51.12420348682412,-24.922480207095553,44.20908106762394
20800,0.06,0,0.4118686673719486,0.631578947368421,0.677937701396348,0.55,0,0,0,51.12361304204496,-24.92099350062339,44.21497537141762
20900,0.06,0,0.4118230594622697,0.631578947368421,0.6786680988184748,0.39,0,0,0,51.130791469443416,-24.92106319903338,44.213663839836705
21000,0.06,0,0.4118117835900178,0.631578947368421,0.6804296455424275,0.44,0,0,0,51.130851416238066,-24.92075134293859,44.21482262157295
21100,0.06,0,0.41170172713956193,0.631578947368421,0.6755424274973147,0.5,0,0,0,51.1329388222616,-24.918857694437637,44.22483669552509
21200,0.06,0,0.41177503258108106,0.631578947368421,0.6786573576799141,0.46,0,0,0,51.12485397598914,-24.920485417644127,44.22395609347242
21300,0.06,0,0.4117128349212957,0.631578947368421,0.6876154672395274,0.46,0,0,0,51.125091088900234,-24.921804056290114,44.23043189105452
21400,0.06,0,0.41155245823356335,0.631578947368421,0.6802363050483351,0.53,0,0,0,51.12714279279351,-24.92293623626327,44.24589228581582
21500,0.06,0,0.4115160870567543,0.631578947368421,0.678453276047261,0.49,0,0,0,51.124208870648616,-24.920746352042695,44.252342299615215
21600,0.06,0,0.4113959922915274,0.631578947368421,0.6866380236305049,0.42,0,0,0,51.13208975484566,-24.919400262693692,44.258437934582005
21700,0.06,0,0.4113430253845681,0.631578947368421,0.6802148227712137,0.48,0,0,0,51.13808655638778,-24.920870789615655,44.258946191795054
21800,0.06,0,0.41128541299776933,0.631578947368421,0.6751664876476906,0.42,0,0,0,51.14454890372821,-24.922786023021974,44.25955283062985
21900,0.06,0,0.4112863546204043,0.631578947368421,0.6813104189044039,0.46,0,0,0,51.14773567217174,-24.9215961897871,44.25669390754729
22000,0.06,0,0.41130104770170195,0.631578947368421,0.6863480128893663,0.46,0,0,0,51.14810443313708,-24.926603282236343,44.25479384218169
22100,0.06,0,0.41129022673104354,0.631578947368421,0.690032223415682,0.56,0,0,0,51.15271349381224,-24.926331196256925,44.25197054181995
22200,0.06,0,0.41140921401113184,0.631578947368421,0.6860902255639098,0.51,0,0,0,51.14718804726076,-24.927139101650567,44.2439512113497
22300,0.06,0,0.41147902017456617,0.631578947368421,0.6861868958109559,0.48,0,0,0,51.137908606210615,-24.929123898928932,44.2444724671301
22400,0.06,0,0.4113921058918047,0.631578947368421,0.6892696025778733,0.46,0,0,0,51.13950327415882,-24.930160136656923,44.25243998637288
22500,0.06,0,0.41136637880233573,0.631578947368421,0.6884317937701396,0.47,0,0,0,51.138625330659565,-24.932770230212842,44.255967328950035
22600,0.06,0,0.4113812331780749,0.631578947368421,0.6845972073039742,0.5,0,0,0,51.140033208790015,-24.931911708376084,44.253150993837075
22700,0.06,0,0.411337148789021,0.631578947368421,0.6796885069817401,0.41,0,0,0,51.136015502631395,-24.930639730957083,44.26137105216407
22800,0.06,0,0.4113330526049193,0.631578947368421,0.6874436090225564,0.49,0,0,0,51.128633891119094,-24.93029611684794,44.268202046331275
22900,0.06,0,0.41136732815107313,0.631578947368421,0.6856068743286788,0.45,0,0,0,51.11875423993037,-24.93122425647447,44.2730685160402
23000,0.06,0,0.41122120050229716,0.631578947368421,0.6834586466165413,0.49,0,0,0,51.12878002969678,-24.93122792589107,44.280116426626215
23100,0.06,0,0.41123340225811295,0.631578947368421,0.6878410311493018,0.52,0,0,0,51.12826818441014,-24.930723686989555,44.27924586121828
23200,0.06,0,0.41109910460892696,0.631578947368421,0.6937486573576799,0.48,0,0,0,51.135303959746864,-24.930272486986816,44.287616551689595
23300,0.06,0,0.41111102361989443,0.631578947368421,0.6943071965628357,0.54,0,0,0,51.137487360963185,-24.92962220088824,44.28444167685984
23400,0.06,0,0.410999699734066,0.631578947368421,0.6930182599355532,0.46,0,0,0,51.14909463353576,-24.92861803634131,44.28638441763174
23500,0.06,0,0.410932613247915,0.631578947368421,0.6922986036519871,0.48,0,0,0,51.146951211946636,-24.929179078177338,44.29547057504604
23600,0.06,0,0.41091697319516507,0.631578947368421,0.6991514500537057,0.52,0,0,0,51.15120552416257,-24.930673047503273,44.29347226818482
23700,0.06,0,0.4109441374815768,0.631578947368421,0.6943394199785177,0.51,0,0,0,51.146318035295224,-24.92801117126991,44.29477673321204
23800,0.06,0,0.41080548748689566,0.631578947368421,0.6955531686358754,0.5,0,0,0,51.1538786319077,-24.928626060264424,44.30317753541566
23900,0.06,0,0.4107376501443121,0.631578947368421,0.6872932330827067,0.43,0,0,0,51.163539052196256,-24.93072194860225,44.302128172922764
24000,0.06,0,0.4106494975310103,0.631578947368421,0.6999248120300752,0.57,0,0,0,51.16328747788804,-24.92936321706356,44.311856231563766
24100,0.06,0,0.41064323694888866,0.631578947368421,0.6992373791621912,0.45,0,0,0,51.16883873051146,-24.930895593780342,44.30772438177458
24200,0.06,0,0.410656751130973,0.631578947368421,0.6943609022556391,0.5,0,0,0,51.16852459961122,-24.93102449669041,44.30653827443519
24300,0.06,0,0.4106530387679601,0.631578947368421,0.6978947368421052,0.45,0,0,0,51.16829661914788,-24.93128007190407,44.30713622163322
24400,0.06,0,0.41054271926034996,0.631578947368421,0.700998925886144,0.55,0,0,0,51.175269319349205,-24.929836743145025,44.31300374002976
24500,0.06,0,0.4105018183296698,0.631578947368421,0.6983780880773361,0.44,0,0,0,51.17657030974207,-24.9315895528701,44.31629230920687
24600,0.06,0,0.41057409350990626,0.631578947368421,0.6989903329752953,0.4,0,0,0,51.172580985715996,-24.931127493385933,44.3119453272538
24700,0.06,0,0.4104209254285892,0.631578947368421,0.6989903329752953,0.52,0,0,0,51.184939120653596,-24.930495250051045,44.317779730169356
24800,0.06,0,0.41038446493549385,0.631578947368421,0.70312567132116,0.44,0,0,0,51.191610959130294,-24.930816819508607,44.31594065051683
24900,0.06,0,0.4103489488036465,0.631578947368421,0.7083888292158969,0.47,0,0,0,51.18146528169534,-24.930829031480688,44.32856172974526
25000,0.06,0,0.41028401942829384,0.631578947368421,0.7055316863587541,0.41,0,0,0,51.18257079681873,-24.93029157481362,44.33461930922919
25100,0.06,0,0.4103022725871353,0.631578947368421,0.7021697099892589,0.45,0,0,0,51.1803862930508,-24.927950772642006,44.33453921606643
25200,0.06,0,0.4103092278550459,0.631578947368421,0.7014285714285714,0.45,0,0,0,51.17051882601925,-24.928471842608406,44.34233679471595
25300,0.06,0,0.4103151322013965,0.631578947368421,0.6991192266380236,0.53,0,0,0,51.167585640514865,-24.929607119488416,44.34424060909159
25400,0.06,0,0.41034679884735126,0.631578947368421,0.7063480128893663,0.51,0,0,0,51.16626276798979,-24.929802814791856,44.34196494904164
25500,0.06,0,0.410348774034332,0.631578947368421,0.706186895810956,0.49,0,0,0,51.16313493438957,-24.931492509076133,44.34446232350572
25600,0.06,0,0.4104610755792716,0.631578947368421,0.7051557465091299,0.51,0,0,0,51.15773417887499,-24.931698725963724,44.33700993710878
25700,0.06,0,0.4105645979388434,0.631578947368421,0.7033082706766918,0.39,0,0,0,51.148364837161246,-24.93236217371154,44.33395011442862
25800,0.06,0,0.4105049207878638,0.631578947368421,0.6982384532760473,0.45,0,0,0,51.146897101374776,-24.93283766990598,44.34166757537958
25900,0.06,0,0.4104724835550592,0.631578947368421,0.7051557465091299,0.46,0,0,0,51.15128475517437,-24.930808773675356,44.34136779811253
26000,0.06,0,0.4105036409004942,0.631578947368421,0.6988184747583244,0.41,0,0,0,51.14808557860761,-24.929688841082505,44.340775499421426
26100,0.06,0,0.41045022978718493,0.631578947368421,0.6963050483351235,0.42,0,0,0,51.151153324040926,-24.930159007569593,44.34388583574163
26200,0.06,0,0.41037002378038884,0.631578947368421,0.6974973147153598,0.41,0,0,0,51.152615640723525,-24.92944336138183,44.351284839186945
26300,0.06,0,0.4103243736121171,0.631578947368421,0.6911815252416756,0.39,0,0,0,51.151779099803946,-24.928404495446905,44.356944496293025
26400,0.06,0,0.4103381640754055,0.631578947368421,0.6921160042964555,0.4,0,0,0,51.16023173221997,-24.92762915955328,44.34812541262341
26500,0.06,0,0.4102844819349195,0.631578947368421,0.7034156820622987,0.43,0,0,0,51.163401409169886,-24.927458675117485,44.35118016123939
26600,0.06,0,0.41026228386044217,0.631578947368421,0.7052846401718582,0.44,0,0,0,51.16770942331964,-24.927522705461325,44.349845566635565
26700,0.06,0,0.41022631993186565,0.631578947368421,0.7014393125671321,0.46,0,0,0,51.1731489223926,-24.928678226410813,44.349019028567085
26800,0.06,0,0.4100361315085778,0.631578947368421,0.7017400644468313,0.55,0,0,0,51.1823105731314,-24.930217780786112,44.36164741023704
26900,0.06,0,0.4099844388719984,0.631578947368421,0.712889366272825,0.47,0,0,0,51.18355082118193,-24.931110990133362,44.36616564189607
27000,0.06,0,0.4099704182565188,0.631578947368421,0.7032867883995704,0.51,0,0,0,51.17933260330526,-24.9318954982118,44.37133972382449
27100,0.06,0,0.409975181358049,0.631578947368421,0.7059505907626208,0.5,0,0,0,51.178188473314144,-24.932074245905728,44.37181616236245
27200,0.06,0,0.4098042828494612,0.631578947368421,0.7020193340494092,0.42,0,0,0,51.1863478675686,-24.933454759523894,44.3832442368333
27300,0.06,0,0.4097312663395576,0.631578947368421,0.7093555316863588,0.54,0,0,0,51.19037961757892,-24.932614788879658,44.38765734720258
27400,0.06,0,0.4097771701230725,0.631578947368421,0.7070891514500537,0.52,0,0,0,51.187211503748394,-24.9339787580224,44.38543194623115
27500,0.06,0,0.4097452543440756,0.631578947368421,0.7027389903329753,0.43,0,0,0,51.186818887683636,-24.93250849266631,44.38922967983796
27600,0.06,0,0.4097844253312267,0.631578947368421,0.7011922663802364,0.45,0,0,0,51.18431974359852,-24.93408752116243,44.38715370391331
27700,0.06,0,0.4097186364937393,0.631578947368421,0.7046401718582169,0.48,0,0,0,51.19223664882426,-24.935072579451372,44.38741538546808
27800,0.06,0,0.40966964390253413,0.631578947368421,0.7090870032223415,0.48,0,0,0,51.205570610865216,-24.93498288610004,44.381163805460446
27900,0.06,0,0.409598064273499,0.631578947368421,0.7052846401718582,0.5,0,0,0,51.21053860867693,-24.934862167277,44.38461344623479
28000,0.06,0,0.40969455745714883,0.631578947368421,0.70656283566058,0.48,0,0,0,51.19980997942086,-24.935758546923285,44.383458126950885
28100,0.06,0,0.40966457968065023,0.631578947368421,0.709001074113856,0.64,0,0,0,51.2008689511768,-24.936478599809266,44.385787911821545
28200,0.06,0,0.4094994891560111,0.631578947368421,0.7157250268528464,0.54,0,0,0,51.20921627300477,-24.93921688381159,44.39644413895419
28300,0.06,0,0.40945700493720444,0.631578947368421,0.7142427497314715,0.42,0,0,0,51.21388439470908,-24.938907733737125,44.39700346615272
28400,0.06,0,0.4094694532972021,0.631578947368421,0.714156820622986,0.5,0,0,0,51.20265982892577,-24.938934365034886,44.405386088986916
28500,0.06,0,0.4093929047712206,0.631578947368421,0.7101611170784103,0.44,0,0,0,51.211239287195916,-24.93773779330311,44.406248374727184
28600,0.06,0,0.40933161372658367,0.631578947368421,0.7118474758324382,0.48,0,0,0,51.21438130661473,-24.936620602386824,44.41017277385377
28700,0.06,0,0.4092751858356711,0.631578947368421,0.7159291084854995,0.44,0,0,0,51.23102219212153,-24.938542376287163,44.40186840327078
28800,0.06,0,0.4091676630124404,0.631578947368421,0.710171858216971,0.5,0,0,0,51.247024258901114,-24.936428267090026,44.39966822981602
28900,0.06,0,0.4091144030578759,0.631578947368421,0.7043071965628357,0.4,0,0,0,51.24928323116836,-24.937514388518427,44.40349102621165
29000,0.06,0,0.40913613880225114,0.631578947368421,0.7088292158968851,0.47,0,0,0,51.252774456056855,-24.93822928483165,44.39810754248771
29100,0.06,0,0.409194330833773,0.631578947368421,0.7124167561761546,0.55,0,0,0,51.24473723742227,-24.939971881002844,44.39875603649712
29200,0.06,0,0.40924211628363927,0.631578947368421,0.7130397422126745,0.36,0,0,0,51.246211176917996,-24.939519027298683,44.3922949394148
29300,0.06,0,0.4092354331743969,0.631578947368421,0.7088829215896885,0.62,0,0,0,51.24120075287216,-24.93961696913833,44.39736069852865
29400,0.06,0,0.409127200822787,0.631578947368421,0.71484425349087,0.47,0,0,0,51.2481701802583,-24.941678455452166,44.40306641837352
29500,0.06,0,0.40916500019703,0.631578947368421,0.7193770139634801,0.48,0,0,0,51.24048619521235,-24.93959652349502,44.40562242142662
29600,0.06,0,0.40912637207750935,0.631578947368421,0.7182384532760473,0.51,0,0,0,51.23664443111606,-24.938660919224933,44.41314491047781
29700,0.06,0,0.4090822058078269,0.631578947368421,0.7152738990332975,0.41,0,0,0,51.24390047388213,-24.939460838176352,44.41165044489573
29800,0.06,0,0.4091571855223935,0.631578947368421,0.7157250268528464,0.47,0,0,0,51.241455863321015,-24.94257208550406,44.40563021790466
29900,0.06,0,0.4091539499965329,0.631578947368421,0.7112674543501611,0.45,0,0,0,51.2391849484415,-24.943394393655595,44.40794943879859
30000,0.06,0,0.4091038028351381,0.631578947368421,0.7138775510204082,0.47,0,0,0,51.24515306782473,-24.9416780646683,44.40822040219357
30100,0.06,0,0.40907929670657406,0.631578947368421,0.7172287862513427,0.53,0,0,0,51.245031868311344,-24.94120137500105,44.41098573803976
30200,0.06,0,0.4090109948484616,0.631578947368421,0.7201503759398497,0.51,0,0,0,51.25151015087487,-24.940204595527824,44.412787483823465
30300,0.06,0,0.40889052254661434,0.631578947368421,0.7168958109559613,0.52,0,0,0,51.261723297696264,-24.939785423033456,44.417021715910714
30400,0.06,0,0.40876484932482177,0.631578947368421,0.7173791621911922,0.37,0,0,0,51.27202683272286,-24.939635513255624,44.421748853177576
30500,0.06,0,0.40883616196017775,0.631578947368421,0.7139742212674544,0.5,0,0,0,51.26326446564904,-24.94179517543798,44.42159206959685
30600,0.06,0,0.4087631214013942,0.631578947368421,0.7197636949516649,0.42,0,0,0,51.26126959626555,-24.943215580403457,44.431258627348804
30700,0.06,0,0.4086741818634686,0.631578947368421,0.7200966702470462,0.48,0,0,0,51.275524513959894,-24.942106494091075,44.428573320771704
30800,0.06,0,0.4086375873742893,0.631578947368421,0.7252953813104189,0.52,0,0,0,51.273935036647615,-24.944376762248066,44.43392940389645
30900,0.06,0,0.40864861383678086,0.631578947368421,0.7181417830290011,0.5,0,0,0,51.27392437675973,-24.944083331046677,44.43273969198344
31000,0.06,0,0.40864887482373247,0.631578947368421,0.7226852846401719,0.4,0,0,0,51.27275892203447,-24.944682213894787,44.433721291769594
31100,0.06,0,0.4087099054952487,0.631578947368421,0.7243716433941998,0.57,0,0,0,51.26688027588315,-24.947797482258416,44.432180563196276
31200,0.06,0,0.4086146244424768,0.631578947368421,0.7168958109559613,0.49,0,0,0,51.2720916837338,-24.948209443929617,44.438024053729315
31300,0.06,0,0.4085316389247752,0.631578947368421,0.721858216970999,0.5,0,0,0,51.27778300885674,-24.946328856569163,44.44211762078342
31400,0.06,0,0.40862054138414594,0.631578947368421,0.7253705692803437,0.49,0,0,0,51.262475264080756,-24.946121215750672,44.445716666403825
31500,0.06,0,0.4085164523608677,0.631578947368421,0.7177228786251343,0.52,0,0,0,51.26653503512064,-24.94575625921663,44.453520798939394
31600,0.06,0,0.40858730355028794,0.631578947368421,0.7252738990332975,0.45,0,0,0,51.26701041234637,-24.945064012246135,44.44540019725851
31700,0.06,0,0.4086011781670375,0.631578947368421,0.7271965628356606,0.52,0,0,0,51.28067895016335,-24.945030120742356,44.43204475676999
31800,0.06,0,0.40864048258853075,0.631578947368421,0.7225241675617615,0.52,0,0,0,51.27507699551196,-24.94299201202562,44.43262499879157
31900,0.06,0,0.4085881489864351,0.631578947368421,0.7243931256713212,0.63,0,0,0,51.28142961540891,-24.943045072208726,44.4328111953837
32000,0.06,0,0.40850957200103705,0.631578947368421,0.7224919441460795,0.47,0,0,0,51.295326708328695,-24.94573005255207,44.42931767112328
32100,0.06,0,0.40845643682072885,0.631578947368421,0.7218152524167561,0.49,0,0,0,51.30406679588942,-24.94482452062145,44.427527481513295
32200,0.06,0,0.40840489716186096,0.631578947368421,0.7223093447905478,0.52,0,0,0,51.29966502649348,-24.945416274441897,44.436946708931565
32300,0.06,0,0.4082691590158559,0.631578947368421,0.7228249194414608,0.58,0,0,0,51.29766450389618,-24.944319354116836,44.45345430073207
32400,0.06,0,0.40826918300047743,0.631578947368421,0.732438238453276,0.58,0,0,0,51.294946525579284,-24.946125329486026,44.4558071555196
32500,0.06,0,0.4081843110599804,0.631578947368421,0.7227926960257788,0.52,0,0,0,51.30083849342139,-24.946150848905173,44.45994378418156
32600,0.06,0,0.4082439529666769,0.631578947368421,0.7309989258861439,0.42,0,0,0,51.300928483682554,-24.945925906549423,44.453370483795744
32700,0.06,0,0.408213770260677,0.631578947368421,0.724672395273899,0.47,0,0,0,51.294838923939,-24.94344472337486,44.46193505109599
32800,0.06,0,0.40820982337386824,0.631578947368421,0.7266272824919442,0.45,0,0,0,51.293158044058636,-24.944305924853534,44.46382197768926
32900,0.06,0,0.4082142730800058,0.631578947368421,0.723952738990333,0.52,0,0,0,51.28623574045036,-24.9447441513081,44.46933869380156
33000,0.06,0,0.40811527306148915,0.631578947368421,0.7199570354457573,0.52,0,0,0,51.28766099557457,-24.94392041143718,44.478889924728996
33100,0.06,0,0.4081613056930318,0.631578947368421,0.7135875402792696,0.48,0,0,0,51.28149646556305,-24.943111199989712,44.47921976192776
33200,0.06,0,0.4080341148638687,0.631578947368421,0.7293770139634801,0.52,0,0,0,51.282454463729884,-24.940554994180758,44.49225348651092
33300,0.06,0,0.40801267726785173,0.631578947368421,0.7202470461868958,0.58,0,0,0,51.28332443263163,-24.94047511537767,44.49383637100427
33400,0.06,0,0.4079888190513796,0.631578947368421,0.7214500537056928,0.43,0,0,0,51.28623734289138,-24.94082566512995,44.49391099553816
33500,0.06,0,0.40796212391468734,0.631578947368421,0.7340064446831364,0.5,0,0,0,51.28087906304719,-24.940092870788444,44.50147189094381
33600,0.06,0,0.4079101170191748,0.631578947368421,0.7185499462943072,0.5,0,0,0,51.2987701167624,-24.93975790079062,44.49162325497624
33700,0.06,0,0.4078967756479573,0.631578947368421,0.718109559613319,0.44,0,0,0,51.30307139236311,-24.94008516329271,44.48934815194955
33800,0.06,0,0.4077616591486678,0.631578947368421,0.7278517722878625,0.39,0,0,0,51.30878152575461,-24.942309802157236,44.49913736530404
33900,0.06,0,0.4076035958038522,0.631578947368421,0.7288614393125671,0.59,0,0,0,51.312109380893396,-24.944949197680277,44.51350643103279
34000,0.06,0,0.4076699564274698,0.631578947368421,0.7361976369495167,0.47,0,0,0,51.306185092346766,-24.94385610345371,44.51139961676348
34100,0.06,0,0.40770651103156613,0.631578947368421,0.7255209452201934,0.4,0,0,0,51.30665657000413,-24.942613203287433,44.50699976754645
34200,0.06,0,0.40767296409065157,0.631578947368421,0.7220408163265306,0.48,0,0,0,51.308655662198184,-24.94174216324383,44.50892796934453
34300,0.06,0,0.407558742912162,0.631578947368421,0.7262620837808808,0.42,0,0,0,51.31418502867421,-24.943815423314405,44.516604497372064
34400,0.06,0,0.40741162203172615,0.631578947368421,0.7238560687432868,0.46,0,0,0,51.31925575586341,-24.944259625108476,44.52827977711203
34500,0.06,0,0.40755547810729603,0.631578947368421,0.7324812030075188,0.45,0,0,0,51.308273245780185,-24.94516567197318,44.5220903886889
34600,0.06,0,0.40750947447914493,0.631578947368421,0.72968850698174,0.65,0,0,0,51.31166630403925,-24.946184547279362,44.52417205467899
34700,0.06,0,0.40753424219227224,0.631578947368421,0.7311385606874329,0.43,0,0,0,51.30828760321377,-24.947795457487075,44.52439789984153
34800,0.06,0,0.40737508446046133,0.631578947368421,0.7413856068743286,0.56,0,0,0,51.310914855629086,-24.946705130776746,44.539512520446735
34900,0.06,0,0.4073564034471899,0.631578947368421,0.7391299677765844,0.56,0,0,0,51.30328077922025,-24.946268340810278,44.54818297615659
35000,0.06,0,0.40730176358711556,0.631578947368421,0.7395381310418905,0.5,0,0,0,51.30640871045765,-24.94366991755063,44.551442875229796
35100,0.06,0,0.4072855387103212,0.631578947368421,0.7357787325456498,0.47,0,0,0,51.3124883963777,-24.942836680907064,44.54793883035366
35200,0.06,0,0.4071610647205164,0.631578947368421,0.7387647690655209,0.5,0,0,0,51.32670587209997,-24.942086198927058,44.54921413360857
35300,0.06,0,0.4072030778117606,0.631578947368421,0.7312996777658431,0.57,0,0,0,51.33718297932451,-24.940756801627685,44.535526925801506
35400,0.06,0,0.4072053660401828,0.631578947368421,0.7371428571428571,0.56,0,0,0,51.33402494714073,-24.93903286939366,44.53801644329718
35500,0.06,0,0.4071072687254443,0.631578947368421,0.7412137486573577,0.47,0,0,0,51.339849784556094,-24.93962771210561,44.54369406237159
35600,0.06,0,0.40716363220988944,0.631578947368421,0.7366380236305048,0.51,0,0,0,51.33095701893513,-24.939430549042708,44.545243744915446
35700,0.06,0,0.40721307240553334,0.631578947368421,0.735220193340494,0.44,0,0,0,51.326002678478844,-24.939364939147293,44.54413474963473
35800,0.06,0,0.4071583093260839,0.631578947368421,0.7282384532760473,0.53,0,0,0,51.31490578597306,-24.940060052958696,44.55975997019254
35900,0.06,0,0.4071342892349885,0.631578947368421,0.7342427497314715,0.57,0,0,0,51.30724935741494,-24.937059373650587,44.56903881802333
36000,0.06,0,0.40728214568573784,0.631578947368421,0.7309667024704619,0.59,0,0,0,51.28909035800203,-24.935804679230788,44.56863285475506
36100,0.06,0,0.4072761263299287,0.631578947368421,0.7359828141783029,0.5,0,0,0,51.28438096046992,-24.935951662089312,44.573384315915845
36200,0.06,0,0.4072345989077403,0.631578947368421,0.7363265306122448,0.46,0,0,0,51.28441966927903,-24.935273169877455,44.57789600425748
36300,0.06,0,0.4071601666048885,0.631578947368421,0.733297529538131,0.47,0,0,0,51.28334206993434,-24.935053925271212,44.586982089901056
36400,0.06,0,0.4070985280575162,0.631578947368421,0.7322878625134264,0.56,0,0,0,51.288025132385656,-24.936012565922308,44.589661165704776
36500,0.06,0,0.4070625147166083,0.631578947368421,0.739312567132116,0.52,0,0,0,51.29386698090982,-24.93421433286047,44.58852731290075
36600,0.06,0,0.4072297581233571,0.631578947368421,0.7332760472610097,0.58,0,0,0,51.2794738816238,-24.935232902460708,44.58272539349672
36700,0.06,0,0.4072106717789355,0.631578947368421,0.7322986036519871,0.55,0,0,0,51.28955273495207,-24.93322027167089,44.57605371473457
36800,0.06,0,0.40727318147041264,0.631578947368421,0.7317937701396348,0.46,0,0,0,51.286026003728786,-24.93282091734891,44.572276871658325
36900,0.06,0,0.4072048178409878,0.631578947368421,0.7300751879699248,0.45,0,0,0,51.29919823051964,-24.932113233736626,44.568313034315196
37000,0.06,0,0.40715654198372325,0.631578947368421,0.7357787325456498,0.49,0,0,0,51.30458191687642,-24.932620006788373,44.568920057989644
37100,0.06,0,0.4070472044704704,0.631578947368421,0.73515574650913,0.49,0,0,0,51.31123094382982,-24.93392170748955,44.57511488315068
37200,0.06,0,0.40709965165093887,0.631578947368421,0.74140708915145,0.52,0,0,0,51.31233065596824,-24.933605140828885,44.56841701395376
37300,0.06,0,0.4069918631616509,0.631578947368421,0.7374221267454351,0.53,0,0,0,51.30898836968831,-24.93415518740488,44.5831245690909
37400,0.06,0,0.40693347118145845,0.631578947368421,0.7371321160042964,0.44,0,0,0,51.31031729756935,-24.934399546770038,44.58836706125312
37500,0.06,0,0.40682083841077576,0.631578947368421,0.7386358754027927,0.42,0,0,0,51.31559186309492,-24.933603114008264,44.59612747079782
37600,0.06,0,0.4067882666461608,0.631578947368421,0.7405800214822771,0.57,0,0,0,51.31754150205518,-24.936721860612877,44.59800389083442
37700,0.06,0,0.4067421339849101,0.631578947368421,0.737733619763695,0.54,0,0,0,51.31897371395049,-24.936829726347376,44.60181740899455
37800,0.06,0,0.4066239695750032,0.631578947368421,0.7384425349087004,0.51,0,0,0,51.32207721378863,-24.934275520062737,44.612080738114265
37900,0.06,0,0.40665195181420216,0.631578947368421,0.7466165413533835,0.51,0,0,0,51.31662081395537,-24.93503743702904,44.613754116249474
38000,0.06,0,0.40670369313229554,0.631578947368421,0.7517937701396348,0.47,0,0,0,51.30636499827452,-24.933580149057413,44.61699517324741
38100,0.06,0,0.4066635006241766,0.631578947368421,0.7452846401718582,0.44,0,0,0,51.30773576775409,-24.934528251344677,44.62021275200958
38200,0.06,0,0.4065772629304534,0.631578947368421,0.7461976369495167,0.57,0,0,0,51.31369902955227,-24.93232647541098,44.62449049166398
38300,0.06,0,0.40651361841774736,0.631578947368421,0.7468850698174007,0.49,0,0,0,51.32858682814174,-24.933096158043973,44.61853167374532
38400,0.06,0,0.4065396813911184,0.631578947368421,0.7413856068743286,0.47,0,0,0,51.32957842416455,-24.93044204004337,44.614809315730405
38500,0.06,0,0.40643593650734866,0.631578947368421,0.7350375939849624,0.5,0,0,0,51.34652193060105,-24.9304931883212,44.611471567464974
38600,0.06,0,0.4064236719475825,0.631578947368421,0.7351127819548873,0.53,0,0,0,51.34749898237117,-24.931069944790956,44.61196889551046
38700,0.06,0,0.40640436945604064,0.631578947368421,0.7368635875402793,0.49,0,0,0,51.34805552680727,-24.93164692030741,44.61360421845566
38800,0.06,0,0.40641346436808995,0.631578947368421,0.7416219119226638,0.58,0,0,0,51.3430312024927,-24.92966781595564,44.616971532809316
38900,0.06,0,0.4064420842982377,0.631578947368421,0.7376584317937701,0.55,0,0,0,51.349764822652446,-24.930662259662206,44.607979474105974
39000,0.06,0,0.4064066708075739,0.631578947368421,0.741922663802363,0.47,0,0,0,51.35476700331461,-24.932040438270104,44.60752113466014
39100,0.06,0,0.40641101048284856,0.631578947368421,0.7402255639097745,0.47,0,0,0,51.36184203652621,-24.92933377012627,44.600900245663865
39200,0.06,0,0.40646403436422335,0.631578947368421,0.7399570354457573,0.54,0,0,0,51.36645599739248,-24.930356998616976,44.591076260824195
39300,0.06,0,0.40644881978754255,0.631578947368421,0.7377873254564984,0.46,0,0,0,51.38018772360794,-24.932610890956582,44.580827702921276
39400,0.06,0,0.4064533868544651,0.631578947368421,0.7447690655209452,0.48,0,0,0,51.37925051900326,-24.93292256888413,44.58113996156371
39500,0.06,0,0.4065533669204356,0.631578947368421,0.738936627282492,0.57,0,0,0,51.37396235150718,-24.935185842195978,44.574764338265815
39600,0.06,0,0.40651339650380297,0.631578947368421,0.7367561761546724,0.45,0,0,0,51.36662836659858,-24.933941215499377,44.5855120376777
39700,0.06,0,0.4063905515420467,0.631578947368421,0.7454027926960258,0.46,0,0,0,51.37285751054813,-24.93352410669118,44.59358169268365
39800,0.06,0,0.40634202122979346,0.631578947368421,0.7463050483351236,0.48,0,0,0,51.36834327363062,-24.93227753902532,44.60282694186662
39900,0.06,0,0.4063052344277915,0.631578947368421,0.7400751879699248,0.43,0,0,0,51.361414545910236,-24.932963256062337,44.61288280313961
40000,0.06,0,0.40629893621585916,0.631578947368421,0.74343716433942,0.53,0,0,0,51.362353131830616,-24.932710596426674,44.612759106321
40100,0.06,0,0.406190955184881,0.631578947368421,0.743813104189044,0.48,0,0,0,51.368715121165295,-24.933902138653885,44.6190921409186
40200,0.06,0,0.4061148940070145,0.631578947368421,0.7511493018259936,0.5,0,0,0,51.36863977609323,-24.932370094368338,44.62751429924134
40300,0.06,0,0.4061187009174617,0.631578947368421,0.7431149301825993,0.41,0,0,0,51.36430763698287,-24.934034960865393,44.63085987905512
40400,0.06,0,0.4061203056298763,0.631578947368421,0.7477873254564984,0.42,0,0,0,51.369420729441366,-24.931621749049945,44.62624118074622
40500,0.06,0,0.4060957386076218,0.631578947368421,0.7457035445757251,0.55,0,0,0,51.36648718649567,-24.93326170785,44.63148963513856
40600,0.06,0,0.40602009560648605,0.631578947368421,0.7434479054779807,0.55,0,0,0,51.36691361526722,-24.93440195228537,44.639434059006646
40700,0.06,0,0.406058891360118,0.631578947368421,0.7409022556390977,0.5,0,0,0,51.37234529163663,-24.934117785363828,44.63044976548616
40800,0.06,0,0.40613391348628075,0.631578947368421,0.7475510204081632,0.49,0,0,0,51.37304275239144,-24.93320467066498,44.621599702541744
40900,0.06,0,0.406180066455983,0.631578947368421,0.7455961331901182,0.45,0,0,0,51.37856904819627,-24.933282960989537,44.611730521219464
41000,0.06,0,0.4062365931896708,0.631578947368421,0.7469709989258861,0.51,0,0,0,51.379837871688345,-24.935802604638972,44.604421386430595
41100,0.06,0,0.40614689353843264,0.631578947368421,0.7374650912996777,0.53,0,0,0,51.388666931079776,-24.9374972224955,44.60660735029234
41200,0.06,0,0.40618885509270947,0.631578947368421,0.7383888292158969,0.49,0,0,0,51.38892776332816,-24.93597890965266,44.60177285698332
41300,0.06,0,0.4061250585311486,0.631578947368421,0.741578947368421,0.5,0,0,0,51.392059340104154,-24.93465314031823,44.60606093375961
41400,0.06,0,0.4060460504060053,0.631578947368421,0.7459828141783029,0.55,0,0,0,51.40309569920221,-24.935273167003565,44.605161462364784
41500,0.06,0,0.40610149641480886,0.631578947368421,0.7458002148227713,0.4,0,0,0,51.398573666333036,-24.937491175634168,44.602995227429055
41600,0.06,0,0.40609555869417213,0.631578947368421,0.7424382384532761,0.5,0,0,0,51.396980878418645,-24.939528028853594,44.605029652618875
41700,0.06,0,0.4059336237674073,0.631578947368421,0.7522126745435016,0.56,0,0,0,51.4081267463109,-24.9422578725877,44.613148741677726
41800,0.06,0,0.4059401342944217,0.631578947368421,0.740343716433942,0.38,0,0,0,51.40462787966055,-24.943152183925797,44.6154697840124
41900,0.06,0,0.4060304741722705,0.631578947368421,0.7471535982814178,0.5,0,0,0,51.41132254735922,-24.942884053353254,44.59973461677344
42000,0.06,0,0.40612017798210065,0.631578947368421,0.745220193340494,0.44,0,0,0,51.41371293157783,-24.94218603587354,44.58781030599193
42100,0.06,0,0.40603345357451176,0.631578947368421,0.7463265306122449,0.55,0,0,0,51.42627174642327,-24.94079898784575,44.586442666654285
42200,0.06,0,0.4060097524098148,0.631578947368421,0.7485177228786252,0.43,0,0,0,51.42947857205466,-24.93937254427769,44.586265139837614
42300,0.06,0,0.40599435502664777,0.631578947368421,0.7463802363050484,0.6,0,0,0,51.42897393808828,-24.940235840485443,44.58839358731897
42400,0.06,0,0.40615239973897516,0.631578947368421,0.7431578947368421,0.55,0,0,0,51.42750136634904,-24.941629823764675,44.57231930058878
42500,0.06,0,0.4060613809430109,0.631578947368421,0.7426530612244898,0.41,0,0,0,51.43583706006579,-24.943283724694368,44.57508519015245
42600,0.06,0,0.40588356744103093,0.631578947368421,0.7400644468313641,0.52,0,0,0,51.45204575602298,-24.944246938572384,44.58056465472117
42700,0.06,0,0.4059974019062927,0.631578947368421,0.7468206229860366,0.43,0,0,0,51.44648341134632,-24.943887033137937,44.57288371232277
42800,0.06,0,0.4060237849539998,0.631578947368421,0.7425241675617615,0.45,0,0,0,51.44963206676433,-24.94443453420466,44.56725977835405
42900,0.06,0,0.40602028519403544,0.631578947368421,0.7485714285714286,0.57,0,0,0,51.4476681969699,-24.943081334034634,44.56934517757721
43000,0.06,0,0.4060856917589774,0.631578947368421,0.7438345864661654,0.54,0,0,0,51.44377679619948,-24.944585813794692,44.56553742494799
43100,0.06,0,0.40597071271995977,0.631578947368421,0.7469602577873254,0.54,0,0,0,51.444259014855966,-24.946626554017183,44.57774141948424
43200,0.06,0,0.4059571852210377,0.631578947368421,0.7439849624060151,0.48,0,0,0,51.444922581834504,-24.948720996085356,44.57865185106
43300,0.06,0,0.40604844019955927,0.631578947368421,0.7505370569280344,0.47,0,0,0,51.43119776297804,-24.947337428761124,44.58052677269496
43400,0.06,0,0.4059992819685952,0.631578947368421,0.7473039742212675,0.63,0,0,0,51.43448781422115,-24.946890505142964,44.58307258807207
43500,0.06,0,0.4059941125783195,0.631578947368421,0.7419871106337271,0.38,0,0,0,51.43032056181095,-24.945929839457612,44.58725273515941
43600,0.06,0,0.4058985115332171,0.631578947368421,0.7428571428571429,0.46,0,0,0,51.42882382318181,-24.946828554899845,44.599052278660494
43700,0.06,0,0.40587808171150297,0.631578947368421,0.7495810955961332,0.59,0,0,0,51.42664307660927,-24.94561305992542,44.603188484104166
43800,0.06,0,0.4059923917358929,0.631578947368421,0.7437701396348013,0.55,0,0,0,51.42944511296002,-24.94539064705826,44.588200705055954
43900,0.06,0,0.4058765252088121,0.631578947368421,0.7502900107411385,0.58,0,0,0,51.43257128989307,-24.94696714814561,44.598218467912275
44000,0.06,0,0.40584633882362703,0.631578947368421,0.7508378088077337,0.49,0,0,0,51.43487313696314,-24.947063536805384,44.59953959516625
44100,0.06,0,0.40582918303644233,0.631578947368421,0.7463265306122449,0.54,0,0,0,51.42479211746692,-24.945794040209798,44.61016837617582
44200,0.06,0,0.4060047772946322,0.631578947368421,0.7483136412459721,0.5,0,0,0,51.41600397679825,-24.946895079466373,44.59849636090461
44300,0.06,0,0.40596467312545853,0.631578947368421,0.7476047261009667,0.54,0,0,0,51.41648259002043,-24.947115160747302,44.60248693899129
44400,0.06,0,0.40597885804298467,0.631578947368421,0.747593984962406,0.56,0,0,0,51.41780766937713,-24.94821470237306,44.599779123562136
44500,0.06,0,0.40598552669761684,0.631578947368421,0.7409667024704619,0.46,0,0,0,51.411006251958305,-24.94847160203191,44.60494676400738
44600,0.06,0,0.40593901107203645,0.631578947368421,0.7459935553168636,0.47,0,0,0,51.42356180242287,-24.949575964081326,44.599165974282236
44700,0.06,0,0.4059110722193672,0.631578947368421,0.7469817400644468,0.48,0,0,0,51.4203039076592,-24.950231330438015,44.60506164882203
44800,0.06,0,0.40600492770837576,0.631578947368421,0.7420837808807733,0.52,0,0,0,51.412682629530025,-24.94964741047124,44.60136097648744
44900,0.06,0,0.4059803329517153,0.631578947368421,0.7451127819548872,0.51,0,0,0,51.413992573314864,-24.950758486590654,44.60292654035661
45000,0.06,0,0.4059337623428909,0.631578947368421,0.7464017185821697,0.52,0,0,0,51.420179444587234,-24.95288520099558,44.60267635978263
45100,0.06,0,0.40577310835415376,0.631578947368421,0.7509774436090225,0.62,0,0,0,51.42634666997298,-24.95587528427815,44.6149844593665
45200,0.06,0,0.4056413409924286,0.631578947368421,0.7449624060150376,0.54,0,0,0,51.445075517330594,-24.95581086140928,44.61322946878576
45300,0.06,0,0.4056483295607359,0.631578947368421,0.7406659505907626,0.45,0,0,0,51.443174321496464,-24.95480572932474,44.61410961736283
45400,0.06,0,0.40567395073608714,0.631578947368421,0.7537593984962406,0.71,0,0,0,51.443680046648275,-24.95764943273545,44.61085336293093
45500,0.06,0,0.4056656747270375,0.631578947368421,0.7496348012889367,0.45,0,0,0,51.44369814450207,-24.958624548409613,44.61174777716343
45600,0.06,0,0.4057341811068843,0.631578947368421,0.7438023630504833,0.62,0,0,0,51.44901102815505,-24.95917498164806,44.599609229877665
45700,0.06,0,0.405718041452788,0.631578947368421,0.7568421052631579,0.38,0,0,0,51.44774506535646,-24.959085363295397,44.60248091922033
45800,0.06,0,0.4058136231597346,0.631578947368421,0.7516756176154672,0.43,0,0,0,51.44515599175964,-24.961354027088873,44.59421982474837
45900,0.06,0,0.4058372365203941,0.631578947368421,0.7511063372717508,0.53,0,0,0,51.44933418043512,-24.960912965438634,44.58800386502821
46000,0.06,0,0.40579180926312136,0.631578947368421,0.7466809881847476,0.58,0,0,0,51.456400657388215,-24.959464493227852,44.586871437683804
46100,0.06,0,0.40579567053847854,0.631578947368421,0.7430397422126745,0.47,0,0,0,51.458193021369055,-24.960369104889466,44.58489416832564
46200,0.06,0,0.4058557055808187,0.631578947368421,0.745220193340494,0.5,0,0,0,51.45135770235281,-24.958210055355313,44.58422130796268
46300,0.06,0,0.40588131854960025,0.631578947368421,0.7498711063372717,0.43,0,0,0,51.45209950830639,-24.959311353636128,44.580765091168416
46400,0.06,0,0.4059307764983678,0.631578947368421,0.7473791621911923,0.47,0,0,0,51.449761885436075,-24.96052317826574,44.577358725729624
46500,0.06,0,0.4058704476983507,0.631578947368421,0.7459398496240601,0.57,0,0,0,51.45793052304439,-24.9600835003645,44.57690728815559
46600,0.06,0,0.4058085358869399,0.631578947368421,0.7478732545649839,0.55,0,0,0,51.46161675313338,-24.959668225212507,44.580514562721454
46700,0.06,0,0.40573467476053293,0.631578947368421,0.7436519871106337,0.49,0,0,0,51.46974553965011,-24.95914706187234,44.581588100643536
46800,0.06,0,0.405753461459482,0.631578947368421,0.7448872180451128,0.54,0,0,0,51.470542005558094,-24.959450351626153,44.578834105792566
46900,0.06,0,0.40572638722043947,0.631578947368421,0.7480558539205155,0.5,0,0,0,51.47621270163626,-24.96094905441433,44.576897665965
47000,0.06,0,0.40570950258450283,0.631578947368421,0.7438882921589689,0.55,0,0,0,51.48279908367738,-24.959002925935877,44.57304972502509
47100,0.06,0,0.4056578160239498,0.631578947368421,0.7512781954887218,0.52,0,0,0,51.48712400365936,-24.959473550848998,44.574984349299044
47200,0.06,0,0.40569867439942514,0.631578947368421,0.7449409237379162,0.45,0,0,0,51.49080527711103,-24.961899023463296,44.567308637699
47300,0.06,0,0.40566140076516816,0.631578947368421,0.7560794844253491,0.55,0,0,0,51.498975068719176,-24.961342408791168,44.564332840482514
47400,0.06,0,0.40560228467890047,0.631578947368421,0.7418689581095597,0.48,0,0,0,51.49433487441172,-24.960093785236428,44.5748443546683
47500,0.06,0,0.40555448819454015,0.631578947368421,0.7411170784103115,0.5,0,0,0,51.490506062636655,-24.962214015710142,44.583412664375814
47600,0.06,0,0.40557627482640324,0.631578947368421,0.7472610096670247,0.5,0,0,0,51.48840612639882,-24.96239492744377,44.58283596606928
47700,0.06,0,0.4056270152309674,0.631578947368421,0.7474436090225564,0.44,0,0,0,51.49062775841307,-24.96240821400841,44.57533569635666
47800,0.06,0,0.4056247756450519,0.631578947368421,0.7479914070891515,0.4,0,0,0,51.48358252496171,-24.961832539293376,44.58168172435106
47900,0.06,0,0.40565198471336533,0.631578947368421,0.7508378088077337,0.43,0,0,0,51.48289976880809,-24.962003693416886,44.579282606179255
48000,0.06,0,0.4057899217353702,0.631578947368421,0.7433619763694952,0.53,0,0,0,51.47209246755706,-24.961880489147543,44.57348599191014
48100,0.06,0,0.40576124460258634,0.631578947368421,0.7433297529538131,0.46,0,0,0,51.46621344512622,-24.96060163176879,44.581728239378116
48200,0.06,0,0.4056911848780411,0.631578947368421,0.7399140708915145,0.53,0,0,0,51.47024309236473,-24.959871547789707,44.58593621589241
48300,0.06,0,0.40564045893817685,0.631578947368421,0.7429001074113856,0.44,0,0,0,51.480956992353136,-24.96287147084295,44.5822316421788
48400,0.06,0,0.4056150899644554,0.631578947368421,0.7459291084854994,0.53,0,0,0,51.4835186872667,-24.965213936707542,44.582801571081745
48500,0.06,0,0.40563847086010985,0.631578947368421,0.74343716433942,0.59,0,0,0,51.48565557887676,-24.967008588804486,44.578381545277864
48600,0.06,0,0.4055778490219384,0.631578947368421,0.7500966702470462,0.5,0,0,0,51.484324067637274,-24.968198472710036,44.58619776774273
48700,0.06,0,0.4055979501122097,0.631578947368421,0.7491514500537056,0.59,0,0,0,51.48160164006157,-24.97090346882437,44.58634578460067
48800,0.06,0,0.40563246241723455,0.631578947368421,0.7447798066595059,0.42,0,0,0,51.47919836891495,-24.970125629404315,44.584633563870135
48900,0.06,0,0.40567829073304534,0.631578947368421,0.7469495166487647,0.53,0,0,0,51.474395451245904,-24.971265476476432,44.58375655058697
49000,0.06,0,0.4056339762363117,0.631578947368421,0.7450053705692803,0.51,0,0,0,51.48404520567854,-24.97350767427087,44.58026988154476
49100,0.06,0,0.4054909498516107,0.631578947368421,0.7450590762620838,0.56,0,0,0,51.50136778784072,-24.97438799411944,44.58099446529132
49200,0.06,0,0.4054649660558829,0.631578947368421,0.7485069817400645,0.49,0,0,0,51.49362007592619,-24.975372346378744,44.590559461969804
49300,0.06,0,0.4054709981047652,0.631578947368421,0.7438668098818475,0.53,0,0,0,51.48262449455456,-24.97779278198045,44.59941954678704
49400,0.06,0,0.4054066961307461,0.631578947368421,0.7399355531686359,0.45,0,0,0,51.48631323846829,-24.978540224173024,44.603297668406775
49500,0.06,0,0.4053584273217853,0.631578947368421,0.7400751879699248,0.46,0,0,0,51.49046917074576,-24.977588979948912,44.60500840997842
49600,0.06,0,0.4053661341440581,0.631578947368421,0.744640171858217,0.41,0,0,0,51.49393161661472,-24.97706383543766,44.60116120094594
49700,0.06,0,0.40533207566085466,0.631578947368421,0.7459398496240601,0.57,0,0,0,51.4931019876663,-24.97693786342384,44.605627513756765
49800,0.06,0,0.40531797232359906,0.631578947368421,0.7421482277121375,0.55,0,0,0,51.48940854902231,-24.97851499227749,44.61037936195111
49900,0.06,0,0.4053383117224158,0.631578947368421,0.7440708915145006,0.48,0,0,0,51.48898454940107,-24.97980393385081,44.60850820318464
50000,0.06,0,0.40524238557331477,0.631578947368421,0.7470461868958109,0.5,0,0,0,51.495620381141485,-24.982593222435646,44.61331791291556
50100,0.06,0,0.405195014847938,0.631578947368421,0.7571643394199785,0.49,0,0,0,51.492919554147086,-24.98354468955856,44.62087384956063
50200,0.06,0,0.40514547341820556,0.631578947368421,0.7506444683136413,0.58,0,0,0,51.50081627947578,-24.983752376573985,44.619487470257226
50300,0.06,0,0.40508144369905674,0.631578947368421,0.7483029001074114,0.4,0,0,0,51.503067903267976,-24.98358560810795,44.62458931283745
50400,0.06,0,0.4050900460896042,0.631578947368421,0.7492266380236305,0.51,0,0,0,51.498464131727644,-24.982940028768795,44.6276308641898
50500,0.06,0,0.4051116991506272,0.631578947368421,0.7499033297529538,0.46,0,0,0,51.49740514997725,-24.98336637658473,44.626163198981615
50600,0.06,0,0.40492686223463575,0.631578947368421,0.7505048335123523,0.49,0,0,0,51.5123070168489,-24.983788388615192,44.63361801389211
50700,0.06,0,0.4049030765913011,0.631578947368421,0.7450483351235231,0.55,0,0,0,51.517272998013745,-24.98566258108337,44.631937285515036
50800,0.06,0,0.4048544386624177,0.631578947368421,0.7561761546723953,0.55,0,0,0,51.520881380330366,-24.987114833047652,44.634172950022204
50900,0.06,0,0.4047448621155899,0.631578947368421,0.7580558539205156,0.5,0,0,0,51.532984259986634,-24.987073121682098,44.63577127257109
51000,0.06,0,0.4046404054638267,0.631578947368421,0.7613856068743287,0.58,0,0,0,51.540802721444564,-24.98654732418644,44.640521103564886
51100,0.06,0,0.4046992531622112,0.631578947368421,0.7553383458646616,0.56,0,0,0,51.54136003140173,-24.984383643566623,44.63354726157372
51200,0.06,0,0.40460828486378925,0.631578947368421,0.7555639097744361,0.44,0,0,0,51.553849553540836,-24.981373409301423,44.63276681684311
51300,0.06,0,0.404594827387792,0.631578947368421,0.7619978517722878,0.6,0,0,0,51.54590497311854,-24.98259277659458,44.64113068731471
51400,0.06,0,0.4045528864311042,0.631578947368421,0.7621482277121375,0.54,0,0,0,51.550565167797444,-24.984213807996355,44.64172274213196
51500,0.06,0,0.4044230578914993,0.631578947368421,0.7600644468313641,0.44,0,0,0,51.56236630844279,-24.981855578843646,44.64583321507568
51600,0.06,0,0.40446491740902324,0.631578947368421,0.7512459720730398,0.55,0,0,0,51.56632012213995,-24.982471543691144,44.6377898228552
51700,0.06,0,0.40449774914327724,0.631578947368421,0.7477980665950591,0.56,0,0,0,51.56648926668803,-24.985792477403034,44.63402031655555
51800,0.06,0,0.4044882353209881,0.631578947368421,0.7544253490870032,0.59,0,0,0,51.568710954383825,-24.986438100485984,44.63314716531428
51900,0.06,0,0.4044972714757185,0.631578947368421,0.7555639097744361,0.61,0,0,0,51.56773783694767,-24.98381168182462,44.6329923337814
52000,0.06,0,0.4044644875523637,0.631578947368421,0.7548335123523093,0.49,0,0,0,51.5653047226508,-24.986389112900298,44.63871625008368
52100,0.06,0,0.40445809994542276,0.631578947368421,0.7535875402792696,0.53,0,0,0,51.56834157130635,-24.98893670816959,44.63679242333615
52200,0.06,0,0.40440280284018054,0.631578947368421,0.7514500537056928,0.48,0,0,0,51.57245466183715,-24.989835624082506,44.63933552217682
52300,0.06,0,0.40443610864516133,0.631578947368421,0.7585069817400645,0.57,0,0,0,51.565302068269844,-24.992630933398956,44.64185080545234
52400,0.06,0,0.40445414679529323,0.631578947368421,0.7464017185821697,0.56,0,0,0,51.5659639665554,-24.99272083439648,44.639286839486644
52500,0.06,0,0.40442297113777576,0.631578947368421,0.7533404940923738,0.52,0,0,0,51.560146289487186,-24.995521006131945,44.64776510278829
52600,0.06,0,0.404416645265391,0.631578947368421,0.7634908700322234,0.6,0,0,0,51.55717603186294,-24.995358869655757,44.65103572188569
52700,0.06,0,0.40441096298948204,0.631578947368421,0.765392051557465,0.53,0,0,0,51.56485506635262,-24.996505874535433,44.64501357982603
52800,0.06,0,0.40436147989537635,0.631578947368421,0.7591299677765844,0.49,0,0,0,51.56813091750657,-24.994151953050366,44.647640533369
52900,0.06,0,0.40418898897416694,0.631578947368421,0.7567991407089152,0.52,0,0,0,51.58448160705316,-24.995730533013518,44.65253631085502
53000,0.06,0,0.4041101874918991,0.631578947368421,0.7523952738990333,0.54,0,0,0,51.58230106343361,-24.994325703601355,44.66313152404499
53100,0.06,0,0.4040415878837778,0.631578947368421,0.7654457572502685,0.49,0,0,0,51.58158371319829,-24.996631194637285,44.67133582838188
53200,0.06,0,0.40409835829063157,0.631578947368421,0.7649409237379162,0.53,0,0,0,51.58248416568073,-24.995357254302732,44.664280405937625
53300,0.06,0,0.40394891214437534,0.631578947368421,0.7677336197636949,0.59,0,0,0,51.59115042490388,-24.995573957976355,44.673299074244746
53400,0.06,0,0.403865919685418,0.631578947368421,0.7632760472610096,0.62,0,0,0,51.60468046436119,-24.99389201600727,44.67076408412597
53500,0.06,0,0.4039396802400262,0.631578947368421,0.7615037593984962,0.51,0,0,0,51.60106032277506,-24.99545487546791,44.66574043842124
53600,0.06,0,0.40399723943870175,0.631578947368421,0.7679269602577873,0.46,0,0,0,51.603737421782895,-24.997475461984752,44.657059881685456
53700,0.06,0,0.40413588422167634,0.631578947368421,0.7673147153598281,0.58,0,0,0,51.59553945009397,-24.998864552814798,44.64883270614659
53800,0.06,0,0.40412618267844613,0.631578947368421,0.7669709989258862,0.51,0,0,0,51.593066421025426,-24.996639204641287,44.65204477596342
53900,0.06,0,0.40409647798053927,0.631578947368421,0.7637164339419978,0.53,0,0,0,51.59903901672409,-24.996555175156825,44.65015823968625
54000,0.06,0,0.4040722811951872,0.631578947368421,0.761031149301826,0.54,0,0,0,51.596074055117626,-24.99498109749047,44.655397963832634
54100,0.06,0,0.40408162836367384,0.631578947368421,0.7573361976369495,0.5,0,0,0,51.59717310929623,-24.99489206078214,44.653413832704544
54200,0.06,0,0.4040843623002872,0.631578947368421,0.7544897959183674,0.48,0,0,0,51.58978763686591,-24.994530360258167,44.65950415280782
54300,0.06,0,0.4041698935322724,0.631578947368421,0.761063372717508,0.55,0,0,0,51.58851869020558,-24.99206901846265,44.65115149825446
54400,0.06,0,0.4042146291638703,0.631578947368421,0.757078410311493,0.57,0,0,0,51.58654341526715,-24.99132319635508,44.64791934895882
54500,0.06,0,0.4041914318434304,0.631578947368421,0.7595166487647691,0.57,0,0,0,51.57920599181453,-24.9900231607362,44.65683355319876
54600,0.06,0,0.4040969336195345,0.631578947368421,0.7582921589688507,0.47,0,0,0,51.58458282092467,-24.98777453734667,44.662620755215556
54700,0.06,0,0.4040439554515531,0.631578947368421,0.7573684210526316,0.53,0,0,0,51.58432592238632,-24.988043699407566,44.66869936616591
54800,0.06,0,0.4040182101114651,0.631578947368421,0.7569924812030076,0.51,0,0,0,51.58687609813035,-24.98935463152312,44.669337480120575
54900,0.06,0,0.40401881228396624,0.631578947368421,0.7565091299677766,0.46,0,0,0,51.57921404592477,-24.989035808887817,44.67590648792797
55000,0.06,0,0.4040644926130337,0.631578947368421,0.7581740064446831,0.45,0,0,0,51.56763501998402,-24.98970753319812,44.68088620325474
55100,0.06,0,0.4039626204386333,0.631578947368421,0.7618796992481203,0.47,0,0,0,51.57005920902445,-24.99002813404377,44.69005305191402
55200,0.06,0,0.40396069830472464,0.631578947368421,0.7645649838882922,0.57,0,0,0,51.56526652816497,-24.98810060462813,44.694419387974015
55300,0.06,0,0.40387547617080166,0.631578947368421,0.768796992481203,0.59,0,0,0,51.560683800029,-24.98773860662319,44.707823689168066
55400,0.06,0,0.40390890139129615,0.631578947368421,0.7595059076262084,0.49,0,0,0,51.55756814384424,-24.989834395897013,44.70682542031967
55500,0.06,0,0.40388672401058123,0.631578947368421,0.7617615467239527,0.52,0,0,0,51.562616754015345,-24.99031355437681,44.70490268295808
55600,0.06,0,0.4039129407271582,0.631578947368421,0.7598818474758324,0.53,0,0,0,51.55533129084569,-24.988696516772837,44.70831802378921
55700,0.06,0,0.403921663801635,0.631578947368421,0.7615896885069817,0.48,0,0,0,51.54939255386538,-24.989686003232144,44.712503006109024
55800,0.06,0,0.40387067725693226,0.631578947368421,0.7609129967776584,0.4,0,0,0,51.55674367529681,-24.989348550032286,44.7117716709133
55900,0.06,0,0.40391469731402485,0.631578947368421,0.7605692803437164,0.45,0,0,0,51.55382060667965,-24.989410505460683,44.70943367590344
56000,0.06,0,0.4040042198001196,0.631578947368421,0.7629323308270677,0.49,0,0,0,51.56056606239998,-24.989161096199854,44.693678747731134
56100,0.06,0,0.4039658104221307,0.631578947368421,0.7529430719656284,0.59,0,0,0,51.56312158977687,-24.98832636038599,44.695712976333425
56200,0.06,0,0.40397943251767543,0.631578947368421,0.757937701396348,0.66,0,0,0,51.55522572973795,-24.98952322111007,44.701050918210576
56300,0.06,0,0.4040544642365919,0.631578947368421,0.759312567132116,0.52,0,0,0,51.546946878216794,-24.98901584918458,44.69992807801859
56400,0.06,0,0.4040532135046558,0.631578947368421,0.7555961331901182,0.54,0,0,0,51.54664846482505,-24.98800631678168,44.700325222231115
56500,0.06,0,0.4040533210178389,0.631578947368421,0.7589258861439313,0.55,0,0,0,51.53589977388187,-24.986255368610387,44.70963634086823
56600,0.06,0,0.40406566367926544,0.631578947368421,0.7587647690655209,0.65,0,0,0,51.532241164393334,-24.986925943362564,44.711444763755175
56700,0.06,0,0.4038974931163649,0.631578947368421,0.7572932330827068,0.52,0,0,0,51.55015049929329,-24.986119240940344,44.71452131346944
56800,0.06,0,0.40403461532116586,0.631578947368421,0.7648120300751879,0.7,0,0,0,51.53961751666634,-24.98743533207605,44.708481054288654
56900,0.06,0,0.40402268845644823,0.631578947368421,0.7636842105263157,0.55,0,0,0,51.54459930450276,-24.987697372951068,44.70547965710993
57000,0.06,0,0.40391222636540786,0.631578947368421,0.7660580021482277,0.5,0,0,0,51.55491139799682,-24.98838398287292,44.7087612261056
57100,0.06,0,0.40389169292224697,0.631578947368421,0.7595381310418904,0.47,0,0,0,51.55528868346122,-24.98822956561387,44.710706975388035
57200,0.06,0,0.4038715904899009,0.631578947368421,0.7647368421052632,0.52,0,0,0,51.55653196326845,-24.987189731424635,44.71185417306976
57300,0.06,0,0.4038585087159414,0.631578947368421,0.7650590762620838,0.49,0,0,0,51.55827062314944,-24.988081935141167,44.711794645960246
57400,0.06,0,0.40369044737295673,0.631578947368421,0.7652201933404941,0.53,0,0,0,51.56831213826051,-24.986067794520192,44.72169870006589
57500,0.06,0,0.4037351966018447,0.631578947368421,0.7597529538131041,0.52,0,0,0,51.564753491870995,-24.984331215281802,44.71982787690705
57600,0.06,0,0.4038179391962286,0.631578947368421,0.7695596133190118,0.53,0,0,0,51.55842777914829,-24.983063909105358,44.716150310555065
57700,0.06,0,0.40375989900155984,0.631578947368421,0.7611922663802363,0.47,0,0,0,51.563788419860934,-24.98396480590914,44.717928805644284
57800,0.06,0,0.40364021673653633,0.631578947368421,0.7608700322234156,0.61,0,0,0,51.56517519478878,-24.98275238936148,44.72998501315192
57900,0.06,0,0.4035934702854678,0.631578947368421,0.7632223415682062,0.47,0,0,0,51.56641492842415,-24.98137395366363,44.734090389768696
58000,0.06,0,0.40357951192695,0.631578947368421,0.7683029001074114,0.51,0,0,0,51.577559244696864,-24.982449205534873,44.725971591991545
58100,0.06,0,0.4035845853860364,0.631578947368421,0.7716004296455424,0.48,0,0,0,51.574983064043124,-24.982951585280606,44.727643385191016
58200,0.06,0,0.40357262010963296,0.631578947368421,0.7680021482277122,0.49,0,0,0,51.576211196225024,-24.98369731220843,44.72790440184424
58300,0.06,0,0.40356986566017455,0.631578947368421,0.767593984962406,0.6,0,0,0,51.580140021098266,-24.98596215705469,44.7248027613185
58400,0.06,0,0.40346956556258484,0.631578947368421,0.76687432867884,0.46,0,0,0,51.591905826549734,-24.987592814758766,44.72571881513482
58500,0.06,0,0.4034187783677982,0.631578947368421,0.7664124597207304,0.45,0,0,0,51.599328011682935,-24.98810357657298,44.724915148346646
58600,0.06,0,0.4034054685889941,0.631578947368421,0.7633404940923738,0.5,0,0,0,51.608965261685505,-24.987779037468307,44.71803875629889
58700,0.06,0,0.4033044603435707,0.631578947368421,0.7685177228786252,0.49,0,0,0,51.61299336374686,-24.987277472722518,44.72574759649194
58800,0.06,0,0.4032762799851592,0.631578947368421,0.7670998925886144,0.44,0,0,0,51.61163310240158,-24.986396427369183,44.7300518278179
58900,0.06,0,0.4032846458138895,0.631578947368421,0.7660902255639098,0.57,0,0,0,51.61058696340045,-24.986130801251182,44.73003059017299
59000,0.06,0,0.40322911690985624,0.631578947368421,0.7683351235230934,0.57,0,0,0,51.617179035247005,-24.986891279818845,44.73047709215091
59100,0.06,0,0.4031820496219447,0.631578947368421,0.7674758324382385,0.48,0,0,0,51.62126150844548,-24.98871324413864,44.732160979855145
59200,0.06,0,0.4031688848437157,0.631578947368421,0.772610096670247,0.53,0,0,0,51.614335781890446,-24.98791274806978,44.739624087718965
59300,0.06,0,0.4031699319654829,0.631578947368421,0.7713533834586466,0.46,0,0,0,51.61093658544894,-24.988263173634337,44.74245451980117
59400,0.06,0,0.40326290560368483,0.631578947368421,0.7705800214822771,0.46,0,0,0,51.60338491551143,-24.989140221012146,44.73868512205528
59500,0.06,0,0.4032503515630468,0.631578947368421,0.7732116004296455,0.63,0,0,0,51.599365145510625,-24.98777114611022,44.74356334009585
59600,0.06,0,0.40327249641480345,0.631578947368421,0.7670354457572502,0.56,0,0,0,51.59503645881925,-24.98587474134949,44.744860002579
59700,0.06,0,0.4031944214356895,0.631578947368421,0.7626530612244898,0.56,0,0,0,51.61537411269724,-24.987665163559146,44.73589051687352
59800,0.06,0,0.4032623087390649,0.631578947368421,0.7652201933404941,0.49,0,0,0,51.60576773902212,-24.985758442792175,44.736685590630216
59900,0.06,0,0.40322746481089344,0.631578947368421,0.7642427497314715,0.47,0,0,0,51.603633451745395,-24.9860733307219,44.74240183873279
60000,0.06,0,0.4032842157957388,0.631578947368421,0.7672287862513426,0.57,0,0,0,51.602907151774886,-24.985930433445503,44.73673524705719
60100,0.06,0,0.4033548991896026,0.631578947368421,0.7726745435016111,0.5,0,0,0,51.597593104978664,-24.985414250871585,44.73350227732121
60200,0.06,0,0.40326786200412423,0.631578947368421,0.7691836734693878,0.5,0,0,0,51.59152890827992,-24.985121950874678,44.74841631815252
60300,0.06,0,0.4032604076557257,0.631578947368421,0.7727175080558539,0.58,0,0,0,51.585769490535064,-24.98534025763138,44.754239638779005
60400,0.06,0,0.403244066268118,0.631578947368421,0.7683243823845327,0.46,0,0,0,51.58474419050963,-24.984638160442206,44.756942868410555
60500,0.06,0,0.4031790047787498,0.631578947368421,0.7723630504833512,0.46,0,0,0,51.59034697238846,-24.983883655597584,44.75930390178341
60600,0.06,0,0.40317899004392005,0.631578947368421,0.7711493018259935,0.54,0,0,0,51.58591191960872,-24.982161750059902,44.76315367896785
60700,0.06,0,0.4032476988199603,0.631578947368421,0.7742105263157895,0.44,0,0,0,51.58295721457462,-24.982179029838665,44.75809017715108
60800,0.06,0,0.40327041486712034,0.631578947368421,0.7676047261009667,0.48,0,0,0,51.58282921287221,-24.980908045673605,44.75568003338877
60900,0.06,0,0.4033108671402786,0.631578947368421,0.7664876476906552,0.53,0,0,0,51.576929929785706,-24.978986977118364,44.75630958371569
61000,0.06,0,0.40331239298833466,0.631578947368421,0.7711493018259935,0.52,0,0,0,51.5723888166265,-24.98073537653546,44.76008117833763
61100,0.06,0,0.40339666475695024,0.631578947368421,0.7709881847475832,0.52,0,0,0,51.56453867375844,-24.98095622984231,44.75754336701418
61200,0.06,0,0.4033454846824867,0.631578947368421,0.7729323308270677,0.52,0,0,0,51.56890263783422,-24.979067499535542,44.75943456295283
61300,0.06,0,0.4031557011718923,0.631578947368421,0.7704726100966702,0.54,0,0,0,51.582490669234836,-24.98222228094857,44.768708611109716
61400,0.06,0,0.4030837578343787,0.631578947368421,0.7711600429645542,0.59,0,0,0,51.574710148348686,-24.97911924033582,44.78345401374599
61500,0.06,0,0.40303924620363,0.631578947368421,0.7695273899033298,0.53,0,0,0,51.56793156400251,-24.97802393801796,44.7942873133564
61600,0.06,0,0.403036118001197,0.631578947368421,0.7638453276047261,0.48,0,0,0,51.56339629071498,-24.97938441667812,44.79857491334541
61700,0.06,0,0.4030623499857733,0.631578947368421,0.7693340494092373,0.58,0,0,0,51.55480967908546,-24.977670695695384,44.803120200167534
61800,0.06,0,0.40305580377067346,0.631578947368421,0.7681310418904403,0.55,0,0,0,51.536530670018735,-24.977843339985203,44.819738925196944
61900,0.06,0,0.4030195597390563,0.631578947368421,0.7664124597207304,0.52,0,0,0,51.53598412967088,-24.97918255545727,44.824244975141404
62000,0.06,0,0.4031640609154844,0.631578947368421,0.7792588614393126,0.49,0,0,0,51.53645642053153,-24.978652881613748,44.80776853627431
62100,0.06,0,0.4032054222403555,0.631578947368421,0.7709344790547799,0.47,0,0,0,51.534337003035375,-24.978964090041956,44.80501468787918
62200,0.06,0,0.4032233529943066,0.631578947368421,0.7654027926960257,0.53,0,0,0,51.53841398130914,-24.97951716769828,44.799478103348584
62300,0.06,0,0.4032458068072231,0.631578947368421,0.7636412459720731,0.51,0,0,0,51.53097988189041,-24.97764489998241,44.80344616942312
62400,0.06,0,0.40318915975712233,0.631578947368421,0.7695381310418904,0.49,0,0,0,51.538431463146836,-24.977330227290157,44.80326221253848
62500,0.06,0,0.40322478081965213,0.631578947368421,0.7637056928034371,0.49,0,0,0,51.53437184165714,-24.977935925570293,44.802833338120976
62600,0.06,0,0.4032421106809985,0.631578947368421,0.7593877551020408,0.56,0,0,0,51.53530414963074,-24.976028002693685,44.80009739902956
62700,0.06,0,0.4032414364805533,0.631578947368421,0.7714500537056928,0.43,0,0,0,51.52808151426475,-24.972850731740156,44.806451894275305
62800,0.06,0,0.40333777727728437,0.631578947368421,0.7681740064446831,0.56,0,0,0,51.521457380399866,-24.9718515975952,44.80150888378164
62900,0.06,0,0.40340103402969335,0.631578947368421,0.76343716433942,0.49,0,0,0,51.516194358014815,-24.97127648277519,44.799059937501035
63000,0.06,0,0.403361241708854,0.631578947368421,0.7587755102040816,0.47,0,0,0,51.52441950261132,-24.969298629282395,44.79632720471776
63100,0.06,0,0.40341192162451767,0.631578947368421,0.7683995703544576,0.55,0,0,0,51.52651472292951,-24.96804890063759,44.78887820036029
63200,0.06,0,0.4035192060966117,0.631578947368421,0.7686358754027927,0.56,0,0,0,51.52145272030356,-24.967444464751203,44.781369444814366
63300,0.06,0,0.4034855754420962,0.631578947368421,0.7707518796992481,0.57,0,0,0,51.52016612304127,-24.96907184670973,44.786220391163
63400,0.06,0,0.4034918686732247,0.631578947368421,0.7659291084854994,0.5,0,0,0,51.517487367141584,-24.968090589491,44.78785057772968
63500,0.06,0,0.40348705562969944,0.631578947368421,0.7706337271750806,0.5,0,0,0,51.509845718198264,-24.968552474345948,44.795029333862026
63600,0.06,0,0.4033600985898143,0.631578947368421,0.7617722878625134,0.49,0,0,0,51.50908365664045,-24.968526821174684,44.80979144585356
63700,0.06,0,0.4032869299766079,0.631578947368421,0.7741353383458647,0.53,0,0,0,51.51491583971045,-24.96693062761026,44.812847322824204
63800,0.06,0,0.4032333105073403,0.631578947368421,0.7700751879699248,0.49,0,0,0,51.518339301947115,-24.9661034716541,44.81582798848452
63900,0.06,0,0.4031480349673824,0.631578947368421,0.7790547798066595,0.43,0,0,0,51.51998812584409,-24.964715645728518,44.82387304762392
64000,0.06,0,0.4032116406383976,0.631578947368421,0.7727926960257787,0.44,0,0,0,51.518769894222075,-24.966461351715562,44.81786194340919
64100,0.06,0,0.40315742369687635,0.631578947368421,0.7663050483351235,0.55,0,0,0,51.52200832764711,-24.96672619185922,44.82107166544683
64200,0.06,0,0.40308450312634037,0.631578947368421,0.764640171858217,0.55,0,0,0,51.52542061466924,-24.966215628094037,44.82621125822249
64300,0.06,0,0.40309561918510656,0.631578947368421,0.7628893662728249,0.53,0,0,0,51.519652136516314,-24.9654438659253,44.829993996133354
64400,0.06,0,0.4030606635034727,0.631578947368421,0.7651987110633727,0.51,0,0,0,51.5190979019112,-24.96429901565937,44.834364220748384
64500,0.06,0,0.4029651578012475,0.631578947368421,0.7684317937701396,0.6,0,0,0,51.530342981184035,-24.966446560239632,44.8352041093567
64600,0.06,0,0.4029774746094998,0.631578947368421,0.769484425349087,0.53,0,0,0,51.52763938421418,-24.968396912489233,44.83618612395876
64700,0.06,0,0.40293789071740654,0.631578947368421,0.7680451127819549,0.45,0,0,0,51.52796781060667,-24.969146212544075,44.840304947344926
64800,0.06,0,0.40296965972356236,0.631578947368421,0.7706015037593985,0.59,0,0,0,51.53201223000352,-24.972153493934083,44.83325091006258
64900,0.06,0,0.40299274957729847,0.631578947368421,0.7689366272824919,0.56,0,0,0,51.537619514144154,-24.97603488099622,44.82580457570647
65000,0.06,0,0.4030748414296451,0.631578947368421,0.7696992481203008,0.6,0,0,0,51.527737821405466,-24.979068654295112,44.82526985486123
65100,0.06,0,0.4030833655975092,0.631578947368421,0.7654457572502685,0.57,0,0,0,51.5229601818683,-24.98038312994043,44.8284784024542
65200,0.06,0,0.4031452171764789,0.631578947368421,0.7638023630504833,0.57,0,0,0,51.52641374680141,-24.98234789682725,44.81859652775955
65300,0.06,0,0.4031593993668166,0.631578947368421,0.767110633727175,0.5,0,0,0,51.52581258419363,-24.983609476984963,44.817542805656494
65400,0.06,0,0.4031102573718824,0.631578947368421,0.7649946294307196,0.6,0,0,0,51.523592817435,-24.981344008590405,44.82493747003193
65500,0.06,0,0.40310620874554265,0.631578947368421,0.7652846401718583,0.49,0,0,0,51.52940168808642,-24.981842485349574,44.8203345403314
65600,0.06,0,0.40311527752157345,0.631578947368421,0.7671213748657357,0.4,0,0,0,51.516755334272986,-24.979394338260242,44.83032849553793
65700,0.06,0,0.40316965058154874,0.631578947368421,0.7704940923737916,0.54,0,0,0,51.50710766968913,-24.978774601554058,44.83267842112135
65800,0.06,0,0.4031772104036265,0.631578947368421,0.7676369495166487,0.51,0,0,0,51.49765842141426,-24.9770544580199,44.840063924902445
65900,0.06,0,0.4030742411134608,0.631578947368421,0.7619334049409238,0.53,0,0,0,51.50503764305464,-24.978270766187844,44.845092801730814
66000,0.06,0,0.4029952799493576,0.631578947368421,0.7713641245972073,0.57,0,0,0,51.511800693256646,-24.979645897332936,44.8479906333643
66100,0.06,0,0.4030611755818428,0.631578947368421,0.767626208378088,0.58,0,0,0,51.510361200462896,-24.98026341114626,44.84191163206577
66200,0.06,0,0.4030904517533336,0.631578947368421,0.7677228786251342,0.54,0,0,0,51.505428225257,-24.981441885433025,44.842949255503285
66300,0.06,0,0.4029813349359015,0.631578947368421,0.7633941997851772,0.52,0,0,0,51.50751218149875,-24.984217244494832,44.853276750447016
66400,0.06,0,0.40300176811125177,0.631578947368421,0.7682599355531686,0.52,0,0,0,51.50731457431619,-24.984020662817393,44.85117464993156
66500,0.06,0,0.40300789148490335,0.631578947368421,0.7649516648764769,0.53,0,0,0,51.51063683434812,-24.984614713687915,44.847600469671335
66600,0.06,0,0.40308832591077776,0.631578947368421,0.7635445757250269,0.43,0,0,0,51.4949750542354,-24.98358780898148,44.852288649877735
66700,0.06,0,0.40306598420132594,0.631578947368421,0.7657250268528464,0.51,0,0,0,51.4900987022931,-24.98435751722064,44.85902274163937
66800,0.06,0,0.40308690344655157,0.631578947368421,0.7667883995703545,0.34,0,0,0,51.493456406670326,-24.98458908539104,44.853769720911636
66900,0.06,0,0.4030171172191057,0.631578947368421,0.7640923737916219,0.57,0,0,0,51.49742132479624,-24.984670209749186,44.85808257117937
67000,0.06,0,0.4030445718617444,0.631578947368421,0.7684425349087003,0.53,0,0,0,51.50085505661494,-24.98680139846765,44.852036289924534
67100,0.06,0,0.4031488557455905,0.631578947368421,0.7675402792696026,0.55,0,0,0,51.502027866948495,-24.986490145679028,44.839413149625706
67200,0.06,0,0.4030386385336253,0.631578947368421,0.7675832438238454,0.56,0,0,0,51.520076773714685,-24.988284342424016,44.83596240623709
67300,0.06,0,0.4029882745849515,0.631578947368421,0.7696025778732546,0.55,0,0,0,51.522286330412804,-24.989735002770473,44.83964278409159
67400,0.06,0,0.4030080280370767,0.631578947368421,0.7666809881847476,0.48,0,0,0,51.50939995181618,-24.99115587835512,44.84866218786887
67500,0.06,0,0.40310378996336454,0.631578947368421,0.7646509129967777,0.52,0,0,0,51.51084995612028,-24.99248098489693,44.83674570685989
67600,0.06,0,0.4031774918369099,0.631578947368421,0.767389903329753,0.48,0,0,0,51.50656624383479,-24.993403700435685,44.83227774856275
67700,0.06,0,0.40306812017600635,0.631578947368421,0.7638775510204082,0.53,0,0,0,51.51119821765897,-24.991886425787023,44.84041040203112
67800,0.06,0,0.40306253915450746,0.631578947368421,0.7625671321160042,0.44,0,0,0,51.51500179828626,-24.991599413280756,44.83772047471901
67900,0.06,0,0.40300148253631374,0.631578947368421,0.7600107411385607,0.46,0,0,0,51.514315919988114,-24.991749131195554,44.845110674438985
68000,0.06,0,0.40304560045077503,0.631578947368421,0.7658109559613319,0.52,0,0,0,51.51452556472474,-24.991053546719755,44.84001938545293
68100,0.06,0,0.40302413465333736,0.631578947368421,0.7685392051557465,0.39,0,0,0,51.513416241544746,-24.99102831189331,44.84337331170164
68200,0.06,0,0.40303778984083155,0.631578947368421,0.7657679914070892,0.42,0,0,0,51.51045133178274,-24.989437462731853,44.84443505790504
68300,0.06,0,0.40303964532463876,0.631578947368421,0.768968850698174,0.51,0,0,0,51.51155557179161,-24.989739377363403,44.84326729221507
68400,0.06,0,0.4029931927391901,0.631578947368421,0.7707733619763695,0.49,0,0,0,51.51264689483378,-24.989445046983942,44.847486188519795
68500,0.06,0,0.40296596368064086,0.631578947368421,0.7618259935553169,0.53,0,0,0,51.51656916314021,-24.989175261563073,44.84710186395537
68600,0.06,0,0.4029867064441935,0.631578947368421,0.7689258861439312,0.45,0,0,0,51.50658734544005,-24.988586773204776,44.853484250734304
68700,0.06,0,0.40307261429463626,0.631578947368421,0.7740601503759399,0.45,0,0,0,51.50847794438781,-24.98810369025556,44.84227853905216
68800,0.06,0,0.403106649598202,0.631578947368421,0.7703866809881847,0.55,0,0,0,51.50981399534575,-24.990059831038884,44.83732938162585
68900,0.06,0,0.4030276700606228,0.631578947368421,0.7621482277121375,0.51,0,0,0,51.51444256643064,-24.992282551609524,44.842086531234216
69000,0.06,0,0.4030736777724592,0.631578947368421,0.7611385606874329,0.55,0,0,0,51.510927611633555,-24.99584867281895,44.840027700681844
69100,0.06,0,0.4030086755949561,0.631578947368421,0.765907626208378,0.47,0,0,0,51.51800858262864,-24.994398797357515,44.841095949977024
69200,0.06,0,0.4030290769977151,0.631578947368421,0.7647690655209453,0.5,0,0,0,51.51237720230935,-24.99209968609424,44.843727907404485
69300,0.06,0,0.40302133494277,0.631578947368421,0.76687432867884,0.59,0,0,0,51.51621465291348,-24.9921337083913,44.84124887686885
69400,0.06,0,0.40305199329910785,0.631578947368421,0.7666702470461869,0.45,0,0,0,51.505929320868646,-24.990722554719675,44.84679177056077
69500,0.06,0,0.4029546353349086,0.631578947368421,0.767937701396348,0.63,0,0,0,51.509964159248106,-24.98945456779347,44.854113461761365
69600,0.06,0,0.4030148173731846,0.631578947368421,0.7708807733619764,0.5,0,0,0,51.50520994136101,-24.99050769149193,44.85155508164772
69700,0.06,0,0.40301111364484077,0.631578947368421,0.7707733619763695,0.45,0,0,0,51.504607076586424,-24.991346599701277,44.85249226888767
69800,0.06,0,0.4029691162586868,0.631578947368421,0.772545649838883,0.51,0,0,0,51.502394491125685,-24.992385274971962,44.859093890477254
69900,0.06,0,0.40296166251874155,0.631578947368421,0.7699892588614393,0.48,0,0,0,51.50143206984827,-24.989476045324402,44.860761976336626
70000,0.06,0,0.40291781053413317,0.631578947368421,0.7728786251342642,0.51,0,0,0,51.50464522392729,-24.991153399137694,44.86284546937863
70100,0.06,0,0.4030923502270309,0.631578947368421,0.7700214822771214,0.65,0,0,0,51.49302718846276,-24.98816377484896,44.853537506766436
70200,0.06,0,0.40303690835012873,0.631578947368421,0.76687432867884,0.41,0,0,0,51.50027068357058,-24.988662797161357,44.85339807049454
70300,0.06,0,0.40313079317774386,0.631578947368421,0.7723200859291085,0.41,0,0,0,51.49817431211812,-24.986480965783525,44.8447776490768
70400,0.06,0,0.402965049708629,0.631578947368421,0.7723523093447906,0.47,0,0,0,51.513892735493386,-24.988455645395284,44.84953363923429
70500,0.06,0,0.40303118283039696,0.631578947368421,0.7690977443609023,0.39,0,0,0,51.508573985834374,-24.987783649094414,44.84680468930463
70600,0.06,0,0.40296134405504414,0.631578947368421,0.7621697099892588,0.6,0,0,0,51.505804361596475,-24.98595868142396,44.856989228417184
70700,0.06,0,0.4029187152757619,0.631578947368421,0.763265306122449,0.44,0,0,0,51.50747242015519,-24.984865328440307,44.860282257796136
70800,0.06,0,0.40294256514221216,0.631578947368421,0.7757250268528464,0.59,0,0,0,51.508131964827385,-24.984133530840683,44.857052624386206
70900,0.06,0,0.40302360305325197,0.631578947368421,0.7786895810955962,0.63,0,0,0,51.49659534368569,-24.982324805839635,44.85808016372208
71000,0.06,0,0.4031810430245554,0.631578947368421,0.7701181525241676,0.58,0,0,0,51.47527873981621,-24.982889809430105,44.859132410245664
71100,0.06,0,0.40322653883050136,0.631578947368421,0.7651664876476907,0.4,0,0,0,51.47805906426269,-24.982176858081626,44.85164841796791
71200,0.06,0,0.40313632260326976,0.631578947368421,0.7659613319011815,0.49,0,0,0,51.48401491524293,-24.98411873216767,44.85649582799601
71300,0.06,0,0.40321492085756805,0.631578947368421,0.7672287862513426,0.58,0,0,0,51.47574283887766,-24.985142387612942,44.8549589670853
71400,0.06,0,0.40326745173317785,0.631578947368421,0.7636734693877552,0.47,0,0,0,51.476851195646404,-24.986521313451192,44.848150366392645
71500,0.06,0,0.4033582464709908,0.631578947368421,0.765907626208378,0.62,0,0,0,51.456141031136866,-24.98778924905398,44.856101686413105
71600,0.06,0,0.40330950220432477,0.631578947368421,0.7668421052631579,0.5,0,0,0,51.461357652978386,-24.98720912110261,44.8569754273748
71700,0.06,0,0.40335252213080103,0.631578947368421,0.7661009667024704,0.48,0,0,0,51.46296438082774,-24.98890714854016,44.850790833705936
71800,0.06,0,0.40335170002310555,0.631578947368421,0.7706229860365199,0.56,0,0,0,51.45148973459288,-24.987511511978088,44.860884835264685
71900,0.06,0,0.4033542355432451,0.631578947368421,0.7684317937701396,0.52,0,0,0,51.45762392489901,-24.987173405317815,44.85525506701749
72000,0.06,0,0.4034322947938396,0.631578947368421,0.7732008592910848,0.49,0,0,0,51.45259500108578,-24.9890329249772,44.85095937810118
72100,0.06,0,0.4033980354360526,0.631578947368421,0.7706981740064447,0.58,0,0,0,51.44274914227702,-24.986248992216968,44.86335338809901
72200,0.06,0,0.4033897412632669,0.631578947368421,0.7650268528464017,0.59,0,0,0,51.44576592668879,-24.99067051102606,44.86164498676391
72300,0.06,0,0.4033211966845799,0.631578947368421,0.7651664876476907,0.56,0,0,0,51.44806740191463,-24.991012258029716,44.86726205944344
72400,0.06,0,0.40322701870314853,0.631578947368421,0.770515574650913,0.57,0,0,0,51.459891238612656,-24.99015773507964,44.86742981899212
72500,0.06,0,0.40321292375702167,0.631578947368421,0.760891514500537,0.58,0,0,0,51.452152236657376,-24.99183260470744,44.875747050084044
72600,0.06,0,0.4032020960919428,0.631578947368421,0.7641568206229861,0.52,0,0,0,51.450326070946716,-24.991420093476528,44.878545003783664
72700,0.06,0,0.40316303034690343,0.631578947368421,0.7708485499462943,0.41,0,0,0,51.456181890414946,-24.99174573877281,44.87778588528835
72800,0.06,0,0.4032830820676261,0.631578947368421,0.7720837808807733,0.48,0,0,0,51.44723212460135,-24.991701214509654,44.87223101773057
72900,0.06,0,0.40324493121212657,0.631578947368421,0.7684640171858217,0.45,0,0,0,51.44870475889211,-24.99100553364473,44.87519184800391
73000,0.06,0,0.4033263428635751,0.631578947368421,0.772406015037594,0.47,0,0,0,51.44695567606636,-24.991161931842115,44.86765911445497
73100,0.06,0,0.40336790139911066,0.631578947368421,0.768077336197637,0.63,0,0,0,51.43596381698024,-24.992216282311926,44.87262367595403
73200,0.06,0,0.40327548490185894,0.631578947368421,0.771750805585392,0.53,0,0,0,51.44661969240601,-24.991826973823198,44.87361052924019
73300,0.06,0,0.40321899089248914,0.631578947368421,0.7724704618689581,0.57,0,0,0,51.45992510955236,-24.99078519172457,44.86829356607955
73400,0.06,0,0.4031776409587749,0.631578947368421,0.7705585392051557,0.51,0,0,0,51.465021457083495,-24.99253120040026,44.86845170295832
73500,0.06,0,0.40321095946866603,0.631578947368421,0.7700751879699248,0.48,0,0,0,51.46349222671381,-24.99184097457575,44.86607724006655
73600,0.06,0,0.4032357315610568,0.631578947368421,0.7627389903329753,0.44,0,0,0,51.461832878219624,-24.992776741672373,44.86476755430533
73700,0.06,0,0.4033695926003173,0.631578947368421,0.769344790547798,0.46,0,0,0,51.45902103007877,-24.98977396143802,44.852329573590374
73800,0.06,0,0.40327822733835533,0.631578947368421,0.7695381310418904,0.61,0,0,0,51.46458249559919,-24.989291105046124,44.857643138229584
73900,0.06,0,0.4032396012183674,0.631578947368421,0.7629323308270677,0.51,0,0,0,51.46781623214077,-24.990283838305743,44.85912134187192
74000,0.06,0,0.4033454356949852,0.631578947368421,0.7719334049409238,0.57,0,0,0,51.45533352997232,-24.99007332846215,44.85823033474367
74100,0.06,0,0.4032919110749022,0.631578947368421,0.767905477980666,0.48,0,0,0,51.46385703714172,-24.988592716510247,44.856753426465396
74200,0.06,0,0.40340587720581034,0.631578947368421,0.7728571428571429,0.61,0,0,0,51.446177974301165,-24.98963203754354,44.859491257723974
74300,0.06,0,0.4032963966942399,0.631578947368421,0.7660794844253491,0.52,0,0,0,51.457342681939785,-24.989230715009125,44.86193318817345
74400,0.06,0,0.4032504270092081,0.631578947368421,0.7688506981740064,0.42,0,0,0,51.458158098908505,-24.99012977393357,44.866336379656005
74500,0.06,0,0.4032823485073074,0.631578947368421,0.7711815252416756,0.48,0,0,0,51.45295990649062,-24.990420411411684,44.86731741985051
74600,0.06,0,0.4032818191582189,0.631578947368421,0.7678839957035446,0.55,0,0,0,51.463665858965676,-24.98934944889844,44.85804258213388
74700,0.06,0,0.4033401480207175,0.631578947368421,0.7649516648764769,0.5,0,0,0,51.459829571972165,-24.990891377754686,44.85489910126583
74800,0.06,0,0.4034278287232972,0.631578947368421,0.7639957035445757,0.45,0,0,0,51.451297105414845,-24.991467223503612,44.85258730202885
74900,0.06,0,0.40336606896608823,0.631578947368421,0.7675080558539206,0.49,0,0,0,51.458073550720684,-24.991151839310184,44.853547241782316
75000,0.06,0,0.4034832801429042,0.631578947368421,0.7635553168635876,0.51,0,0,0,51.44769592174865,-24.99216765943598,44.84956224622642
75100,0.06,0,0.40348149523964916,0.631578947368421,0.7601825993555317,0.52,0,0,0,51.44321760019912,-24.99312704170865,44.85366498653796
75200,0.06,0,0.4034648010204905,0.631578947368421,0.7627067669172932,0.58,0,0,0,51.435142550425745,-24.99177130862628,44.86256298627655
75300,0.06,0,0.4035716303022748,0.631578947368421,0.7664661654135339,0.6,0,0,0,51.43377656700538,-24.991019095637842,44.85187858458782
75400,0.06,0,0.40370528126808986,0.631578947368421,0.7629001074113856,0.47,0,0,0,51.433468679776354,-24.990148868811158,44.837298288959325
75500,0.06,0,0.4037399546839402,0.631578947368421,0.7645864661654135,0.54,0,0,0,51.43857608274891,-24.99052943106631,44.828996065204095
75600,0.06,0,0.40376297880033296,0.631578947368421,0.7598818474758324,0.55,0,0,0,51.43307369816667,-24.99100858975775,44.831235340936516
75700,0.06,0,0.4036695729604814,0.631578947368421,0.7654350161117078,0.54,0,0,0,51.44597926659092,-24.98940711136234,44.83036010447814
75800,0.06,0,0.4037408017321348,0.631578947368421,0.7659828141783029,0.48,0,0,0,51.43929157908721,-24.990382385492087,44.828278465040846
75900,0.06,0,0.4037765920430628,0.631578947368421,0.7615574650912996,0.51,0,0,0,51.44422463663215,-24.990563983717326,44.82000667164644
76000,0.06,0,0.4038289096679907,0.631578947368421,0.7670032223415683,0.61,0,0,0,51.445900854110214,-24.993233028979006,44.812739920864324
76100,0.06,0,0.4038391402931404,0.631578947368421,0.76484425349087,0.52,0,0,0,51.43299958587978,-24.991437955360446,44.82284504245206
76200,0.06,0,0.4039275059034095,0.631578947368421,0.7662943071965629,0.54,0,0,0,51.43965129059834,-24.991024968782398,44.80724451538841
76300,0.06,0,0.40394084910494865,0.631578947368421,0.7600107411385607,0.6,0,0,0,51.445350865451374,-24.98745965325265,44.80080043501963
76400,0.06,0,0.4039854912145388,0.631578947368421,0.7611815252416756,0.6,0,0,0,51.4456086026518,-24.988246316811836,44.795625334032366
76500,0.06,0,0.4040307223366696,0.631578947368421,0.7635875402792696,0.47,0,0,0,51.441042174499444,-24.98609972596483,44.79458654522071
76600,0.06,0,0.40409003251640074,0.631578947368421,0.7570676691729323,0.56,0,0,0,51.43596527797847,-24.98744367386002,44.79243255668698
76700,0.06,0,0.4042318286803921,0.631578947368421,0.755295381310419,0.49,0,0,0,51.43022066463264,-24.987630676276215,44.781721733639166
76800,0.06,0,0.4043030065416516,0.631578947368421,0.7529538131041891,0.45,0,0,0,51.41745581905192,-24.988082628404246,44.78495338413012
76900,0.06,0,0.40426820255810897,0.631578947368421,0.7580236305048336,0.61,0,0,0,51.431843202631065,-24.9887991982323,44.77627989803954
77000,0.06,0,0.4042676628105367,0.631578947368421,0.7562620837808808,0.53,0,0,0,51.43934986423903,-24.988944360085174,44.769805366597964
77100,0.06,0,0.4043556853089844,0.631578947368421,0.7611707841031149,0.52,0,0,0,51.43274271825167,-24.98671582929795,44.76580957553838
77200,0.06,0,0.404307503182415,0.631578947368421,0.7604403866809882,0.5,0,0,0,51.43601883109576,-24.986304793241935,44.76829279860782
77300,0.06,0,0.40435424941335196,0.631578947368421,0.7585714285714286,0.4,0,0,0,51.43260284528397,-24.98618965188777,44.76609028545421
77400,0.06,0,0.40429937689237533,0.631578947368421,0.7648120300751879,0.57,0,0,0,51.43501018247241,-24.981707493561302,44.770070558076796
77500,0.06,0,0.4042725682513869,0.631578947368421,0.7582384532760472,0.49,0,0,0,51.43586205830565,-24.983711160404035,44.77229788160808
77600,0.06,0,0.4042493730661993,0.631578947368421,0.7577765843179377,0.44,0,0,0,51.444825805043926,-24.984928289368778,44.767065271701256
77700,0.06,0,0.40408238970978666,0.631578947368421,0.7628571428571429,0.6,0,0,0,51.45923470484331,-24.98671026874429,44.77302462098721
77800,0.06,0,0.40408527438276604,0.631578947368421,0.7586143931256714,0.5,0,0,0,51.45559502872258,-24.98628727932852,44.77587196302646
77900,0.06,0,0.4040370139164254,0.631578947368421,0.7633619763694952,0.57,0,0,0,51.45537209300473,-24.98519750069622,44.781414265709515
78000,0.06,0,0.4040589866030127,0.631578947368421,0.7618796992481203,0.55,0,0,0,51.456933261295966,-24.986574544848875,44.7776204932461
78100,0.06,0,0.4039547479971011,0.631578947368421,0.7643179377013963,0.56,0,0,0,51.46264644145412,-24.98810137172062,44.78420282806005
78200,0.06,0,0.40388957377589,0.631578947368421,0.7628893662728249,0.46,0,0,0,51.46418154359882,-24.988632357077066,44.790093431680056
78300,0.06,0,0.40392902823353566,0.631578947368421,0.7604833512352309,0.48,0,0,0,51.46530693160163,-24.989457177148875,44.7847391568698
78400,0.06,0,0.40395172109842076,0.631578947368421,0.7697207303974222,0.49,0,0,0,51.466196546711764,-24.990335996651385,44.78144919713534
78500,0.06,0,0.4039859562229904,0.631578947368421,0.7594951664876477,0.54,0,0,0,51.458193253905755,-24.989072445858724,44.78461853554611
78600,0.06,0,0.40394449467630394,0.631578947368421,0.760827067669173,0.54,0,0,0,51.458726183482625,-24.989876388575688,44.78875144745898
78700,0.06,0,0.4039848324820786,0.631578947368421,0.7606981740064447,0.46,0,0,0,51.45072034214896,-24.990700877165825,44.791247828420644
78800,0.06,0,0.40395713083184726,0.631578947368421,0.7617937701396348,0.47,0,0,0,51.44436291291469,-24.99104641170573,44.799855045673496
78900,0.06,0,0.40398124293696214,0.631578947368421,0.7664554242749732,0.45,0,0,0,51.43984498817723,-24.99237464273392,44.80111561690921
79000,0.06,0,0.40400083039684426,0.631578947368421,0.7619548872180452,0.54,0,0,0,51.44053197532671,-24.99421186181237,44.79834520364089
79100,0.06,0,0.40394755012908046,0.631578947368421,0.7577980665950591,0.53,0,0,0,51.44225608988221,-24.99363729148511,44.802752421059964
79200,0.06,0,0.4039085445561037,0.631578947368421,0.7576047261009667,0.51,0,0,0,51.44533819340672,-24.994655802973863,44.804394633007135
79300,0.06,0,0.40391182180058016,0.631578947368421,0.7556390977443609,0.42,0,0,0,51.4415923295843,-24.995727269118145,44.807293631988394
79400,0.06,0,0.403893251686138,0.631578947368421,0.755671321160043,0.47,0,0,0,51.44497438751478,-24.99507074802752,44.80640794800115
79500,0.06,0,0.4039184161235022,0.631578947368421,0.7643394199785177,0.67,0,0,0,51.450071440529214,-24.994722869333557,44.799177870926435
79600,0.06,0,0.4038179967402626,0.631578947368421,0.7619871106337271,0.53,0,0,0,51.46335181746852,-24.99516980395428,44.79875477199187
79700,0.06,0,0.4037700901288326,0.631578947368421,0.762406015037594,0.48,0,0,0,51.469345618152424,-24.997015478390953,44.798852461453215
79800,0.06,0,0.40378562769858034,0.631578947368421,0.7672287862513426,0.57,0,0,0,51.46501898070619,-24.99860989227508,44.80089468420125
79900,0.06,0,0.4036995188234547,0.631578947368421,0.7598496240601503,0.5,0,0,0,51.46211922230911,-24.99786036367335,44.81297564320389
80000,0.06,0,0.4035845714366049,0.631578947368421,0.7651235230934479,0.53,0,0,0,51.47867274467894,-24.99944504968305,44.811324900699574
80100,0.06,0,0.40353822439795145,0.631578947368421,0.762406015037594,0.54,0,0,0,51.47539183533741,-24.999391330720165,44.819328043018935
80200,0.06,0,0.4035820927446868,0.631578947368421,0.7596455424274973,0.52,0,0,0,51.474427317873314,-24.99989614462143,44.81529602035157
80300,0.06,0,0.4035072932628423,0.631578947368421,0.7631149301825993,0.55,0,0,0,51.47888934300664,-25.000054527198234,44.819718413739636
80400,0.06,0,0.4034976944260982,0.631578947368421,0.7645542427497315,0.57,0,0,0,51.486517675134735,-25.000455314111694,44.81414390785195
80500,0.06,0,0.4034697196757997,0.631578947368421,0.7728249194414608,0.46,0,0,0,51.48897330235898,-25.001279305024312,44.815113678719236
80600,0.06,0,0.40344277650099936,0.631578947368421,0.771203007518797,0.55,0,0,0,51.49495548905543,-25.003479328771007,44.81290003780016
80700,0.06,0,0.4033531185001769,0.631578947368421,0.7752416756176155,0.51,0,0,0,51.50612452373809,-25.00510452178792,44.81314134572609
80800,0.06,0,0.4034857633564116,0.631578947368421,0.7635123523093448,0.49,0,0,0,51.50089077401511,-25.006971946103263,44.802961760110314
80900,0.06,0,0.4035921186632031,0.631578947368421,0.7609452201933405,0.55,0,0,0,51.491333016070456,-25.004608499677214,44.799469283797904
81000,0.06,0,0.4036108814856791,0.631578947368421,0.7589473684210526,0.51,0,0,0,51.48868766886202,-25.004986861688035,44.79968823928975
81100,0.06,0,0.4036019540749994,0.631578947368421,0.7619441460794845,0.49,0,0,0,51.49332316184429,-25.005167002524285,44.79664616618053
81200,0.06,0,0.40354989036390737,0.631578947368421,0.7654242749731471,0.51,0,0,0,51.49671678865291,-25.004718924700093,44.799473100719204
81300,0.06,0,0.40349962568906245,0.631578947368421,0.7644146079484425,0.44,0,0,0,51.50243591263114,-25.005064375689432,44.80007844323353
81400,0.06,0,0.40344599183631136,0.631578947368421,0.7674113856068743,0.58,0,0,0,51.50909543033653,-25.00527380728335,44.80024124603397
81500,0.06,0,0.40346321996092227,0.631578947368421,0.7600751879699248,0.54,0,0,0,51.5064764971123,-25.005528936516583,44.80060609468539
81600,0.06,0,0.4035164139332557,0.631578947368421,0.7618045112781955,0.57,0,0,0,51.50654577000766,-25.006431495479802,44.79463996213055
81700,0.06,0,0.403516475337884,0.631578947368421,0.765907626208378,0.5,0,0,0,51.49360227939705,-25.00505285432434,44.805892775648
81800,0.06,0,0.4034228593509174,0.631578947368421,0.7700751879699248,0.58,0,0,0,51.49725702248488,-25.007292152552974,44.813109576151625
81900,0.06,0,0.40348218260801294,0.631578947368421,0.7719656283566058,0.57,0,0,0,51.50311463702426,-25.008329015115063,44.801424796103994
82000,0.06,0,0.4034455241098176,0.631578947368421,0.7647905477980665,0.57,0,0,0,51.49279545804261,-25.010446412139576,44.814474654368084
82100,0.06,0,0.40352284712601566,0.631578947368421,0.7683458646616541,0.59,0,0,0,51.4878256879987,-25.010171560051052,44.810212116187124
82200,0.06,0,0.40357087430958116,0.631578947368421,0.7680128893662729,0.48,0,0,0,51.48216223382249,-25.011543506036848,44.8098083502428
82300,0.06,0,0.4035866763690304,0.631578947368421,0.7680558539205156,0.46,0,0,0,51.483357214536845,-25.012158245655726,44.8070138238575
82400,0.06,0,0.40348535095458954,0.631578947368421,0.7744253490870032,0.52,0,0,0,51.48853513590409,-25.01172946178236,44.813758873739225
82500,0.06,0,0.4035121602948903,0.631578947368421,0.7717400644468314,0.55,0,0,0,51.48111243969982,-25.009849724335346,44.81724239696971
82600,0.06,0,0.4036022267781223,0.631578947368421,0.7778195488721804,0.59,0,0,0,51.48457508236178,-25.008942132838857,44.80422758307412
82700,0.06,0,0.40356273467072,0.631578947368421,0.759108485499463,0.44,0,0,0,51.48713626524262,-25.009877005793175,44.80638309913817
82800,0.06,0,0.40352651052822386,0.631578947368421,0.7609237379162191,0.52,0,0,0,51.49129311825139,-25.007389538376838,44.8067878101337
82900,0.06,0,0.4035418978873917,0.631578947368421,0.7644468313641246,0.51,0,0,0,51.493005135519105,-25.00870730319863,44.80358963328301
83000,0.06,0,0.403506224065141,0.631578947368421,0.7680880773361977,0.58,0,0,0,51.48485063508291,-25.006660825060923,44.81464760744187
83100,0.06,0,0.4034452453907561,0.631578947368421,0.7644253490870032,0.47,0,0,0,51.487211559615226,-25.00643056708802,44.819365843495675
83200,0.06,0,0.40354440906436645,0.631578947368421,0.7734049409237379,0.52,0,0,0,51.47699568553669,-25.007747427398552,44.81724474988088
83300,0.06,0,0.40356314752425976,0.631578947368421,0.7710204081632653,0.56,0,0,0,51.47695062896658,-25.00644727771613,44.81520299726817
83400,0.06,0,0.40350089167101627,0.631578947368421,0.7690440386680988,0.52,0,0,0,51.480181419395876,-25.004415021858428,44.81930455767739
83500,0.06,0,0.40353596055884383,0.631578947368421,0.768796992481203,0.41,0,0,0,51.47864653363635,-25.004880186517727,44.81674579586644
83600,0.06,0,0.4035986421368557,0.631578947368421,0.770375939849624,0.55,0,0,0,51.47240575577529,-25.002903796323352,44.8152184221244
83700,0.06,0,0.40358267252310726,0.631578947368421,0.7660902255639098,0.52,0,0,0,51.46600459530688,-25.002448523126954,44.82256592302913
83800,0.06,0,0.40355772876386675,0.631578947368421,0.7697529538131042,0.53,0,0,0,51.461408962354305,-25.001700101156974,44.82933940485774
83900,0.06,0,0.40362674112222274,0.631578947368421,0.7708915145005371,0.71,0,0,0,51.4671452324585,-25.00276363997802,44.81667885650146
84000,0.06,0,0.4036388709388859,0.631578947368421,0.7647261009667025,0.47,0,0,0,51.47115343924468,-25.003629441074004,44.81184216444462
84100,0.06,0,0.4035929311999493,0.631578947368421,0.7650805585392052,0.53,0,0,0,51.46610195208997,-25.002630210648622,44.82134181893627
84200,0.06,0,0.4035815467840664,0.631578947368421,0.7633404940923738,0.54,0,0,0,51.46499101612052,-25.0033495481268,44.823573711996445
84300,0.06,0,0.4035103169948741,0.631578947368421,0.7574973147153599,0.46,0,0,0,51.46144670016108,-25.0045967630397,44.83457389701858
84400,0.06,0,0.40356398103838237,0.631578947368421,0.7624382384532761,0.49,0,0,0,51.45993421626719,-25.00302299238165,44.829929585360745
84500,0.06,0,0.4033973365570758,0.631578947368421,0.767561761546724,0.48,0,0,0,51.46945622013873,-25.003831450623952,44.84015184736907
84600,0.06,0,0.4034267470434158,0.631578947368421,0.7641675617615468,0.54,0,0,0,51.46849855045471,-25.003016525329777,44.83771720092342
84700,0.06,0,0.4033195650587723,0.631578947368421,0.7616541353383459,0.62,0,0,0,51.46965173432058,-25.001547120380206,44.84862794164343
84800,0.06,0,0.4033091338132367,0.631578947368421,0.7631901181525241,0.55,0,0,0,51.471905438052595,-24.999942127611767,44.84782415951826
84900,0.06,0,0.4032404608449238,0.631578947368421,0.7589258861439313,0.59,0,0,0,51.472782148434135,-24.999284535784486,44.85469786745055
85000,0.06,0,0.4032354962203164,0.631578947368421,0.7646294307196563,0.46,0,0,0,51.47391375040474,-24.99935759344673,44.85426401994696
85100,0.06,0,0.4033030754395668,0.631578947368421,0.7649301825993555,0.41,0,0,0,51.46897284726492,-25.00038127805115,44.85105322895181
85200,0.06,0,0.4033325950808437,0.631578947368421,0.7640386680988185,0.46,0,0,0,51.46450274884483,-24.999765647538165,44.85166599353032
85300,0.06,0,0.40336036047566165,0.631578947368421,0.7721804511278195,0.49,0,0,0,51.46457144300437,-24.999909299213545,44.84851875648749
85400,0.06,0,0.4035012950746695,0.631578947368421,0.7733404940923738,0.54,0,0,0,51.45119456289684,-24.99898720240297,44.84451026986785
85500,0.06,0,0.403518567802571,0.631578947368421,0.7666595059076262,0.53,0,0,0,51.454491595194135,-24.99901260595108,44.83971732402995
85600,0.06,0,0.4035085194847268,0.631578947368421,0.7680558539205156,0.56,0,0,0,51.46493377599944,-24.99896249819875,44.83173578126208
85700,0.06,0,0.40359967280694575,0.631578947368421,0.7703222341568207,0.44,0,0,0,51.46190873623354,-24.997533531896767,44.824245205400636
85800,0.06,0,0.4035411959875599,0.631578947368421,0.7635875402792696,0.49,0,0,0,51.45515924443082,-24.997596143297176,44.83662120107785
85900,0.06,0,0.40371418626806355,0.631578947368421,0.7683351235230934,0.5,0,0,0,51.44644105516564,-24.997848687236598,44.825003671287504
86000,0.06,0,0.4036261164882444,0.631578947368421,0.7648549946294307,0.56,0,0,0,51.452053830266344,-24.997022045503904,44.82989341348226
86100,0.06,0,0.403564907661204,0.631578947368421,0.7660794844253491,0.58,0,0,0,51.45501517967868,-24.997935743349633,44.834112328303355
86200,0.06,0,0.4035747921097787,0.631578947368421,0.7635230934479055,0.55,0,0,0,51.463351949970814,-24.996905622677925,44.82575154739977
86300,0.06,0,0.40360441352526405,0.631578947368421,0.7631686358754028,0.43,0,0,0,51.4669467454815,-24.99801541994901,44.81933098664668
86400,0.06,0,0.4034169014463066,0.631578947368421,0.7623845327604726,0.55,0,0,0,51.47379399727951,-24.998928496716932,44.83419862583593
86500,0.06,0,0.4035436491911507,0.631578947368421,0.7644897959183673,0.56,0,0,0,51.463234463428144,-24.998131711253738,44.829313253878276
86600,0.06,0,0.4034117116573688,0.631578947368421,0.7604618689581095,0.53,0,0,0,51.473253885165796,-24.996135030494166,44.8352458605223
86700,0.06,0,0.403405050836109,0.631578947368421,0.7684962406015038,0.45,0,0,0,51.4699906311264,-24.99757253734355,44.838828808403086
86800,0.06,0,0.4034831837573872,0.631578947368421,0.7689366272824919,0.48,0,0,0,51.46685016106558,-24.998064195482556,44.832881449864814
86900,0.06,0,0.40342875943285766,0.631578947368421,0.7619656283566058,0.58,0,0,0,51.46552052411166,-24.99861598668682,44.840088039654425
87000,0.06,0,0.4034461407005736,0.631578947368421,0.7590870032223416,0.5,0,0,0,51.471047265751345,-24.99801623620134,44.83334170878468
87100,0.06,0,0.4034784779952606,0.631578947368421,0.7586466165413533,0.51,0,0,0,51.47137162086038,-24.999618253496337,44.82946598185902
87200,0.06,0,0.4035290006907057,0.631578947368421,0.7640494092373792,0.54,0,0,0,51.46875249412807,-25.000987757159255,44.82613421972536
87300,0.06,0,0.40361239016116723,0.631578947368421,0.7707948442534909,0.58,0,0,0,51.46457719716375,-25.00238263163967,44.820508762306176
87400,0.06,0,0.403640512013381,0.631578947368421,0.7710204081632653,0.51,0,0,0,51.46150030318147,-25.003239245685855,44.820065734271594
87500,0.06,0,0.4036600725026686,0.631578947368421,0.7729967776584318,0.55,0,0,0,51.45944313189099,-25.003941207418016,44.81968551638106
87600,0.06,0,0.40364652635715004,0.631578947368421,0.7688829215896885,0.48,0,0,0,51.45853004063264,-25.004805288295312,44.82198495613523
87700,0.06,0,0.40372965021544205,0.631578947368421,0.7640923737916219,0.56,0,0,0,51.45097267490654,-25.005913610880118,44.81933887471933
87800,0.06,0,0.4037657910152645,0.631578947368421,0.764500537056928,0.53,0,0,0,51.4465676172944,-25.004737646858143,44.81916439104901
87900,0.06,0,0.40366158396938917,0.631578947368421,0.7711922663802363,0.51,0,0,0,51.460833003464984,-25.003378353921615,44.818307193278
88000,0.06,0,0.4036299373190973,0.631578947368421,0.76687432867884,0.48,0,0,0,51.46328006736298,-25.002414554286137,44.819689913183964
88100,0.06,0,0.4035716719160476,0.631578947368421,0.7684317937701396,0.56,0,0,0,51.46341066946545,-25.001585780037352,44.82604696905002
88200,0.06,0,0.4035650694004713,0.631578947368421,0.7604726100966702,0.51,0,0,0,51.46885431369097,-25.00347102721597,44.82203920439776
88300,0.06,0,0.40352878685876264,0.631578947368421,0.7703866809881847,0.6,0,0,0,51.46586061133453,-25.002409802940598,44.828676769147435
88400,0.06,0,0.40343754438155965,0.631578947368421,0.7656928034371644,0.55,0,0,0,51.47156408994101,-25.00188570756886,44.83384682376411
88500,0.06,0,0.40340857831767646,0.631578947368421,0.7678625134264232,0.44,0,0,0,51.478563041546266,-25.001365986897863,44.83097005835453
88600,0.06,0,0.40347512502306465,0.631578947368421,0.7683673469387755,0.55,0,0,0,51.46791064636209,-25.000803406394233,44.83285312057881
88700,0.06,0,0.4035431632184844,0.631578947368421,0.76687432867884,0.59,0,0,0,51.46329963135787,-25.00085890888102,44.829310472837264
88800,0.06,0,0.4034870727710938,0.631578947368421,0.7642105263157895,0.44,0,0,0,51.4628850843773,-25.001438838271934,44.83590354721318
88900,0.06,0,0.4036359949219897,0.631578947368421,0.7701074113856069,0.52,0,0,0,51.45943869638658,-25.000629434425143,44.822362951064086
89000,0.06,0,0.40364836516433017,0.631578947368421,0.7682599355531686,0.55,0,0,0,51.46629303977357,-24.9978836594515,44.81502000732312
89100,0.06,0,0.4036275632982472,0.631578947368421,0.7732116004296455,0.46,0,0,0,51.468264564139865,-24.996956823183254,44.81561289537818
89200,0.06,0,0.4037922187435372,0.631578947368421,0.7658324382384533,0.58,0,0,0,51.46500924470358,-24.996738321477622,44.800171880513496
89300,0.06,0,0.4037724129894759,0.631578947368421,0.7667991407089152,0.49,0,0,0,51.46214935138048,-24.998207440534188,44.804859199537134
89400,0.06,0,0.4038262525520844,0.631578947368421,0.7701825993555317,0.53,0,0,0,51.45876692936795,-24.99676923728334,44.80183031839899
89500,0.06,0,0.4038543307861898,0.631578947368421,0.7639957035445757,0.49,0,0,0,51.453054603953746,-24.999174538057833,44.80368900184525
89600,0.06,0,0.40391986176874684,0.631578947368421,0.7584103114930183,0.58,0,0,0,51.45378518182352,-24.99675084038813,44.79578410777097
89700,0.06,0,0.40403896949413687,0.631578947368421,0.7558324382384533,0.45,0,0,0,51.44538407453872,-24.998222867963236,44.78989170040918
89800,0.06,0,0.4039699001188033,0.631578947368421,0.7616863587540279,0.45,0,0,0,51.45316637945118,-24.99662282219158,44.790774079921945
89900,0.06,0,0.4040125998270404,0.631578947368421,0.7649946294307196,0.42,0,0,0,51.45315327568113,-24.997445302734725,44.78605159135031
90000,0.06,0,0.404016328609202,0.631578947368421,0.761374865735768,0.59,0,0,0,51.44950142925959,-24.999121344901834,44.78881709856956
90100,0.06,0,0.4038726120671237,0.631578947368421,0.768796992481203,0.6,0,0,0,51.46565892606914,-25.00189537047922,44.790688704768364
90200,0.06,0,0.403844280954557,0.631578947368421,0.7720622986036519,0.46,0,0,0,51.45924568366409,-25.00150008292385,44.79941347862365
90300,0.06,0,0.40378215331485307,0.631578947368421,0.7647153598281418,0.45,0,0,0,51.47080014240336,-25.00251614101426,44.79624813174543
90400,0.06,0,0.4038377125563242,0.631578947368421,0.7666917293233083,0.55,0,0,0,51.46685165117365,-25.004359347742305,44.79352140285859
90500,0.06,0,0.40377541346970275,0.631578947368421,0.7691836734693878,0.58,0,0,0,51.4801053692871,-25.00693918872973,44.7888986444389
90600,0.06,0,0.40379190665756115,0.631578947368421,0.7664661654135339,0.52,0,0,0,51.48230807488985,-25.007885777767186,44.78515296252394
90700,0.06,0,0.4038002863300569,0.631578947368421,0.7642427497314715,0.51,0,0,0,51.488296729697524,-25.008242349495674,44.77901468261941
90800,0.06,0,0.4038795750944682,0.631578947368421,0.7609774436090225,0.5,0,0,0,51.487603670205594,-25.010288017659768,44.770826402150256
90900,0.06,0,0.40384125096690743,0.631578947368421,0.7664554242749732,0.43,0,0,0,51.48455703613118,-25.008541900725547,44.77772470430398
91000,0.06,0,0.40390654433652967,0.631578947368421,0.761203007518797,0.52,0,0,0,51.48729352614785,-25.00732764455641,44.76810667756253
91100,0.06,0,0.4039115600813312,0.631578947368421,0.7663050483351235,0.57,0,0,0,51.48546592000126,-25.00597712195811,44.769139887268544
91200,0.06,0,0.4038670820458594,0.631578947368421,0.7615359828141783,0.55,0,0,0,51.48053498787893,-25.0039060083412,44.77835890014547
91300,0.06,0,0.4038723229282413,0.631578947368421,0.7605585392051557,0.49,0,0,0,51.4752778244335,-25.004565428218473,44.78235097873206
91400,0.06,0,0.4038147687254914,0.631578947368421,0.7568635875402793,0.43,0,0,0,51.47516974277475,-25.003849423615236,44.78882768131604
91500,0.06,0,0.4037831387754694,0.631578947368421,0.7599570354457572,0.62,0,0,0,51.46832355624494,-25.003744457915438,44.79829433305744
91600,0.06,0,0.403769198939098,0.631578947368421,0.7606015037593985,0.59,0,0,0,51.46396782964866,-25.00551050710784,44.80363266009235
91700,0.06,0,0.4037647861593647,0.631578947368421,0.7557142857142857,0.46,0,0,0,51.471054009094615,-25.00446307151026,44.79795400050053
91800,0.06,0,0.4037983229799964,0.631578947368421,0.7511707841031149,0.49,0,0,0,51.4676083382705,-25.003880165063602,44.797232277904875
91900,0.06,0,0.40385923053614087,0.631578947368421,0.7630397422126746,0.51,0,0,0,51.46198843885212,-25.003168934993614,44.795367573703544
92000,0.06,0,0.4039464985804405,0.631578947368421,0.7660580021482277,0.53,0,0,0,51.45137130609536,-25.003565005525612,44.79493169528376
92100,0.06,0,0.4038619497869149,0.631578947368421,0.764264232008593,0.58,0,0,0,51.45915503537776,-25.00107953882106,44.79753243178933
92200,0.06,0,0.4038703042507067,0.631578947368421,0.7696885069817401,0.59,0,0,0,51.45034424628737,-25.00104082865538,44.804277096760565
92300,0.06,0,0.40388365509885144,0.631578947368421,0.7621267454350161,0.56,0,0,0,51.4494725422397,-25.000698646699977,44.803555128778534
92400,0.06,0,0.4038858795400472,0.631578947368421,0.761342642320086,0.44,0,0,0,51.45093678772965,-25.00141201678242,44.80203330858411
92500,0.06,0,0.4038229025064182,0.631578947368421,0.7598925886143931,0.66,0,0,0,51.449473212280786,-25.003625547324944,44.810294955681776
92600,0.06,0,0.4038484292025481,0.631578947368421,0.7603222341568207,0.58,0,0,0,51.432037423405,-25.003896826568116,44.82265257514128
92700,0.06,0,0.4037630936223376,0.631578947368421,0.7556605800214823,0.43,0,0,0,51.43614360395764,-25.0030394390304,44.828546893004315
92800,0.06,0,0.403723811947214,0.631578947368421,0.7641675617615468,0.48,0,0,0,51.433311062500266,-25.002232618160033,44.83537768155078
92900,0.06,0,0.40368075571095857,0.631578947368421,0.7625671321160042,0.45,0,0,0,51.43611480057033,-25.00389597966987,44.83771558543662
93000,0.06,0,0.4036000104324644,0.631578947368421,0.7636519871106338,0.46,0,0,0,51.442195190853006,-25.001378602072606,44.8413851256366
93100,0.06,0,0.4035733667874447,0.631578947368421,0.767422126745435,0.65,0,0,0,51.44182819084486,-25.001867871719774,44.84466545580256
93200,0.06,0,0.40356017781629,0.631578947368421,0.7707626208378088,0.56,0,0,0,51.44385204087828,-25.000997993971033,44.84436675945172
93300,0.06,0,0.40352681077739744,0.631578947368421,0.7730504833512353,0.48,0,0,0,51.45823271735552,-25.002116921000535,44.83554149285592
93400,0.06,0,0.40342389350579094,0.631578947368421,0.7592588614393125,0.59,0,0,0,51.46797541869589,-25.001973717842525,44.83849009506947
93500,0.06,0,0.4033710369280871,0.631578947368421,0.7671858216970999,0.54,0,0,0,51.47777889997764,-25.001151784253196,44.835825394321006
93600,0.06,0,0.403411196547571,0.631578947368421,0.7699892588614393,0.47,0,0,0,51.4742353644256,-25.001099204584943,44.83444821782826
93700,0.06,0,0.4034633771597275,0.631578947368421,0.77343716433942,0.55,0,0,0,51.47146992543249,-25.00004035864835,44.83105823771371
93800,0.06,0,0.40350829115942266,0.631578947368421,0.7673684210526316,0.48,0,0,0,51.47538759331277,-24.999089441372977,44.822656544905044
93900,0.06,0,0.40339046581020727,0.631578947368421,0.7690762620837809,0.54,0,0,0,51.48275764423813,-25.001883107505808,44.829330193045394
94000,0.06,0,0.40333525094052713,0.631578947368421,0.7702792696025779,0.44,0,0,0,51.48785610335678,-25.00331151312776,44.831027413931444
94100,0.06,0,0.40332248434977747,0.631578947368421,0.7683780880773362,0.44,0,0,0,51.49112537497038,-25.002983169365436,44.829599976207355
94200,0.06,0,0.40328892467653127,0.631578947368421,0.7648872180451127,0.52,0,0,0,51.49757536271555,-25.002669988035574,44.827715167857235
94300,0.06,0,0.403243083690787,0.631578947368421,0.7669172932330827,0.48,0,0,0,51.49647116727519,-25.001952098241063,44.833772529395695
94400,0.06,0,0.4032181126771349,0.631578947368421,0.7657787325456499,0.55,0,0,0,51.502617663916574,-25.002718047864615,44.83119810788316
94500,0.06,0,0.4031965743453623,0.631578947368421,0.7623952738990333,0.5,0,0,0,51.501538167304496,-25.003565593107194,44.83453267608506
94600,0.06,0,0.40318053018255234,0.631578947368421,0.7712674543501611,0.48,0,0,0,51.50710971802098,-25.004430838280612,44.83146685352536
94700,0.06,0,0.4032861961246703,0.631578947368421,0.770515574650913,0.52,0,0,0,51.490562749621525,-25.006141361320864,44.83412368952348
94800,0.06,0,0.4033476722238999,0.631578947368421,0.7701074113856069,0.62,0,0,0,51.48825979205381,-25.0078824349729,44.829295338634296
94900,0.06,0,0.4033961291798325,0.631578947368421,0.7727175080558539,0.51,0,0,0,51.48523228372309,-25.00713526525277,44.8265461308569
95000,0.06,0,0.4033587789598738,0.631578947368421,0.7762728249194415,0.55,0,0,0,51.48485832447314,-25.009254839373746,44.83102260667233
95100,0.06,0,0.40336407281489123,0.631578947368421,0.7716648764769065,0.54,0,0,0,51.48845880257034,-25.01005659369644,44.82729933602904
95200,0.06,0,0.40337806413347643,0.631578947368421,0.7709667024704618,0.49,0,0,0,51.48747242792276,-25.01021792381809,44.826603236589534
95300,0.06,0,0.40338124616969356,0.631578947368421,0.7688077336197637,0.55,0,0,0,51.48499481670854,-25.01048493848539,44.82840679858657
95400,0.06,0,0.40345169110798906,0.631578947368421,0.7671965628356606,0.57,0,0,0,51.4763303687909,-25.007969887234797,44.8281236643384
95500,0.06,0,0.4035349064663899,0.631578947368421,0.7719978517722879,0.58,0,0,0,51.470992649228876,-25.007012277556726,44.82352725999077
95600,0.06,0,0.40356354449863985,0.631578947368421,0.7693662728249194,0.52,0,0,0,51.473289277320305,-25.00670220040661,44.81834666529808
95700,0.06,0,0.4035436620376846,0.631578947368421,0.7672932330827068,0.49,0,0,0,51.47173156686787,-25.007144106214025,44.82191127333554
95800,0.06,0,0.4035033294693015,0.631578947368421,0.7689795918367347,0.33,0,0,0,51.47466543746956,-25.006440352260643,44.823836548218544
95900,0.06,0,0.4034786581909388,0.631578947368421,0.7652846401718583,0.52,0,0,0,51.47271387931456,-25.00618835993674,44.828276939408525
96000,0.06,0,0.40343896788279526,0.631578947368421,0.7655639097744361,0.55,0,0,0,51.47671392951603,-25.006108045770898,44.82920337397775
96100,0.06,0,0.40341008838259984,0.631578947368421,0.7663802363050484,0.5,0,0,0,51.48554165682008,-25.00719266249965,44.824725647166694
96200,0.06,0,0.4033841606958278,0.631578947368421,0.7719656283566058,0.49,0,0,0,51.49065015021977,-25.008154295636857,44.82315933613097
96300,0.06,0,0.4033678160578828,0.631578947368421,0.7698388829215896,0.44,0,0,0,51.48978823051249,-25.00799222115035,44.82572594313484
96400,0.06,0,0.4033378281192858,0.631578947368421,0.7689795918367347,0.56,0,0,0,51.489682309150766,-25.00823497270989,44.82915092995929
96500,0.06,0,0.4033687042010952,0.631578947368421,0.7683566058002148,0.49,0,0,0,51.4915659233845,-25.01197199394317,44.82407968692723
96600,0.06,0,0.4032693637141234,0.631578947368421,0.7706552094522019,0.53,0,0,0,51.50986465562487,-25.01233442791825,44.819194003180606
96700,0.06,0,0.40319111345341535,0.631578947368421,0.7744146079484425,0.65,0,0,0,51.51796662077651,-25.011366678150424,44.820842541694475
96800,0.06,0,0.40326789568606736,0.631578947368421,0.7680128893662729,0.42,0,0,0,51.50553760684275,-25.011946204914143,44.82312249368069
96900,0.06,0,0.4032151696592753,0.631578947368421,0.7662943071965629,0.49,0,0,0,51.50592746996485,-25.010687011065652,44.828644420864656
97000,0.06,0,0.403304594375671,0.631578947368421,0.7697744360902256,0.47,0,0,0,51.500827124032284,-25.011331550480296,44.82314315371296
97100,0.06,0,0.40331033381570514,0.631578947368421,0.7733404940923738,0.62,0,0,0,51.49845751398346,-25.011578646942855,44.824567711232575
97200,0.06,0,0.4033477550030198,0.631578947368421,0.7706552094522019,0.44,0,0,0,51.496612289487636,-25.01007352464,44.82201504841272
97300,0.06,0,0.4034101585603469,0.631578947368421,0.7753490870032224,0.5,0,0,0,51.490797832109706,-25.01047708235215,44.82014214686209
97400,0.06,0,0.4034346934306823,0.631578947368421,0.7654457572502685,0.45,0,0,0,51.48944972419098,-25.01154954669104,44.81858983038721
97500,0.06,0,0.40340625738983255,0.631578947368421,0.7637701396348013,0.43,0,0,0,51.48855867126882,-25.012159347153073,44.8225247635867
97600,0.06,0,0.4034172101847943,0.631578947368421,0.7675080558539206,0.51,0,0,0,51.490585631260195,-25.0133349439002,44.81954341048716
97700,0.06,0,0.40337166500390037,0.631578947368421,0.766906552094522,0.55,0,0,0,51.48831279364872,-25.015611018542117,44.82658272209325
97800,0.06,0,0.4033801072949457,0.631578947368421,0.768796992481203,0.53,0,0,0,51.482415562544965,-25.0129300786613,44.83077926051224
97900,0.06,0,0.4033438625555657,0.631578947368421,0.7688184747583244,0.48,0,0,0,51.489885640033194,-25.01344497695232,44.828303214720776
98000,0.06,0,0.40332391512624755,0.631578947368421,0.7634908700322234,0.55,0,0,0,51.49045403655927,-25.012588608223897,44.83002543624478
98100,0.06,0,0.40329528990611146,0.631578947368421,0.7615896885069817,0.51,0,0,0,51.49390720794658,-25.013874299317415,44.83020088975759
98200,0.06,0,0.40335399099754243,0.631578947368421,0.7678839957035446,0.48,0,0,0,51.49325696487401,-25.01616457892449,44.824242662528846
98300,0.06,0,0.4032056828506743,0.631578947368421,0.7714930182599355,0.61,0,0,0,51.49989904269204,-25.016828839627102,44.83494680303302
98400,0.06,0,0.4033014295209754,0.631578947368421,0.759860365198711,0.51,0,0,0,51.49570784522724,-25.017187402027837,44.82795087979962
98500,0.06,0,0.4033143404941477,0.631578947368421,0.7674650912996778,0.47,0,0,0,51.497458099794656,-25.015774386509847,44.82499231125702
98600,0.06,0,0.4033338872318496,0.631578947368421,0.7687432867883995,0.49,0,0,0,51.49537754376416,-25.016519410225275,44.82463092746742
98700,0.06,0,0.40352085773999685,0.631578947368421,0.7713533834586466,0.59,0,0,0,51.48511096212984,-25.017059857865444,44.81279581465919
98800,0.06,0,0.40346963499816213,0.631578947368421,0.7688721804511278,0.56,0,0,0,51.49735208048135,-25.01359753532248,44.80783152538891
98900,0.06,0,0.4034126307544708,0.631578947368421,0.7681310418904403,0.59,0,0,0,51.49786228822566,-25.010903221698268,44.813719108509936
99000,0.06,0,0.40331815975422486,0.631578947368421,0.7673791621911923,0.62,0,0,0,51.50376584332434,-25.007230033282973,44.81907810456237
99100,0.06,0,0.4035138345847977,0.631578947368421,0.7693770139634801,0.58,0,0,0,51.49984844026328,-25.007660109228993,44.8007516832256
99200,0.06,0,0.4034400539621059,0.631578947368421,0.757250268528464,0.47,0,0,0,51.50228688443647,-25.007925980364014,44.806823250792206
99300,0.06,0,0.40338465461021356,0.631578947368421,0.768625134264232,0.42,0,0,0,51.50872048759578,-25.00994047148956,44.807379570197995
99400,0.06,0,0.40339743519364957,0.631578947368421,0.7710526315789473,0.61,0,0,0,51.50422030203162,-25.01170793274078,44.80987489109938
99500,0.06,0,0.4033939225271547,0.631578947368421,0.7673576799140709,0.49,0,0,0,51.50444611407201,-25.01179637202772,44.81006862313898
99600,0.06,0,0.40357567752767387,0.631578947368421,0.7683995703544576,0.5,0,0,0,51.48821422849812,-25.008459524939695,44.80400809631992
99700,0.06,0,0.4035821531199242,0.631578947368421,0.7677336197636949,0.49,0,0,0,51.484775347788286,-25.008809345205293,44.80628179972967
99800,0.06,0,0.40364334321464634,0.631578947368421,0.7625241675617616,0.48,0,0,0,51.47811765290467,-25.010501590032064,44.80528335963828
99900,0.06,0,0.4036875515489928,0.631578947368421,0.7538668098818475,0.47,0,0,0,51.472076337110494,-25.012939267321304,44.805634929843
100000,0.06,0,0.4036134314733707,0.631578947368421,0.7619548872180452,0.49,0,0,0,51.476079009374935,-25.013494807474896,44.81037846042374
100100,0.06,0,0.40358529931845133,0.631578947368421,0.7682169709989259,0.58,0,0,0,51.47944194359283,-25.01282142410648,44.810574518129144
100200,0.06,0,0.40346036842937505,0.631578947368421,0.7619763694951665,0.58,0,0,0,51.487347486409135,-25.0162269912545,44.817567545499486
100300,0.06,0,0.4035262423922403,0.631578947368421,0.7634049409237379,0.52,0,0,0,51.47758369065622,-25.016236966709833,44.81875046329969
100400,0.06,0,0.403503681972512,0.631578947368421,0.7695810955961332,0.45,0,0,0,51.47610391921293,-25.01899845054299,44.82254480448794
100500,0.06,0,0.4035275111991074,0.631578947368421,0.7658539205155747,0.57,0,0,0,51.4848019487003,-25.018316455068703,44.812325893853824
100600,0.06,0,0.40350591104630656,0.631578947368421,0.7705048335123523,0.57,0,0,0,51.484430584846905,-25.018407638392,44.815048005523025
100700,0.06,0,0.4035293105167452,0.631578947368421,0.7593984962406015,0.41,0,0,0,51.48399157731026,-25.018692132281185,44.812831432359985
100800,0.06,0,0.4035424884197739,0.631578947368421,0.7636305048335124,0.47,0,0,0,51.47946911882177,-25.020430597283788,44.81530471205465
100900,0.06,0,0.4035724182210469,0.631578947368421,0.7584425349087003,0.49,0,0,0,51.48191027039513,-25.02036747957853,44.80985623320585
101000,0.06,0,0.40356658834010817,0.631578947368421,0.7592051557465092,0.48,0,0,0,51.479017187021974,-25.02122658032187,44.813021869476586
101100,0.06,0,0.403591615434974,0.631578947368421,0.7595703544575725,0.45,0,0,0,51.478858732128245,-25.01998773157824,44.810380900441125
101200,0.06,0,0.4035436910653497,0.631578947368421,0.7672610096670247,0.49,0,0,0,51.48112472580451,-25.01826073575033,44.81372991968426
101300,0.06,0,0.4037435953099849,0.631578947368421,0.7680988184747584,0.65,0,0,0,51.46258237746756,-25.01664071808632,44.80768016733495
101400,0.06,0,0.40369757128722294,0.631578947368421,0.765016111707841,0.58,0,0,0,51.47155895686188,-25.017976898360928,44.80497322266115
101500,0.06,0,0.40378624182948136,0.631578947368421,0.759344790547798,0.54,0,0,0,51.46714387237741,-25.020724727731682,44.798976881532944
101600,0.06,0,0.4038450726321857,0.631578947368421,0.760687432867884,0.52,0,0,0,51.46864234644911,-25.018799843257327,44.79114661470715
101700,0.06,0,0.4038047775061341,0.631578947368421,0.7660902255639098,0.57,0,0,0,51.47315795226677,-25.019750017030653,44.79168645940975
101800,0.06,0,0.403764228322859,0.631578947368421,0.7622448979591837,0.57,0,0,0,51.47220178513713,-25.0172829018297,44.79701694418658
101900,0.06,0,0.40373650144716,0.631578947368421,0.760827067669173,0.5,0,0,0,51.47865247599449,-25.01987497348082,44.7944795959702
102000,0.06,0,0.4038137436734492,0.631578947368421,0.7574113856068744,0.52,0,0,0,51.46466801046654,-25.02098415300608,44.79808087723107
102100,0.06,0,0.4036691629617854,0.631578947368421,0.7658216970998926,0.54,0,0,0,51.47281073414801,-25.02170313339786,44.80703668711712
102200,0.06,0,0.4036415593306219,0.631578947368421,0.7621374865735768,0.48,0,0,0,51.47995761006651,-25.01993027958965,44.80387997234372
102300,0.06,0,0.40364147833936337,0.631578947368421,0.7575295381310418,0.54,0,0,0,51.47644330946864,-25.023216603873713,44.8069477271267
102400,0.06,0,0.4035385398212931,0.631578947368421,0.7555961331901182,0.55,0,0,0,51.48347078765777,-25.02584300742397,44.8122598222302
102500,0.06,0,0.4035846499593315,0.631578947368421,0.7618689581095596,0.46,0,0,0,51.475368746485,-25.0258265109228,44.814192441357484
102600,0.06,0,0.40350841000408294,0.631578947368421,0.7642964554242749,0.55,0,0,0,51.48012506065744,-25.026965200760113,44.818518531915664
102700,0.06,0,0.4033666476613588,0.631578947368421,0.7586143931256714,0.57,0,0,0,51.48601369436343,-25.025028181168867,44.82914205334568
102800,0.06,0,0.40335080872936036,0.631578947368421,0.7598711063372717,0.52,0,0,0,51.486761014573744,-25.025115343210782,44.83025170930661
102900,0.06,0,0.4034374625565264,0.631578947368421,0.7620193340494092,0.55,0,0,0,51.486389884298916,-25.026765362022573,44.820945757008765
103000,0.06,0,0.4034293162065377,0.631578947368421,0.764640171858217,0.44,0,0,0,51.49162749472417,-25.025976394996572,44.817291639440924
103100,0.06,0,0.40338291958666167,0.631578947368421,0.7591299677765844,0.45,0,0,0,51.495472275523895,-25.02774686470571,44.81909991460536
103200,0.06,0,0.40346523575686605,0.631578947368421,0.7577121374865736,0.56,0,0,0,51.480391595231566,-25.02756173384885,44.82308243030183
103300,0.06,0,0.4034297914856023,0.631578947368421,0.7607411385606875,0.45,0,0,0,51.48389908981421,-25.027571625455394,44.82396649259794
103400,0.06,0,0.40338627352717904,0.631578947368421,0.7663909774436091,0.57,0,0,0,51.48828451653145,-25.02739240542507,44.82498395734361
103500,0.06,0,0.4034392530486103,0.631578947368421,0.7665520945220193,0.53,0,0,0,51.488771791804865,-25.028939338196917,44.81867339857543
103600,0.06,0,0.40338498782344806,0.631578947368421,0.770343716433942,0.37,0,0,0,51.49660054627621,-25.02863361131884,44.8178881537327
103700,0.06,0,0.4034093002583053,0.631578947368421,0.76656283566058,0.49,0,0,0,51.50033624370265,-25.03074178665108,44.81193632107673
103800,0.06,0,0.4034618471562064,0.631578947368421,0.7614178302900108,0.5,0,0,0,51.48930247617447,-25.030769784303352,44.815701619359665
103900,0.06,0,0.4034949777214246,0.631578947368421,0.7727389903329753,0.46,0,0,0,51.48497582323232,-25.032545896320766,44.815787723958444
104000,0.06,0,0.4034850957103111,0.631578947368421,0.7630182599355532,0.56,0,0,0,51.48715921655687,-25.02940330891477,44.81498480607881
104100,0.06,0,0.40353624328211696,0.631578947368421,0.7724382384532761,0.52,0,0,0,51.47917126804074,-25.028356389926834,44.81625757356413
104200,0.06,0,0.4035913425849532,0.631578947368421,0.764983888292159,0.46,0,0,0,51.4791511671571,-25.028157287782758,44.81015664247901
104300,0.06,0,0.4037098540724527,0.631578947368421,0.7667669172932331,0.56,0,0,0,51.47822458950534,-25.027852811025504,44.797808667560496
104400,0.06,0,0.40374673025474833,0.631578947368421,0.7654242749731471,0.44,0,0,0,51.47722082766945,-25.027355751694593,44.79459050173567
104500,0.06,0,0.4036746764189221,0.631578947368421,0.7597099892588615,0.42,0,0,0,51.48207775253894,-25.026141412903655,44.798359335865364
104600,0.06,0,0.4036548601270423,0.631578947368421,0.7545542427497315,0.68,0,0,0,51.48032878983545,-25.027358065532745,44.80208061249308
104700,0.06,0,0.40350217932163635,0.631578947368421,0.774264232008593,0.5,0,0,0,51.49036059746074,-25.027493791236644,44.81030118851291
104800,0.06,0,0.4034916626356185,0.631578947368421,0.7674436090225564,0.57,0,0,0,51.485363582141574,-25.02682557248836,44.815818400107986
104900,0.06,0,0.4035685374423779,0.631578947368421,0.7672287862513426,0.53,0,0,0,51.475436444135006,-25.026094015111322,44.81592271327332
105000,0.06,0,0.4036057756020549,0.631578947368421,0.767905477980666,0.53,0,0,0,51.477082378323395,-25.027705171530794,44.810355013415574
105100,0.06,0,0.40376422964961317,0.631578947368421,0.7684103114930183,0.51,0,0,0,51.466336870239694,-25.030193747152325,44.80212170063977
105200,0.06,0,0.40373822915428614,0.631578947368421,0.7636197636949517,0.5,0,0,0,51.46565506799731,-25.0302240720037,44.80560049379469
105300,0.06,0,0.40372593851941185,0.631578947368421,0.7603866809881847,0.49,0,0,0,51.45520981273618,-25.030862281153983,44.8160601925174
105400,0.06,0,0.4037751860002669,0.631578947368421,0.762610096670247,0.43,0,0,0,51.45035413202444,-25.0322164307516,44.81482313271894
105500,0.06,0,0.403748953910302,0.631578947368421,0.7686143931256714,0.45,0,0,0,51.4541090697415,-25.03412013537807,44.81446417079657
105600,0.06,0,0.4037400281916747,0.631578947368421,0.7595596133190118,0.58,0,0,0,51.44895445751027,-25.033934254465947,44.81994492001036
105700,0.06,0,0.4037248538542253,0.631578947368421,0.7634693877551021,0.53,0,0,0,51.448184151160575,-25.034338747035687,44.822300605719214
105800,0.06,0,0.40367256911123206,0.631578947368421,0.7603222341568207,0.43,0,0,0,51.45128088793355,-25.036046102887806,44.825408006314326
105900,0.06,0,0.40353506358399316,0.631578947368421,0.7626745435016111,0.56,0,0,0,51.46519904985035,-25.038516188023454,44.82855573133847
106000,0.06,0,0.4035484905098861,0.631578947368421,0.7673684210526316,0.53,0,0,0,51.47479254008964,-25.034957023580873,44.81870965299931
106100,0.06,0,0.40359094535518036,0.631578947368421,0.7635123523093448,0.45,0,0,0,51.47210934747937,-25.037233192228776,44.81633116062799
106200,0.06,0,0.40359244637006175,0.631578947368421,0.7624382384532761,0.49,0,0,0,51.465598234529004,-25.04084963966121,44.82183434986328
106300,0.06,0,0.4035461319748051,0.631578947368421,0.7772932330827068,0.54,0,0,0,51.4651682212377,-25.039166909972685,44.82735303418446
106400,0.06,0,0.40356443062577413,0.631578947368421,0.7684103114930183,0.55,0,0,0,51.46097689736257,-25.038948096268264,44.828971318436444
106500,0.06,0,0.403584993360341,0.631578947368421,0.7698496240601503,0.58,0,0,0,51.4516000510913,-25.038766170569254,44.83485675623427
106600,0.06,0,0.4036387644971291,0.631578947368421,0.7702255639097745,0.5,0,0,0,51.44855892628682,-25.03730448748318,44.831533872255974
106700,0.06,0,0.40372885626279337,0.631578947368421,0.7597207303974222,0.6,0,0,0,51.43438199736808,-25.03742165905066,44.83388397139022
106800,0.06,0,0.40357861279468343,0.631578947368421,0.7678839957035446,0.53,0,0,0,51.44283132443207,-25.035406282263967,44.843208074152884
106900,0.06,0,0.4035116720947025,0.631578947368421,0.7745327604726101,0.48,0,0,0,51.44678692963689,-25.03563673941625,44.84719890697293
107000,0.06,0,0.4034638142240917,0.631578947368421,0.7695381310418904,0.39,0,0,0,51.453383246336315,-25.03574364670027,44.84676848302002
107100,0.06,0,0.40333811286276916,0.631578947368421,0.76484425349087,0.57,0,0,0,51.4718396841928,-25.037190356117538,44.844659219370655
107200,0.06,0,0.40340707772021744,0.631578947368421,0.76859291084855,0.49,0,0,0,51.478417531513074,-25.036014625147672,44.831263541703066
107300,0.06,0,0.40338030615936277,0.631578947368421,0.7663157894736842,0.59,0,0,0,51.48066054217585,-25.0365494173535,44.83228547856361
107400,0.06,0,0.4032867459715465,0.631578947368421,0.7613319011815253,0.48,0,0,0,51.48733156363356,-25.03648062912364,44.83687620940661
107500,0.06,0,0.4032729884540567,0.631578947368421,0.7620730397422126,0.43,0,0,0,51.48429220764217,-25.03617680516595,44.84105282238197
107600,0.06,0,0.4033099278995855,0.631578947368421,0.7620085929108485,0.48,0,0,0,51.47622427375532,-25.036832948656013,44.843973149551104
107700,0.06,0,0.4034000689715899,0.631578947368421,0.7625349087003223,0.6,0,0,0,51.48211169270642,-25.034741269840474,44.8288254710717
107800,0.06,0,0.40333670959699625,0.631578947368421,0.7580236305048336,0.55,0,0,0,51.49033497426871,-25.03492808200889,44.828707015993885
107900,0.06,0,0.40331415026063916,0.631578947368421,0.765327604726101,0.5,0,0,0,51.49711652707357,-25.03783044372517,44.82531077177228
108000,0.06,0,0.40327850976941026,0.631578947368421,0.7588077336197637,0.45,0,0,0,51.48995966465621,-25.03707912283606,44.83550335047575
108100,0.06,0,0.4033036231463098,0.631578947368421,0.76203007518797,0.51,0,0,0,51.49301708926093,-25.039432224042745,44.83004951594447
108200,0.06,0,0.40336611811117623,0.631578947368421,0.7667561761546724,0.54,0,0,0,51.485630590857305,-25.037386081983126,44.829534479433065
108300,0.06,0,0.40331903305110545,0.631578947368421,0.7570569280343716,0.53,0,0,0,51.49135354193714,-25.03686433315745,44.82978494465381
108400,0.06,0,0.4033786067841317,0.631578947368421,0.7593340494092374,0.52,0,0,0,51.48884457818389,-25.035829360041305,44.82534832950722
108500,0.06,0,0.4033799308010016,0.631578947368421,0.7648120300751879,0.6,0,0,0,51.491410495013064,-25.038870384662683,44.82296747224771
108600,0.06,0,0.40333539923856737,0.631578947368421,0.7630075187969925,0.51,0,0,0,51.488300064211636,-25.04019254536398,44.830624372501774
108700,0.06,0,0.4032897832770439,0.631578947368421,0.7657894736842106,0.62,0,0,0,51.494028649053924,-25.038717990481775,44.83070728669763
108800,0.06,0,0.4033801213744551,0.631578947368421,0.7606444683136413,0.53,0,0,0,51.48014122989295,-25.04178295450817,44.83275826726582
108900,0.06,0,0.4034535236878042,0.631578947368421,0.7635875402792696,0.5,0,0,0,51.46418522698296,-25.042667248935512,44.83849908013231
109000,0.06,0,0.40347988440841154,0.631578947368421,0.7665735767991407,0.49,0,0,0,51.466193644293796,-25.04161156954322,44.83381996388979
109100,0.06,0,0.40345735074583583,0.631578947368421,0.7617615467239527,0.49,0,0,0,51.46273899026205,-25.040401294363328,44.839333823920846
109200,0.06,0,0.4034916498012337,0.631578947368421,0.768077336197637,0.43,0,0,0,51.458251310689654,-25.04250113845729,44.83943233948639
109300,0.06,0,0.4033558061112283,0.631578947368421,0.7596133190118153,0.6,0,0,0,51.46071199250171,-25.043451634793527,44.85238873655331
109400,0.06,0,0.4033832257290629,0.631578947368421,0.7652309344790548,0.49,0,0,0,51.45822494921608,-25.04423993321715,44.851507562349425
109500,0.06,0,0.4034445547341324,0.631578947368421,0.7626638023630505,0.62,0,0,0,51.46247495801313,-25.0451399599068,44.840986047712995
109600,0.06,0,0.40348621566670273,0.631578947368421,0.7540494092373792,0.47,0,0,0,51.45451327343974,-25.044180796976285,44.84329374758877
109700,0.06,0,0.40346280118630073,0.631578947368421,0.7629001074113856,0.57,0,0,0,51.46408783293437,-25.0437479162234,44.83755288653404
109800,0.06,0,0.40346414596758406,0.631578947368421,0.7635123523093448,0.47,0,0,0,51.462526929363165,-25.044590230092766,44.83876339681493
109900,0.06,0,0.40349577526856895,0.631578947368421,0.771342642320086,0.51,0,0,0,51.45525561657385,-25.046102566555472,44.84158438523171
110000,0.06,0,0.40348661542560205,0.631578947368421,0.7716433941997852,0.58,0,0,0,51.451621657262784,-25.048270089270684,44.84576953974251
110100,0.06,0,0.40352116337419053,0.631578947368421,0.7659398496240601,0.43,0,0,0,51.449180533944514,-25.049264285116564,44.844057642671444
110200,0.06,0,0.4035481715792557,0.631578947368421,0.7647368421052632,0.55,0,0,0,51.45003779728085,-25.049108045818144,44.84030922734514
110300,0.06,0,0.4035187438954036,0.631578947368421,0.7667454350161117,0.5,0,0,0,51.461601588051046,-25.04828855853851,44.833502653119936
110400,0.06,0,0.40357656498520433,0.631578947368421,0.7666272824919441,0.55,0,0,0,51.45814726195325,-25.048842471324058,44.830088472321016
110500,0.06,0,0.4035631015577741,0.631578947368421,0.7675725026852847,0.5,0,0,0,51.46961772674024,-25.047837374173643,44.82159294694469
110600,0.06,0,0.40364296048176873,0.631578947368421,0.7642749731471536,0.54,0,0,0,51.46699887009874,-25.048683820861598,44.815005457929
110700,0.06,0,0.40380370424889794,0.631578947368421,0.7692696025778732,0.5,0,0,0,51.46594600595332,-25.047573087929347,44.7980822058165
110800,0.06,0,0.40377538360962206,0.631578947368421,0.7661117078410311,0.6,0,0,0,51.4701086324139,-25.04674555123995,44.79760104202162
110900,0.06,0,0.40380213136671206,0.631578947368421,0.767110633727175,0.52,0,0,0,51.4594350347732,-25.0446537568186,44.803924859459734
111000,0.06,0,0.4037896926776352,0.631578947368421,0.7663265306122449,0.5,0,0,0,51.456631066275236,-25.04456069416213,44.807746563797046
111100,0.06,0,0.40372842500977635,0.631578947368421,0.7691621911922664,0.53,0,0,0,51.45940977020237,-25.045919158850545,44.812126453161476
111200,0.06,0,0.4035999545443537,0.631578947368421,0.7741675617615468,0.58,0,0,0,51.46818122134748,-25.04342851415811,44.8187511379928
111300,0.06,0,0.40357991361694506,0.631578947368421,0.7639957035445757,0.58,0,0,0,51.471301450817435,-25.043806049644736,44.81825966093252
111400,0.06,0,0.40361558075683124,0.631578947368421,0.7612889366272825,0.54,0,0,0,51.471800707449056,-25.043880446966167,44.81386443086743
111500,0.06,0,0.4036797678128196,0.631578947368421,0.7621589688506982,0.54,0,0,0,51.46862921375381,-25.043379859312477,44.809499795831286
111600,0.06,0,0.4036237766948818,0.631578947368421,0.7675402792696026,0.56,0,0,0,51.47575284659108,-25.041428274438175,44.80951385430715
111700,0.06,0,0.40351797864553896,0.631578947368421,0.7712137486573577,0.53,0,0,0,51.48373819901708,-25.04164602201324,44.81431045079306
111800,0.06,0,0.40357700316627,0.631578947368421,0.7694736842105263,0.54,0,0,0,51.480142429230945,-25.043493390500373,44.810885923127906
111900,0.06,0,0.4035491566555569,0.631578947368421,0.7648764769065521,0.64,0,0,0,51.47975413679509,-25.044223989077995,44.81431606901516
112000,0.06,0,0.4035703503923871,0.631578947368421,0.76859291084855,0.48,0,0,0,51.475113633664975,-25.04577148794381,44.81600243583494
112100,0.06,0,0.40363095215005734,0.631578947368421,0.7657465091299678,0.45,0,0,0,51.46695611582326,-25.046978699296936,44.81637596837921
112200,0.06,0,0.40362198070041805,0.631578947368421,0.7580880773361977,0.48,0,0,0,51.46189117341928,-25.04949646443747,44.82178309863764
112300,0.06,0,0.4037187406602228,0.631578947368421,0.7660794844253491,0.52,0,0,0,51.4635999764893,-25.04882565478636,44.80955267461078
112400,0.06,0,0.4035680602481951,0.631578947368421,0.7681954887218045,0.53,0,0,0,51.47746747827674,-25.04796050231479,44.81420749912815
112500,0.06,0,0.4036504383330542,0.631578947368421,0.7656390977443609,0.46,0,0,0,51.46811503702902,-25.045859055563426,44.81320336896735
112600,0.06,0,0.40352898324917225,0.631578947368421,0.7629752953813104,0.44,0,0,0,51.47850640758229,-25.044037254547828,44.817642704652826
112700,0.06,0,0.4034711565186498,0.631578947368421,0.7629538131041891,0.63,0,0,0,51.48706582596922,-25.04498809678852,44.816614373106894
112800,0.06,0,0.40343827850176905,0.631578947368421,0.7670247046186895,0.5,0,0,0,51.49887854982732,-25.044566421785294,44.80998588707728
112900,0.06,0,0.40340459811963103,0.631578947368421,0.7660257787325456,0.57,0,0,0,51.504050001088814,-25.04335751202709,44.809227402405746
113000,0.06,0,0.40339238110179676,0.631578947368421,0.7680988184747584,0.51,0,0,0,51.49669119649219,-25.042150589864477,44.816987850282665
113100,0.06,0,0.4033623623285298,0.631578947368421,0.7681847475832438,0.51,0,0,0,51.50175749913,-25.041839733758174,44.81591415096577
113200,0.06,0,0.40338004686156,0.631578947368421,0.7712674543501611,0.55,0,0,0,51.5026240666409,-25.04334463125196,44.81319535630472
113300,0.06,0,0.40333541953014207,0.631578947368421,0.7657679914070892,0.43,0,0,0,51.508861628460146,-25.042045931296933,44.81272640580124
113400,0.06,0,0.4032799060297589,0.631578947368421,0.7626960257787325,0.5,0,0,0,51.510051104558514,-25.043137891914473,44.81786013905641
113500,0.06,0,0.4033639131633499,0.631578947368421,0.7699355531686358,0.52,0,0,0,51.50594816950912,-25.043177391799905,44.81209550865094
113600,0.06,0,0.4033499344415729,0.631578947368421,0.7694522019334049,0.56,0,0,0,51.50913511026715,-25.041939818470205,44.81087585996027
113700,0.06,0,0.4032648559088785,0.631578947368421,0.7743071965628356,0.53,0,0,0,51.510005067050166,-25.04116558469364,44.81957283016305
113800,0.06,0,0.4031990350641888,0.631578947368421,0.772094522019334,0.52,0,0,0,51.51739344939534,-25.041134475424073,44.82046060832824
113900,0.06,0,0.40324014504615957,0.631578947368421,0.7785606874328679,0.52,0,0,0,51.51886709049028,-25.04091306015135,44.81460929159436
114000,0.06,0,0.4033140666494713,0.631578947368421,0.7691514500537057,0.58,0,0,0,51.51148131415493,-25.03939881810097,44.81281981870951
114100,0.06,0,0.40332331589043535,0.631578947368421,0.7753813104189045,0.43,0,0,0,51.51236624541919,-25.036356218519263,44.811022323434784
114200,0.06,0,0.40319886331928,0.631578947368421,0.7704833512352309,0.54,0,0,0,51.51936085605245,-25.036893742101263,44.8187681081707
114300,0.06,0,0.40313648539254415,0.631578947368421,0.7700859291084855,0.56,0,0,0,51.52388327702585,-25.037117456483145,44.82176848528241
114400,0.06,0,0.4031079512016737,0.631578947368421,0.7741138560687433,0.51,0,0,0,51.52697789191609,-25.037389676829676,44.822249112819904
114500,0.06,0,0.40314555870640745,0.631578947368421,0.7719763694951665,0.62,0,0,0,51.52904911775645,-25.036898809259444,44.81626638548272
114600,0.06,0,0.40309074574866977,0.631578947368421,0.7749409237379162,0.58,0,0,0,51.52909143885987,-25.03603323743312,44.822323763950024
114700,0.06,0,0.40313595392067025,0.631578947368421,0.7665306122448979,0.52,0,0,0,51.52410323736333,-25.03654645703546,44.82163622798278
114800,0.06,0,0.4031715961345106,0.631578947368421,0.7795703544575725,0.51,0,0,0,51.527127920747084,-25.03865835275938,44.81504295716457
114900,0.06,0,0.4031689732267134,0.631578947368421,0.7688936627282492,0.58,0,0,0,51.52898584509413,-25.03859607338869,44.813718654102026
115000,0.06,0,0.4031874887499061,0.631578947368421,0.7688077336197637,0.49,0,0,0,51.524704519801254,-25.036464855379982,44.81538420046162
115100,0.06,0,0.40313891583684647,0.631578947368421,0.763093447905478,0.46,0,0,0,51.53167806416895,-25.03908243526855,44.814718472153025
115200,0.06,0,0.40308667321502845,0.631578947368421,0.7677443609022556,0.51,0,0,0,51.53729852675659,-25.04023472102436,44.81563879060954
115300,0.06,0,0.40310550086217267,0.631578947368421,0.7697422126745435,0.48,0,0,0,51.541341493766915,-25.040080342636855,44.81003037864567
115400,0.06,0,0.40312144237353253,0.631578947368421,0.7643071965628356,0.57,0,0,0,51.55049728049931,-25.03671381477173,44.80030004740186
115500,0.06,0,0.40312558381590785,0.631578947368421,0.7679162191192266,0.46,0,0,0,51.54767826156543,-25.03517903964308,44.8022897949377
115600,0.06,0,0.40308945895430254,0.631578947368421,0.769656283566058,0.63,0,0,0,51.54476134863118,-25.033737996147437,44.808840558759556
115700,0.06,0,0.40301757126637,0.631578947368421,0.7691514500537057,0.59,0,0,0,51.55098556553899,-25.030972587941363,44.81142213039799
115800,0.06,0,0.40303372302277224,0.631578947368421,0.7691299677765843,0.6,0,0,0,51.549819368423385,-25.0322837854415,44.810640008264826
115900,0.06,0,0.40313112982409544,0.631578947368421,0.7645435016111708,0.49,0,0,0,51.542027386430206,-25.03167283874648,44.806585322964196
116000,0.06,0,0.4030659621949259,0.631578947368421,0.7653168635875403,0.56,0,0,0,51.54913670413729,-25.031108950541068,44.8076492147954
116100,0.06,0,0.4030630127538538,0.631578947368421,0.7747153598281418,0.52,0,0,0,51.54972202276919,-25.029126342767896,44.80746832798247
116200,0.06,0,0.40310722149073713,0.631578947368421,0.7658216970998926,0.41,0,0,0,51.54236673954555,-25.027966060972854,44.80894778397011
116300,0.06,0,0.4030324517424944,0.631578947368421,0.7732330827067669,0.54,0,0,0,51.55005751379399,-25.025889884746807,44.81057434191963
116400,0.06,0,0.4030169269885892,0.631578947368421,0.7735016111707841,0.56,0,0,0,51.55358829975686,-25.027850090505545,44.80923141473167
116500,0.06,0,0.40306579652534696,0.631578947368421,0.7770891514500538,0.45,0,0,0,51.55160522815429,-25.026477488206126,44.805522038016115
116600,0.06,0,0.40306004587553146,0.631578947368421,0.772749731471536,0.58,0,0,0,51.55349407431318,-25.02731631761759,44.80451966620471
116700,0.06,0,0.4030628499483295,0.631578947368421,0.7700537056928034,0.51,0,0,0,51.55540629434116,-25.026422639637666,44.80254615094958
116800,0.06,0,0.4030723949399327,0.631578947368421,0.769828141783029,0.57,0,0,0,51.552584473964316,-25.02713471049227,44.803937487497095
116900,0.06,0,0.4030996064827993,0.631578947368421,0.7718689581095596,0.53,0,0,0,51.55107062468621,-25.027246507677532,44.80222858799329
117000,0.06,0,0.4030419554953028,0.631578947368421,0.7735875402792696,0.54,0,0,0,51.547058545967424,-25.027929236530532,44.81212468889808
117100,0.06,0,0.40305338410405045,0.631578947368421,0.7669817400644469,0.51,0,0,0,51.548083675584486,-25.028613808477882,44.809962890500266
117200,0.06,0,0.40318007544682866,0.631578947368421,0.759656283566058,0.53,0,0,0,51.53979218168971,-25.025492260858517,44.80308881182154
117300,0.06,0,0.4031895628515397,0.631578947368421,0.7688184747583244,0.56,0,0,0,51.53979370728849,-25.026543508706336,44.80203322961334
117400,0.06,0,0.4032602011584055,0.631578947368421,0.7641353383458647,0.55,0,0,0,51.542974721628696,-25.029295444419624,44.7914208367843
117500,0.06,0,0.4031823447309387,0.631578947368421,0.762610096670247,0.48,0,0,0,51.540929826658825,-25.03105605946599,44.80184772332807
117600,0.06,0,0.4031975433528375,0.631578947368421,0.7678410311493018,0.59,0,0,0,51.54291264734772,-25.029942166642147,44.7984354760697
117700,0.06,0,0.4031292783739725,0.631578947368421,0.7684210526315789,0.52,0,0,0,51.54293666721891,-25.029265288344167,44.806000659081015
117800,0.06,0,0.4030329156430914,0.631578947368421,0.7745972073039742,0.55,0,0,0,51.54720658294918,-25.02990607332833,44.813001107701396
117900,0.06,0,0.4029746216660147,0.631578947368421,0.7732760472610096,0.55,0,0,0,51.550373610569835,-25.029291011446507,44.81673020812693
118000,0.06,0,0.4029929753220195,0.631578947368421,0.7658861439312568,0.53,0,0,0,51.538508685706475,-25.026928314799697,44.825006105866024
118100,0.06,0,0.4029923431316493,0.631578947368421,0.7676799140708915,0.43,0,0,0,51.53570990525891,-25.025739837507324,44.82751076674824
118200,0.06,0,0.4029954975954306,0.631578947368421,0.7765091299677765,0.56,0,0,0,51.536048956940185,-25.027035255228032,44.8268649631509
118300,0.06,0,0.4029839898919304,0.631578947368421,0.7677765843179377,0.49,0,0,0,51.541713329318235,-25.02652266743212,44.823218490127736
118400,0.06,0,0.40306728339073283,0.631578947368421,0.7739097744360902,0.49,0,0,0,51.53806760972833,-25.0257818756289,44.81712587833017
118500,0.06,0,0.4031171623179691,0.631578947368421,0.7662728249194415,0.5,0,0,0,51.52721703965129,-25.027018627119816,44.82101691281979
118600,0.06,0,0.4031779837583818,0.631578947368421,0.7708700322234157,0.45,0,0,0,51.522051956590204,-25.028212629170433,44.81874806226393
118700,0.06,0,0.4031774136524477,0.631578947368421,0.7697851772287863,0.5,0,0,0,51.523333677946525,-25.028675456234716,44.817696501267065
118800,0.06,0,0.4031305270280682,0.631578947368421,0.7646616541353384,0.53,0,0,0,51.52788947003086,-25.026912457813868,44.818946104943535
118900,0.06,0,0.40307072926162363,0.631578947368421,0.7672287862513426,0.57,0,0,0,51.53641581406876,-25.02482674660006,44.81817915774067
119000,0.06,0,0.4030358595807787,0.631578947368421,0.7732545649838883,0.4,0,0,0,51.531828525674,-25.02510321450915,44.82604671170337
119100,0.06,0,0.4029619724909544,0.631578947368421,0.7655961331901181,0.43,0,0,0,51.54419048051479,-25.02608011524491,44.823513314563975
119200,0.06,0,0.40302030912004844,0.631578947368421,0.7701611170784103,0.43,0,0,0,51.54150183422171,-25.02663846261762,44.819363039441875
119300,0.06,0,0.40303931269054705,0.631578947368421,0.7706981740064447,0.57,0,0,0,51.534379211566296,-25.0273699601941,44.82344401767719
119400,0.06,0,0.4029956917191339,0.631578947368421,0.7712674543501611,0.49,0,0,0,51.53460413438378,-25.027712991452926,44.828100133959104
119500,0.06,0,0.4030651656578915,0.631578947368421,0.7773791621911923,0.46,0,0,0,51.52918441147051,-25.028616222967848,44.825087487053295
119600,0.06,0,0.4031663502462634,0.631578947368421,0.7642320085929108,0.45,0,0,0,51.51697133328854,-25.024881769897213,44.82446149310759
119700,0.06,0,0.40301987645373744,0.631578947368421,0.7642320085929108,0.51,0,0,0,51.52719606384006,-25.024267554734568,44.83185460801604
119800,0.06,0,0.40307309966647986,0.631578947368421,0.772094522019334,0.45,0,0,0,51.520626723622186,-25.02361062031685,44.83165055688602
119900,0.06,0,0.40316719278953234,0.631578947368421,0.7714930182599355,0.6,0,0,0,51.513618379103534,-25.02136072524093,44.827285378047826
120000,0.06,0,0.403178583374092,0.631578947368421,0.7646831364124598,0.52,0,0,0,51.52008501590852,-25.02016857546487,44.820392500474895
120100,0.06,0,0.40316746980713425,0.631578947368421,0.7676691729323308,0.48,0,0,0,51.518142831869945,-25.01855727936613,44.82331773493694
120200,0.06,0,0.40306287361135423,0.631578947368421,0.7752738990332976,0.57,0,0,0,51.52505381592023,-25.017366160689104,44.82893588972644
120300,0.06,0,0.40320801290632574,0.631578947368421,0.7745649838882922,0.52,0,0,0,51.51735499440658,-25.01738261240037,44.819496089925764
120400,0.06,0,0.4033231985673208,0.631578947368421,0.7658109559613319,0.58,0,0,0,51.51354249256991,-25.01662785675835,44.81001215475627
120500,0.06,0,0.4032649511874895,0.631578947368421,0.7645972073039742,0.52,0,0,0,51.52120709887348,-25.019072276548194,44.809817318381945
120600,0.06,0,0.40328555398063126,0.631578947368421,0.7740279269602578,0.52,0,0,0,51.52212362962542,-25.01717709639979,44.80673101890882
120700,0.06,0,0.40327278255936255,0.631578947368421,0.775187969924812,0.5,0,0,0,51.516632626813035,-25.013758729084515,44.812925988618254
120800,0.06,0,0.40328311231504516,0.631578947368421,0.7648227712137486,0.5,0,0,0,51.52496263652673,-25.011097302226904,44.80453345022253
120900,0.06,0,0.4033771754000558,0.631578947368421,0.7731041890440387,0.51,0,0,0,51.52404824213329,-25.010338952853754,44.794880487898105
121000,0.06,0,0.40345241655237435,0.631578947368421,0.7638882921589688,0.47,0,0,0,51.51973429068352,-25.008769603898255,44.79027669835107
121100,0.06,0,0.40347650813143077,0.631578947368421,0.7624597207303975,0.5,0,0,0,51.52172466020742,-25.00846173365617,44.785872052062665
121200,0.06,0,0.4035424647625154,0.631578947368421,0.7635338345864662,0.58,0,0,0,51.506804463684745,-25.00780950875561,44.79152326079353
121300,0.06,0,0.4035382746031231,0.631578947368421,0.7667669172932331,0.48,0,0,0,51.51087477775814,-25.005094002469303,44.788448958280085
121400,0.06,0,0.4035433813703507,0.631578947368421,0.7654027926960257,0.56,0,0,0,51.50983135794597,-25.00444316205952,44.788789423925145
121500,0.06,0,0.4035078635288982,0.631578947368421,0.7697529538131042,0.61,0,0,0,51.51571700739165,-25.00385502606028,44.7876143018101
121600,0.06,0,0.4035185508470361,0.631578947368421,0.7710526315789473,0.43,0,0,0,51.52064844858437,-25.003400405736027,44.7821412308044
121700,0.06,0,0.4035295172413905,0.631578947368421,0.7644897959183673,0.49,0,0,0,51.52541132422818,-25.003259732749893,44.77678479016363
121800,0.06,0,0.403512324291505,0.631578947368421,0.766906552094522,0.45,0,0,0,51.520430788902964,-25.00403718497928,44.78302145441406
121900,0.06,0,0.4036895482705067,0.631578947368421,0.7637593984962406,0.52,0,0,0,51.51120614292353,-25.004971963037004,44.77137747400467
122000,0.06,0,0.403674176802332,0.631578947368421,0.7735982814178303,0.6,0,0,0,51.516952786065666,-25.005119067977322,44.76808794482203
122100,0.06,0,0.4037257592550669,0.631578947368421,0.7640708915145006,0.47,0,0,0,51.50917332382935,-25.006583996191377,44.76912859034167
122200,0.06,0,0.4037692133263734,0.631578947368421,0.764124597207304,0.52,0,0,0,51.512673792322786,-25.005608973694383,44.761268595880225
122300,0.06,0,0.4037881005215431,0.631578947368421,0.7597851772287862,0.55,0,0,0,51.51446247440463,-25.005861025589923,44.757620761400744
122400,0.06,0,0.40384802945689874,0.631578947368421,0.7580665950590763,0.52,0,0,0,51.50917467342219,-25.006471268948516,44.75557298635632
122500,0.06,0,0.4039023771590786,0.631578947368421,0.758453276047261,0.53,0,0,0,51.511631329922366,-25.009182059164473,44.74741666766174
122600,0.06,0,0.403786552030407,0.631578947368421,0.7571213748657357,0.54,0,0,0,51.51519898075505,-25.009649144393354,44.7571525069642
122700,0.06,0,0.4038427509069784,0.631578947368421,0.7618045112781955,0.45,0,0,0,51.51304699043631,-25.009302904733225,44.7527935867248
122800,0.06,0,0.40381005877947035,0.631578947368421,0.7599570354457572,0.59,0,0,0,51.50211022303153,-25.008556740129237,44.765921016629086
122900,0.06,0,0.40379874489212375,0.631578947368421,0.7650375939849624,0.36,0,0,0,51.50341246289437,-25.008639508981684,44.76604337914071
123000,0.06,0,0.40385496922044467,0.631578947368421,0.7613963480128894,0.48,0,0,0,51.50191977479692,-25.00676320926166,44.76110837106093
123100,0.06,0,0.4038917081341586,0.631578947368421,0.7616756176154672,0.56,0,0,0,51.49864620408048,-25.007167769349056,44.75988183080361
123200,0.06,0,0.4038697131262466,0.631578947368421,0.7678410311493018,0.5,0,0,0,51.49799810000251,-25.007701858013007,44.762882818483725
123300,0.06,0,0.40388306458004136,0.631578947368421,0.7669924812030076,0.49,0,0,0,51.494993886296605,-25.006854368846692,44.764014436149196
123400,0.06,0,0.4039754723232756,0.631578947368421,0.7637056928034371,0.45,0,0,0,51.493546170571605,-25.00648149661211,44.75503308061382
123500,0.06,0,0.40393948538529817,0.631578947368421,0.7674758324382385,0.5,0,0,0,51.50763741874668,-25.00662627801613,44.74677531391563
123600,0.06,0,0.40380822084393314,0.631578947368421,0.7728571428571429,0.46,0,0,0,51.516630355992724,-25.007853090843035,44.75350728839253
123700,0.06,0,0.4038241300702204,0.631578947368421,0.7641675617615468,0.49,0,0,0,51.510561564940176,-25.008857574363923,44.75701665152266
123800,0.06,0,0.403888815336131,0.631578947368421,0.7567776584317938,0.58,0,0,0,51.50398865127416,-25.01079249641008,44.75555949498744
123900,0.06,0,0.40372971739417896,0.631578947368421,0.7523952738990333,0.53,0,0,0,51.51797921030561,-25.011394621320637,44.761037435682084
124000,0.06,0,0.40371627255449893,0.631578947368421,0.7618152524167562,0.48,0,0,0,51.51357442063808,-25.009379389874006,44.76635562436676
124100,0.06,0,0.40380180417790695,0.631578947368421,0.7667454350161117,0.55,0,0,0,51.50835584736319,-25.00911043124156,44.761407946865184
124200,0.06,0,0.40381064116409904,0.631578947368421,0.7702363050483351,0.43,0,0,0,51.51332071652514,-25.009366659380287,44.75611436547311
124300,0.06,0,0.40384143284569496,0.631578947368421,0.769108485499463,0.52,0,0,0,51.51675852066956,-25.00961153879089,44.74971542109476
124400,0.06,0,0.4039535767932597,0.631578947368421,0.7644253490870032,0.56,0,0,0,51.505895409042964,-25.008062257271977,44.74672773236502
124500,0.06,0,0.4039724918445446,0.631578947368421,0.7595166487647691,0.57,0,0,0,51.51364763799575,-25.00876743342906,44.73789900550248
124600,0.06,0,0.4040702978606663,0.631578947368421,0.7557787325456499,0.47,0,0,0,51.51331428542056,-25.00656122222123,44.72735954589812
124700,0.06,0,0.40398273414754976,0.631578947368421,0.7574328678839957,0.49,0,0,0,51.51650980921439,-25.005715442419024,44.73427925138151
124800,0.06,0,0.40401450606361095,0.631578947368421,0.7573469387755102,0.52,0,0,0,51.513285976983624,-25.006937736926925,44.733560688438594
124900,0.06,0,0.40404400813051833,0.631578947368421,0.7576906552094522,0.59,0,0,0,51.51168171535997,-25.005923111728016,44.73168744412725
125000,0.06,0,0.4040119711757565,0.631578947368421,0.7600751879699248,0.46,0,0,0,51.5145947653334,-25.007767515747172,44.73270484432235
125100,0.06,0,0.4039067309696909,0.631578947368421,0.77171858216971,0.47,0,0,0,51.523100550838336,-25.007171132570903,44.73697350137593
125200,0.06,0,0.40394984958137203,0.631578947368421,0.7678088077336198,0.56,0,0,0,51.520361879844145,-25.00601552581563,44.7345759977158
125300,0.06,0,0.403920971796833,0.631578947368421,0.7589151450053706,0.48,0,0,0,51.52630615237963,-25.005550390092097,44.7326131144039
125400,0.06,0,0.4038574272235187,0.631578947368421,0.7592588614393125,0.46,0,0,0,51.53040630200308,-25.006905142279688,44.736091700323215
125500,0.06,0,0.4038411442971334,0.631578947368421,0.7675832438238454,0.61,0,0,0,51.52353714273218,-25.00603784050649,44.74385995732309
125600,0.06,0,0.4038087296077764,0.631578947368421,0.7669172932330827,0.38,0,0,0,51.52036962660604,-25.00697298774874,44.750202764996814
125700,0.06,0,0.40378805381959243,0.631578947368421,0.7626960257787325,0.51,0,0,0,51.516138669633314,-25.00330874128952,44.75616964646642
125800,0.06,0,0.4038994546948471,0.631578947368421,0.7664446831364125,0.51,0,0,0,51.515714973920545,-25.002534490452966,44.74419329556323
125900,0.06,0,0.4038182258368534,0.631578947368421,0.761203007518797,0.46,0,0,0,51.52822155808036,-25.003601077661155,44.74233148625286
126000,0.06,0,0.40385486641192003,0.631578947368421,0.7715574650912996,0.46,0,0,0,51.52086715460237,-25.001278837842488,44.74465835932111
126100,0.06,0,0.403975436230525,0.631578947368421,0.7672824919441461,0.42,0,0,0,51.51365701332591,-25.001298714987385,44.737564790002594
126200,0.06,0,0.4039819257710701,0.631578947368421,0.7668958109559614,0.61,0,0,0,51.51010663545661,-24.99907385938546,44.73992965367603
126300,0.06,0,0.4039515388805589,0.631578947368421,0.7667239527389903,0.5,0,0,0,51.511524852776944,-25.001420910707264,44.74206330041337
126400,0.06,0,0.403948089605241,0.631578947368421,0.7644575725026853,0.5,0,0,0,51.510812379066635,-25.00130114902275,44.743064205538175
126500,0.06,0,0.40386671432188376,0.631578947368421,0.7641460794844254,0.58,0,0,0,51.523046508879155,-25.00054703209385,44.7414531393776
126600,0.06,0,0.4038173374053246,0.631578947368421,0.7641997851772288,0.5,0,0,0,51.52031421164573,-25.00148753493976,44.74929699870269
126700,0.06,0,0.4037504552133712,0.631578947368421,0.7663050483351235,0.5,0,0,0,51.52856038719865,-25.0008933932085,44.749547354303154
126800,0.06,0,0.4038633334098625,0.631578947368421,0.7646831364124598,0.62,0,0,0,51.519030871720645,-25.003589693113845,44.745315079001976
126900,0.06,0,0.40380764277062875,0.631578947368421,0.7579699248120301,0.55,0,0,0,51.53011585510987,-25.005373512735694,44.74185928704426
127000,0.06,0,0.4038369994591884,0.631578947368421,0.7590225563909775,0.43,0,0,0,51.517885104558516,-25.00541183325408,44.74922810104552
127100,0.06,0,0.4038685493144189,0.631578947368421,0.7640601503759399,0.52,0,0,0,51.51388424984073,-25.005680192979046,44.74920753317637
127200,0.06,0,0.40387729341031753,0.631578947368421,0.7612996777658432,0.53,0,0,0,51.510592375607324,-25.005435041254596,44.75109841016569
127300,0.06,0,0.40386709255902803,0.631578947368421,0.7633834586466165,0.43,0,0,0,51.52083665177922,-25.007025292573722,44.74333030792335
127400,0.06,0,0.4037805377323262,0.631578947368421,0.7611278195488722,0.49,0,0,0,51.525730526464116,-25.005807343441127,44.7486709374874
127500,0.06,0,0.4038715687735148,0.631578947368421,0.7659183673469387,0.55,0,0,0,51.515943525506486,-25.00596936136837,44.747084203567056
127600,0.06,0,0.40390969693871187,0.631578947368421,0.7734801288936627,0.46,0,0,0,51.51579990407496,-25.006233176529616,44.74298491873676
127700,0.06,0,0.40396118215365373,0.631578947368421,0.7640923737916219,0.59,0,0,0,51.507707506874674,-25.006619509199513,44.74431107809599
127800,0.06,0,0.40397423359602297,0.631578947368421,0.766734693877551,0.57,0,0,0,51.51548248431516,-25.005222233104217,44.736112676507105
127900,0.06,0,0.40395786063482847,0.631578947368421,0.7667561761546724,0.57,0,0,0,51.51323100169544,-25.009957635452984,44.73988124713451
128000,0.06,0,0.4039970373494549,0.631578947368421,0.7654672395273899,0.52,0,0,0,51.500976308694845,-25.01150573506651,44.746187549990125
128100,0.06,0,0.40401285614921356,0.631578947368421,0.7610204081632653,0.45,0,0,0,51.50441351695298,-25.011875287244422,44.741449475766345
128200,0.06,0,0.40399112165738804,0.631578947368421,0.7688399570354457,0.55,0,0,0,51.51063246075149,-25.011431120905986,44.73845455783421
128300,0.06,0,0.4039407553581027,0.631578947368421,0.7612996777658432,0.48,0,0,0,51.51220325996134,-25.010640054300058,44.74266846438687
128400,0.06,0,0.40384554996557764,0.631578947368421,0.7555209452201933,0.56,0,0,0,51.512897733843474,-25.01095166177451,44.75261307310663
128500,0.06,0,0.4038932400490763,0.631578947368421,0.761858216970999,0.5,0,0,0,51.51407017854167,-25.00882092362438,44.746310429488624
128600,0.06,0,0.4038219964972103,0.631578947368421,0.76859291084855,0.51,0,0,0,51.52405242752528,-25.009335799075252,44.74553405344229
128700,0.06,0,0.4037383457668475,0.631578947368421,0.7659183673469387,0.59,0,0,0,51.53409329429007,-25.010194111100095,44.74608490592292
128800,0.06,0,0.4036804653179156,0.631578947368421,0.762610096670247,0.54,0,0,0,51.52889322248022,-25.01073096532048,44.757016909769625
128900,0.06,0,0.4036640488816895,0.631578947368421,0.764779806659506,0.52,0,0,0,51.52921688919363,-25.012979698352687,44.75855597284707
129000,0.06,0,0.4036687683886533,0.631578947368421,0.7695381310418904,0.55,0,0,0,51.53110877707106,-25.01473121751198,44.7563894522063
129100,0.06,0,0.40370912297810596,0.631578947368421,0.7724704618689581,0.45,0,0,0,51.53321955888298,-25.015177458495025,44.750082600775386
129200,0.06,0,0.40365996790020164,0.631578947368421,0.7648979591836734,0.37,0,0,0,51.5369355890763,-25.016762356492954,44.75230491151841
129300,0.06,0,0.4036394073116993,0.631578947368421,0.76859291084855,0.6,0,0,0,51.52885654916222,-25.017066131496595,44.76160142899504
129400,0.06,0,0.4036892784147068,0.631578947368421,0.7627175080558539,0.49,0,0,0,51.528837888813115,-25.016562490291268,44.75608786279418
129500,0.06,0,0.40364081089508796,0.631578947368421,0.764983888292159,0.56,0,0,0,51.53639370107451,-25.014116036833617,44.75489945734187
129600,0.06,0,0.4036842252327812,0.631578947368421,0.7672824919441461,0.54,0,0,0,51.540928158851486,-25.014050541734473,44.74614926422416
129700,0.06,0,0.40379134908613484,0.631578947368421,0.7701933404940924,0.61,0,0,0,51.54442705697067,-25.013766338188677,44.73124171454111
129800,0.06,0,0.4038592552355411,0.631578947368421,0.7595810955961332,0.55,0,0,0,51.53390809955268,-25.014118851412313,44.73284934557598
129900,0.06,0,0.4038883711532159,0.631578947368421,0.7628893662728249,0.52,0,0,0,51.532813057903816,-25.013502899840066,44.73057507615283
130000,0.06,0,0.4039995083947239,0.631578947368421,0.7627712137486573,0.47,0,0,0,51.523685452807214,-25.013824483554096,44.726192031104105
130100,0.06,0,0.404021181397042,0.631578947368421,0.7634586466165414,0.5,0,0,0,51.52803107979902,-25.011802874579946,44.72002098340063
130200,0.06,0,0.4040565203762413,0.631578947368421,0.7614822771213748,0.52,0,0,0,51.51921603434336,-25.011093098478145,44.72376076844332
130300,0.06,0,0.40396785280957503,0.631578947368421,0.763265306122449,0.58,0,0,0,51.52441413369531,-25.01326852389422,44.72906426203751
130400,0.06,0,0.40392732355485755,0.631578947368421,0.7635445757250269,0.56,0,0,0,51.529230515514016,-25.01204136730597,44.72937108925045
130500,0.06,0,0.4039358371734845,0.631578947368421,0.7619334049409238,0.55,0,0,0,51.52243540900146,-25.012449372875956,44.73432741311251
130600,0.06,0,0.4039146550218692,0.631578947368421,0.7594414607948442,0.38,0,0,0,51.52259205859275,-25.012118182452863,44.73653735963142
130700,0.06,0,0.403991977166867,0.631578947368421,0.7623415682062299,0.55,0,0,0,51.52242227164841,-25.009950092317702,44.72812239546025
130800,0.06,0,0.40400652489761785,0.631578947368421,0.7648979591836734,0.54,0,0,0,51.511956803916725,-25.01342641476938,44.735598693415376
130900,0.06,0,0.40399397880342014,0.631578947368421,0.7629645542427498,0.47,0,0,0,51.50861795936169,-25.014295158578452,44.739887864352816
131000,0.06,0,0.4040044170709925,0.631578947368421,0.7664661654135339,0.51,0,0,0,51.50650813285307,-25.012746469193825,44.7405645219025
131100,0.06,0,0.4040565194195137,0.631578947368421,0.764779806659506,0.44,0,0,0,51.510354099426245,-25.010712249607312,44.73145523142748
131200,0.06,0,0.4039760037529895,0.631578947368421,0.7590547798066595,0.57,0,0,0,51.51658727832791,-25.011445851724712,44.73495727036349
131300,0.06,0,0.404038959752812,0.631578947368421,0.7703974221267454,0.47,0,0,0,51.51274695147891,-25.01215974323648,44.73132133508058
131400,0.06,0,0.40404956864051406,0.631578947368421,0.7645757250268529,0.53,0,0,0,51.51107404004224,-25.00879069566891,44.73159954061757
131500,0.06,0,0.40406185355753943,0.631578947368421,0.7614178302900108,0.58,0,0,0,51.503890526128785,-25.008271157775066,44.73647829873169
131600,0.06,0,0.4041295350052139,0.631578947368421,0.7630397422126746,0.63,0,0,0,51.503772844959656,-25.00911543131438,44.729088274645484
131700,0.06,0,0.40404627347412037,0.631578947368421,0.7591621911922664,0.47,0,0,0,51.501050758631735,-25.006671804184787,44.74067020802867
131800,0.06,0,0.40407309625988147,0.631578947368421,0.7608378088077337,0.5,0,0,0,51.50345215156811,-25.007009670136892,44.73561434262915
131900,0.06,0,0.4040878146444582,0.631578947368421,0.7577765843179377,0.51,0,0,0,51.50963966588948,-25.00702382723807,44.72861130532146
132000,0.06,0,0.4041222089051151,0.631578947368421,0.7681954887218045,0.5,0,0,0,51.50234043518035,-25.005905032522058,44.73114319380485
132100,0.06,0,0.40415372469960564,0.631578947368421,0.7630827067669173,0.55,0,0,0,51.49219770900519,-25.00437921248893,44.73646534551187
132200,0.06,0,0.40419842406491746,0.631578947368421,0.7632438238453276,0.46,0,0,0,51.491851856336964,-25.006134796680122,44.731818489553966
132300,0.06,0,0.4042710567140223,0.631578947368421,0.7629323308270677,0.57,0,0,0,51.48498068565014,-25.00641784159822,44.7297506490136
132400,0.06,0,0.40416371109302796,0.631578947368421,0.7605800214822771,0.57,0,0,0,51.492493629297606,-25.005288906958327,44.735102873925946
132500,0.06,0,0.4042008058437915,0.631578947368421,0.7629752953813104,0.47,0,0,0,51.49280921337955,-25.004783314378596,44.73072325303407
132600,0.06,0,0.40426815773323455,0.631578947368421,0.7631901181525241,0.46,0,0,0,51.50043282923294,-25.003234171773876,44.71665063273478
132700,0.06,0,0.40417104083012484,0.631578947368421,0.7603651987110633,0.48,0,0,0,51.51123471490462,-25.000980039810468,44.71801612941433
132800,0.06,0,0.40411225145963664,0.631578947368421,0.7599677765843179,0.45,0,0,0,51.51829881152365,-25.003731430446955,44.7183890629495
132900,0.06,0,0.404046961461267,0.631578947368421,0.7564769065520945,0.5,0,0,0,51.51425083462541,-25.00423636172256,44.72912964056476
133000,0.06,0,0.4039742856246038,0.631578947368421,0.759172932330827,0.55,0,0,0,51.512503647669256,-25.00532348110596,44.73869388977562
133100,0.06,0,0.40399234960908903,0.631578947368421,0.7658646616541354,0.49,0,0,0,51.50351107569825,-25.004752620028622,44.74450453602236
133200,0.06,0,0.4039946651597136,0.631578947368421,0.7620730397422126,0.51,0,0,0,51.50322879598502,-25.00284083251928,44.7444933117653
133300,0.06,0,0.40394410317899326,0.631578947368421,0.7633941997851772,0.52,0,0,0,51.51018782761025,-25.005345761926232,44.744048270665665
133400,0.06,0,0.4039789310910633,0.631578947368421,0.7637379162191192,0.48,0,0,0,51.507210780212034,-25.006229931126466,44.74277671062267
133500,0.06,0,0.40392042496589514,0.631578947368421,0.7616326530612245,0.49,0,0,0,51.508316720187615,-25.0046523319545,44.74829669258675
133600,0.06,0,0.40389111735716804,0.631578947368421,0.761374865735768,0.48,0,0,0,51.51257960263153,-25.00362117860141,44.74784039130347
133700,0.06,0,0.4038567499514448,0.631578947368421,0.7670032223415683,0.52,0,0,0,51.51340360195512,-25.00577872132203,44.750932503991656
133800,0.06,0,0.40385018995299166,0.631578947368421,0.7693340494092373,0.43,0,0,0,51.513296434397745,-25.005771367972738,44.751752522919126
133900,0.06,0,0.40387641918157213,0.631578947368421,0.7615037593984962,0.46,0,0,0,51.511019124311744,-25.00355242540684,44.750824531954756
134000,0.06,0,0.4038652503441936,0.631578947368421,0.7590010741138561,0.42,0,0,0,51.51639963829486,-25.00278856992939,44.74738808175797
134100,0.06,0,0.40379787580910664,0.631578947368421,0.7688077336197637,0.56,0,0,0,51.51296898667253,-25.002226044935274,44.757834854597995
134200,0.06,0,0.4038441302396873,0.631578947368421,0.764640171858217,0.53,0,0,0,51.509141570335444,-25.002432473154013,44.75603387581937
134300,0.06,0,0.4039013423597017,0.631578947368421,0.7565413533834586,0.52,0,0,0,51.50879622133873,-25.00386187296348,44.74999427110601
134400,0.06,0,0.4038461359774935,0.631578947368421,0.7541783029001075,0.55,0,0,0,51.511612764363704,-25.003120582306273,44.753664496609346
134500,0.06,0,0.40383521763845387,0.631578947368421,0.7676047261009667,0.48,0,0,0,51.52305150844197,-25.003099244717134,44.74493835793694
134600,0.06,0,0.40383377732557296,0.631578947368421,0.7648872180451127,0.57,0,0,0,51.5210815798623,-25.000180219129202,44.746808791371606
134700,0.06,0,0.4038259526933024,0.631578947368421,0.768829215896885,0.61,0,0,0,51.51428131676934,-25.001393854824652,44.7535828382077
134800,0.06,0,0.4037897418103363,0.631578947368421,0.7666809881847476,0.59,0,0,0,51.519994823281436,-25.003494105379612,44.75263266627619
134900,0.06,0,0.40374545717930627,0.631578947368421,0.7624274973147154,0.38,0,0,0,51.51601862715047,-25.004828636386502,44.76099588974372
135000,0.06,0,0.40373604791668993,0.631578947368421,0.7600429645542427,0.55,0,0,0,51.51673371791524,-25.006405177025087,44.761417735708385
135100,0.06,0,0.4037004308630404,0.631578947368421,0.766734693877551,0.44,0,0,0,51.51376980249888,-25.006543278925665,44.767942513241024
135200,0.06,0,0.4035794672364523,0.631578947368421,0.766498388829216,0.53,0,0,0,51.52181124322669,-25.006567836983013,44.77437126817449
135300,0.06,0,0.40376295281047014,0.631578947368421,0.7634049409237379,0.54,0,0,0,51.50675670686126,-25.008523007560193,44.767104883268885
135400,0.06,0,0.4036792520124037,0.631578947368421,0.7599462943071965,0.49,0,0,0,51.51215859700572,-25.010494691831514,44.77169157552993
135500,0.06,0,0.4038741981224909,0.631578947368421,0.7606015037593985,0.56,0,0,0,51.50370482473534,-25.011620311724702,44.7574259580077
135600,0.06,0,0.4038617834789129,0.631578947368421,0.7679591836734694,0.49,0,0,0,51.504491811571356,-25.011307136176168,44.758117880856716
135700,0.06,0,0.40397042342210854,0.631578947368421,0.7656498388829216,0.47,0,0,0,51.48584742475979,-25.011820205905696,44.762284799768295
135800,0.06,0,0.4038905585861538,0.631578947368421,0.7662943071965629,0.52,0,0,0,51.489776794288744,-25.01012031023972,44.767719394466255
135900,0.06,0,0.4039446890435675,0.631578947368421,0.7687540279269602,0.63,0,0,0,51.49882904290939,-25.012250712815558,44.75385228507758
136000,0.06,0,0.4039588935368978,0.631578947368421,0.7680665950590763,0.6,0,0,0,51.49006729167612,-25.01247182788801,44.75989381851464
136100,0.06,0,0.4040451103399103,0.631578947368421,0.7593984962406015,0.52,0,0,0,51.49825781656423,-25.012043203444282,44.74322546399554
136200,0.06,0,0.40399913652856123,0.631578947368421,0.7661331901181525,0.54,0,0,0,51.49977001586905,-25.01268486793409,44.747003145264195
136300,0.06,0,0.4039236542156683,0.631578947368421,0.7604833512352309,0.49,0,0,0,51.49208690051103,-25.010033783018404,44.76204307114033
136400,0.06,0,0.40401100399127293,0.631578947368421,0.7615145005370569,0.62,0,0,0,51.485289615244234,-25.010174599784044,44.7582736085304
136500,0.06,0,0.4039810518505959,0.631578947368421,0.757937701396348,0.58,0,0,0,51.48345740623782,-25.00975365537672,44.763185085332196
136600,0.06,0,0.4039136387038249,0.631578947368421,0.7639634801288937,0.5,0,0,0,51.47680298924316,-25.00898964950985,44.776443568532564
136700,0.06,0,0.4038635293842388,0.631578947368421,0.7615359828141783,0.5,0,0,0,51.4835095428038,-25.008161502454197,44.77616562620419
136800,0.06,0,0.40400498196358114,0.631578947368421,0.7678410311493018,0.55,0,0,0,51.48408999447685,-25.00903281726377,44.759983686911966
136900,0.06,0,0.40405230012032844,0.631578947368421,0.7656605800214823,0.47,0,0,0,51.485767920161074,-25.00820262118183,44.75328332947636
137000,0.06,0,0.4040684226665613,0.631578947368421,0.761203007518797,0.57,0,0,0,51.478283999529864,-25.007003411080987,44.75800362895444
137100,0.06,0,0.40414467442804686,0.631578947368421,0.7579914070891515,0.5,0,0,0,51.470681525988816,-25.00350151910678,44.7561686692241
137200,0.06,0,0.4042360945673374,0.631578947368421,0.7561439312567132,0.38,0,0,0,51.46157391107438,-25.00426353110531,44.75396593205744
137300,0.06,0,0.4041893886430552,0.631578947368421,0.7574543501611171,0.55,0,0,0,51.45585186814809,-25.003022869256935,44.764114805078194
137400,0.06,0,0.40410782993624733,0.631578947368421,0.7515896885069817,0.5,0,0,0,51.464995698722454,-25.00118575796629,44.76519439871911
137500,0.06,0,0.4041429593118715,0.631578947368421,0.7597314715359829,0.43,0,0,0,51.46815480155996,-25.002068074845926,44.75855582947393
137600,0.06,0,0.4042128681255585,0.631578947368421,0.7643179377013963,0.46,0,0,0,51.464267887646216,-25.000146090843508,44.75419468587879
137700,0.06,0,0.4042953143617677,0.631578947368421,0.7614930182599355,0.45,0,0,0,51.45875788412332,-24.9994363390201,44.74985927969869
137800,0.06,0,0.4043377609569626,0.631578947368421,0.7609667024704618,0.51,0,0,0,51.463886707983214,-24.998412858519185,44.740702281657164
137900,0.06,0,0.40421742706568253,0.631578947368421,0.7622556390977444,0.54,0,0,0,51.45969167351963,-24.998281201155773,44.75766979052157
138000,0.06,0,0.4042383678070283,0.631578947368421,0.7621482277121375,0.45,0,0,0,51.458686469262204,-24.996864110965973,44.75622547100525
138100,0.06,0,0.40439062180923274,0.631578947368421,0.7626638023630505,0.57,0,0,0,51.45605907502637,-24.996184835068835,44.741659082926475
138200,0.06,0,0.40416787816219174,0.631578947368421,0.7692266380236306,0.53,0,0,0,51.47274031261405,-24.997728140068247,44.751809130022274
138300,0.06,0,0.4041642198736866,0.631578947368421,0.7658754027926961,0.51,0,0,0,51.46825423424672,-24.9964798224495,44.75611489516116
138400,0.06,0,0.40414669131298964,0.631578947368421,0.7594736842105263,0.42,0,0,0,51.46993966586487,-24.994199344024402,44.75659040278223
138500,0.06,0,0.404037950115398,0.631578947368421,0.7620408163265306,0.58,0,0,0,51.47960383627196,-24.99289167740232,44.760231684027424
138600,0.06,0,0.4041372644985239,0.631578947368421,0.7605585392051557,0.6,0,0,0,51.481374725642546,-24.990266306219674,44.74769280451562
138700,0.06,0,0.4041501501807094,0.631578947368421,0.7665413533834586,0.52,0,0,0,51.47319012170786,-24.989467243129887,44.753381070874944
138800,0.06,0,0.40414466064348514,0.631578947368421,0.7651342642320086,0.57,0,0,0,51.478589929807974,-24.9902251577534,44.74929452439006
138900,0.06,0,0.40415001511384346,0.631578947368421,0.766498388829216,0.61,0,0,0,51.4775452206732,-24.989560780679348,44.74960980438825
139000,0.06,0,0.40414779027203535,0.631578947368421,0.7634586466165414,0.56,0,0,0,51.4762020787436,-24.988209224037277,44.75102378676329
139100,0.06,0,0.4041610968373504,0.631578947368421,0.7635338345864662,0.63,0,0,0,51.47350050477782,-24.98991630826927,44.751899076996374
139200,0.06,0,0.404212744443505,0.631578947368421,0.7702470461868958,0.47,0,0,0,51.468692615585546,-24.991334433351685,44.750360891512905
139300,0.06,0,0.4040910594873037,0.631578947368421,0.7633512352309345,0.58,0,0,0,51.46730223545938,-24.992690032668182,44.76504596732539
139400,0.06,0,0.4040175637804174,0.631578947368421,0.7568635875402793,0.48,0,0,0,51.47462230072988,-24.989881204482813,44.76682220063307
139500,0.06,0,0.40412643383606234,0.631578947368421,0.7636734693877552,0.59,0,0,0,51.4736482037731,-24.989477499226112,44.75560914409472
139600,0.06,0,0.40416878200012074,0.631578947368421,0.7600429645542427,0.52,0,0,0,51.46899327448998,-24.989115516062693,44.75496705945405
139700,0.06,0,0.40409594098366874,0.631578947368421,0.7616326530612245,0.54,0,0,0,51.46924455350995,-24.990408991092863,44.762815905359204
139800,0.06,0,0.4040921031859049,0.631578947368421,0.7642320085929108,0.56,0,0,0,51.468944107716595,-24.99270260081449,44.76350233457763
139900,0.06,0,0.40408808837179644,0.631578947368421,0.7692051557465092,0.54,0,0,0,51.478769462720095,-24.995456481568596,44.75540333327811
140000,0.06,0,0.4040581989869696,0.631578947368421,0.7635767991407089,0.47,0,0,0,51.48172995190491,-24.994590091713167,44.75614014542824
140100,0.06,0,0.40398268389394715,0.631578947368421,0.7624274973147154,0.55,0,0,0,51.488642955977824,-24.99352107807169,44.75849605335865
140200,0.06,0,0.4040070847324438,0.631578947368421,0.7594307196562836,0.42,0,0,0,51.48684800613586,-24.993719369948334,44.75735306175678
140300,0.06,0,0.40391796977089295,0.631578947368421,0.7558646616541354,0.42,0,0,0,51.496139191566144,-24.99267555341593,44.75915059247623
140400,0.06,0,0.4038395139671123,0.631578947368421,0.7594736842105263,0.52,0,0,0,51.509789126976216,-24.993468595465828,44.7559828221043
140500,0.06,0,0.40379699425252175,0.631578947368421,0.7590655209452202,0.53,0,0,0,51.51842372880137,-24.99228101191389,44.75319362338605
140600,0.06,0,0.4037806702983106,0.631578947368421,0.7579699248120301,0.52,0,0,0,51.52138933382816,-24.98990648387822,44.752426768065085
140700,0.06,0,0.40371437876724936,0.631578947368421,0.7575832438238453,0.46,0,0,0,51.51739589470817,-24.99188339716332,44.763244910452634
140800,0.06,0,0.40372082557085404,0.631578947368421,0.7621267454350161,0.51,0,0,0,51.51220103620736,-24.990424061672805,44.76704428339693
140900,0.06,0,0.4036589997082325,0.631578947368421,0.7641568206229861,0.6,0,0,0,51.51881963740364,-24.988152006828283,44.76814888041659
141000,0.06,0,0.4037967058704084,0.631578947368421,0.7656390977443609,0.61,0,0,0,51.50962814271417,-24.988454250207184,44.760867473824284
141100,0.06,0,0.40384024635968285,0.631578947368421,0.7638023630504833,0.52,0,0,0,51.49962317609406,-24.986136818172408,44.76473640403461
141200,0.06,0,0.40393203367427916,0.631578947368421,0.7651020408163265,0.5,0,0,0,51.488312369562266,-24.987082064145827,44.76439586506796
141300,0.06,0,0.40399978772309236,0.631578947368421,0.7653490870032224,0.57,0,0,0,51.47307245821791,-24.988590038583975,44.770139926346694
141400,0.06,0,0.40393659302992274,0.631578947368421,0.7634264232008593,0.49,0,0,0,51.47259560532307,-24.988950804037334,44.77755890802971
141500,0.06,0,0.40399841826827787,0.631578947368421,0.7598818474758324,0.56,0,0,0,51.471491262485216,-24.986975836854956,44.77166702204445
141600,0.06,0,0.40421018926351543,0.631578947368421,0.7578410311493018,0.54,0,0,0,51.453598343024325,-24.985945975912497,44.76377169108344
141700,0.06,0,0.4042709555585732,0.631578947368421,0.7645220193340494,0.59,0,0,0,51.45322932718425,-24.984379876313174,44.75736420394008
141800,0.06,0,0.4042169074940421,0.631578947368421,0.7594736842105263,0.56,0,0,0,51.46325821603864,-24.982539031001483,44.75462548990645
141900,0.06,0,0.4041774779448088,0.631578947368421,0.7599892588614393,0.53,0,0,0,51.46221641192353,-24.981899079281657,44.75989763273733
142000,0.06,0,0.404024996517468,0.631578947368421,0.7628786251342642,0.58,0,0,0,51.46867410380498,-24.979371967706758,44.77117221131933
142100,0.06,0,0.40415874799533164,0.631578947368421,0.7590655209452202,0.58,0,0,0,51.46666290395671,-24.979012114798117,44.758104706567224
142200,0.06,0,0.4042091719818097,0.631578947368421,0.7551235230934479,0.48,0,0,0,51.46398593968378,-24.97831550100409,44.754849114618615
142300,0.06,0,0.40419561258538994,0.631578947368421,0.7661654135338346,0.54,0,0,0,51.46640028495298,-24.980338783987452,44.75425091903691
142400,0.06,0,0.4043667215551112,0.631578947368421,0.7604296455424275,0.54,0,0,0,51.45058341716352,-24.97963922082024,44.74906549446473
142500,0.06,0,0.4043897093249209,0.631578947368421,0.763609022556391,0.45,0,0,0,51.451363587224584,-24.979910683590273,44.74584320478969
142600,0.06,0,0.4044574151697187,0.631578947368421,0.765531686358754,0.54,0,0,0,51.444204056956245,-24.97965036784378,44.74457905844085
142700,0.06,0,0.4043911482196201,0.631578947368421,0.7670998925886144,0.46,0,0,0,51.45186265471922,-24.978842424181984,44.74524997163274
142800,0.06,0,0.4044411097774064,0.631578947368421,0.7631041890440386,0.52,0,0,0,51.444801545452684,-24.97868749469744,44.74586328280629
142900,0.06,0,0.4043840605090308,0.631578947368421,0.7588399570354457,0.52,0,0,0,51.443379790742846,-24.979189254973367,44.7534127206401
143000,0.06,0,0.40433658984604465,0.631578947368421,0.7567132116004296,0.57,0,0,0,51.442450324913835,-24.979748777678907,44.759475645316776
143100,0.06,0,0.4044934102571726,0.631578947368421,0.7574650912996778,0.49,0,0,0,51.43401854398923,-24.98265251729371,44.74945733506013
143200,0.06,0,0.4045016201963404,0.631578947368421,0.7602363050483352,0.5,0,0,0,51.431223386109046,-24.9821041469394,44.75098105210084
143300,0.06,0,0.40453773285582745,0.631578947368421,0.7561117078410311,0.45,0,0,0,51.426663873959285,-24.981461203647655,44.750953467709
143400,0.06,0,0.40456792592279783,0.631578947368421,0.7592588614393125,0.39,0,0,0,51.421816518757645,-24.979883015746488,44.751831887450244
143500,0.06,0,0.4045322237714376,0.631578947368421,0.7601503759398496,0.52,0,0,0,51.42987600953597,-24.982584398588063,44.74876787360163
143600,0.06,0,0.40447103999727213,0.631578947368421,0.7571858216970999,0.45,0,0,0,51.42817860270588,-24.98270389682065,44.757014131480254
143700,0.06,0,0.40452711800576274,0.631578947368421,0.7533297529538131,0.49,0,0,0,51.42837465804301,-24.982194585267308,44.750639042960884
143800,0.06,0,0.404470640421621,0.631578947368421,0.7584962406015038,0.5,0,0,0,51.429097432708055,-24.982624798747512,44.75625871919143
143900,0.06,0,0.40442989660845385,0.631578947368421,0.7594307196562836,0.44,0,0,0,51.43316495429429,-24.981638390576176,44.75722779155505
144000,0.06,0,0.40443597818165167,0.631578947368421,0.7562298603651987,0.47,0,0,0,51.43347218192552,-24.982392845996316,44.7562874250501
144100,0.06,0,0.40439167620372596,0.631578947368421,0.7523952738990333,0.42,0,0,0,51.43682270741435,-24.98002867761686,44.758274888817795
144200,0.06,0,0.4043682644028257,0.631578947368421,0.7590977443609023,0.51,0,0,0,51.44309676069735,-24.980459648017,44.75540718724496
144300,0.06,0,0.40444228638990537,0.631578947368421,0.753265306122449,0.53,0,0,0,51.441716041952226,-24.982729753479514,44.74841698176591
144400,0.06,0,0.4044741909537307,0.631578947368421,0.7535338345864662,0.62,0,0,0,51.43962054261169,-24.983093557501327,44.74671004203512
144500,0.06,0,0.40454601999474776,0.631578947368421,0.759656283566058,0.51,0,0,0,51.433315645102454,-24.98146433340601,44.744249307290815
144600,0.06,0,0.4045031504083675,0.631578947368421,0.7553490870032223,0.49,0,0,0,51.43297379911097,-24.98105525772633,44.749288762045026
144700,0.06,0,0.4044858689151182,0.631578947368421,0.7599570354457572,0.58,0,0,0,51.42510822912069,-24.98179000857748,44.75804543998759
144800,0.06,0,0.4044864292089771,0.631578947368421,0.7588399570354457,0.62,0,0,0,51.44141526490728,-24.981017673644992,44.74379506724771
144900,0.06,0,0.40436163741433956,0.631578947368421,0.7558216970998926,0.48,0,0,0,51.447910285241576,-24.982931213175224,44.751953238138384
145000,0.06,0,0.4043967475087131,0.631578947368421,0.7657894736842106,0.51,0,0,0,51.44328257035924,-24.984236132680714,44.752093262099514
145100,0.06,0,0.40435080687397146,0.631578947368421,0.7559720730397422,0.48,0,0,0,51.44600258025997,-24.982583177509667,44.754811442383314
145200,0.06,0,0.4043155958708529,0.631578947368421,0.7577980665950591,0.53,0,0,0,51.44466509005405,-24.982875914461232,44.75987271028204
145300,0.06,0,0.40430716762705177,0.631578947368421,0.7601503759398496,0.47,0,0,0,51.432951096125606,-24.98407670870102,44.771000175613
145400,0.06,0,0.4043572075070495,0.631578947368421,0.7556820622986037,0.46,0,0,0,51.43192938743343,-24.985155200440207,44.766348967074165
145500,0.06,0,0.40430470337686186,0.631578947368421,0.7515682062298603,0.55,0,0,0,51.4371504922052,-24.986334113245984,44.76761787115284
145600,0.06,0,0.4044029454123244,0.631578947368421,0.7559935553168636,0.51,0,0,0,51.430117239480424,-24.986529064043452,44.76286307118993
145700,0.06,0,0.40444046566793135,0.631578947368421,0.7516756176154672,0.48,0,0,0,51.43670324643656,-24.9869956793863,44.75297943560567
145800,0.06,0,0.40434916118375347,0.631578947368421,0.7512244897959184,0.45,0,0,0,51.435096746343085,-24.985880315642852,44.764483038368645
145900,0.06,0,0.40435262092160157,0.631578947368421,0.7506981740064447,0.45,0,0,0,51.44042031406404,-24.985818262968344,44.759467387220006
146000,0.06,0,0.40428034503490146,0.631578947368421,0.7567454350161117,0.57,0,0,0,51.43856764565334,-24.986324907840363,44.76908172970787
146100,0.06,0,0.40429170839919815,0.631578947368421,0.7638345864661654,0.6,0,0,0,51.44145659312868,-24.985029624788176,44.7653092552273
146200,0.06,0,0.40427318138942603,0.631578947368421,0.7554564983888292,0.55,0,0,0,51.43424325433581,-24.98543637890481,44.77363910663013
146300,0.06,0,0.40419639223389786,0.631578947368421,0.7591514500537057,0.54,0,0,0,51.44332405911363,-24.98472016096047,44.77424022457044
146400,0.06,0,0.40420241866507634,0.631578947368421,0.7567239527389903,0.51,0,0,0,51.44940208566614,-24.985193062069143,44.76828329501128
146500,0.06,0,0.40412150726752466,0.631578947368421,0.7609881847475832,0.57,0,0,0,51.45860074664329,-24.983763475960917,44.76924228781064
146600,0.06,0,0.40400099128909156,0.631578947368421,0.7584425349087003,0.6,0,0,0,51.46184006468408,-24.982499259468135,44.779778341624095
146700,0.06,0,0.40406590504836026,0.631578947368421,0.7624597207303975,0.51,0,0,0,51.45758285343157,-24.984786490384707,44.77628855192157
146800,0.06,0,0.4039799602083446,0.631578947368421,0.7655424274973147,0.48,0,0,0,51.47477669967225,-24.98267835447265,44.770854929378714
146900,0.06,0,0.404034465546117,0.631578947368421,0.7595703544575725,0.56,0,0,0,51.46251204563783,-24.983440130821073,44.77548366529683
147000,0.06,0,0.40408387864993,0.631578947368421,0.7593984962406015,0.56,0,0,0,51.4512282761032,-24.98083757156368,44.779826838877135
147100,0.06,0,0.40410799248767687,0.631578947368421,0.7638668098818475,0.55,0,0,0,51.44366474309593,-24.978617330311693,44.78373813322948
147200,0.06,0,0.4040959857209368,0.631578947368421,0.7618045112781955,0.51,0,0,0,51.444799464435036,-24.97829339733977,44.78408095000669
147300,0.06,0,0.4040892565949685,0.631578947368421,0.7603866809881847,0.46,0,0,0,51.44961031695123,-24.9762930283888,44.78063906561712
147400,0.06,0,0.4040886896801924,0.631578947368421,0.7589581095596133,0.46,0,0,0,51.46051448939252,-24.977144196718196,44.77121312998772
147500,0.06,0,0.4039994302554666,0.631578947368421,0.7580558539205156,0.54,0,0,0,51.46133265134753,-24.976724095655907,44.78039290277186
147600,0.06,0,0.4040249190339819,0.631578947368421,0.7630827067669173,0.65,0,0,0,51.46745350088594,-24.97569827678435,44.77224259150157
147700,0.06,0,0.4039454828776901,0.631578947368421,0.7671965628356606,0.52,0,0,0,51.473887279461366,-24.97763748722454,44.77544985070301
147800,0.06,0,0.40398975277497745,0.631578947368421,0.7586680988184747,0.49,0,0,0,51.47227122032921,-24.980485820384438,44.77194892633833
147900,0.06,0,0.40397685669457095,0.631578947368421,0.7598174006444683,0.45,0,0,0,51.47419384985725,-24.97995403952927,44.77170582803684
148000,0.06,0,0.4040571088166865,0.631578947368421,0.756734693877551,0.54,0,0,0,51.46431355166662,-24.980946632420977,44.77140718114579
148100,0.06,0,0.40405937340749426,0.631578947368421,0.7561009667024705,0.46,0,0,0,51.46058797299436,-24.98065319121558,44.77439754099766
148200,0.06,0,0.40419843893467616,0.631578947368421,0.7612674543501611,0.51,0,0,0,51.44985921358962,-24.978569710312083,44.76832631613861
148300,0.06,0,0.4042738096606762,0.631578947368421,0.7577336197636949,0.52,0,0,0,51.44554827799247,-24.97910244310926,44.76373065119135
148400,0.06,0,0.4042664760286078,0.631578947368421,0.7592588614393125,0.53,0,0,0,51.44851056724899,-24.978219615707708,44.76196525018598
148500,0.06,0,0.404337942382998,0.631578947368421,0.7625778732545649,0.55,0,0,0,51.45495845761655,-24.98053533303751,44.748445423627594
148600,0.06,0,0.4042693202465436,0.631578947368421,0.7475832438238453,0.53,0,0,0,51.453660958421736,-24.981066823577223,44.75716979291498
148700,0.06,0,0.4042910579154038,0.631578947368421,0.7505477980665951,0.59,0,0,0,51.45648380021527,-24.98081364041963,44.752308124048916
148800,0.06,0,0.4042477130793392,0.631578947368421,0.7563909774436091,0.6,0,0,0,51.448577332350425,-24.98164760553544,44.76398476319012
148900,0.06,0,0.40423738988494834,0.631578947368421,0.7632867883995703,0.6,0,0,0,51.444945502040646,-24.982708095192944,44.76828818039253
149000,0.06,0,0.4041552301762711,0.631578947368421,0.763093447905478,0.5,0,0,0,51.45013510707241,-24.983459177759723,44.77287246683954
149100,0.06,0,0.4040910640359512,0.631578947368421,0.7648549946294307,0.51,0,0,0,51.45359488461013,-24.982139448688315,44.77697097000005
149200,0.06,0,0.40408385640288713,0.631578947368421,0.7625349087003223,0.5,0,0,0,51.45410898362128,-24.981576884673807,44.77732226266846
149300,0.06,0,0.404120207225069,0.631578947368421,0.763061224489796,0.58,0,0,0,51.45251057649691,-24.981783223985808,44.77468543206252
149400,0.06,0,0.4040734003457062,0.631578947368421,0.7636949516648764,0.52,0,0,0,51.45409343669945,-24.9808884203279,44.77849447866905
149500,0.06,0,0.4040966566076684,0.631578947368421,0.7687003222341569,0.54,0,0,0,51.45001160350033,-24.979987990597962,44.779469758876914
149600,0.06,0,0.4041893879495175,0.631578947368421,0.7657894736842106,0.57,0,0,0,51.44043274217565,-24.979652652573467,44.77753280023745
149700,0.06,0,0.4041429334404344,0.631578947368421,0.7656176154672395,0.62,0,0,0,51.439690926354494,-24.98033888310288,44.78332560148051
149800,0.06,0,0.4041884276617872,0.631578947368421,0.7639742212674544,0.51,0,0,0,51.42770541713677,-24.980778902586792,44.78872075166805
149900,0.06,0,0.4042689019264995,0.631578947368421,0.7619871106337271,0.57,0,0,0,51.42333686811383,-24.981714793236993,44.783609217195625
150000,0.06,0,0.4041734622829473,0.631578947368421,0.7693877551020408,0.39,0,0,0,51.42455092247047,-24.980487783773416,44.79312668898511
150100,0.06,0,0.4042254416187497,0.631578947368421,0.7615682062298603,0.46,0,0,0,51.42041090861576,-24.978446677308618,44.79097270961785
150200,0.06,0,0.40414120099847733,0.631578947368421,0.7698925886143931,0.52,0,0,0,51.42948349976398,-24.982181388031307,44.792405948947795
150300,0.06,0,0.40403930772762253,0.631578947368421,0.7641031149301826,0.48,0,0,0,51.44621095810988,-24.98371896373846,44.78913430801933
150400,0.06,0,0.4040919573496683,0.631578947368421,0.7626530612244898,0.5,0,0,0,51.44225233613828,-24.98093601867024,44.78674487568597
150500,0.06,0,0.40417838970534037,0.631578947368421,0.7553276047261009,0.54,0,0,0,51.43329294254528,-24.981781993198982,44.784967296020014
150600,0.06,0,0.40405057046714504,0.631578947368421,0.7592588614393125,0.59,0,0,0,51.43494002897345,-24.983233437368693,44.79770019110739
150700,0.06,0,0.4041555062962535,0.631578947368421,0.7663050483351235,0.48,0,0,0,51.43299514516963,-24.982491130896005,44.787762354577616
150800,0.06,0,0.4040940697652468,0.631578947368421,0.7604296455424275,0.45,0,0,0,51.43452219482725,-24.981054368601097,44.79324175704464
150900,0.06,0,0.4040619637148262,0.631578947368421,0.7624812030075188,0.57,0,0,0,51.431771431977396,-24.980028056539915,44.79919684886574
151000,0.06,0,0.4039883281438062,0.631578947368421,0.7614178302900108,0.59,0,0,0,51.43291747351776,-24.981163387238837,44.806364057842785
151100,0.06,0,0.40399613770541654,0.631578947368421,0.7659505907626208,0.54,0,0,0,51.44043947185808,-24.980831360084895,44.79894612722569
151200,0.06,0,0.40395761074530956,0.631578947368421,0.7616863587540279,0.55,0,0,0,51.451828660306404,-24.978495451056162,44.79330129509206
151300,0.06,0,0.40390386754729213,0.631578947368421,0.7657572502685285,0.45,0,0,0,51.45367588716054,-24.982068526338622,44.79765313575332
151400,0.06,0,0.40390740647156353,0.631578947368421,0.7619871106337271,0.61,0,0,0,51.448840252992,-24.980535136810435,44.80147108885771
151500,0.06,0,0.4038772695881465,0.631578947368421,0.7613963480128894,0.47,0,0,0,51.462268503038075,-24.9784143573487,44.79312303143473
151600,0.06,0,0.4038769221819656,0.631578947368421,0.767626208378088,0.42,0,0,0,51.4705437404323,-24.978566541183618,44.78595988811249
151700,0.06,0,0.40388483438074246,0.631578947368421,0.7620837808807733,0.51,0,0,0,51.47173744227094,-24.97790038745098,44.78404389171278
151800,0.06,0,0.40382358442326866,0.631578947368421,0.7618259935553169,0.43,0,0,0,51.471675485736924,-24.978058032012125,44.790890428065524
151900,0.06,0,0.40390085714062607,0.631578947368421,0.757422126745435,0.46,0,0,0,51.459686911642834,-24.978692993759406,44.792754158547744
152000,0.06,0,0.4038982705616212,0.631578947368421,0.7617722878625134,0.43,0,0,0,51.45910119423641,-24.978859497431223,44.79355085597607
152100,0.06,0,0.40387081065296226,0.631578947368421,0.762921589688507,0.54,0,0,0,51.46864473791039,-24.9787193324956,44.78829006773188
152200,0.06,0,0.4038936046337065,0.631578947368421,0.7612996777658432,0.54,0,0,0,51.46562759143998,-24.979023460271815,44.788387956137136
152300,0.06,0,0.40389232076475495,0.631578947368421,0.7635445757250269,0.55,0,0,0,51.460825606004406,-24.979914118882803,44.79270969757752
152400,0.06,0,0.4038525004141426,0.631578947368421,0.7640708915145006,0.61,0,0,0,51.469501041569345,-24.98070664392265,44.78957553930871
152500,0.06,0,0.403838543653263,0.631578947368421,0.7698711063372717,0.5,0,0,0,51.48088414390641,-24.98028027862878,44.781219570180916
152600,0.06,0,0.4037931440771687,0.631578947368421,0.7701396348012889,0.47,0,0,0,51.47511051265998,-24.97882134058693,44.79127783150964
152700,0.06,0,0.4037846599150321,0.631578947368421,0.7648227712137486,0.48,0,0,0,51.47767882629876,-24.97688751976755,44.7899842038978
152800,0.06,0,0.4037780382232427,0.631578947368421,0.7641675617615468,0.48,0,0,0,51.47817463365766,-24.976199871867554,44.79028733217074
152900,0.06,0,0.4037940254128968,0.631578947368421,0.7660580021482277,0.56,0,0,0,51.48088477326476,-24.97703308326005,44.786156146475
153000,0.06,0,0.4037643364080526,0.631578947368421,0.7700322234156821,0.47,0,0,0,51.48130062278588,-24.977229191259145,44.78908750130244
153100,0.06,0,0.4038016493293203,0.631578947368421,0.7582706766917293,0.42,0,0,0,51.47574674614357,-24.97677226800669,44.7897807926006
153200,0.06,0,0.4038566838467876,0.631578947368421,0.7624704618689581,0.51,0,0,0,51.47376557783918,-24.97583298254763,44.78540085611066
153300,0.06,0,0.40381505102414883,0.631578947368421,0.7656068743286788,0.52,0,0,0,51.476830302357435,-24.975653523925665,44.787351555996416
153400,0.06,0,0.40382961026660225,0.631578947368421,0.7631793770139634,0.51,0,0,0,51.47463810345352,-24.97599699823405,44.78764417291282
153500,0.06,0,0.4037280425169944,0.631578947368421,0.7674973147153599,0.51,0,0,0,51.48400657578751,-24.975731221665225,44.79075961477925
153600,0.06,0,0.40372166543747634,0.631578947368421,0.7547905477980666,0.51,0,0,0,51.4708384326105,-24.977445312183164,44.80292643072664
153700,0.06,0,0.4038103403715124,0.631578947368421,0.7608055853920516,0.47,0,0,0,51.4758152817636,-24.977213982761924,44.78875716829982
153800,0.06,0,0.4038023708469118,0.631578947368421,0.7528141783029001,0.52,0,0,0,51.4729621448539,-24.975400281275114,44.79212380984059
153900,0.06,0,0.4037130790659176,0.631578947368421,0.7506659505907626,0.41,0,0,0,51.476648037477524,-24.974994051125897,44.798822799137184
154000,0.06,0,0.40364243813873996,0.631578947368421,0.7635230934479055,0.5,0,0,0,51.4771085480084,-24.97581151320593,44.806262144433326
154100,0.06,0,0.40355295194766216,0.631578947368421,0.7647690655209453,0.54,0,0,0,51.475905853953705,-24.975648500660707,44.81724484218926
154200,0.06,0,0.40357235094218874,0.631578947368421,0.7681310418904403,0.51,0,0,0,51.47219716381096,-24.97457575720305,44.81831958842441
154300,0.06,0,0.4035973598459494,0.631578947368421,0.7668313641245972,0.54,0,0,0,51.46727202748399,-24.974238790856063,44.81983102418774
154400,0.06,0,0.4036056165316562,0.631578947368421,0.7594629430719656,0.51,0,0,0,51.46427054030749,-24.97222604164999,44.82152804920653
154500,0.06,0,0.403645466289299,0.631578947368421,0.7600322234156821,0.6,0,0,0,51.45834469775119,-24.970007903565936,44.822264109638
154600,0.06,0,0.4037218771153872,0.631578947368421,0.7707303974221268,0.55,0,0,0,51.44698081889604,-24.97145547247394,44.82367948170839
154700,0.06,0,0.4038224851545442,0.631578947368421,0.7606229860365199,0.51,0,0,0,51.44273729312098,-24.966611885332277,44.81620873957363
154800,0.06,0,0.4038394221945757,0.631578947368421,0.7596777658431794,0.55,0,0,0,51.43939648237916,-24.96501868103612,44.81723968170297
154900,0.06,0,0.40394516503402295,0.631578947368421,0.7579269602577873,0.48,0,0,0,51.43266342051414,-24.965300008845276,44.81137313773916
155000,0.06,0,0.4040075574946795,0.631578947368421,0.7608700322234156,0.6,0,0,0,51.42524166832865,-24.965117951381597,44.81091897488612
155100,0.06,0,0.4039114567053406,0.631578947368421,0.7622234156820623,0.49,0,0,0,51.424854645535646,-24.966573007289583,44.82191795672839
155200,0.06,0,0.40381907048574694,0.631578947368421,0.7657679914070892,0.6,0,0,0,51.432889734029146,-24.965988192280033,44.82516847648953
155300,0.06,0,0.4037975374692785,0.631578947368421,0.762545649838883,0.59,0,0,0,51.43813377368658,-24.96696933585378,44.822988733945024
155400,0.06,0,0.4038022829341531,0.631578947368421,0.7675080558539206,0.4,0,0,0,51.43747644880961,-24.969873374114943,44.82303476726903
155500,0.06,0,0.4038109150284567,0.631578947368421,0.7605585392051557,0.51,0,0,0,51.43198330308486,-24.96989413821281,44.826863785017885
155600,0.06,0,0.40385247300150107,0.631578947368421,0.7638023630504833,0.53,0,0,0,51.43794200856071,-24.96865476083332,44.81705860173928
155700,0.06,0,0.4039240299621476,0.631578947368421,0.761203007518797,0.43,0,0,0,51.429427763148965,-24.969592222978317,44.81653729797504
155800,0.06,0,0.40380103814031415,0.631578947368421,0.7607626208378088,0.57,0,0,0,51.429619943607655,-24.967505076852436,44.83002023223453
155900,0.06,0,0.40387512676791765,0.631578947368421,0.7634586466165414,0.56,0,0,0,51.42810759915873,-24.968262868542396,44.82311448927238
156000,0.06,0,0.40387737132711454,0.631578947368421,0.7661546723952739,0.57,0,0,0,51.431240761185535,-24.970997535027546,44.820134800079856
156100,0.06,0,0.403753789773808,0.631578947368421,0.7703007518796993,0.52,0,0,0,51.446622657546655,-24.971834453185938,44.82044865169399
156200,0.06,0,0.4037592146334218,0.631578947368421,0.7647690655209453,0.56,0,0,0,51.45042369385347,-24.971780654465775,44.81653526475372
156300,0.06,0,0.40380249301438303,0.631578947368421,0.76203007518797,0.51,0,0,0,51.44041626445474,-24.972508641878733,44.82044981637207
156400,0.06,0,0.40386567700891907,0.631578947368421,0.7639312567132116,0.62,0,0,0,51.43158818055071,-24.972623269619007,44.82112984219437
156500,0.06,0,0.403801475959349,0.631578947368421,0.7668850698174007,0.46,0,0,0,51.43210110409762,-24.97109886261526,44.82780896156981
156600,0.06,0,0.4036835851648462,0.631578947368421,0.7645542427497315,0.39,0,0,0,51.43670511532694,-24.972582208674687,44.836886736264
156700,0.06,0,0.4036603815836104,0.631578947368421,0.7672610096670247,0.49,0,0,0,51.43708822299293,-24.971555861959303,44.83913012384244
156800,0.06,0,0.4037141276163908,0.631578947368421,0.7663050483351235,0.54,0,0,0,51.43587751144917,-24.97218016048226,44.83421603311714
156900,0.06,0,0.40371163923059095,0.631578947368421,0.7658324382384533,0.62,0,0,0,51.43322041120189,-24.974016568421302,44.83680858317409
157000,0.06,0,0.40364792747600325,0.631578947368421,0.7610418904403867,0.55,0,0,0,51.443558714252895,-24.97253785333557,44.834873614848725
157100,0.06,0,0.40367220826443023,0.631578947368421,0.7649731471535983,0.49,0,0,0,51.44441484539343,-24.974450640271016,44.83143071659053
157200,0.06,0,0.40369892385561057,0.631578947368421,0.7631364124597207,0.44,0,0,0,51.440065883173446,-24.97771950543838,44.83225389540179
157300,0.06,0,0.4037612270357524,0.631578947368421,0.7692481203007518,0.46,0,0,0,51.43712853241996,-24.978613392951697,44.82789574521974
157400,0.06,0,0.4037948273389821,0.631578947368421,0.763813104189044,0.48,0,0,0,51.424722941338615,-24.979504929432895,44.834978843167946
157500,0.06,0,0.4038706519224094,0.631578947368421,0.7618152524167562,0.6,0,0,0,51.4140259557205,-24.98071246058021,44.83588773799095
157600,0.06,0,0.40391197069442797,0.631578947368421,0.7656928034371644,0.56,0,0,0,51.40348447030398,-24.98033594507253,44.840494890277576
157700,0.06,0,0.4039195330794318,0.631578947368421,0.7638238453276047,0.51,0,0,0,51.40907279554277,-24.981144932129528,44.834781154697886
157800,0.06,0,0.4038545549381009,0.631578947368421,0.7629860365198711,0.43,0,0,0,51.41856214991823,-24.980388347931882,44.8337192013053
157900,0.06,0,0.4039173669992048,0.631578947368421,0.759795918367347,0.51,0,0,0,51.410463903642324,-24.9804242473503,44.833808405169734
158000,0.06,0,0.4039774401471759,0.631578947368421,0.7666487647690655,0.62,0,0,0,51.4113717979616,-24.980320430797917,44.826349808183394
158100,0.06,0,0.4038668436007771,0.631578947368421,0.7668421052631579,0.48,0,0,0,51.41641893802625,-24.98337055075954,44.83422378846587
158200,0.06,0,0.40390442863414416,0.631578947368421,0.7635982814178303,0.54,0,0,0,51.412611670713375,-24.98235547479571,44.833371580150676
158300,0.06,0,0.4039987826214673,0.631578947368421,0.7680236305048335,0.51,0,0,0,51.41061502121497,-24.982611551087544,44.82464153872771
158400,0.06,0,0.40399344279603494,0.631578947368421,0.7647368421052632,0.53,0,0,0,51.412601798399365,-24.98468828992308,44.823501796694366
158500,0.06,0,0.4039714135660499,0.631578947368421,0.7557787325456499,0.58,0,0,0,51.41244793191455,-24.984051438322503,44.82608025094626
158600,0.06,0,0.4039962527137275,0.631578947368421,0.7569817400644469,0.5,0,0,0,51.41003167353243,-24.98377027013645,44.82543086656008
158700,0.06,0,0.4039761813170248,0.631578947368421,0.7634479054779807,0.46,0,0,0,51.40756556677481,-24.985243409705937,44.82980845795877
158800,0.06,0,0.40403053418249457,0.631578947368421,0.7684640171858217,0.57,0,0,0,51.40182764766645,-24.988055367233017,44.82878127493286
158900,0.06,0,0.40395228815633133,0.631578947368421,0.7603222341568207,0.44,0,0,0,51.40679030932075,-24.98738543481094,44.83313618368659
159000,0.06,0,0.4039497061031035,0.631578947368421,0.7599462943071965,0.48,0,0,0,51.40768762446834,-24.9870179082903,44.83264019571065
159100,0.06,0,0.40403643015069807,0.631578947368421,0.7647690655209453,0.55,0,0,0,51.40156365833818,-24.986422781075763,44.82835733287528
159200,0.06,0,0.40408698348076205,0.631578947368421,0.760547798066595,0.47,0,0,0,51.40644027176926,-24.989834119567355,44.818497019063976
159300,0.06,0,0.4041340212202499,0.631578947368421,0.755295381310419,0.58,0,0,0,51.40339959354226,-24.99200266951352,44.81593138104605
159400,0.06,0,0.40405789526225516,0.631578947368421,0.7585499462943072,0.54,0,0,0,51.41095247223834,-24.992757784552538,44.817789631080046
159500,0.06,0,0.4040464346424683,0.631578947368421,0.7655961331901181,0.43,0,0,0,51.40940321787631,-24.99312022812951,44.82041152052502
159600,0.06,0,0.4039898135517529,0.631578947368421,0.7600107411385607,0.52,0,0,0,51.411355164028585,-24.9925642344487,44.824991369172004
159700,0.06,0,0.4039814839437562,0.631578947368421,0.7673254564983888,0.66,0,0,0,51.40320838622143,-24.992171964197738,44.83301996370764
159800,0.06,0,0.4039372107800463,0.631578947368421,0.7664339419978518,0.58,0,0,0,51.40521135921124,-24.994175544041944,44.83618676232873
159900,0.06,0,0.4039749757932104,0.631578947368421,0.7624489795918368,0.47,0,0,0,51.408417150917316,-24.99552884880427,44.82919962581096
160000,0.06,0,0.4038518651720919,0.631578947368421,0.7684640171858217,0.47,0,0,0,51.409367770300456,-24.99726132034012,44.84203620841595
160100,0.06,0,0.40386912512952233,0.631578947368421,0.7657894736842106,0.53,0,0,0,51.41192700113893,-24.9974796269829,44.83788772293583
160200,0.06,0,0.4039268879054572,0.631578947368421,0.7638453276047261,0.42,0,0,0,51.409518099362735,-24.99720069003057,44.83357644202898
160300,0.06,0,0.4039626207257118,0.631578947368421,0.7670247046186895,0.5,0,0,0,51.40453430187341,-24.99834186915098,44.8339569962767
160400,0.06,0,0.40399550252210037,0.631578947368421,0.771031149301826,0.58,0,0,0,51.408379129544166,-24.999490196929322,44.82695503929699
160500,0.06,0,0.40406949896276406,0.631578947368421,0.7631901181525241,0.55,0,0,0,51.402161469483346,-24.99976412411967,44.824167291640464
160600,0.06,0,0.40414004793143044,0.631578947368421,0.7576691729323308,0.51,0,0,0,51.399995391677066,-24.99841263060819,44.81823116407856
160700,0.06,0,0.4041720859523914,0.631578947368421,0.7542964554242749,0.48,0,0,0,51.399770739622404,-24.998802639195343,44.8148743712592
160800,0.06,0,0.40427187546911353,0.631578947368421,0.7594522019334049,0.57,0,0,0,51.38997221572958,-24.998854590338958,44.81235511438071
160900,0.06,0,0.40424309722704965,0.631578947368421,0.7609989258861439,0.49,0,0,0,51.39143725318103,-25.000241926661246,44.81426774973146
161000,0.06,0,0.40425236824112687,0.631578947368421,0.7644790547798067,0.45,0,0,0,51.3886411287184,-25.000416088166787,44.81567833960194
161100,0.06,0,0.40422200214230936,0.631578947368421,0.7629323308270677,0.51,0,0,0,51.38885397206209,-24.9968221240918,44.81885936541669
161200,0.06,0,0.4041882924838633,0.631578947368421,0.7652309344790548,0.46,0,0,0,51.385305648452125,-24.99410722688266,44.82569244474556
161300,0.06,0,0.40421962173155634,0.631578947368421,0.7564124597207303,0.45,0,0,0,51.38236274820446,-24.993269561925942,44.82478537772538
161400,0.06,0,0.40416745886187533,0.631578947368421,0.7629001074113856,0.53,0,0,0,51.387380558014435,-24.99324646990529,44.826193018628054
161500,0.06,0,0.40420353022505556,0.631578947368421,0.7568098818474759,0.47,0,0,0,51.38324169090605,-24.994952970616776,44.82580308391233
161600,0.06,0,0.4042432802777683,0.631578947368421,0.7568206229860365,0.53,0,0,0,51.3805051596764,-24.996363702392642,44.82378246510065
161700,0.06,0,0.4042858573400651,0.631578947368421,0.7567776584317938,0.51,0,0,0,51.37793876888151,-24.998201303284596,44.82130064890212
161800,0.06,0,0.40431595470838483,0.631578947368421,0.7597314715359829,0.54,0,0,0,51.376018859209694,-24.99615626802897,44.81963897817252
161900,0.06,0,0.4042316199347763,0.631578947368421,0.7595166487647691,0.45,0,0,0,51.37622857906578,-24.9970022383487,44.82880669801295
162000,0.06,0,0.4042185714481518,0.631578947368421,0.7588829215896885,0.52,0,0,0,51.38283089025483,-24.99477134526542,44.824493452576924
162100,0.06,0,0.40422925296276013,0.631578947368421,0.7570247046186895,0.51,0,0,0,51.376576736989165,-24.993962160018725,44.82876540577771
162200,0.06,0,0.40416191414517655,0.631578947368421,0.7580665950590763,0.54,0,0,0,51.38104043976685,-24.99405288617025,44.83233935582677
162300,0.06,0,0.40416418216931443,0.631578947368421,0.7640494092373792,0.47,0,0,0,51.38003910780383,-24.99549211937591,44.83296149352569
162400,0.06,0,0.4041696607889543,0.631578947368421,0.7561117078410311,0.48,0,0,0,51.38787998488369,-24.99651339736688,44.82551315135002
162500,0.06,0,0.40404975443994046,0.631578947368421,0.7600107411385607,0.55,0,0,0,51.39010762646827,-24.996783957550402,44.83687197265091
162600,0.06,0,0.4039689153901966,0.631578947368421,0.7632223415682062,0.57,0,0,0,51.39055393772672,-24.99817232774604,44.845454898777646
162700,0.06,0,0.4040480011336736,0.631578947368421,0.7696133190118153,0.54,0,0,0,51.39236076952483,-24.997997434415538,44.835100789643015
162800,0.06,0,0.40406875672545883,0.631578947368421,0.7589044038668099,0.53,0,0,0,51.38988197824877,-24.998161813154365,44.83496027838334
162900,0.06,0,0.4041894936536439,0.631578947368421,0.7606337271750806,0.54,0,0,0,51.384409462710536,-24.998507423429185,44.82634102589293
163000,0.06,0,0.4043631649398691,0.631578947368421,0.7566272824919441,0.56,0,0,0,51.37528894066694,-24.999081390252766,44.81504289737968
163100,0.06,0,0.404408329059437,0.631578947368421,0.7544790547798067,0.47,0,0,0,51.36904651794879,-25.000074240871907,44.81548334066882
163200,0.06,0,0.4044779925357666,0.631578947368421,0.7604833512352309,0.42,0,0,0,51.3654082480569,-24.999637912902475,44.81093852889841
163300,0.06,0,0.4045306517288365,0.631578947368421,0.7546186895810956,0.57,0,0,0,51.35795969889247,-24.99955513464394,44.81160350511549
163400,0.06,0,0.40458674416789703,0.631578947368421,0.7616648764769065,0.57,0,0,0,51.34841693478589,-24.99946152359055,44.81371755130055
163500,0.06,0,0.40467216153744195,0.631578947368421,0.7641138560687433,0.34,0,0,0,51.349735671093235,-25.000719717250597,44.80310772487147
163600,0.06,0,0.40465891883681027,0.631578947368421,0.7555209452201933,0.46,0,0,0,51.34504714352078,-25.000445245267557,44.8086652229141
163700,0.06,0,0.40469906647825227,0.631578947368421,0.7529645542427498,0.41,0,0,0,51.34367132042946,-25.000972868566354,44.805420627554305
163800,0.06,0,0.4046244527477869,0.631578947368421,0.7572395273899033,0.58,0,0,0,51.34426748814541,-24.99823105932816,44.81316251589051
163900,0.06,0,0.4046729632811848,0.631578947368421,0.7556390977443609,0.56,0,0,0,51.34467436915346,-24.998215671512778,44.80743541850019
164000,0.06,0,0.404672692538885,0.631578947368421,0.7535553168635876,0.52,0,0,0,51.347197844586056,-24.997438683057933,44.80526331840981
164100,0.06,0,0.40469871410545405,0.631578947368421,0.7588936627282492,0.49,0,0,0,51.344568759403096,-24.997804817397334,44.80467649630593
164200,0.06,0,0.4046615614494457,0.631578947368421,0.7656820622986037,0.48,0,0,0,51.345400008832925,-24.99787407468187,44.8080646628649
164300,0.06,0,0.4047503102724926,0.631578947368421,0.7630504833512353,0.59,0,0,0,51.34083045162465,-24.99975277966389,44.80222692277242
164400,0.06,0,0.4047785941875755,0.631578947368421,0.7583780880773362,0.52,0,0,0,51.342695747540034,-24.99967918085992,44.797468801030405
164500,0.06,0,0.40472744925259235,0.631578947368421,0.7646938775510204,0.57,0,0,0,51.352245380262374,-25.000174854179512,44.79479806721806
164600,0.06,0,0.4046245005259057,0.631578947368421,0.7560580021482277,0.57,0,0,0,51.35760604881791,-24.99864111235804,44.801518383236456
164700,0.06,0,0.40460985129016375,0.631578947368421,0.7599892588614393,0.51,0,0,0,51.37031689879019,-24.999368802335397,44.79205456330487
164800,0.06,0,0.4045581573836833,0.631578947368421,0.7610418904403867,0.57,0,0,0,51.37336318738738,-24.99745883466862,44.79512165698456
164900,0.06,0,0.40453529942399774,0.631578947368421,0.7574650912996778,0.43,0,0,0,51.36864081899015,-24.998451269469637,44.80177106246021
165000,0.06,0,0.4044652109858146,0.631578947368421,0.7559935553168636,0.44,0,0,0,51.369348768656366,-24.99886833108892,44.80891706792872
165100,0.06,0,0.4044542447581886,0.631578947368421,0.7602148227712138,0.36,0,0,0,51.38442307596316,-24.999031408656744,44.796986349718836
165200,0.06,0,0.4043242776754014,0.631578947368421,0.7643394199785177,0.5,0,0,0,51.39152314711823,-24.999562984203404,44.80519503077049
165300,0.06,0,0.4042992452664895,0.631578947368421,0.7566487647690655,0.54,0,0,0,51.388866171836106,-24.998136965458908,44.81028588994946
165400,0.06,0,0.4042411536261598,0.631578947368421,0.7600537056928034,0.42,0,0,0,51.393739735069225,-24.997249210941533,44.8124754920005
165500,0.06,0,0.4041813594475904,0.631578947368421,0.765671321160043,0.53,0,0,0,51.39194412141934,-25.000300195569253,44.82067096529475
165600,0.06,0,0.4042099936217155,0.631578947368421,0.7668421052631579,0.5,0,0,0,51.38309761574606,-24.99989951516522,44.82521199746045
165700,0.06,0,0.40415719553695123,0.631578947368421,0.7598174006444683,0.57,0,0,0,51.387882918716656,-25.00025666633161,44.82689312672346
165800,0.06,0,0.40419903044399286,0.631578947368421,0.7624167561761547,0.5,0,0,0,51.38362991806862,-25.002818262036875,44.82596342757735
165900,0.06,0,0.40419441991442795,0.631578947368421,0.7581632653061224,0.53,0,0,0,51.383742844037656,-25.004508882958902,44.826376229385765
166000,0.06,0,0.4041844246484909,0.631578947368421,0.76203007518797,0.5,0,0,0,51.38822836432787,-25.005346448759827,44.82357190866404
166100,0.06,0,0.404321270282373,0.631578947368421,0.7606337271750806,0.55,0,0,0,51.38223089559058,-25.00820954420453,44.8136311811621
166200,0.06,0,0.40434818473156586,0.631578947368421,0.7604618689581095,0.5,0,0,0,51.371347563100095,-25.00840835314385,44.82014167970585
166300,0.06,0,0.4043317586959747,0.631578947368421,0.762406015037594,0.59,0,0,0,51.367808547295624,-25.010347542378163,44.825050540216694
166400,0.06,0,0.4043482107150996,0.631578947368421,0.7594092373791622,0.61,0,0,0,51.37059284635563,-25.0110684578589,44.8207972795751
166500,0.06,0,0.40426406322595265,0.631578947368421,0.7624704618689581,0.42,0,0,0,51.37515878924163,-25.011412312239173,44.82614246388241
166600,0.06,0,0.40425827521504254,0.631578947368421,0.7567454350161117,0.57,0,0,0,51.37782032767533,-25.013845068017417,44.824462093522634
166700,0.06,0,0.40423779498267975,0.631578947368421,0.7497314715359829,0.44,0,0,0,51.37028714396264,-25.013586120569418,44.833306677926096
166800,0.06,0,0.40426736054434276,0.631578947368421,0.7550483351235231,0.44,0,0,0,51.37044857912887,-25.014323551555435,44.829886971568946
166900,0.06,0,0.4042237307572938,0.631578947368421,0.7539312567132116,0.48,0,0,0,51.36764493044368,-25.015986262548562,44.83717275579966
167000,0.06,0,0.40430185985845624,0.631578947368421,0.756219119226638,0.46,0,0,0,51.37289868916398,-25.014937439207916,44.823923737119735
167100,0.06,0,0.404249244891757,0.631578947368421,0.7607733619763695,0.41,0,0,0,51.37847063774111,-25.016492997009017,44.82489603791319
167200,0.06,0,0.4041958243201356,0.631578947368421,0.7642212674543502,0.56,0,0,0,51.37552699481424,-25.01663065437137,44.83338897717896
167300,0.06,0,0.40420830996270785,0.631578947368421,0.7593662728249194,0.54,0,0,0,51.372015909847825,-25.015183793642734,44.83506821249354
167400,0.06,0,0.40421349721511407,0.631578947368421,0.7628141783029001,0.53,0,0,0,51.378776734232574,-25.011503017903173,44.82859317028344
167500,0.06,0,0.40418078552122094,0.631578947368421,0.7584640171858217,0.64,0,0,0,51.38298445184784,-25.008888676808805,44.82855001719477
167600,0.06,0,0.40416412472660684,0.631578947368421,0.7567132116004296,0.49,0,0,0,51.381831526287904,-25.008962103357064,44.83140389945413
167700,0.06,0,0.4042521264893664,0.631578947368421,0.7636627282491945,0.58,0,0,0,51.372123584793364,-25.00744335242296,44.830114616302524
167800,0.06,0,0.40425991008175755,0.631578947368421,0.7566058002148228,0.57,0,0,0,51.367444501318815,-25.009862497386617,44.833334976920284
167900,0.06,0,0.40421828111467123,0.631578947368421,0.7600966702470462,0.51,0,0,0,51.37436525581906,-25.008841805778037,44.83191197881373
168000,0.06,0,0.4042588760487068,0.631578947368421,0.7600966702470462,0.61,0,0,0,51.37792223618291,-25.00699698538503,44.824306563195954
168100,0.06,0,0.40434018247470244,0.631578947368421,0.7587540279269602,0.49,0,0,0,51.36671102020226,-25.00754452580731,44.82507441695182
168200,0.06,0,0.4044147690508815,0.631578947368421,0.7507733619763695,0.49,0,0,0,51.36685506667245,-25.007286531267866,44.81668161016372
168300,0.06,0,0.4043588694010812,0.631578947368421,0.7584317937701396,0.46,0,0,0,51.36997206117787,-25.007462903462955,44.820157453851145
168400,0.06,0,0.4042250311675161,0.631578947368421,0.7623415682062299,0.51,0,0,0,51.37942444978136,-25.005619237712402,44.82674893763754
168500,0.06,0,0.40426470262542996,0.631578947368421,0.7642105263157895,0.49,0,0,0,51.37973990047584,-25.00558859283566,44.82207479103287
168600,0.06,0,0.404314600102808,0.631578947368421,0.7545542427497315,0.48,0,0,0,51.377727981276166,-25.001119788438135,44.818298173898846
168700,0.06,0,0.40420396686282634,0.631578947368421,0.7586036519871107,0.59,0,0,0,51.39246101573272,-25.001244842434467,44.81771334185245
168800,0.06,0,0.4042821541616269,0.631578947368421,0.7595810955961332,0.45,0,0,0,51.388722217418724,-25.00150209489349,44.812305784951455
168900,0.06,0,0.404209884802293,0.631578947368421,0.7597422126745434,0.5,0,0,0,51.39139005305323,-24.999640837477465,44.81799113443484
169000,0.06,0,0.4042509741712258,0.631578947368421,0.765671321160043,0.46,0,0,0,51.38203171244788,-25.000470566653828,44.82159767514147
169100,0.06,0,0.40417987056007215,0.631578947368421,0.7663050483351235,0.45,0,0,0,51.38303321949419,-25.00305981691362,44.82860895082884
169200,0.06,0,0.4040335957042023,0.631578947368421,0.760891514500537,0.57,0,0,0,51.393709558342906,-25.001827962597986,44.83552263699112
169300,0.06,0,0.40406621259788544,0.631578947368421,0.756938775510204,0.5,0,0,0,51.386120969465566,-25.00324921953754,44.838524115875906
169400,0.06,0,0.40406654074725734,0.631578947368421,0.7499140708915145,0.48,0,0,0,51.38752828517059,-25.002955705353056,44.83725974020952
169500,0.06,0,0.40416940097221865,0.631578947368421,0.7564661654135338,0.48,0,0,0,51.37710982713771,-25.003300032938615,44.83493872289972
169600,0.06,0,0.4041813938795218,0.631578947368421,0.7587325456498388,0.46,0,0,0,51.37506450724216,-25.001267699206206,44.8353932710173
169700,0.06,0,0.404093781291443,0.631578947368421,0.7626960257787325,0.46,0,0,0,51.388995233474624,-25.000693945691303,44.83295735947967
169800,0.06,0,0.40410513871652537,0.631578947368421,0.7566487647690655,0.5,0,0,0,51.384587909776364,-25.00092628573026,44.83554259730105
169900,0.06,0,0.4041471815899994,0.631578947368421,0.7519656283566059,0.41,0,0,0,51.39016711026098,-25.002674187850793,44.82601132982671
170000,0.06,0,0.40422795691707414,0.631578947368421,0.7567561761546724,0.59,0,0,0,51.39202736058287,-25.001458768451283,44.81543166504257
170100,0.06,0,0.4041689548479862,0.631578947368421,0.7599140708915145,0.58,0,0,0,51.39733881737665,-25.000408506270187,44.81734203497124
170200,0.06,0,0.404342967751918,0.631578947368421,0.767593984962406,0.46,0,0,0,51.38825553881434,-25.000738306039082,44.80597286735103
170300,0.06,0,0.4042544889638552,0.631578947368421,0.7682277121374865,0.55,0,0,0,51.39018568015951,-25.001402168160645,44.81409629107187
170400,0.06,0,0.40424095032992985,0.631578947368421,0.7576369495166487,0.49,0,0,0,51.386240421970754,-24.99909551489992,44.819037969049575
170500,0.06,0,0.40424267954664345,0.631578947368421,0.7603007518796993,0.48,0,0,0,51.38344487031812,-24.99906204574803,44.82128464815348
170600,0.06,0,0.40436786965462646,0.631578947368421,0.7636305048335124,0.61,0,0,0,51.37093541904972,-24.997798026975484,44.81831937265297
170700,0.06,0,0.4043355758759002,0.631578947368421,0.761578947368421,0.57,0,0,0,51.370077246600744,-24.997639501057066,44.82264773661669
170800,0.06,0,0.40426257360603035,0.631578947368421,0.7599785177228786,0.58,0,0,0,51.37219124128525,-24.999571066979833,44.828897059240376
170900,0.06,0,0.40425568710805165,0.631578947368421,0.7589366272824919,0.53,0,0,0,51.38115644023641,-24.998197251086,44.821838653169934
171000,0.06,0,0.4042363259632876,0.631578947368421,0.7600214822771214,0.5,0,0,0,51.38735661107458,-24.99600524348962,44.81857715885949
171100,0.06,0,0.40414290335673164,0.631578947368421,0.7612889366272825,0.45,0,0,0,51.39424257491523,-24.99420353473443,44.82293120120542
171200,0.06,0,0.4042093297154678,0.631578947368421,0.7656820622986037,0.42,0,0,0,51.39217181602221,-24.99252885592726,44.81737092209133
171300,0.06,0,0.4042160505052605,0.631578947368421,0.7696885069817401,0.54,0,0,0,51.38637682794371,-24.990561930062334,44.821679854451865
171400,0.06,0,0.4042836350836995,0.631578947368421,0.7602148227712138,0.54,0,0,0,51.37640713073266,-24.99171622100782,44.82288324558746
171500,0.06,0,0.40417959766175987,0.631578947368421,0.7602040816326531,0.51,0,0,0,51.386971551034854,-24.991366795542707,44.825203522083264
171600,0.06,0,0.4041919089267091,0.631578947368421,0.7639634801288937,0.51,0,0,0,51.385197220342434,-24.992026545427695,44.8253859600151
171700,0.06,0,0.4042121856400315,0.631578947368421,0.7581847475832438,0.58,0,0,0,51.37941685881783,-24.994405670251563,44.82818011754301
171800,0.06,0,0.4042278204269353,0.631578947368421,0.762545649838883,0.49,0,0,0,51.38207274455376,-24.99321477096653,44.82412921393503
171900,0.06,0,0.4042516142704207,0.631578947368421,0.7531149301825993,0.62,0,0,0,51.38708765348039,-24.99321275691291,44.81711674392524
172000,0.06,0,0.40418375111174903,0.631578947368421,0.7554779806659506,0.47,0,0,0,51.39711957459949,-24.993109803372892,44.815892540914575
172100,0.06,0,0.4042606314676692,0.631578947368421,0.7618259935553169,0.62,0,0,0,51.39536175684514,-24.99245175722377,44.808902164607034
172200,0.06,0,0.4042671672223291,0.631578947368421,0.7659291084854994,0.49,0,0,0,51.40155525888754,-24.99506200953106,44.802778693219345
172300,0.06,0,0.4043437742614104,0.631578947368421,0.7570354457572502,0.48,0,0,0,51.39511175194945,-24.993483225879114,44.7999063001642
172400,0.06,0,0.40443450184005175,0.631578947368421,0.7623523093447906,0.62,0,0,0,51.385026313812645,-24.992895146651136,44.79864724142294
172500,0.06,0,0.4045435179565442,0.631578947368421,0.7566809881847476,0.57,0,0,0,51.37941465272792,-24.9926489893889,44.79146652289292
172600,0.06,0,0.40439895022942446,0.631578947368421,0.7611493018259936,0.5,0,0,0,51.398895900429515,-24.990255713402934,44.79049596576973
172700,0.06,0,0.40444959100681754,0.631578947368421,0.7559828141783029,0.55,0,0,0,51.39091611792863,-24.99075334715184,44.79184181117956
172800,0.06,0,0.4044862474908233,0.631578947368421,0.7495166487647691,0.53,0,0,0,51.38320068424499,-24.99177666973736,44.794507659678416
172900,0.06,0,0.4045899045967559,0.631578947368421,0.7543931256713211,0.49,0,0,0,51.386559865810874,-24.99086973646817,44.78010367353628
173000,0.06,0,0.40455199678917503,0.631578947368421,0.7619441460794845,0.51,0,0,0,51.385086225884955,-24.988977686095875,44.78558405174491
173100,0.06,0,0.40460128853363014,0.631578947368421,0.7547153598281418,0.42,0,0,0,51.38492079530728,-24.986788158550304,44.780272082826535
173200,0.06,0,0.4045348271093447,0.631578947368421,0.7638453276047261,0.57,0,0,0,51.390849048024556,-24.98495851089422,44.78246254733507
173300,0.06,0,0.40455831837232764,0.631578947368421,0.7654457572502685,0.55,0,0,0,51.39042115089074,-24.98260125080066,44.78023504396099
173400,0.06,0,0.40452558290784774,0.631578947368421,0.7564124597207303,0.43,0,0,0,51.39424029265103,-24.98452603428892,44.78053087971915
173500,0.06,0,0.40454411963532,0.631578947368421,0.7565520945220193,0.43,0,0,0,51.3876126870559,-24.984997151282823,44.78425418563393
173600,0.06,0,0.40444078819767343,0.631578947368421,0.7572073039742213,0.55,0,0,0,51.40151732361458,-24.983323695200482,44.78357851570565
173700,0.06,0,0.40442734897173105,0.631578947368421,0.7572180451127819,0.58,0,0,0,51.40147141783302,-24.98537273141935,44.7851066824446
173800,0.06,0,0.4043324391904679,0.631578947368421,0.7585177228786252,0.51,0,0,0,51.40587703681828,-24.9855603052975,44.791780079741194
173900,0.06,0,0.4043866316128425,0.631578947368421,0.760547798066595,0.51,0,0,0,51.40348891560756,-24.985254048818557,44.78785814343598
174000,0.06,0,0.40436324547920255,0.631578947368421,0.7514715359828141,0.46,0,0,0,51.401140717523774,-24.985709937839623,44.792494622148084
174100,0.06,0,0.40442129434516494,0.631578947368421,0.7534479054779807,0.51,0,0,0,51.40366512071934,-24.98556706065025,44.78386588630299
174200,0.06,0,0.4043929790134255,0.631578947368421,0.7520730397422126,0.55,0,0,0,51.412559189093294,-24.98475402147191,44.77925373714517
174300,0.06,0,0.4043391915679391,0.631578947368421,0.7603329752953814,0.63,0,0,0,51.41844157875562,-24.98476465226117,44.78008698968344
174400,0.06,0,0.40431256330574955,0.631578947368421,0.7629860365198711,0.6,0,0,0,51.4284732210365,-24.986684199978935,44.77430084964935
174500,0.06,0,0.4043176275277254,0.631578947368421,0.767422126745435,0.56,0,0,0,51.43052427959253,-24.986245076591153,44.771954450815386
174600,0.06,0,0.40430832315815657,0.631578947368421,0.759108485499463,0.48,0,0,0,51.43423178499292,-24.9871396975725,44.769757443851354
174700,0.06,0,0.4041806248180447,0.631578947368421,0.7635875402792696,0.56,0,0,0,51.44334739192277,-24.986076050208617,44.77596659546292
174800,0.06,0,0.40413990631146113,0.631578947368421,0.7606766917293233,0.58,0,0,0,51.44879858768003,-24.9846867431123,44.77573326859054
174900,0.06,0,0.40408584955240523,0.631578947368421,0.7520515574650913,0.45,0,0,0,51.44749725632403,-24.98517226041915,44.782855886535195
175000,0.06,0,0.40403434919145514,0.631578947368421,0.7538238453276047,0.52,0,0,0,51.44782376928032,-24.985387953717876,44.78827989680286
175100,0.06,0,0.40401249345306517,0.631578947368421,0.7640494092373792,0.5,0,0,0,51.44949151030472,-24.985065664368854,44.789250898828115
175200,0.06,0,0.40400665941639025,0.631578947368421,0.7610955961331901,0.52,0,0,0,51.44092311962716,-24.98303032768743,44.79735822101043
175300,0.06,0,0.40398702273042125,0.631578947368421,0.765359828141783,0.46,0,0,0,51.44148526139223,-24.980229847955364,44.799046136110505
175400,0.06,0,0.403973570874257,0.631578947368421,0.7658109559613319,0.5,0,0,0,51.43920922479318,-24.979084649299104,44.80252018746537
175500,0.06,0,0.4039407410457767,0.631578947368421,0.7625134264232009,0.55,0,0,0,51.435794568153256,-24.97818440093854,44.809135998463624
175600,0.06,0,0.4039963701416274,0.631578947368421,0.7624704618689581,0.53,0,0,0,51.43123491433277,-24.98131124211946,44.80693793636572
175700,0.06,0,0.4041033629303357,0.631578947368421,0.767905477980666,0.58,0,0,0,51.42880826965585,-24.982569916600223,44.79718822232679
175800,0.06,0,0.4041517178344633,0.631578947368421,0.7602363050483352,0.47,0,0,0,51.430716616447306,-24.98210728529796,44.79016643414562
175900,0.06,0,0.4042255225105457,0.631578947368421,0.7706659505907626,0.61,0,0,0,51.42078675904389,-24.98392728683437,44.790636355247564
176000,0.06,0,0.40420195073271264,0.631578947368421,0.7634479054779807,0.52,0,0,0,51.42399681131685,-24.982119113868634,44.79045226382483
176100,0.06,0,0.40422690238778114,0.631578947368421,0.7581632653061224,0.5,0,0,0,51.41690412730851,-24.98240890771239,44.793865709513405
176200,0.06,0,0.404340303954779,0.631578947368421,0.7609774436090225,0.59,0,0,0,51.41295504699836,-24.98263284561219,44.7847424868165
176300,0.06,0,0.40439296568427313,0.631578947368421,0.7601074113856069,0.48,0,0,0,51.41173443344847,-24.98281387493633,44.779973569412846
176400,0.06,0,0.40441308611896,0.631578947368421,0.7604189044038668,0.46,0,0,0,51.41012057069566,-24.982811751796774,44.77915132760635
176500,0.06,0,0.4044851902586775,0.631578947368421,0.7639742212674544,0.44,0,0,0,51.403551777696826,-24.982093715054116,44.776890178016856
176600,0.06,0,0.4045370488620395,0.631578947368421,0.7624597207303975,0.5,0,0,0,51.40272828682952,-24.985103472025052,44.77186736839445
176700,0.06,0,0.40460107610524676,0.631578947368421,0.7641997851772288,0.5,0,0,0,51.402456958347635,-24.98586897548366,44.76501860887615
176800,0.06,0,0.40464306357205326,0.631578947368421,0.7618474758324383,0.57,0,0,0,51.393526819024764,-24.986504375626442,44.768151164803726
176900,0.06,0,0.4046340156911959,0.631578947368421,0.7564124597207303,0.43,0,0,0,51.38856747220976,-24.986352085626052,44.773472738053236
177000,0.06,0,0.4047074129890469,0.631578947368421,0.7558539205155747,0.51,0,0,0,51.389251654547465,-24.986268414004435,44.764756675985424
177100,0.06,0,0.40468550929015384,0.631578947368421,0.7685714285714286,0.42,0,0,0,51.393938904005665,-24.986920578773713,44.76309670577943
177200,0.06,0,0.4046285593663825,0.631578947368421,0.760375939849624,0.51,0,0,0,51.40455670781869,-24.986566503869124,44.76014965391534
177300,0.06,0,0.4046094389360865,0.631578947368421,0.7541675617615468,0.54,0,0,0,51.40440409033464,-24.987738852874838,44.762397759664005
177400,0.06,0,0.4047123492169867,0.631578947368421,0.759828141783029,0.54,0,0,0,51.39915575939423,-24.9877669753316,44.75558506853818
177500,0.06,0,0.4045988443274242,0.631578947368421,0.7580236305048336,0.49,0,0,0,51.41274055159323,-24.987605150303725,44.756311570781314
177600,0.06,0,0.40459503278870546,0.631578947368421,0.7583243823845328,0.5,0,0,0,51.427280872753066,-24.986087379787513,44.74407888316394
177700,0.06,0,0.4046384701770427,0.631578947368421,0.7505263157894737,0.53,0,0,0,51.420575998315506,-24.986313630133413,44.74510934805014
177800,0.06,0,0.4045343141546158,0.631578947368421,0.7545757250268529,0.61,0,0,0,51.435360285119266,-24.987200590162857,44.74376534406704
177900,0.06,0,0.40454191858679367,0.631578947368421,0.7577980665950591,0.53,0,0,0,51.429728960431056,-24.98688068666274,44.747823416564344
178000,0.06,0,0.40446828065836854,0.631578947368421,0.7640171858216971,0.54,0,0,0,51.43072661323154,-24.98726050741305,44.75510207729445
178100,0.06,0,0.40448978789691603,0.631578947368421,0.759484425349087,0.58,0,0,0,51.423270427710364,-24.98757465073015,44.759211371898274
178200,0.06,0,0.4044696524082642,0.631578947368421,0.7516970998925886,0.55,0,0,0,51.43270101007818,-24.987690959661833,44.75323223978379
178300,0.06,0,0.4044810870331126,0.631578947368421,0.7513641245972073,0.43,0,0,0,51.43820141765575,-24.988649808098103,44.7471816391974
178400,0.06,0,0.404582924261595,0.631578947368421,0.7523523093447906,0.55,0,0,0,51.43054721190453,-24.98722887615754,44.742576234153645
178500,0.06,0,0.4045996500665281,0.631578947368421,0.7577551020408163,0.53,0,0,0,51.43168934734509,-24.988088946645387,44.73973306387679
178600,0.06,0,0.4045683923132506,0.631578947368421,0.7569602577873255,0.5,0,0,0,51.4384634654367,-24.98777149895106,44.7372973508673
178700,0.06,0,0.404534593576109,0.631578947368421,0.760515574650913,0.59,0,0,0,51.44024715601379,-24.989193798945802,44.73948374248928
178800,0.06,0,0.4044597219073696,0.631578947368421,0.7630290010741139,0.46,0,0,0,51.448116501315475,-24.99109762375398,44.74092122359456
178900,0.06,0,0.4044689490513336,0.631578947368421,0.7602255639097745,0.57,0,0,0,51.438522365961894,-24.99178908844886,44.748245281212775
179000,0.06,0,0.4045819104048345,0.631578947368421,0.7600322234156821,0.58,0,0,0,51.44015555952597,-24.991572286746305,44.734331007800044
179100,0.06,0,0.40452185298396826,0.631578947368421,0.759624060150376,0.49,0,0,0,51.447446926158655,-24.99153033178409,44.734631605023765
179200,0.06,0,0.404419823437086,0.631578947368421,0.7618796992481203,0.46,0,0,0,51.45756693097938,-24.993217735365118,44.73711749101653
179300,0.06,0,0.404368039982805,0.631578947368421,0.7581525241675617,0.6,0,0,0,51.45787260581275,-24.99557489136942,44.74258074986211
179400,0.06,0,0.4042843439995022,0.631578947368421,0.7534586466165414,0.49,0,0,0,51.4619593044327,-24.996508183203282,44.748289639145646
179500,0.06,0,0.4041608203826186,0.631578947368421,0.7572180451127819,0.47,0,0,0,51.46941473401687,-24.995394578343756,44.75548220827344
179600,0.06,0,0.40420519002712346,0.631578947368421,0.7639957035445757,0.56,0,0,0,51.46738769918841,-24.994357175188895,44.75233188848875
179700,0.06,0,0.4041670539802149,0.631578947368421,0.7602255639097745,0.48,0,0,0,51.48043447811964,-24.992281542312146,44.74521185651109
179800,0.06,0,0.4042200542046181,0.631578947368421,0.7670354457572502,0.5,0,0,0,51.47402547869185,-24.993271934276134,44.744915455584064
179900,0.06,0,0.40426675322644184,0.631578947368421,0.7575725026852846,0.71,0,0,0,51.47306657935689,-24.992612496951587,44.740580193641954
180000,0.06,0,0.40425249521688206,0.631578947368421,0.756702470461869,0.48,0,0,0,51.46814626905327,-24.99376855340305,44.74643550822411
180100,0.06,0,0.4043638839272218,0.631578947368421,0.7546938775510204,0.46,0,0,0,51.46386209276837,-24.994210637911042,44.7378333127735
180200,0.06,0,0.4043671663715765,0.631578947368421,0.7573791621911923,0.56,0,0,0,51.45932778921335,-24.99344610442805,44.74141216574464
180300,0.06,0,0.4043879880277278,0.631578947368421,0.765843179377014,0.53,0,0,0,51.462586395254206,-24.993564239262852,44.73627558549884
180400,0.06,0,0.404346601746192,0.631578947368421,0.7586251342642321,0.6,0,0,0,51.45885985697859,-24.993407299420713,44.74409453395205
180500,0.06,0,0.4044759852854869,0.631578947368421,0.7690118152524168,0.62,0,0,0,51.44950587323256,-24.99467782053639,44.73791409678376
180600,0.06,0,0.4045114810164177,0.631578947368421,0.7615145005370569,0.56,0,0,0,51.44788176792298,-24.992821351531013,44.73540052288852
180700,0.06,0,0.40443211634317305,0.631578947368421,0.7593770139634801,0.58,0,0,0,51.453040819887086,-24.9886987272754,44.73969290459228
180800,0.06,0,0.40446424393616426,0.631578947368421,0.7602363050483352,0.47,0,0,0,51.45232899577001,-24.9906310891542,44.73675802847213
180900,0.06,0,0.4044650992162553,0.631578947368421,0.7602792696025779,0.41,0,0,0,51.45093390136409,-24.993060897299905,44.73787646498113
181000,0.06,0,0.40449813576293914,0.631578947368421,0.765907626208378,0.51,0,0,0,51.44797833677886,-24.994521670772972,44.73679246687398
181100,0.06,0,0.40462690169313703,0.631578947368421,0.7564983888292159,0.5,0,0,0,51.43496211162508,-24.995478904933346,44.73387328168571
181200,0.06,0,0.40471537655992734,0.631578947368421,0.7604940923737916,0.51,0,0,0,51.42486953141855,-24.99727480289772,44.73287149984271
181300,0.06,0,0.40477652803782793,0.631578947368421,0.7600859291084855,0.54,0,0,0,51.414156735421365,-24.997856616344965,44.73543275311589
181400,0.06,0,0.4046730025765781,0.631578947368421,0.7673039742212675,0.57,0,0,0,51.417432518663595,-24.99943063910431,44.74402638919825
181500,0.06,0,0.4046560798593249,0.631578947368421,0.7540279269602578,0.45,0,0,0,51.41521234477663,-24.999588181086395,44.74782976882295
181600,0.06,0,0.40465745510686685,0.631578947368421,0.7584640171858217,0.54,0,0,0,51.409200863526834,-24.99859992109946,44.75291021419237
181700,0.06,0,0.4046549761140478,0.631578947368421,0.7516756176154672,0.52,0,0,0,51.41767695810474,-24.998527425306364,44.74580691180873
181800,0.06,0,0.4046639672470194,0.631578947368421,0.7508700322234156,0.52,0,0,0,51.430025492745195,-24.99976818133908,44.73406932437132
181900,0.06,0,0.40470940873559047,0.631578947368421,0.7564661654135338,0.57,0,0,0,51.42155194607083,-24.999040094926706,44.736417220055245
182000,0.06,0,0.40472717746993303,0.631578947368421,0.7562083780880773,0.45,0,0,0,51.41735521558963,-24.998693425122507,44.738104423497006
182100,0.06,0,0.40473092545753664,0.631578947368421,0.765531686358754,0.47,0,0,0,51.42016021672021,-24.997056011817868,44.73524966053011
182200,0.06,0,0.4047386895198961,0.631578947368421,0.7583566058002148,0.53,0,0,0,51.41893564714291,-24.998213865693124,44.735456882215715
182300,0.06,0,0.4047916342942087,0.631578947368421,0.75656283566058,0.54,0,0,0,51.41446518777099,-24.9981772513442,44.733494916859314
182400,0.06,0,0.4048989630122143,0.631578947368421,0.7559505907626208,0.48,0,0,0,51.415168269038155,-24.99829698003242,44.721025621857606
182500,0.06,0,0.4048983988734945,0.631578947368421,0.7619548872180452,0.57,0,0,0,51.415391253137244,-24.997501773846416,44.72089397949034
182600,0.06,0,0.4049002126642917,0.631578947368421,0.7567883995703545,0.6,0,0,0,51.424964061867904,-24.996844381971606,44.71236884573846
182700,0.06,0,0.4049015590201643,0.631578947368421,0.7569817400644469,0.51,0,0,0,51.42696285192761,-24.99826551100385,44.71048235969642
182800,0.06,0,0.40486149266886,0.631578947368421,0.7550590762620838,0.43,0,0,0,51.43693895857557,-24.997125175585435,44.70623466794048
182900,0.06,0,0.40492078539359505,0.631578947368421,0.7506659505907626,0.44,0,0,0,51.42677845325499,-24.997739218670635,44.708519733629124
183000,0.06,0,0.40474741675125575,0.631578947368421,0.7573576799140709,0.55,0,0,0,51.443791495106154,-24.998295376094344,44.71287814051649
183100,0.06,0,0.40477916962703453,0.631578947368421,0.7574328678839957,0.42,0,0,0,51.44631546540532,-25.000071502734627,44.707177187738324
183200,0.06,0,0.4048272536403638,0.631578947368421,0.7612244897959184,0.6,0,0,0,51.440207601287256,-24.999571111637284,44.70717479299155
183300,0.06,0,0.40485687451140784,0.631578947368421,0.7546938775510204,0.59,0,0,0,51.44357523331132,-24.999169278001453,44.70097741042217
183400,0.06,0,0.4047933280236268,0.631578947368421,0.7599462943071965,0.63,0,0,0,51.449402180105075,-24.99735399880964,44.70293135131727
183500,0.06,0,0.40475373598006925,0.631578947368421,0.7541997851772287,0.51,0,0,0,51.445737306624004,-24.99630137262348,44.71048892860023
183600,0.06,0,0.40486204264194625,0.631578947368421,0.753297529538131,0.49,0,0,0,51.437896705729244,-24.996344432311854,44.70534153211249
183700,0.06,0,0.40484476575514694,0.631578947368421,0.7535553168635876,0.44,0,0,0,51.4408923522292,-24.994280330836702,44.70464583301208
183800,0.06,0,0.4048560805716151,0.631578947368421,0.7571321160042964,0.58,0,0,0,51.445864525674125,-24.993842996732337,44.69907591575806
183900,0.06,0,0.4049136935947088,0.631578947368421,0.7668635875402793,0.6,0,0,0,51.4466192420228,-24.994305830476186,44.69206028387072
184000,0.06,0,0.4048444967744378,0.631578947368421,0.76312567132116,0.47,0,0,0,51.4469463194109,-24.99392489542725,44.69941495769086
184100,0.06,0,0.4048444234873338,0.631578947368421,0.7552846401718583,0.52,0,0,0,51.4419272816863,-24.993470811456785,44.70378424081218
184200,0.06,0,0.4048920486106929,0.631578947368421,0.7533404940923738,0.48,0,0,0,51.43530343001297,-24.992076698435014,44.7042822794728
184300,0.06,0,0.40485263438826113,0.631578947368421,0.7514607948442535,0.45,0,0,0,51.44170963767145,-24.99118665365871,44.70306672680098
184400,0.06,0,0.40488809796811914,0.631578947368421,0.7539312567132116,0.55,0,0,0,51.42475498268134,-24.989864471948437,44.713888482750846
184500,0.06,0,0.4049066171430668,0.631578947368421,0.7518367346938776,0.45,0,0,0,51.432931931294945,-24.989561181484994,44.704734996417855
184600,0.06,0,0.40489103133503346,0.631578947368421,0.7540923737916219,0.42,0,0,0,51.43673138087813,-24.992898097612652,44.703153545140154
184700,0.06,0,0.4048555231724929,0.631578947368421,0.7549624060150376,0.58,0,0,0,51.442087461618414,-24.993846740174074,44.70241942907403
184800,0.06,0,0.40485746090813274,0.631578947368421,0.7551987110633727,0.52,0,0,0,51.4381004939051,-24.994192865082614,44.705670342015715
184900,0.06,0,0.40481639938194613,0.631578947368421,0.7565843179377014,0.53,0,0,0,51.45045994202393,-24.993918183238325,44.69946464683666
185000,0.06,0,0.4048960211402097,0.631578947368421,0.7500107411385607,0.54,0,0,0,51.447275283287595,-24.995465606316678,44.69344102804811
185100,0.06,0,0.40495932322385475,0.631578947368421,0.7477443609022556,0.55,0,0,0,51.44822348534508,-24.995272079195917,44.68563109594985
185200,0.06,0,0.40488374594210286,0.631578947368421,0.751374865735768,0.48,0,0,0,51.445269470118184,-24.993525893008936,44.69653865354561
185300,0.06,0,0.4048139062043843,0.631578947368421,0.748141783029001,0.47,0,0,0,51.444730865672035,-24.991810837007243,44.704717872072365
185400,0.06,0,0.40488030052904567,0.631578947368421,0.7569172932330827,0.44,0,0,0,51.44497606856275,-24.991833452416653,44.697173923991755
185500,0.06,0,0.4048767725048023,0.631578947368421,0.7528893662728249,0.57,0,0,0,51.43723229476166,-24.99287985220999,44.704292537174084
185600,0.06,0,0.40483137258133295,0.631578947368421,0.7489795918367347,0.43,0,0,0,51.43411670783175,-24.992132085668082,44.712014148169814
185700,0.06,0,0.40489110784778887,0.631578947368421,0.755907626208378,0.44,0,0,0,51.431590803141766,-24.993335733809825,44.70761316839743
185800,0.06,0,0.40484865150161364,0.631578947368421,0.7502792696025778,0.5,0,0,0,51.43411106668105,-24.994677056162203,44.71011074531351
185900,0.06,0,0.40487376077053583,0.631578947368421,0.7561009667024705,0.52,0,0,0,51.42490651712665,-24.992308743392105,44.715340106095454
186000,0.06,0,0.40490808952089324,0.631578947368421,0.7528356605800215,0.56,0,0,0,51.423229682044244,-24.99109953932426,44.71300704575889
186100,0.06,0,0.4050083823473259,0.631578947368421,0.7550053705692803,0.48,0,0,0,51.412947961949236,-24.993136534892358,44.71087432844441
186200,0.06,0,0.4049783376871742,0.631578947368421,0.7603007518796993,0.47,0,0,0,51.41586915008494,-24.99507604873186,44.71165091994198
186300,0.06,0,0.40495849210589213,0.631578947368421,0.7634801288936627,0.6,0,0,0,51.41732812035253,-24.997313123525526,44.71257332119488
186400,0.06,0,0.40495850959376717,0.631578947368421,0.7598925886143931,0.52,0,0,0,51.41471761726679,-24.997014560270284,44.71484160224623
186500,0.06,0,0.4049032025205573,0.631578947368421,0.7493555316863587,0.47,0,0,0,51.42357534387732,-24.99739003377456,44.713246153739675
186600,0.06,0,0.4048866572986798,0.631578947368421,0.7533727175080559,0.45,0,0,0,51.42011015277971,-24.999724708979066,44.718086648473154
186700,0.06,0,0.4047898594277428,0.631578947368421,0.7596348012889367,0.45,0,0,0,51.42428827603328,-25.002820181125312,44.72514601040066
186800,0.06,0,0.40492658666183073,0.631578947368421,0.7615252416756176,0.5,0,0,0,51.419004834894764,-25.000501103280378,44.714638225583386
186900,0.06,0,0.40499134854846114,0.631578947368421,0.755359828141783,0.5,0,0,0,51.420301140039435,-25.001815823425776,44.706360863481606
187000,0.06,0,0.405014136389451,0.631578947368421,0.7526745435016112,0.43,0,0,0,51.421389576880024,-25.00219223378687,44.70289924438038
187100,0.06,0,0.4049901089379192,0.631578947368421,0.7515145005370569,0.51,0,0,0,51.42228867060032,-25.00134240158687,44.70476974504632
187200,0.06,0,0.4049752613024948,0.631578947368421,0.7586358754027926,0.54,0,0,0,51.42682247524666,-25.002287855860434,44.70246742816099
187300,0.06,0,0.40504441921777057,0.631578947368421,0.7601288936627283,0.54,0,0,0,51.422869159666384,-25.005765352207657,44.698270933280924
187400,0.06,0,0.4050400742407693,0.631578947368421,0.75312567132116,0.51,0,0,0,51.424982838079465,-25.003470092162207,44.69691320834528
187500,0.06,0,0.4049872404258641,0.631578947368421,0.7571213748657357,0.59,0,0,0,51.43200667318388,-25.004514593807382,44.69663942672786
187600,0.06,0,0.4050180484938315,0.631578947368421,0.7511600429645543,0.49,0,0,0,51.43045516764525,-25.004532717849127,44.69458779956772
187700,0.06,0,0.40508074173009667,0.631578947368421,0.7525134264232008,0.45,0,0,0,51.4286612207325,-25.00362959426581,44.68922934675726
187800,0.06,0,0.40509856781527764,0.631578947368421,0.7476476906552094,0.52,0,0,0,51.422936451031696,-25.003536119266833,44.6922377340662
187900,0.06,0,0.4051493600211056,0.631578947368421,0.7485499462943072,0.54,0,0,0,51.42272414342807,-25.00281707181406,44.68681931577959
188000,0.06,0,0.4052009035227971,0.631578947368421,0.7558002148227713,0.51,0,0,0,51.41349511566964,-25.00635234620439,44.68915546678519
188100,0.06,0,0.4051535311104461,0.631578947368421,0.7583458646616541,0.5,0,0,0,51.421838659513206,-25.003777805055233,44.68712876023246
188200,0.06,0,0.40509137879379714,0.631578947368421,0.7550805585392052,0.47,0,0,0,51.434366408365705,-25.00381021402635,44.683099002382484
188300,0.06,0,0.4050249680258346,0.631578947368421,0.7552094522019334,0.45,0,0,0,51.43905103363267,-25.00552526186884,44.68635554173781
188400,0.06,0,0.4050132984735398,0.631578947368421,0.7511063372717508,0.45,0,0,0,51.43221685347298,-25.004869814943103,44.69358105773533
188500,0.06,0,0.4049314601853604,0.631578947368421,0.7568313641245972,0.56,0,0,0,51.440006977390034,-25.003894239701705,44.69584400484343
188600,0.06,0,0.40489433306680084,0.631578947368421,0.755843179377014,0.41,0,0,0,51.438110902357366,-25.003195596351407,44.7015901244469
188700,0.06,0,0.40488056302278896,0.631578947368421,0.748936627282492,0.51,0,0,0,51.43498519598995,-25.007018534802768,44.705827041751554
188800,0.06,0,0.40498088888281303,0.631578947368421,0.7508592910848549,0.53,0,0,0,51.423239702114685,-25.005603016181016,44.704960724924135
188900,0.06,0,0.4050504502400036,0.631578947368421,0.7458431793770139,0.44,0,0,0,51.41415803465521,-25.005998905356712,44.70517853211078
189000,0.06,0,0.40501271739765454,0.631578947368421,0.7532330827067669,0.49,0,0,0,51.428854377697284,-25.006890927560388,44.69656730037021
189100,0.06,0,0.4050515675892421,0.631578947368421,0.7547690655209452,0.48,0,0,0,51.43368558158464,-25.00676946840578,44.688082286747694
189200,0.06,0,0.40493009565834515,0.631578947368421,0.76171858216971,0.53,0,0,0,51.446594759001144,-25.00766192673227,44.69027125885115
189300,0.06,0,0.4049054047469629,0.631578947368421,0.7511385606874329,0.43,0,0,0,51.44470468788352,-25.007424544166657,44.694638461607866
189400,0.06,0,0.4048837884583821,0.631578947368421,0.7548657357679914,0.6,0,0,0,51.43697568828888,-25.008489324648174,44.703740902039286
189500,0.06,0,0.40480892334650687,0.631578947368421,0.7592803437164339,0.51,0,0,0,51.44145975737006,-25.008164016742008,44.70811091057029
189600,0.06,0,0.404838796290121,0.631578947368421,0.7620837808807733,0.48,0,0,0,51.443575720102224,-25.00913960830339,44.70297312555386
189700,0.06,0,0.404849882060559,0.631578947368421,0.760139634801289,0.56,0,0,0,51.43787642703992,-25.00838837042864,44.706701983111245
189800,0.06,0,0.4049190182636463,0.631578947368421,0.7646723952738991,0.54,0,0,0,51.42890493745594,-25.009378769041824,44.7068662310635
189900,0.06,0,0.40492253547670554,0.631578947368421,0.7506015037593985,0.55,0,0,0,51.42808368400581,-25.01104270016825,44.70719181738868
190000,0.06,0,0.40500869101111503,0.631578947368421,0.750343716433942,0.44,0,0,0,51.41306999224584,-25.01117347370639,44.71073413117615
190100,0.06,0,0.4050246174496616,0.631578947368421,0.750375939849624,0.43,0,0,0,51.416192636036016,-25.01110857263865,44.70626071253699
190200,0.06,0,0.4051230702235118,0.631578947368421,0.7490762620837809,0.56,0,0,0,51.409936558855236,-25.010479705831553,44.70083520746158
190300,0.06,0,0.4051700176701684,0.631578947368421,0.7484425349087003,0.57,0,0,0,51.41288941089345,-25.01086503187831,44.69308862402463
190400,0.06,0,0.4050948022510844,0.631578947368421,0.7431793770139635,0.49,0,0,0,51.41698589058757,-25.009451089278613,44.69782551527942
190500,0.06,0,0.4050236669951018,0.631578947368421,0.751063372717508,0.45,0,0,0,51.42743829136774,-25.009146148050778,44.69658966702349
190600,0.06,0,0.40501159039938717,0.631578947368421,0.7609667024704618,0.56,0,0,0,51.42781883514734,-25.010124520479305,44.69759168009664
190700,0.06,0,0.4050221021342957,0.631578947368421,0.7512781954887218,0.46,0,0,0,51.432782838981325,-25.011431468153088,44.69211777285445
190800,0.06,0,0.4050680830641768,0.631578947368421,0.7576369495166487,0.48,0,0,0,51.42288374271376,-25.01032248500193,44.69564701051424
190900,0.06,0,0.4051133498976397,0.631578947368421,0.7460687432867884,0.45,0,0,0,51.41855211096008,-25.009334418474698,44.694417633761596
191000,0.06,0,0.40524446053638014,0.631578947368421,0.748109559613319,0.58,0,0,0,51.41388355577272,-25.01175290781869,44.6840145312804
191100,0.06,0,0.40521173797923454,0.631578947368421,0.752749731471536,0.42,0,0,0,51.41772638453324,-25.01192496787478,44.684283115822254
191200,0.06,0,0.40526875020508174,0.631578947368421,0.753061224489796,0.49,0,0,0,51.41641338640181,-25.01206727186546,44.679137961323235
191300,0.06,0,0.4053548545050067,0.631578947368421,0.7503651987110633,0.51,0,0,0,51.41307530600309,-25.01060192772251,44.67254760070413
191400,0.06,0,0.40530464240124553,0.631578947368421,0.751203007518797,0.61,0,0,0,51.416195860615325,-25.012207003003194,44.67537035803518
191500,0.06,0,0.4051969273671286,0.631578947368421,0.7513319011815253,0.42,0,0,0,51.428082627401665,-25.011323103742786,44.67691784905458
191600,0.06,0,0.4052489295038377,0.631578947368421,0.7577443609022556,0.45,0,0,0,51.42674938848293,-25.012047387774007,44.67234294231196
191700,0.06,0,0.40525105537909567,0.631578947368421,0.7541031149301826,0.44,0,0,0,51.42320383846783,-25.011322972833753,44.67518867159995
191800,0.06,0,0.4052126786435236,0.631578947368421,0.7475402792696025,0.47,0,0,0,51.42577692345227,-25.012804312564924,44.677184221686915
191900,0.06,0,0.4052359059571536,0.631578947368421,0.7525993555316863,0.53,0,0,0,51.42646735276215,-25.011497007827586,44.674023632624795
192000,0.06,0,0.4052810047422035,0.631578947368421,0.745531686358754,0.46,0,0,0,51.42344994104841,-25.01057017788002,44.67167348379162
192100,0.06,0,0.40531935265780134,0.631578947368421,0.7497314715359829,0.55,0,0,0,51.42408430193231,-25.011678389953147,44.6668960130672
192200,0.06,0,0.4052124177402533,0.631578947368421,0.7553490870032223,0.6,0,0,0,51.41256072027665,-25.013813300328522,44.68869779074739
192300,0.06,0,0.4052084269402071,0.631578947368421,0.7558324382384533,0.5,0,0,0,51.418390722581684,-25.01422461532161,44.684070903562265
192400,0.06,0,0.40518793633097827,0.631578947368421,0.7530075187969925,0.42,0,0,0,51.425355640106986,-25.012107522792757,44.680278403824346
192500,0.06,0,0.4051230762789588,0.631578947368421,0.7500429645542428,0.51,0,0,0,51.43565815236664,-25.01067179501689,44.678480850508656
192600,0.06,0,0.40512663586865816,0.631578947368421,0.7530827067669172,0.56,0,0,0,51.433892911811085,-25.00889661430649,44.679621666641594
192700,0.06,0,0.4050825875089952,0.631578947368421,0.7612137486573577,0.61,0,0,0,51.437897485500365,-25.00728948155468,44.681001290672036
192800,0.06,0,0.4050150299007142,0.631578947368421,0.7554672395273899,0.56,0,0,0,51.44302741506699,-25.00701372378057,44.68399784370905
192900,0.06,0,0.4049103825077788,0.631578947368421,0.7637808807733619,0.6,0,0,0,51.44786791188363,-25.006951305152132,44.6913410343925
193000,0.06,0,0.4049204225453642,0.631578947368421,0.7561976369495167,0.53,0,0,0,51.45417817364642,-25.00650982258618,44.68475216679611
193100,0.06,0,0.4048909106996616,0.631578947368421,0.7590977443609023,0.56,0,0,0,51.45632470645563,-25.00693052875809,44.68614497805149
193200,0.06,0,0.4049431186523619,0.631578947368421,0.7562513426423201,0.51,0,0,0,51.456503400954176,-25.009046499420034,44.680228580983226
193300,0.06,0,0.4049762814553857,0.631578947368421,0.7574865735767992,0.47,0,0,0,51.45477138052981,-25.008350467952038,44.67807365400995
193400,0.06,0,0.40493372542915773,0.631578947368421,0.7520085929108485,0.58,0,0,0,51.44572945134298,-25.006715045257067,44.690622336703235
193500,0.06,0,0.4049536288774964,0.631578947368421,0.757013963480129,0.45,0,0,0,51.444794282235684,-25.008074551158018,44.6892381462014
193600,0.06,0,0.40495117305664047,0.631578947368421,0.7570461868958109,0.5,0,0,0,51.442876471055705,-25.007393173840942,44.69117520639888
193700,0.06,0,0.40502175915831595,0.631578947368421,0.7495918367346939,0.55,0,0,0,51.441513487538224,-25.00508911605415,44.68457047032184
193800,0.06,0,0.4049868505046429,0.631578947368421,0.7519978517722878,0.47,0,0,0,51.44244724294865,-25.00249401573402,44.6876109864677
193900,0.06,0,0.40500995994151956,0.631578947368421,0.7456820622986037,0.56,0,0,0,51.43828869858724,-25.000362600889144,44.68867373658035
194000,0.06,0,0.40493281371124246,0.631578947368421,0.7527712137486574,0.52,0,0,0,51.443115613612335,-25.000090699320662,44.692993705879104
194100,0.06,0,0.4049539077790924,0.631578947368421,0.7617722878625134,0.53,0,0,0,51.44623224681179,-25.000437159552412,44.68795826747336
194200,0.06,0,0.40493544977638585,0.631578947368421,0.7531471535982814,0.56,0,0,0,51.448420940011445,-25.001089360527196,44.68809408031786
194300,0.06,0,0.4049745357270113,0.631578947368421,0.7558324382384533,0.59,0,0,0,51.44871041141366,-25.000458995200706,44.683529618157785
194400,0.06,0,0.40492968137620794,0.631578947368421,0.756219119226638,0.48,0,0,0,51.454984800431205,-25.00002676371668,44.68302995921876
194500,0.06,0,0.4047614840221447,0.631578947368421,0.7556605800214823,0.63,0,0,0,51.46848258222318,-25.00074584647488,44.68987470731956
194600,0.06,0,0.4047687756564925,0.631578947368421,0.7637271750805585,0.47,0,0,0,51.4758241659901,-24.999828992551947,44.68269600617901
194700,0.06,0,0.40483448970086455,0.631578947368421,0.7576691729323308,0.52,0,0,0,51.46867413176357,-24.997977736992592,44.681649284133535
194800,0.06,0,0.4049280553777723,0.631578947368421,0.7508055853920516,0.51,0,0,0,51.46701854525032,-25.000612902017888,44.672761794404856
194900,0.06,0,0.4050321039287324,0.631578947368421,0.7529430719656284,0.44,0,0,0,51.463714653390824,-25.00337373279615,44.664153011075314
195000,0.06,0,0.4049960740363869,0.631578947368421,0.7609559613319011,0.5,0,0,0,51.46033913477244,-25.00351238539995,44.67105647948807
195100,0.06,0,0.4050416913113035,0.631578947368421,0.7651450053705693,0.38,0,0,0,51.45606384702156,-25.004106314313336,44.66973659132498
195200,0.06,0,0.4049898787526439,0.631578947368421,0.7564446831364124,0.5,0,0,0,51.45670162894879,-25.00244933091267,44.67489770228706
195300,0.06,0,0.40509993238589176,0.631578947368421,0.7539957035445757,0.62,0,0,0,51.456549329387315,-25.002884487949117,44.6628930494914
195400,0.06,0,0.4051356374117868,0.631578947368421,0.7532116004296455,0.54,0,0,0,51.449644675792086,-24.999162627975625,44.66495019078932
195500,0.06,0,0.40520545392227353,0.631578947368421,0.7574973147153599,0.5,0,0,0,51.446768064661505,-24.997145246606742,44.659751442858905
195600,0.06,0,0.4052069920667455,0.631578947368421,0.7561546723952739,0.6,0,0,0,51.44652494284979,-24.997530307164386,44.659792965413935
195700,0.06,0,0.4051320237870733,0.631578947368421,0.7540816326530613,0.6,0,0,0,51.44104750088732,-24.994798349223643,44.67281335967367
195800,0.06,0,0.40521280612096683,0.631578947368421,0.7517508055853921,0.57,0,0,0,51.439834481718975,-24.994590445327127,44.66496071971514
195900,0.06,0,0.4051984768096492,0.631578947368421,0.748968850698174,0.43,0,0,0,51.44254453957071,-24.99297675340069,44.66418714788363
196000,0.06,0,0.40509718010564916,0.631578947368421,0.7533619763694952,0.52,0,0,0,51.44425995096649,-24.99342913998765,44.673865963435766
196100,0.06,0,0.405121693224506,0.631578947368421,0.7533727175080559,0.51,0,0,0,51.43887459770773,-24.993098092583185,44.675839648352415
196200,0.06,0,0.405075748997899,0.631578947368421,0.7542320085929108,0.42,0,0,0,51.4526738882761,-24.99380724299686,44.66892369679731
196300,0.06,0,0.4048940158648808,0.631578947368421,0.7599355531686359,0.54,0,0,0,51.4526827611765,-24.994514413630068,44.68896524548097
196400,0.06,0,0.40487480231280343,0.631578947368421,0.7571535982814178,0.48,0,0,0,51.45320270132586,-24.994171427053328,44.69063437619338
196500,0.06,0,0.4049555347127325,0.631578947368421,0.7577013963480129,0.51,0,0,0,51.43647251209409,-24.995056412870575,44.69625794501628
196600,0.06,0,0.40482377507347345,0.631578947368421,0.7595381310418904,0.51,0,0,0,51.448978019542196,-24.996608220854057,44.699937732277
196700,0.06,0,0.40478226348125196,0.631578947368421,0.7546294307196563,0.5,0,0,0,51.45213951986698,-24.997920624239377,44.7017749503558
196800,0.06,0,0.4047112531759775,0.631578947368421,0.7547905477980666,0.55,0,0,0,51.45473353927214,-24.998706863826147,44.70736431348033
196900,0.06,0,0.40478255071392866,0.631578947368421,0.7567561761546724,0.52,0,0,0,51.45047627056584,-25.00022690417219,44.7031883118177
197000,0.06,0,0.40484994808162317,0.631578947368421,0.7589151450053706,0.55,0,0,0,51.445203609511445,-25.000511000468386,44.700327255222184
197100,0.06,0,0.4049673208135254,0.631578947368421,0.7538882921589688,0.51,0,0,0,51.44745571011007,-24.99971468105717,44.68541546364345
197200,0.06,0,0.40492875454370036,0.631578947368421,0.7537486573576799,0.49,0,0,0,51.44840137476665,-24.996463120028004,44.68884996344587
197300,0.06,0,0.40501357774920105,0.631578947368421,0.7526530612244898,0.47,0,0,0,51.445617755475055,-24.995863298289304,44.68190816158797
197400,0.06,0,0.4048867160640508,0.631578947368421,0.7559613319011815,0.49,0,0,0,51.45439511303063,-24.997010121405815,44.68828372188687
197500,0.06,0,0.4049319228028251,0.631578947368421,0.7576476906552094,0.53,0,0,0,51.45252184858891,-24.999202475192988,44.68492151947793
197600,0.06,0,0.4049270167886758,0.631578947368421,0.7508485499462944,0.48,0,0,0,51.45987271906578,-24.999878946458402,44.679079744259965
197700,0.06,0,0.4049401511945126,0.631578947368421,0.7539634801288937,0.56,0,0,0,51.45917792153688,-25.00114495285528,44.67823379296917
197800,0.06,0,0.40487101164846473,0.631578947368421,0.7633727175080559,0.46,0,0,0,51.45969038256866,-25.001220417217958,44.685418460514214
197900,0.06,0,0.40487527616979113,0.631578947368421,0.7595596133190118,0.43,0,0,0,51.45938584042134,-24.999935125333227,44.685212242606575
198000,0.06,0,0.4049180999402105,0.631578947368421,0.7591944146079485,0.49,0,0,0,51.45717076538342,-25.000806966781003,44.68240973449311
198100,0.06,0,0.40487023989261545,0.631578947368421,0.7595918367346939,0.52,0,0,0,51.45387899353899,-25.0004891880426,44.6905505829933
198200,0.06,0,0.40493073701989507,0.631578947368421,0.7540279269602578,0.52,0,0,0,51.44640427977597,-25.000530041683554,44.690365939363694
198300,0.06,0,0.4048436460456082,0.631578947368421,0.751374865735768,0.49,0,0,0,51.44896039571803,-24.99990763322737,44.6977590329573
198400,0.06,0,0.40493318933388867,0.631578947368421,0.7613641245972073,0.46,0,0,0,51.436023163688866,-25.001098990196176,44.69911490410218
198500,0.06,0,0.40486445287812217,0.631578947368421,0.7591621911922664,0.54,0,0,0,51.43489228224392,-25.001264835753286,44.70768671289335
198600,0.06,0,0.4047861338255028,0.631578947368421,0.7564769065520945,0.44,0,0,0,51.44183353797401,-24.999789002967784,44.7103031129165
198700,0.06,0,0.4047216693732588,0.631578947368421,0.753780880773362,0.47,0,0,0,51.458122224773,-25.000306104273488,44.70326964351777
198800,0.06,0,0.40466310117347276,0.631578947368421,0.7590118152524168,0.52,0,0,0,51.45538932437026,-25.00016688801215,44.71211431758398
198900,0.06,0,0.4047003457649549,0.631578947368421,0.7596992481203008,0.49,0,0,0,51.44904830729712,-24.9993665658603,44.71350965268124
199000,0.06,0,0.4048293092393415,0.631578947368421,0.7506337271750806,0.49,0,0,0,51.44201176956511,-25.00193511095151,44.70537982678605
199100,0.06,0,0.40482153571504265,0.631578947368421,0.7579162191192267,0.54,0,0,0,51.43511797629923,-25.00457787791957,44.712230203872025
199200,0.06,0,0.40475287990907866,0.631578947368421,0.7607841031149302,0.51,0,0,0,51.439181405045204,-25.005415076078602,44.71628183800906
199300,0.06,0,0.4047445091212311,0.631578947368421,0.7519441460794845,0.56,0,0,0,51.44651539336702,-25.005437979672127,44.71083195714653
199400,0.06,0,0.4047855414750364,0.631578947368421,0.7616648764769065,0.53,0,0,0,51.45132972679837,-25.00475049633618,44.70211650696413
199500,0.06,0,0.40476940285475277,0.631578947368421,0.7517400644468314,0.52,0,0,0,51.45881072437014,-25.005961064858667,44.697399852063064
199600,0.06,0,0.4047390822305545,0.631578947368421,0.7553490870032223,0.53,0,0,0,51.45531407320543,-25.006555908698644,44.70378595709413
199700,0.06,0,0.40462286611396575,0.631578947368421,0.7565306122448979,0.51,0,0,0,51.46798566097566,-25.00595633536169,44.70561643501183
199800,0.06,0,0.4045543965061062,0.631578947368421,0.7589581095596133,0.59,0,0,0,51.47802443030708,-25.006411374917192,44.70446317304005
199900,0.06,0,0.40457458405737107,0.631578947368421,0.7587003222341568,0.57,0,0,0,51.481144329552684,-25.005729341205747,44.69952342143509
200000,0.06,0,0.4045926387701144,0.631578947368421,0.758077336197637,0.59,0,0,0,51.479305524491195,-25.006830193772736,44.69912529573014
