sweep,T,tuning,density,e_per_N,acc_part,acc_box,flip_cand,flip_prop,flip_acc,a,b,c
100,0.06,1,0.4195449139622562,0.631578947368421,,,0,0,0,50.61978477967479,25.309892389837394,43.83801955329924
200,0.06,1,0.4195449139622562,0.631578947368421,,,0,0,0,50.61978477967479,25.309892389837394,43.83801955329924
300,0.06,1,0.4195449139622562,0.631578947368421,,,0,0,0,50.61978477967479,25.309892389837394,43.83801955329924
400,0.06,1,0.4195449139622562,0.631578947368421,,,0,0,0,50.61978477967479,25.309892389837394,43.83801955329924
500,0.06,1,0.4195449139622562,0.631578947368421,,,0,0,0,50.61978477967479,25.309892389837394,43.83801955329924
600,0.06,1,0.4195449139622562,0.631578947368421,,,0,0,0,50.61978477967479,25.309892389837394,43.83801955329924
700,0.06,1,0.4195449139622562,0.631578947368421,,,0,0,0,50.61978477967479,25.309892389837394,43.83801955329924
800,0.06,1,0.4195449139622562,0.631578947368421,,,0,0,0,50.61978477967479,25.309892389837394,43.83801955329924
900,0.06,1,0.4195449139622562,0.631578947368421,,,0,0,0,50.61978477967479,25.309892389837394,43.83801955329924
1000,0.06,1,0.4195449139622562,0.631578947368421,,,0,0,0,50.61978477967479,25.309892389837394,43.83801955329924
1100,0.06,1,0.4195449139622562,0.631578947368421,,,0,0,0,50.61978477967479,25.309892389837394,43.83801955329924
1200,0.06,1,0.4195449139622562,0.631578947368421,,,0,0,0,50.61978477967479,25.309892389837394,43.83801955329924
1300,0.06,1,0.4195658473185771,0.631578947368421,,,0,0,0,50.62320390934786,25.30684050421922,43.8328716419918
1400,0.06,1,0.4197107556793102,0.631578947368421,,,0,0,0,50.62177185498124,25.302628316069647,43.81897757955848
1500,0.06,1,0.41975944978657387,0.631578947368421,,,0,0,0,50.62284362082907,25.305006401351502,43.812966758621876
1600,0.06,1,0.41975413550379753,0.631578947368421,,,0,0,0,50.63080915626281,25.299091269965853,43.80662845137451
1700,0.06,1,0.4197539489656921,0.631578947368421,,,0,0,0,50.630628057212775,25.292706124673472,43.806804609559826
1800,0.06,1,0.4199486516036768,0.631578947368421,,,0,0,0,50.63109202724379,25.294910457123933,43.78609302038089
1900,0.06,1,0.42003843348804504,0.631578947368421,,,0,0,0,50.637432940091614,25.296858111155498,43.771252078279
2000,0.06,1,0.42011915418372414,0.631578947368421,,,0,0,0,50.6324389402156,25.294996589566672,43.76715840886447
2100,0.06,1,0.4201208751489142,0.631578947368421,,,0,0,0,50.628982280860754,25.29403300091733,43.769967283701135
2200,0.06,1,0.4201880513590001,0.631578947368421,,,0,0,0,50.63392645511248,25.295986081173677,43.75869644493519
2300,0.06,1,0.4203335607838336,0.631578947368421,,,0,0,0,50.63583758877124,25.293153443735058,43.741897230894665
2400,0.06,1,0.42042250749680277,0.631578947368421,,,0,0,0,50.61938644270832,25.299225566018894,43.74685594924758
2500,0.06,1,0.42044878126826035,0.631578947368421,,,0,0,0,50.613889947977896,25.300275265221522,43.74887267733598
2600,0.06,1,0.42046787396603075,0.631578947368421,,,0,0,0,50.61485075449552,25.30418677056218,43.74605568488921
2700,0.06,1,0.42064796223047035,0.631578947368421,,,0,0,0,50.60435502070069,25.29828461516592,43.736396460932774
2800,0.06,1,0.42083251759000506,0.631578947368421,,,0,0,0,50.601765340163496,25.298831533113997,43.71945328660916
2900,0.06,1,0.4208582058617172,0.631578947368421,,,0,0,0,50.595272629039854,25.295011441075395,43.72239476531632
3000,0.06,1,0.42091511674101395,0.631578947368421,,,0,0,0,50.59572420586592,25.29620078014962,43.716092991524455
3100,0.06,1,0.42099392567924393,0.631578947368421,,,0,0,0,50.591977193565214,25.293316680360583,43.711146610749225
3200,0.06,1,0.4210970676645591,0.631578947368421,,,0,0,0,50.586347725258285,25.292684847038366,43.70530333599264
3300,0.06,1,0.4212328427021703,0.631578947368421,,,0,0,0,50.58820366738519,25.293973584368345,43.689612992968094
3400,0.06,1,0.4213709712647794,0.631578947368421,,,0,0,0,50.587435215431725,25.289050807655492,43.675954662919
3500,0.06,1,0.4213733613457862,0.631578947368421,,,0,0,0,50.5820450358852,25.28971651813168,43.6803611463316
3600,0.06,1,0.421413055109802,0.631578947368421,,,0,0,0,50.577931101814954,25.287511999037203,43.679799364390924
3700,0.06,1,0.42144876563598266,0.631578947368421,,,0,0,0,50.57681033585302,25.288204404926937,43.67706610188093
3800,0.06,1,0.4215036878885867,0.631578947368421,,,0,0,0,50.57209574544426,25.285925198583474,43.675446216580845
3900,0.06,1,0.42159752322208793,0.631578947368421,,,0,0,0,50.57524843310736,25.286215081095097,43.66300336222812
4000,0.06,1,0.42175946289054533,0.631578947368421,,,0,0,0,50.57455705327271,25.287120405413763,43.646835087963886
4100,0.06,1,0.42185016789358937,0.631578947368421,,,0,0,0,50.56659045062528,25.28285592094679,43.64432521075777
4200,0.06,1,0.42187164936818644,0.631578947368421,,,0,0,0,50.576044150956626,25.2853465239231,43.633945261050684
4300,0.06,1,0.42186150528791017,0.631578947368421,,,0,0,0,50.57668753009254,25.285648790326455,43.63443940793883
4400,0.06,1,0.4219310687306132,0.631578947368421,,,0,0,0,50.570912456650866,25.284488557382875,43.63222755610752
4500,0.06,1,0.421911862721244,0.631578947368421,,,0,0,0,50.56770664653938,25.281499245501628,43.63698000691332
4600,0.06,1,0.4219651233984249,0.631578947368421,,,0,0,0,50.56867403198926,25.280987652481073,43.63063744669329
4700,0.06,1,0.42202120250335917,0.631578947368421,,,0,0,0,50.56027276270837,25.278549446315736,43.63208856550321
4800,0.06,1,0.4220816820908194,0.631578947368421,,,0,0,0,50.56475297315707,25.275516533047092,43.62197117621589
4900,0.06,1,0.42207196103339556,0.631578947368421,,,0,0,0,50.550280473641315,25.27483385555488,43.63546508519011
5000,0.06,1,0.4220895745717876,0.631578947368421,,,0,0,0,50.550824631387634,25.274488371637258,43.63317450677169
5100,0.06,0,0.4221410736420128,0.631578947368421,0.3791192266380236,0.2,0,0,0,50.54778078112056,25.27388985164094,43.630478631646405
5200,0.06,0,0.4220884529014368,0.631578947368421,0.377422126745435,0.17,0,0,0,50.55534799600597,25.269730487387314,43.629386435052496
5300,0.06,0,0.42220864404425246,0.631578947368421,0.3774113856068743,0.26,0,0,0,50.54623884855321,25.271012269704336,43.624826747943594
5400,0.06,0,0.4222544080777669,0.631578947368421,0.3811922663802363,0.18,0,0,0,50.54196693824174,25.270365516907475,43.62378553867363
5500,0.06,0,0.4223231928830835,0.631578947368421,0.37917293233082705,0.31,0,0,0,50.5508815758325,25.26749119576593,43.60898863400909
5600,0.06,0,0.4223940853228005,0.631578947368421,0.37806659505907625,0.32,0,0,0,50.54865243163766,25.264004411946058,43.60359231610277
5700,0.06,0,0.42255125048111325,0.631578947368421,0.37885069817400646,0.33,0,0,0,50.53984578492426,25.259898732586578,43.59496941447796
5800,0.06,0,0.42266505264021836,0.631578947368421,0.3792588614393126,0.33,0,0,0,50.522618316093535,25.2602220613278,43.598092750994184
5900,0.06,0,0.42277701393454287,0.631578947368421,0.3813641245972073,0.16,0,0,0,50.525187927444804,25.26034088625972,43.58433022511907
6000,0.06,0,0.42281238454171277,0.631578947368421,0.38141783029001075,0.2,0,0,0,50.52924524072737,25.26327680426754,43.5771847842463
6100,0.06,0,0.42276434142331276,0.631578947368421,0.3781417830290011,0.25,0,0,0,50.53102531121006,25.262128237884177,43.58060163388044
6200,0.06,0,0.422725626190478,0.631578947368421,0.37406015037593987,0.29,0,0,0,50.55182625969889,25.263296300312096,43.566658866176624
6300,0.06,0,0.42287953562482933,0.631578947368421,0.37817400644468313,0.27,0,0,0,50.544921261697006,25.263561160352626,43.55675205425675
6400,0.06,0,0.4229344097963498,0.631578947368421,0.38193340494092376,0.28,0,0,0,50.554337515240846,25.266209856486043,43.54298889688264
6500,0.06,0,0.4229674996309117,0.631578947368421,0.37462943071965626,0.33,0,0,0,50.555376505752264,25.271934018890704,43.538687611767195
6600,0.06,0,0.4230422864522461,0.631578947368421,0.37290010741138563,0.23,0,0,0,50.55303727478578,25.27196484752282,43.533004999031455
6700,0.06,0,0.42311511736365853,0.631578947368421,0.3780451127819549,0.33,0,0,0,50.55317649508895,25.271595824844013,43.52539178539677
6800,0.06,0,0.42326867316734024,0.631578947368421,0.3731793770139635,0.36,0,0,0,50.55684844828696,25.275859453649588,43.50644128719277
6900,0.06,0,0.42326809207308635,0.631578947368421,0.37475832438238454,0.16,0,0,0,50.55093910698183,25.275131974460272,43.51158687144372
7000,0.06,0,0.423375322053155,0.631578947368421,0.37413533834586465,0.3,0,0,0,50.55902408886639,25.271389978776984,43.49361026426263
7100,0.06,0,0.4233868244391811,0.631578947368421,0.37931256713211603,0.37,0,0,0,50.55814385057498,25.265839863049663,43.493185870345634
7200,0.06,0,0.42341632817893377,0.631578947368421,0.3747905477980666,0.32,0,0,0,50.57372015432436,25.263123753842496,43.47676063383429
7300,0.06,0,0.4234250782924394,0.631578947368421,0.3735660580021482,0.29,0,0,0,50.570366562990664,25.26100777076179,43.4787452998819
7400,0.06,0,0.42350420765702196,0.631578947368421,0.3699248120300752,0.29,0,0,0,50.56253947511512,25.258699205402692,43.477350800400366
7500,0.06,0,0.4235533843574888,0.631578947368421,0.36629430719656286,0.35,0,0,0,50.568135219012085,25.254463197845105,43.467492322254884
7600,0.06,0,0.42364853840282074,0.631578947368421,0.36894736842105263,0.34,0,0,0,50.57110015658794,25.256734044333065,43.45518137128004
7700,0.06,0,0.4238513823527144,0.631578947368421,0.3690118152524168,0.36,0,0,0,50.54532459360263,25.25866594417144,43.456534225065795
7800,0.06,0,0.4238774739356563,0.631578947368421,0.3628141783029001,0.23,0,0,0,50.537513127088864,25.258608694497365,43.460575840612194
7900,0.06,0,0.42401241018665126,0.631578947368421,0.36712137486573576,0.27,0,0,0,50.52709284860868,25.260477754737792,43.45570518413892
8000,0.06,0,0.4240075951205382,0.631578947368421,0.3622448979591837,0.27,0,0,0,50.53420284386837,25.25729071975616,43.450084527328066
8100,0.06,0,0.4241411326042807,0.631578947368421,0.3654672395273899,0.35,0,0,0,50.53938562275375,25.257075060092607,43.4319502384702
8200,0.06,0,0.4242138537501067,0.631578947368421,0.36406015037593986,0.33,0,0,0,50.5419223334925,25.26103937817714,43.42232540120912
8300,0.06,0,0.4245617420673067,0.631578947368421,0.3648227712137487,0.29,0,0,0,50.524673415105354,25.257381202099722,43.4015569582503
8400,0.06,0,0.4246061887493827,0.631578947368421,0.3597529538131042,0.24,0,0,0,50.51836139526793,25.254178874947875,43.40243603768219
8500,0.06,0,0.4246768170320265,0.631578947368421,0.3546294307196563,0.27,0,0,0,50.516647010403446,25.256876489986702,43.3966904545257
8600,0.06,0,0.42466646601570995,0.631578947368421,0.35918367346938773,0.33,0,0,0,50.527836893732804,25.24831424497212,43.38813736996953
8700,0.06,0,0.4246562723533095,0.631578947368421,0.3621267454350161,0.34,0,0,0,50.531683340355734,25.247776132299528,43.38587611787298
8800,0.06,0,0.424632188007499,0.631578947368421,0.3533941997851772,0.23,0,0,0,50.53470522523232,25.24792276396706,43.38574233900915
8900,0.06,0,0.4248887132080125,0.631578947368421,0.3551987110633727,0.36,0,0,0,50.51482364873006,25.24504052999752,43.376613745965365
9000,0.06,0,0.42509119285703384,0.631578947368421,0.3468206229860365,0.18,0,0,0,50.51292090501369,25.24615375360624,43.357585727442114
9100,0.06,0,0.4251700983854562,0.631578947368421,0.3520300751879699,0.25,0,0,0,50.51708418732808,25.24903952808214,43.345966594765834
9200,0.06,0,0.42516753076811514,0.631578947368421,0.3521482277121375,0.3,0,0,0,50.517824471223705,25.24622314580968,43.3455931722428
9300,0.06,0,0.4254186941105435,0.631578947368421,0.3504189044038668,0.24,0,0,0,50.4984596225347,25.245333141830677,43.33661442339075
9400,0.06,0,0.4254122477706464,0.631578947368421,0.34813104189044036,0.33,0,0,0,50.49126896429473,25.244451016056416,43.34344293959303
9500,0.06,0,0.4254465857074644,0.631578947368421,0.3562406015037594,0.17,0,0,0,50.4930790950313,25.245768244704614,43.33839097835119
9600,0.06,0,0.42556832262277183,0.631578947368421,0.3528893662728249,0.18,0,0,0,50.490787306927245,25.242979415207454,43.32796029278674
9700,0.06,0,0.4256106277799404,0.631578947368421,0.35439312567132114,0.27,0,0,0,50.48134036512342,25.238218941732143,43.33176102003767
9800,0.06,0,0.4255989515444756,0.631578947368421,0.3445972073039742,0.31,0,0,0,50.48402072617491,25.23246168794756,43.33064913218299
9900,0.06,0,0.4255757720170951,0.631578947368421,0.35245972073039744,0.25,0,0,0,50.4895934045787,25.229045571083542,43.3282264051906
10000,0.06,0,0.42565969493506894,0.631578947368421,0.35322234156820626,0.25,0,0,0,50.479199988737165,25.229993266149563,43.32860313420991
10100,0.06,0,0.42573016563390564,0.631578947368421,0.34654135338345865,0.32,0,0,0,50.47172217516959,25.23197960409168,43.32784943012332
10200,0.06,0,0.4257720036892773,0.631578947368421,0.3473684210526316,0.26,0,0,0,50.46813845659516,25.23277279905839,43.32666825052478
10300,0.06,0,0.4257031336328366,0.631578947368421,0.349312567132116,0.18,0,0,0,50.47179918143221,25.231441772334428,43.33053462277466
10400,0.06,0,0.4256834405889251,0.631578947368421,0.3484317937701396,0.25,0,0,0,50.4882240017942,25.232802665010905,43.31844225355567
10500,0.06,0,0.4257686862031372,0.631578947368421,0.3468635875402793,0.38,0,0,0,50.47165213329208,25.232387662683124,43.323989552363
10600,0.06,0,0.4257844822624413,0.631578947368421,0.3452846401718582,0.25,0,0,0,50.47399437086525,25.232714619281232,43.32037191963647
10700,0.06,0,0.4258469052349877,0.631578947368421,0.35106337271750804,0.26,0,0,0,50.47902412572922,25.236300229595194,43.309705951675916
10800,0.06,0,0.4259658327324248,0.631578947368421,0.34638023630504833,0.3,0,0,0,50.4790859124549,25.237522640850642,43.29756110514363
10900,0.06,0,0.4260412463658322,0.631578947368421,0.3447475832438238,0.21,0,0,0,50.485486597624444,25.237629648106015,43.284408587442584
11000,0.06,0,0.4260274074042953,0.631578947368421,0.34576799140708914,0.27,0,0,0,50.4823125874063,25.238055496695125,43.288536166415604
11100,0.06,0,0.4262280879914419,0.631578947368421,0.34825993555316864,0.2,0,0,0,50.473029749360194,25.23586280612589,43.276112404369854
11200,0.06,0,0.42622297710600665,0.631578947368421,0.34355531686358753,0.24,0,0,0,50.47906132971993,25.237579183635134,43.27146034766486
11300,0.06,0,0.42612801768132763,0.631578947368421,0.34661654135338343,0.24,0,0,0,50.487163704192646,25.24053190363086,43.27415714913579
11400,0.06,0,0.426125375471845,0.631578947368421,0.3403222341568206,0.28,0,0,0,50.496004821477946,25.240969807346108,43.26684874889358
11500,0.06,0,0.42621502587369,0.631578947368421,0.34445757250268527,0.34,0,0,0,50.48081083836973,25.240054583450316,43.27076791329612
11600,0.06,0,0.42631255758844894,0.631578947368421,0.3385499462943072,0.22,0,0,0,50.481012421620996,25.240158260514747,43.260695682919106
11700,0.06,0,0.4262996731153499,0.631578947368421,0.3357572502685285,0.24,0,0,0,50.49099569718645,25.23780469831642,43.253449262230774
11800,0.06,0,0.4263385294386259,0.631578947368421,0.3425134264232009,0.22,0,0,0,50.47719349799305,25.234916750281737,43.26133306153398
11900,0.06,0,0.4263588838390148,0.631578947368421,0.34150375939849625,0.34,0,0,0,50.479938396958296,25.235114593216313,43.25691549520981
12000,0.06,0,0.4264929658612735,0.631578947368421,0.33891514500537057,0.26,0,0,0,50.480737469004744,25.23378661572896,43.2426317589726
12100,0.06,0,0.42679453745305823,0.631578947368421,0.3380343716433942,0.28,0,0,0,50.47661190603188,25.23600484349985,43.21560847684521
12200,0.06,0,0.4269636997469119,0.631578947368421,0.3446294307196563,0.19,0,0,0,50.46743433235124,25.233677027819933,43.2063422313779
12300,0.06,0,0.42702441046119555,0.631578947368421,0.33823845327604724,0.17,0,0,0,50.46504363886796,25.231714019751813,43.202246053702005
12400,0.06,0,0.4271079281582873,0.631578947368421,0.3324489795918367,0.28,0,0,0,50.476944648169926,25.230705515860798,43.18361433086735
12500,0.06,0,0.4271636170813688,0.631578947368421,0.33655209452201934,0.3,0,0,0,50.478434713922034,25.232682471337917,43.17670995847101
12600,0.06,0,0.42706427343735254,0.631578947368421,0.3301074113856069,0.38,0,0,0,50.494326346493,25.231080843127984,43.1731619350688
12700,0.06,0,0.42707532319423125,0.631578947368421,0.33343716433942,0.22,0,0,0,50.481499498941965,25.229308383181422,43.18301449985645
12800,0.06,0,0.42712731187601943,0.631578947368421,0.3313319011815252,0.28,0,0,0,50.47419161602078,25.22762302263109,43.18400986232292
12900,0.06,0,0.4271271864480816,0.631578947368421,0.3349624060150376,0.27,0,0,0,50.46552338386779,25.22775346655746,43.19144006556843
13000,0.06,0,0.42725909146504115,0.631578947368421,0.3251772287862513,0.22,0,0,0,50.45611230766133,25.227427311612974,43.186159425566686
13100,0.06,0,0.42724899526526827,0.631578947368421,0.3385606874328679,0.25,0,0,0,50.461878445674934,25.227385765246915,43.18224506692649
13200,0.06,0,0.42734927030429487,0.631578947368421,0.328968850698174,0.24,0,0,0,50.457470048312025,25.22387668219381,43.1758844884782
13300,0.06,0,0.4274970488687651,0.631578947368421,0.3309559613319012,0.29,0,0,0,50.452260672805345,25.22205978025473,43.16541583157254
13400,0.06,0,0.42757633036981824,0.631578947368421,0.32755102040816325,0.27,0,0,0,50.447031775154606,25.22158224817441,43.16188538959
13500,0.06,0,0.4276513214860514,0.631578947368421,0.32754027926960255,0.15,0,0,0,50.45011253738516,25.222206320419982,43.15168146432399
13600,0.06,0,0.42758882778470203,0.631578947368421,0.33071965628356603,0.17,0,0,0,50.447509205634674,25.22079977808217,43.16021540120104
13700,0.06,0,0.42757305852108196,0.631578947368421,0.32765843179377013,0.35,0,0,0,50.4470887807063,25.218197887056277,43.16216689676695
13800,0.06,0,0.4276077792587417,0.631578947368421,0.3250268528464017,0.23,0,0,0,50.43890341132023,25.219193119364274,43.16566614221081
13900,0.06,0,0.42768014273874205,0.631578947368421,0.3338453276047261,0.17,0,0,0,50.43903245958999,25.217773805731166,43.15825209083986
14000,0.06,0,0.4277137326422725,0.631578947368421,0.3288292158968851,0.12,0,0,0,50.436343708568934,25.218119501144862,43.15716329427569
14100,0.06,0,0.4277383617045462,0.631578947368421,0.32729323308270675,0.32,0,0,0,50.44846677659861,25.217285353066853,43.144307989096056
14200,0.06,0,0.4277837984574701,0.631578947368421,0.3220837808807734,0.32,0,0,0,50.45161521586366,25.216772754418887,43.137033307122365
14300,0.06,0,0.4278949152615746,0.631578947368421,0.32595059076262084,0.3,0,0,0,50.43959514780062,25.219581343553255,43.136108529045316
14400,0.06,0,0.42790763832927153,0.631578947368421,0.328968850698174,0.21,0,0,0,50.43888128055971,25.216775784683055,43.135436446181835
14500,0.06,0,0.4280463693038086,0.631578947368421,0.3218045112781955,0.16,0,0,0,50.429222882229325,25.210924758464117,43.1297149225127
14600,0.06,0,0.4280185219968217,0.631578947368421,0.32190118152524166,0.21,0,0,0,50.42342989644519,25.209957225303086,43.13747634097782
14700,0.06,0,0.42810086039936496,0.631578947368421,0.32706766917293234,0.21,0,0,0,50.42109660979969,25.210344608916294,43.13117537829173
14800,0.06,0,0.4281240582836867,0.631578947368421,0.32856068743286787,0.25,0,0,0,50.42455258851623,25.212268313283342,43.125882369504986
14900,0.06,0,0.4281629679888426,0.631578947368421,0.32285714285714284,0.26,0,0,0,50.4226902353038,25.209273916706408,43.123555967258135
15000,0.06,0,0.4280464121677665,0.631578947368421,0.32385606874328676,0.3,0,0,0,50.43118196054927,25.210219533301466,43.128035162345306
15100,0.06,0,0.42805800045938636,0.631578947368421,0.32190118152524166,0.23,0,0,0,50.4329908432039,25.21165854605677,43.12532077614543
15200,0.06,0,0.428114658917409,0.631578947368421,0.3252738990332975,0.32,0,0,0,50.42612521226414,25.21211698235226,43.12548422633323
15300,0.06,0,0.42811036080780707,0.631578947368421,0.32645542427497315,0.3,0,0,0,50.4237685736012,25.21132975846479,43.127932755710546
15400,0.06,0,0.42812356799112167,0.631578947368421,0.32569280343716434,0.26,0,0,0,50.4291988380588,25.210232689650965,43.12195838831239
15500,0.06,0,0.42818119812123245,0.631578947368421,0.322062298603652,0.27,0,0,0,50.42501490165365,25.210870240132827,43.119731975992046
15600,0.06,0,0.4281746177150633,0.631578947368421,0.3196025778732546,0.11,0,0,0,50.42160080233215,25.21072613583315,43.12331438906991
15700,0.06,0,0.4281909261162248,0.631578947368421,0.3171858216970999,0.29,0,0,0,50.43350294182074,25.212050698360255,43.1114953905159
15800,0.06,0,0.4282290319649506,0.631578947368421,0.32364124597207306,0.27,0,0,0,50.429580032039134,25.213338467572694,43.11101246394897
15900,0.06,0,0.42828548308428455,0.631578947368421,0.3192373791621912,0.19,0,0,0,50.42779979147993,25.21314608479208,43.10685185836337
16000,0.06,0,0.42832634247814105,0.631578947368421,0.3238238453276047,0.18,0,0,0,50.43741218881791,25.211735939534613,43.0945252101695
16100,0.06,0,0.42831573277013013,0.631578947368421,0.3262943071965628,0.25,0,0,0,50.44941904826405,25.212620532257727,43.08533603080693
16200,0.06,0,0.42837974720928,0.631578947368421,0.3244146079484425,0.28,0,0,0,50.45274621010327,25.208880976955978,43.076056737452596
16300,0.06,0,0.428367911507169,0.631578947368421,0.3250483351235231,0.19,0,0,0,50.444101707498085,25.209524549701335,43.08462897827153
16400,0.06,0,0.4283085487841882,0.631578947368421,0.3288077336197637,0.26,0,0,0,50.43402198891226,25.21023366277871,43.09921248915996
16500,0.06,0,0.4283126108065985,0.631578947368421,0.3266380236305048,0.33,0,0,0,50.429650696523254,25.207882037088222,43.10253959299499
16600,0.06,0,0.42831478785435334,0.631578947368421,0.31524167561761546,0.27,0,0,0,50.43928911072912,25.206343929982022,43.09408411329124
16700,0.06,0,0.4283059865880795,0.631578947368421,0.31372717508055853,0.19,0,0,0,50.440599669514135,25.20556995894216,43.093849951279346
16800,0.06,0,0.4282569866770054,0.631578947368421,0.3215896885069817,0.29,0,0,0,50.437357922184766,25.20260780306984,43.10155070031054
16900,0.06,0,0.4284096570582899,0.631578947368421,0.32104189044038667,0.24,0,0,0,50.429756923304595,25.201395320758436,43.09268494240073
17000,0.06,0,0.4283834980402827,0.631578947368421,0.3237701396348013,0.22,0,0,0,50.42837749458881,25.201573921330283,43.096495213626014
17100,0.06,0,0.42862387156818854,0.631578947368421,0.3169387755102041,0.3,0,0,0,50.40713843587016,25.201252815494325,43.090475106496825
17200,0.06,0,0.42867264140583267,0.631578947368421,0.31524167561761546,0.24,0,0,0,50.40496366692802,25.20034568759021,43.08743169517675
17300,0.06,0,0.42871690807053264,0.631578947368421,0.32285714285714284,0.26,0,0,0,50.40667244508566,25.202680905836804,43.08152224638782
17400,0.06,0,0.4286692369460965,0.631578947368421,0.31708915145005373,0.21,0,0,0,50.4054085769456,25.201939911794568,43.08739357246335
17500,0.06,0,0.42868924550752896,0.631578947368421,0.3186466165413534,0.23,0,0,0,50.399902231449325,25.19760038323646,43.09008973108972
17600,0.06,0,0.4286880453603543,0.631578947368421,0.31845327604726104,0.23,0,0,0,50.39971715602848,25.1966089981719,43.09036859911421
17700,0.06,0,0.4287933236715871,0.631578947368421,0.3151772287862513,0.27,0,0,0,50.39366896872707,25.195585929981792,43.08495933814892
17800,0.06,0,0.4288428696075011,0.631578947368421,0.3187862513426423,0.25,0,0,0,50.39154470601407,25.1947278920202,43.081797602805025
17900,0.06,0,0.42876116716458984,0.631578947368421,0.31672395273899034,0.25,0,0,0,50.40141608851232,25.1931429961081,43.08156763597813
18000,0.06,0,0.4287798377471263,0.631578947368421,0.3159076262083781,0.25,0,0,0,50.39536894803738,25.19453190578223,43.08486101627487
18100,0.06,0,0.42887636003908775,0.631578947368421,0.3168313641245972,0.28,0,0,0,50.39231122654122,25.193251621884098,43.07777812911974
18200,0.06,0,0.4288431909048518,0.631578947368421,0.3091192266380236,0.24,0,0,0,50.388031493615905,25.191824890833463,43.084769121604104
18300,0.06,0,0.4288583814823268,0.631578947368421,0.3223200859291085,0.24,0,0,0,50.38589080511997,25.18993960629597,43.0850734466681
18400,0.06,0,0.42888408833047525,0.631578947368421,0.3185284640171858,0.25,0,0,0,50.39158428270738,25.191393143188574,43.07762331205189
18500,0.06,0,0.4288983378501843,0.631578947368421,0.31447905477980664,0.25,0,0,0,50.38497684553151,25.190233901008057,43.0818410912584
18600,0.06,0,0.4289648949886092,0.631578947368421,0.31047261009667027,0.28,0,0,0,50.38618228633413,25.190027030702574,43.074126087151924
18700,0.06,0,0.42897326508376465,0.631578947368421,0.30764769065520947,0.24,0,0,0,50.380267000340126,25.18711264939289,43.07834298110925
18800,0.06,0,0.4291408454244817,0.631578947368421,0.30575725026852846,0.33,0,0,0,50.38276663382822,25.188311967039482,43.05938439830131
18900,0.06,0,0.4291896569474918,0.631578947368421,0.31069817400644467,0.2,0,0,0,50.380762903925444,25.188990903278384,43.056199627527235
19000,0.06,0,0.4291756595135218,0.631578947368421,0.30870032223415683,0.21,0,0,0,50.38795680250633,25.191393969156813,43.05145654977669
19100,0.06,0,0.4293185926049419,0.631578947368421,0.3138345864661654,0.25,0,0,0,50.38553394488459,25.19045598364783,43.03919292230078
19200,0.06,0,0.42931570101409405,0.631578947368421,0.3116004296455424,0.24,0,0,0,50.38442131970617,25.191711047580306,43.04043323520453
19300,0.06,0,0.42934361478122274,0.631578947368421,0.3159935553168636,0.16,0,0,0,50.38323850712142,25.191278852305768,43.03864532714857
19400,0.06,0,0.4293468022606694,0.631578947368421,0.3083888292158969,0.21,0,0,0,50.37964689499383,25.188983731336716,43.04139404984865
19500,0.06,0,0.4293722701124843,0.631578947368421,0.30720730397422125,0.2,0,0,0,50.38864759486038,25.18870669854799,43.031153249447655
19600,0.06,0,0.4295199143400712,0.631578947368421,0.30954887218045113,0.3,0,0,0,50.37508519934471,25.18624304577711,43.027942834730936
19700,0.06,0,0.4294897072549428,0.631578947368421,0.3064124597207304,0.18,0,0,0,50.37585309004376,25.18509283523361,43.03031316660434
19800,0.06,0,0.4294986120627759,0.631578947368421,0.30689581095596136,0.24,0,0,0,50.390376428745476,25.187919830040876,43.01701922802458
19900,0.06,0,0.42963021032907495,0.631578947368421,0.3046186895810956,0.29,0,0,0,50.38159970198726,25.186159769915456,43.0113343460303
20000,0.06,0,0.4295957353975637,0.631578947368421,0.3071750805585392,0.24,0,0,0,50.381705564209234,25.189364635239198,43.014695610147
20100,0.06,0,0.4296381161916054,0.631578947368421,0.30881847475832436,0.25,0,0,0,50.386661586946495,25.18712590824575,43.00622201121963
20200,0.06,0,0.4296682145901034,0.631578947368421,0.3050912996777658,0.31,0,0,0,50.37887984594149,25.185368485990523,43.0098518742027
20300,0.06,0,0.42970154020795204,0.631578947368421,0.3044575725026853,0.27,0,0,0,50.37087600199774,25.182700581088394,43.013349893719585
20400,0.06,0,0.42963126534332463,0.631578947368421,0.3072610096670247,0.25,0,0,0,50.369350465584446,25.18366117721865,43.02168855355588
20500,0.06,0,0.42971490880275387,0.631578947368421,0.30491944146079486,0.23,0,0,0,50.377830316744145,25.185477015402476,43.00607421809542
20600,0.06,0,0.42983290825750886,0.631578947368421,0.3059291084854995,0.27,0,0,0,50.3774284179657,25.187375860537717,42.99461101576573
20700,0.06,0,0.4298176266193736,0.631578947368421,0.3020408163265306,0.29,0,0,0,50.3820375645082,25.187110012317078,42.99220618077581
20800,0.06,0,0.4298291531713534,0.631578947368421,0.3016111707841031,0.23,0,0,0,50.38808023801166,25.186634147163854,42.985897674204935
20900,0.06,0,0.42989564637486033,0.631578947368421,0.30345864661654137,0.2,0,0,0,50.38684035436298,25.18870326459513,42.98030652392392
21000,0.06,0,0.43004080855725385,0.631578947368421,0.30234156820622987,0.24,0,0,0,50.38107934436915,25.189404185187723,42.97071141320296
21100,0.06,0,0.43016082586705656,0.631578947368421,0.30302900107411385,0.21,0,0,0,50.37527649502036,25.187512526685275,42.96367085966212
21200,0.06,0,0.43015411000681647,0.631578947368421,0.30119226638023633,0.14,0,0,0,50.37617498969707,25.187650236095614,42.963575338491964
21300,0.06,0,0.4300566578258422,0.631578947368421,0.303093447905478,0.28,0,0,0,50.38170003186939,25.18250786342987,42.968598407725786
21400,0.06,0,0.43002629856840147,0.631578947368421,0.30466165413533836,0.33,0,0,0,50.373783121230026,25.18232564657025,42.978385494932574
21500,0.06,0,0.43011787294031373,0.631578947368421,0.307905477980666,0.27,0,0,0,50.37389404231841,25.1812099485983,42.96914055280439
21600,0.06,0,0.43020682965924395,0.631578947368421,0.30574650912996776,0.16,0,0,0,50.37454899603542,25.17908202360198,42.959696983224624
21700,0.06,0,0.4302424593470731,0.631578947368421,0.29875402792696026,0.28,0,0,0,50.35428697326383,25.17614982061386,42.97342444778556
21800,0.06,0,0.43030544507876023,0.631578947368421,0.3010418904403867,0.25,0,0,0,50.360819014244306,25.175700435252516,42.96156119111052
21900,0.06,0,0.43041538184319855,0.631578947368421,0.3003759398496241,0.27,0,0,0,50.35441518993376,25.176311217052902,42.956050184754
22000,0.06,0,0.4305401578850102,0.631578947368421,0.300171858216971,0.16,0,0,0,50.349448157870626,25.17420472080284,42.94783740881688
22100,0.06,0,0.43051874399389,0.631578947368421,0.29689581095596135,0.21,0,0,0,50.34670150391677,25.172304897665207,42.95231675014028
22200,0.06,0,0.4304211362945149,0.631578947368421,0.2960902255639098,0.34,0,0,0,50.36542609450927,25.174700093532717,42.94608495119785
22300,0.06,0,0.4304899868617671,0.631578947368421,0.29575725026852845,0.31,0,0,0,50.35993165137028,25.176814034668652,42.943901171389705
22400,0.06,0,0.4305704303013068,0.631578947368421,0.29750805585392054,0.27,0,0,0,50.362988136990936,25.176880725029974,42.93327222490809
22500,0.06,0,0.4305449150162572,0.631578947368421,0.29653061224489796,0.21,0,0,0,50.36465803067229,25.176896113383723,42.934392987063106
22600,0.06,0,0.4306915639523936,0.631578947368421,0.29600429645542425,0.3,0,0,0,50.365903801950225,25.17631229696,42.91871238431135
22700,0.06,0,0.4306707361608521,0.631578947368421,0.30006444683136413,0.25,0,0,0,50.35703403221932,25.176473914267916,42.92834795533908
22800,0.06,0,0.43057415793510584,0.631578947368421,0.2971750805585392,0.28,0,0,0,50.35719025620656,25.178030914192497,42.9378436206327
22900,0.06,0,0.4306340643589977,0.631578947368421,0.2991299677765843,0.23,0,0,0,50.35300527063222,25.176321365590102,42.93543863890347
23000,0.06,0,0.43067047647089324,0.631578947368421,0.2953813104189044,0.12,0,0,0,50.355224386224506,25.17600039899606,42.92991658349886
23100,0.06,0,0.43063886634168846,0.631578947368421,0.3005370569280344,0.3,0,0,0,50.3659312118582,25.173148680878842,42.92394102042066
23200,0.06,0,0.4307094194946413,0.631578947368421,0.30229860365198713,0.25,0,0,0,50.36357679879683,25.175239810759876,42.91891607870573
23300,0.06,0,0.4307788044547091,0.631578947368421,0.29725026852846403,0.26,0,0,0,50.373095972806674,25.17860684471784,42.90389396075794
23400,0.06,0,0.4308090934660618,0.631578947368421,0.2973147153598281,0.15,0,0,0,50.374860577234195,25.180426645814027,42.89937471029394
23500,0.06,0,0.43085030624318166,0.631578947368421,0.2929860365198711,0.34,0,0,0,50.36810941390958,25.179916226244796,42.901020721915614
23600,0.06,0,0.4309057293417812,0.631578947368421,0.2964339419978518,0.24,0,0,0,50.36853016006912,25.176617407017396,42.895144470945844
23700,0.06,0,0.4309591618262279,0.631578947368421,0.29312567132116,0.2,0,0,0,50.370605181718325,25.17821174954567,42.888059264910765
23800,0.06,0,0.4309045380522954,0.631578947368421,0.2901825993555317,0.24,0,0,0,50.38186431613976,25.175542035659845,42.883910321405416
23900,0.06,0,0.4308112590630123,0.631578947368421,0.28911922663802364,0.22,0,0,0,50.38841441142876,25.177776384842794,42.88761974321436
24000,0.06,0,0.4308161531124382,0.631578947368421,0.2909129967776584,0.28,0,0,0,50.37979271776838,25.175673493294727,42.89447198707106
24100,0.06,0,0.43076435232365334,0.631578947368421,0.29636949516648764,0.34,0,0,0,50.384416401478575,25.174847524445465,42.89569336541803
24200,0.06,0,0.43087456578618366,0.631578947368421,0.2960580021482277,0.27,0,0,0,50.3778736099611,25.17585501207733,42.89029069381296
24300,0.06,0,0.43093124825940843,0.631578947368421,0.2947261009667025,0.21,0,0,0,50.37927392583669,25.17458461330163,42.883457127030425
24400,0.06,0,0.4308793889756993,0.631578947368421,0.2932438238453276,0.27,0,0,0,50.378776335158534,25.16965803020445,42.88904205508302
24500,0.06,0,0.4309137641367416,0.631578947368421,0.2892266380236305,0.27,0,0,0,50.38108970444968,25.171882186232345,42.88365148299384
24600,0.06,0,0.43080140851819604,0.631578947368421,0.2912567132116004,0.23,0,0,0,50.3914725896585,25.172124148662224,42.8859975547163
24700,0.06,0,0.43079939171302484,0.631578947368421,0.2946938775510204,0.23,0,0,0,50.39713758985589,25.17105859908521,42.881377610604034
24800,0.06,0,0.4307598465351478,0.631578947368421,0.29699248120300753,0.2,0,0,0,50.39339220926992,25.169084955134405,42.88850162164854
24900,0.06,0,0.4308785776875249,0.631578947368421,0.29592910848549947,0.37,0,0,0,50.388917291763484,25.16900827299546,42.880491214423714
25000,0.06,0,0.43088556238882303,0.631578947368421,0.2955531686358754,0.23,0,0,0,50.39127874935723,25.168952819024863,42.87778666575891
25100,0.06,0,0.4307615400027125,0.631578947368421,0.29787325456498387,0.22,0,0,0,50.398696413364746,25.17257507173732,42.883819235717766
25200,0.06,0,0.430792780098338,0.631578947368421,0.2949624060150376,0.25,0,0,0,50.40022672749641,25.170263371470188,42.879407403143645
25300,0.06,0,0.4307254669761616,0.631578947368421,0.2909237379162191,0.29,0,0,0,50.399846190774184,25.169151831754238,42.88643233718229
25400,0.06,0,0.43076438930133837,0.631578947368421,0.28527389903329753,0.31,0,0,0,50.40619020914782,25.168234928921123,42.877160163415134
25500,0.06,0,0.4308683082264835,0.631578947368421,0.2918045112781955,0.23,0,0,0,50.407227936822316,25.168993904865435,42.86593634613627
25600,0.06,0,0.4309449536000187,0.631578947368421,0.28754027926960257,0.27,0,0,0,50.40682297983566,25.16612454314695,42.858656772929876
25700,0.06,0,0.4309976888953197,0.631578947368421,0.29578947368421055,0.31,0,0,0,50.403038032869254,25.167008297588467,42.85663076321015
25800,0.06,0,0.4310799409286522,0.631578947368421,0.29271750805585395,0.3,0,0,0,50.41187869600623,25.170108227041688,42.840939245684325
25900,0.06,0,0.4312354689140257,0.631578947368421,0.29610096670247044,0.28,0,0,0,50.39975041498957,25.1715242317825,42.835793969316605
26000,0.06,0,0.43114174267818306,0.631578947368421,0.2892266380236305,0.24,0,0,0,50.40113273451825,25.16953883554233,42.843930990359475
26100,0.06,0,0.4311626452542598,0.631578947368421,0.28972073039742213,0.19,0,0,0,50.39569679454641,25.16880880492418,42.84647507885439
26200,0.06,0,0.43121516476732735,0.631578947368421,0.29084854994629433,0.29,0,0,0,50.40173594769798,25.16820937615109,42.83612337205253
26300,0.06,0,0.43129778116241196,0.631578947368421,0.28764769065520945,0.3,0,0,0,50.39991987054349,25.16949257755757,42.82946121567911
26400,0.06,0,0.4312845455390903,0.631578947368421,0.2899140708915145,0.27,0,0,0,50.40597642162085,25.17497279660133,42.82562925258203
26500,0.06,0,0.43124674976048777,0.631578947368421,0.2841890440386681,0.17,0,0,0,50.412464902739956,25.175791740309734,42.82387014243473
26600,0.06,0,0.43126134531322724,0.631578947368421,0.2871965628356606,0.24,0,0,0,50.40886249339163,25.17474301827875,42.82548107028263
26700,0.06,0,0.43128403351322825,0.631578947368421,0.28454350161117076,0.23,0,0,0,50.41820096567052,25.173930290626114,42.81529645641487
26800,0.06,0,0.43133977119197,0.631578947368421,0.2818689581095596,0.3,0,0,0,50.39850257366541,25.17315087531352,42.826496181233736
26900,0.06,0,0.43136210532916686,0.631578947368421,0.28219119226638023,0.26,0,0,0,50.385515544406054,25.173680201777668,42.83531689932025
27000,0.06,0,0.4316163433609078,0.631578947368421,0.2785499462943072,0.37,0,0,0,50.36233284749861,25.172366609483163,42.82979156935626
27100,0.06,0,0.43161559475423317,0.631578947368421,0.285843179377014,0.22,0,0,0,50.35679864213557,25.17484297477975,42.834572851063044
27200,0.06,0,0.43167001192716964,0.631578947368421,0.2794199785177229,0.21,0,0,0,50.35468680258469,25.176383952705287,42.830969265227615
27300,0.06,0,0.43163314782298534,0.631578947368421,0.2771965628356606,0.14,0,0,0,50.353086059700175,25.176263782789132,42.83598901966226
27400,0.06,0,0.4316823860213311,0.631578947368421,0.28121374865735765,0.21,0,0,0,50.347317690633076,25.17241175396282,42.836010321488004
27500,0.06,0,0.431650923915246,0.631578947368421,0.2803222341568206,0.25,0,0,0,50.35127740003644,25.169022591549655,42.83576360435511
27600,0.06,0,0.4317706836931927,0.631578947368421,0.27951664876476906,0.22,0,0,0,50.33878313306658,25.168909816300683,42.83451133546345
27700,0.06,0,0.43182873303190217,0.631578947368421,0.2823200859291085,0.19,0,0,0,50.341273786730646,25.16735322329016,42.8266342619114
27800,0.06,0,0.4319345857897887,0.631578947368421,0.28455424274973146,0.21,0,0,0,50.3338923866693,25.166743498506506,42.82241781378244
27900,0.06,0,0.43195388310386035,0.631578947368421,0.28219119226638023,0.23,0,0,0,50.342804564444336,25.165776319494782,42.81292423826704
28000,0.06,0,0.431960939843035,0.631578947368421,0.28311493018259937,0.23,0,0,0,50.342865094572375,25.160822674510925,42.81217334840511
28100,0.06,0,0.43198820499553836,0.631578947368421,0.283609022556391,0.15,0,0,0,50.346088171963856,25.16403085954655,42.80673064155668
28200,0.06,0,0.4319076122144657,0.631578947368421,0.28122448979591835,0.26,0,0,0,50.35144871492299,25.169902124529777,42.8101600970902
28300,0.06,0,0.4318542526874764,0.631578947368421,0.28270676691729324,0.2,0,0,0,50.35815123959951,25.17037396200428,42.80975106950313
28400,0.06,0,0.43199402671736437,0.631578947368421,0.2785392051557465,0.28,0,0,0,50.34974910689107,25.170636451444054,42.803041321767175
28500,0.06,0,0.4321534233823556,0.631578947368421,0.2824919441460795,0.23,0,0,0,50.34430183109833,25.169810634884865,42.79188332935188
28600,0.06,0,0.4320900492054617,0.631578947368421,0.27716433941997853,0.22,0,0,0,50.354815242699694,25.17217844188446,42.78922388525613
28700,0.06,0,0.43208359643921884,0.631578947368421,0.2763480128893663,0.18,0,0,0,50.34797490296496,25.16819494941555,42.795676387529255
28800,0.06,0,0.43201558088964553,0.631578947368421,0.2761331901181525,0.13,0,0,0,50.37074754683106,25.167333949898367,42.78306304544953
28900,0.06,0,0.43200700471805126,0.631578947368421,0.276390977443609,0.16,0,0,0,50.374533366028764,25.163444091782715,42.780697013741786
29000,0.06,0,0.4320773478600087,0.631578947368421,0.2796670247046187,0.23,0,0,0,50.36736219931925,25.16358899194343,42.779822228761255
29100,0.06,0,0.43219829943499816,0.631578947368421,0.2738453276047261,0.26,0,0,0,50.35494395951217,25.161525827190644,42.77839736373439
29200,0.06,0,0.432239869692984,0.631578947368421,0.2747690655209452,0.23,0,0,0,50.34765842688976,25.165067431741562,42.780472823255195
29300,0.06,0,0.43229849395528414,0.631578947368421,0.27876476906552095,0.32,0,0,0,50.329161705127895,25.16258085021496,42.79039167050575
29400,0.06,0,0.4323019150877242,0.631578947368421,0.2733190118152524,0.19,0,0,0,50.329586932466874,25.161951192506155,42.789691510814116
29500,0.06,0,0.4322810246026649,0.631578947368421,0.2758968850698174,0.32,0,0,0,50.32447655319799,25.1615231200827,42.79610481511456
29600,0.06,0,0.4322030327620369,0.631578947368421,0.27816326530612245,0.14,0,0,0,50.330950382015196,25.16182631659337,42.79832180069029
29700,0.06,0,0.4322072298640713,0.631578947368421,0.27,0.26,0,0,0,50.33210177456665,25.1576292859486,42.79692715138061
29800,0.06,0,0.4323150718892537,0.631578947368421,0.2747905477980666,0.24,0,0,0,50.3202571814818,25.15552559613453,42.79632256309866
29900,0.06,0,0.43224776037465307,0.631578947368421,0.2792266380236305,0.22,0,0,0,50.31823164411933,25.156945114009968,42.804710008539004
30000,0.06,0,0.43231371351233167,0.631578947368421,0.2761224489795918,0.11,0,0,0,50.314029411143196,25.155308683710867,42.80175429402424
30100,0.06,0,0.43228810380852445,0.631578947368421,0.276390977443609,0.2,0,0,0,50.31659050390608,25.155751568667977,42.802111244753085
30200,0.06,0,0.4324109715070843,0.631578947368421,0.2734264232008593,0.22,0,0,0,50.31582849846563,25.15582558517321,42.79059724098881
30300,0.06,0,0.4324286860516165,0.631578947368421,0.2771858216970999,0.11,0,0,0,50.31234162859622,25.155939210653514,42.79180977186074
30400,0.06,0,0.4324583902891753,0.631578947368421,0.27408163265306124,0.1,0,0,0,50.31185199796654,25.155822548691173,42.78928695159808
30500,0.06,0,0.4324535234429455,0.631578947368421,0.27740064446831364,0.17,0,0,0,50.319233144192616,25.156119005290964,42.7834918273422
30600,0.06,0,0.43240572329420524,0.631578947368421,0.27419978517722876,0.17,0,0,0,50.323094747756016,25.15685725189064,42.78493790846842
30700,0.06,0,0.43246429224153893,0.631578947368421,0.272438238453276,0.23,0,0,0,50.30962278713828,25.152816410549867,42.790598955252435
30800,0.06,0,0.4325577209165529,0.631578947368421,0.2736842105263158,0.21,0,0,0,50.313019449264004,25.15306212920498,42.77846836602391
30900,0.06,0,0.4325643281074953,0.631578947368421,0.26865735767991406,0.23,0,0,0,50.309624465069334,25.152495490483467,42.7807016716878
31000,0.06,0,0.4326099751187293,0.631578947368421,0.2729323308270677,0.13,0,0,0,50.30664049216723,25.153247430874643,42.77872494809259
31100,0.06,0,0.4325322345327212,0.631578947368421,0.27236305048335124,0.25,0,0,0,50.315312062220734,25.151625448455817,42.779039717935795
31200,0.06,0,0.4325291519687833,0.631578947368421,0.27567132116004295,0.27,0,0,0,50.31702515213172,25.151653869968076,42.77788813452998
31300,0.06,0,0.43251084508722604,0.631578947368421,0.2774973147153598,0.2,0,0,0,50.3292556517377,25.153530899522345,42.76930290999278
31400,0.06,0,0.43231479345133705,0.631578947368421,0.27430719656283564,0.28,0,0,0,50.34054184730057,25.15262364464655,42.77910538453688
31500,0.06,0,0.43244311645041256,0.631578947368421,0.2703222341568206,0.25,0,0,0,50.31854285504308,25.149583548451083,42.78510837124354
31600,0.06,0,0.43239783701376294,0.631578947368421,0.2713319011815252,0.29,0,0,0,50.31734580167595,25.148719171337124,42.79060667010857
31700,0.06,0,0.4325857964323388,0.631578947368421,0.27171858216971,0.27,0,0,0,50.30896289337953,25.149217585886028,42.77914110109825
31800,0.06,0,0.4325369889343844,0.631578947368421,0.2728034371643394,0.23,0,0,0,50.31674204513775,25.150134386329704,42.777353744290416
31900,0.06,0,0.43257883841655403,0.631578947368421,0.27175080558539205,0.24,0,0,0,50.31333928620586,25.148677532986856,42.776108094746064
32000,0.06,0,0.43255603249601604,0.631578947368421,0.26440386680988187,0.31,0,0,0,50.32038509282814,25.146375992818385,42.772373625284786
32100,0.06,0,0.43250689762644234,0.631578947368421,0.27064446831364125,0.17,0,0,0,50.32012658861312,25.14735941452636,42.77745252813378
32200,0.06,0,0.4324607210280251,0.631578947368421,0.271890440386681,0.26,0,0,0,50.32796581833443,25.149235961162795,42.77535629909624
32300,0.06,0,0.4325059737308799,0.631578947368421,0.2753813104189044,0.21,0,0,0,50.32902683000311,25.15125706722605,42.769979078279235
32400,0.06,0,0.4326137176881719,0.631578947368421,0.2717830290010741,0.22,0,0,0,50.31635796125866,25.14905708742143,42.77009319265966
32500,0.06,0,0.43260154826248237,0.631578947368421,0.2713104189044039,0.15,0,0,0,50.32434090365751,25.14793947576482,42.764511545293324
32600,0.06,0,0.4326157343228463,0.631578947368421,0.2744468313641246,0.19,0,0,0,50.31660516257695,25.14669165912803,42.76968369527347
32700,0.06,0,0.4326195480898747,0.631578947368421,0.27200859291084856,0.24,0,0,0,50.312412409066695,25.149301591847085,42.772870811694176
32800,0.06,0,0.43262528388885246,0.631578947368421,0.2694629430719656,0.28,0,0,0,50.30655422020776,25.144182127603596,42.77728455052994
32900,0.06,0,0.43249204459806234,0.631578947368421,0.28125671321160045,0.23,0,0,0,50.3015396997665,25.14610201063967,42.794728840837095
33000,0.06,0,0.4325213657626003,0.631578947368421,0.27360902255639097,0.24,0,0,0,50.29518232125442,25.14653747493203,42.797236677052936
33100,0.06,0,0.43263469041625513,0.631578947368421,0.2697314715359828,0.21,0,0,0,50.29297173501245,25.143765371166293,42.78790696156714
33200,0.06,0,0.4327097352826947,0.631578947368421,0.26928034371643395,0.19,0,0,0,50.29047640345136,25.1437427260018,42.78260895125375
33300,0.06,0,0.432756712775516,0.631578947368421,0.2722126745435016,0.14,0,0,0,50.28862083193944,25.142434722070877,42.779543165923
33400,0.06,0,0.4327149259794921,0.631578947368421,0.2715359828141783,0.21,0,0,0,50.28718941891382,25.14185873602637,42.784892165752154
33500,0.06,0,0.4326885136362832,0.631578947368421,0.2741138560687433,0.12,0,0,0,50.28847596624878,25.141008835654613,42.78640921065259
33600,0.06,0,0.43262771574855036,0.631578947368421,0.26851772287862513,0.25,0,0,0,50.29439411716263,25.141087207894834,42.78738666300008
33700,0.06,0,0.4325776087298624,0.631578947368421,0.2759935553168636,0.23,0,0,0,50.28725367485404,25.143121174965557,42.79841909653361
33800,0.06,0,0.43262563734647114,0.631578947368421,0.2741890440386681,0.19,0,0,0,50.28638386768676,25.14002977625243,42.794407967743425
33900,0.06,0,0.4325943504540883,0.631578947368421,0.2732545649838883,0.2,0,0,0,50.29660242076993,25.142589314523196,42.78880803241334
34000,0.06,0,0.43252903074325827,0.631578947368421,0.27783029001074117,0.22,0,0,0,50.298176251559376,25.145428872903317,42.793930852023834
34100,0.06,0,0.43251772685171586,0.631578947368421,0.2745112781954887,0.31,0,0,0,50.30366817286427,25.14733423654887,42.79037711033822
34200,0.06,0,0.4324803868057799,0.631578947368421,0.2728893662728249,0.31,0,0,0,50.29870019203326,25.14389547807658,42.798298352676284
34300,0.06,0,0.4324633744415923,0.631578947368421,0.2752309344790548,0.23,0,0,0,50.29286955041791,25.143278508697335,42.80494392697125
34400,0.06,0,0.4324601695877484,0.631578947368421,0.27741138560687434,0.26,0,0,0,50.299737143154466,25.145509804490676,42.7994167970191
34500,0.06,0,0.4325086943567182,0.631578947368421,0.2745112781954887,0.22,0,0,0,50.2985908966253,25.146215502758817,42.795590209907154
34600,0.06,0,0.43261299667769865,0.631578947368421,0.2786895810955961,0.21,0,0,0,50.29202243172756,25.145978045815326,42.79086029418622
34700,0.06,0,0.4325865136303881,0.631578947368421,0.27580021482277123,0.05,0,0,0,50.290871991661746,25.145275059833203,42.794458892440076
34800,0.06,0,0.4325286327552059,0.631578947368421,0.2739205155746509,0.16,0,0,0,50.289857917387806,25.143711554291507,42.80104868451344
34900,0.06,0,0.4325415498779392,0.631578947368421,0.27697099892588617,0.19,0,0,0,50.28996174874233,25.143720371464376,42.79968213679086
35000,0.06,0,0.4325414010374523,0.631578947368421,0.27184747583243823,0.11,0,0,0,50.29708388017682,25.14445789957631,42.79363637261755
35100,0.06,0,0.4324832708656332,0.631578947368421,0.27012889366272824,0.21,0,0,0,50.29605471977772,25.147164477307825,42.8002640379539
35200,0.06,0,0.43227360536120485,0.631578947368421,0.27272824919441463,0.24,0,0,0,50.30939587121531,25.14188671366289,42.80966806486197
35300,0.06,0,0.4323406382704749,0.631578947368421,0.27163265306122447,0.26,0,0,0,50.30778843536874,25.141283996800446,42.804398218634866
35400,0.06,0,0.4323755837106967,0.631578947368421,0.2753705692803437,0.28,0,0,0,50.30891772200911,25.14616410760557,42.79997792878123
35500,0.06,0,0.4322518714431151,0.631578947368421,0.27576799140708913,0.24,0,0,0,50.31599223220361,25.146974759399935,42.806207990223754
35600,0.06,0,0.4322935031125118,0.631578947368421,0.2782921589688507,0.21,0,0,0,50.315742997209284,25.144387880261775,42.8022975903518
35700,0.06,0,0.4323422672057934,0.631578947368421,0.27671321160042966,0.27,0,0,0,50.30588431941984,25.14678198653785,42.805857117462494
35800,0.06,0,0.4323266946614151,0.631578947368421,0.2771965628356606,0.27,0,0,0,50.305300547476875,25.151804670650474,42.807895759920335
35900,0.06,0,0.43227356518841625,0.631578947368421,0.27171858216971,0.27,0,0,0,50.312220179737054,25.155848831464013,42.80726889511947
36000,0.06,0,0.43223835339385486,0.631578947368421,0.2767239527389903,0.2,0,0,0,50.313844797620234,25.15614609327775,42.809373793913814
36100,0.06,0,0.43223566585093554,0.631578947368421,0.27689581095596133,0.15,0,0,0,50.31568498892485,25.155004821989166,42.80807429949618
36200,0.06,0,0.4322796508997387,0.631578947368421,0.27474758324382387,0.24,0,0,0,50.30908683647637,25.15444733656268,42.80933232521255
36300,0.06,0,0.43223669277893056,0.631578947368421,0.2709237379162191,0.16,0,0,0,50.313771211250675,25.15575879530909,42.80960087477896
36400,0.06,0,0.43220585486750845,0.631578947368421,0.27484425349087005,0.2,0,0,0,50.31427860062974,25.154871887333407,42.81222360214724
36500,0.06,0,0.4321488633291848,0.631578947368421,0.27644468313641246,0.22,0,0,0,50.31678758566799,25.15410750417609,42.81573459238286
36600,0.06,0,0.43223221126956773,0.631578947368421,0.27334049409237376,0.15,0,0,0,50.3162925671652,25.15619706805567,42.8078995203131
36700,0.06,0,0.43228457364963063,0.631578947368421,0.2714285714285714,0.23,0,0,0,50.3143369374112,25.155748419077554,42.80437789043003
36800,0.06,0,0.43226059487046636,0.631578947368421,0.27617615467239526,0.15,0,0,0,50.31065829128799,25.154957368260188,42.809882347261386
36900,0.06,0,0.43224793627157804,0.631578947368421,0.27716433941997853,0.23,0,0,0,50.313362293828504,25.153374344577717,42.8088352475846
37000,0.06,0,0.43228010762709396,0.631578947368421,0.27961331901181524,0.23,0,0,0,50.30764122392722,25.15187368964328,42.810517238826286
37100,0.06,0,0.43217326817623675,0.631578947368421,0.2742642320085929,0.17,0,0,0,50.32109228767038,25.153090363742237,42.80965433390166
37200,0.06,0,0.43220970628912425,0.631578947368421,0.27578947368421053,0.28,0,0,0,50.31436479820389,25.151222662839015,42.811768757930565
37300,0.06,0,0.43213904412295845,0.631578947368421,0.2746079484425349,0.28,0,0,0,50.31232284088118,25.147853373146866,42.82050704517873
37400,0.06,0,0.43212257464246784,0.631578947368421,0.2793233082706767,0.27,0,0,0,50.31330833466607,25.150242779197995,42.82130029924264
37500,0.06,0,0.4321679762666892,0.631578947368421,0.2801825993555317,0.27,0,0,0,50.30794602988847,25.149332760778904,42.8213655125507
37600,0.06,0,0.4322087941643547,0.631578947368421,0.27706766917293235,0.23,0,0,0,50.31094571194298,25.151471934516042,42.81476856216217
37700,0.06,0,0.4321012304060982,0.631578947368421,0.27422126745435016,0.29,0,0,0,50.31482949537627,25.151574812992415,42.82212084253138
37800,0.06,0,0.4321590004952621,0.631578947368421,0.27892588614393127,0.27,0,0,0,50.32741850571726,25.154338977196655,42.805686286284065
37900,0.06,0,0.4322475557356195,0.631578947368421,0.2745112781954887,0.28,0,0,0,50.315709748223185,25.153919238737995,42.806875708358895
38000,0.06,0,0.4322965944904952,0.631578947368421,0.2753920515574651,0.2,0,0,0,50.310786693558185,25.154215798045517,42.806208092813584
38100,0.06,0,0.43230773638096054,0.631578947368421,0.27670247046186897,0.23,0,0,0,50.30765600049181,25.15285626718569,42.807768648321904
38200,0.06,0,0.4322570523958615,0.631578947368421,0.27678839957035445,0.18,0,0,0,50.30357361707738,25.15101429787602,42.816262511155
38300,0.06,0,0.4321262554370223,0.631578947368421,0.2782921589688507,0.26,0,0,0,50.30716014199579,25.149569109334536,42.82616883119693
38400,0.06,0,0.4320964737976586,0.631578947368421,0.2801933404940924,0.17,0,0,0,50.31430521757387,25.149012090200415,42.823038451146964
38500,0.06,0,0.43207315131626445,0.631578947368421,0.27558539205155747,0.24,0,0,0,50.310272195479946,25.14909922265675,42.82878296507756
38600,0.06,0,0.43202468654124737,0.631578947368421,0.28087003222341567,0.14,0,0,0,50.301683201898555,25.14650613186629,42.840901341345194
38700,0.06,0,0.4320119927342162,0.631578947368421,0.27531686358754026,0.17,0,0,0,50.31578993230169,25.146427904440237,42.830148740906104
38800,0.06,0,0.4320548127259964,0.631578947368421,0.27603651987110633,0.24,0,0,0,50.31419752900447,25.141451258598853,42.82725934501603
38900,0.06,0,0.4321444869648338,0.631578947368421,0.27738990332975294,0.28,0,0,0,50.3018046868849,25.14636103003554,42.82892141762037
39000,0.06,0,0.43217934813768094,0.631578947368421,0.2826315789473684,0.2,0,0,0,50.299495676520564,25.147536721458152,42.827432592862216
39100,0.06,0,0.43218036251422276,0.631578947368421,0.27918367346938777,0.33,0,0,0,50.296849039702444,25.147197071003916,42.82958566036614
39200,0.06,0,0.432097451046169,0.631578947368421,0.2735016111707841,0.15,0,0,0,50.29954045180637,25.145855908917188,42.835511709808955
39300,0.06,0,0.4321956883502723,0.631578947368421,0.2767454350161117,0.29,0,0,0,50.294198733195266,25.143878007164574,42.8303237764423
39400,0.06,0,0.43220911589318134,0.631578947368421,0.2791729323308271,0.28,0,0,0,50.29791235240332,25.141971699618786,42.82583098619515
39500,0.06,0,0.43216774043377326,0.631578947368421,0.2755209452201933,0.19,0,0,0,50.303404393591606,25.142295341366964,42.82525500357204
39600,0.06,0,0.4322123768833747,0.631578947368421,0.2730504833512352,0.24,0,0,0,50.2995231116941,25.14185334812839,42.824136454195354
39700,0.06,0,0.43227850666839435,0.631578947368421,0.27628356605800214,0.23,0,0,0,50.2849853814697,25.140511721883414,42.829964089935224
39800,0.06,0,0.4323290150451408,0.631578947368421,0.27807733619763697,0.26,0,0,0,50.2818365374229,25.139396361740015,42.827642192332945
39900,0.06,0,0.4322954823086365,0.631578947368421,0.27510204081632655,0.16,0,0,0,50.2912387150258,25.140452092523486,42.822956845423406
40000,0.06,0,0.43231871856404047,0.631578947368421,0.27344790547798065,0.31,0,0,0,50.29318028225793,25.138992041261723,42.819002107687794
40100,0.06,0,0.43236692239315433,0.631578947368421,0.2777551020408163,0.25,0,0,0,50.28287706344318,25.141399926450102,42.82300114677931
40200,0.06,0,0.43236009889711235,0.631578947368421,0.2757465091299678,0.1,0,0,0,50.280991775650456,25.1401365750432,42.82528265376695
40300,0.06,0,0.4323925724341705,0.631578947368421,0.26953813104189045,0.14,0,0,0,50.28304870609755,25.140612604722865,42.82031466659093
40400,0.06,0,0.43237241429736933,0.631578947368421,0.27251342642320087,0.25,0,0,0,50.299872020108076,25.14314907315152,42.80798867607502
40500,0.06,0,0.43236189475197295,0.631578947368421,0.2707089151450054,0.23,0,0,0,50.29827824147905,25.143572240016386,42.81038668254894
40600,0.06,0,0.4324563290906096,0.631578947368421,0.27223415682062296,0.27,0,0,0,50.295876594102616,25.143088148823274,42.803082058222536
40700,0.06,0,0.43248933614125445,0.631578947368421,0.2766272824919441,0.14,0,0,0,50.292471447867065,25.14434232988879,42.802713221881
40800,0.06,0,0.4325700364960536,0.631578947368421,0.27323308270676694,0.18,0,0,0,50.28916934053495,25.14151576961658,42.79753794327247
40900,0.06,0,0.43260271659918503,0.631578947368421,0.2684747583243824,0.19,0,0,0,50.28719148539247,25.143263084171824,42.79598804023556
41000,0.06,0,0.43265456725328133,0.631578947368421,0.26707841031149304,0.15,0,0,0,50.289378223555886,25.143775184928856,42.788998558099735
41100,0.06,0,0.4326914338500095,0.631578947368421,0.270687432867884,0.18,0,0,0,50.28850048634441,25.13963908279252,42.786099585208504
41200,0.06,0,0.4327383881533349,0.631578947368421,0.27112781954887216,0.23,0,0,0,50.27575941040527,25.137234521528924,42.79229891812284
41300,0.06,0,0.4327553270993127,0.631578947368421,0.2719441460794844,0.22,0,0,0,50.27082260115756,25.13501422591684,42.79482616012998
41400,0.06,0,0.4328278103987397,0.631578947368421,0.2660365198711063,0.26,0,0,0,50.265185533076085,25.130500767938123,42.7924580345144
41500,0.06,0,0.4327701382925071,0.631578947368421,0.27038668098818475,0.26,0,0,0,50.2713107769968,25.130274970020196,42.79294598448494
41600,0.06,0,0.43281315214081256,0.631578947368421,0.26498388829215896,0.2,0,0,0,50.271295959258715,25.133459608585685,42.78870574697846
41700,0.06,0,0.43273415747171007,0.631578947368421,0.26952738990332975,0.21,0,0,0,50.277670689268724,25.13532981535399,42.79109054023657
41800,0.06,0,0.43273366020483683,0.631578947368421,0.26609022556390977,0.15,0,0,0,50.275790076407596,25.134733774345474,42.79274035525429
41900,0.06,0,0.4326140642513322,0.631578947368421,0.2661654135338346,0.34,0,0,0,50.28345913815552,25.13507184752341,42.79804198095655
42000,0.06,0,0.4327515137089433,0.631578947368421,0.2679699248120301,0.22,0,0,0,50.27720066184157,25.13405250217828,42.78977435644008
42100,0.06,0,0.4329087077288452,0.631578947368421,0.27343716433942,0.26,0,0,0,50.279545142883684,25.1339867881571,42.772242391591725
42200,0.06,0,0.4328658921943942,0.631578947368421,0.2664232008592911,0.26,0,0,0,50.27070489057565,25.134564481808997,42.783995439530024
42300,0.06,0,0.4328360430230711,0.631578947368421,0.26904403866809884,0.21,0,0,0,50.27568046283353,25.134573999485347,42.782711458961906
42400,0.06,0,0.4327987792767332,0.631578947368421,0.2640279269602578,0.26,0,0,0,50.27417188787265,25.132427474349825,42.78767891738092
42500,0.06,0,0.4329804710241181,0.631578947368421,0.26926960257787325,0.31,0,0,0,50.266939678980286,25.130691034718062,42.77587744770008
42600,0.06,0,0.4329757226369368,0.631578947368421,0.27199785177228786,0.26,0,0,0,50.26159346779216,25.129548354799578,42.780896587588956
42700,0.06,0,0.4330427967878287,0.631578947368421,0.2735123523093448,0.23,0,0,0,50.25501855862453,25.12620927223961,42.77986643564378
42800,0.06,0,0.43302519384713334,0.631578947368421,0.2657679914070892,0.18,0,0,0,50.25829747623039,25.125242587047588,42.7788143549475
42900,0.06,0,0.4330730167279771,0.631578947368421,0.26360902255639096,0.26,0,0,0,50.24736346143115,25.123455428589168,42.78339822859258
43000,0.06,0,0.43300229624836856,0.631578947368421,0.2685499462943072,0.24,0,0,0,50.247043211588945,25.122461768528627,42.790658589402845
43100,0.06,0,0.432928501060316,0.631578947368421,0.2676262083780881,0.2,0,0,0,50.25918839700624,25.122644456245528,42.78761033677067
43200,0.06,0,0.4331937730506888,0.631578947368421,0.2712137486573577,0.32,0,0,0,50.24292200339714,25.11980350836511,42.775252989165544
43300,0.06,0,0.4331485208891492,0.631578947368421,0.26722878625134266,0.24,0,0,0,50.25291550464297,25.120547195652097,42.77121448073912
43400,0.06,0,0.4332251091668221,0.631578947368421,0.26321160042964553,0.15,0,0,0,50.25281166502184,25.12255290626045,42.76374147908572
43500,0.06,0,0.433303935654104,0.631578947368421,0.26374865735767994,0.27,0,0,0,50.24213153962244,25.120315490144918,42.7650506826426
43600,0.06,0,0.43325504695387546,0.631578947368421,0.2655639097744361,0.17,0,0,0,50.24113337872708,25.12049022659051,42.770726037187636
43700,0.06,0,0.4332212755267495,0.631578947368421,0.2655102040816327,0.19,0,0,0,50.23829358418898,25.117048221177132,42.77647806342813
43800,0.06,0,0.43316088928211904,0.631578947368421,0.2758861439312567,0.28,0,0,0,50.239298243538215,25.116386009242834,42.78158592062441
43900,0.06,0,0.4332635500591252,0.631578947368421,0.2699785177228786,0.26,0,0,0,50.24013890450351,25.11496025353701,42.7707332362166
44000,0.06,0,0.4333105459628875,0.631578947368421,0.26987110633727174,0.31,0,0,0,50.241555172906054,25.117098310479413,42.76488887578635
44100,0.06,0,0.4332873538696136,0.631578947368421,0.26978517722878625,0.2,0,0,0,50.233764277837345,25.11674476758928,42.77381078601945
44200,0.06,0,0.4332346470141575,0.631578947368421,0.26779806659505906,0.18,0,0,0,50.234059991030065,25.114554143454786,42.77876277374335
44300,0.06,0,0.43329095937587836,0.631578947368421,0.26654135338345863,0.22,0,0,0,50.23704501855193,25.115292303784795,42.770661526638264
44400,0.06,0,0.43338209573608977,0.631578947368421,0.26078410311493017,0.15,0,0,0,50.23484252929999,25.114604999785687,42.76354207729453
44500,0.06,0,0.4334168728427989,0.631578947368421,0.26117078410311495,0.19,0,0,0,50.229436320010116,25.114082943629498,42.76471304018417
44600,0.06,0,0.43336169269492586,0.631578947368421,0.2609344790547798,0.17,0,0,0,50.22805102953297,25.112425495166114,42.771337892853616
44700,0.06,0,0.4333610101268641,0.631578947368421,0.265875402792696,0.18,0,0,0,50.23703218136516,25.114828317133583,42.76375877967048
44800,0.06,0,0.4333782829011275,0.631578947368421,0.26620837808807735,0.19,0,0,0,50.235013560905664,25.114119832105793,42.763772712961774
44900,0.06,0,0.4334250681625337,0.631578947368421,0.26569280343716434,0.26,0,0,0,50.23188201408072,25.110851276365974,42.76182234073957
45000,0.06,0,0.4334652903161844,0.631578947368421,0.26174006444683134,0.28,0,0,0,50.23409233229905,25.110974759122726,42.755973020488575
45100,0.06,0,0.4335304476315316,0.631578947368421,0.2603651987110634,0.38,0,0,0,50.22421936471093,25.108647358849122,42.75795063844349
45200,0.06,0,0.4334757731653896,0.631578947368421,0.2605907626208378,0.25,0,0,0,50.227045485026885,25.107691092242163,42.76093755428827
45300,0.06,0,0.4334713981637504,0.631578947368421,0.2645220193340494,0.34,0,0,0,50.218406443293915,25.104770388644265,42.768725350114934
45400,0.06,0,0.4334609510442977,0.631578947368421,0.2643609022556391,0.22,0,0,0,50.23035614486489,25.103479366208237,42.7595813067954
45500,0.06,0,0.4335424960154142,0.631578947368421,0.2658002148227712,0.25,0,0,0,50.22039160329813,25.102106783905768,42.76002126059776
45600,0.06,0,0.4336150484727453,0.631578947368421,0.2715682062298604,0.16,0,0,0,50.21713722609243,25.104088643538784,42.755637301963766
45700,0.06,0,0.4337647371522887,0.631578947368421,0.26113856068743285,0.15,0,0,0,50.21310739769331,25.105736824923948,42.7443128282569
45800,0.06,0,0.4338277965666932,0.631578947368421,0.2596240601503759,0.26,0,0,0,50.22009104606327,25.10413648046987,42.732156495395195
45900,0.06,0,0.43381358803901093,0.631578947368421,0.2549301825993555,0.32,0,0,0,50.21527701007935,25.103508765540855,42.73765286378172
46000,0.06,0,0.4338073313865646,0.631578947368421,0.2573576799140709,0.13,0,0,0,50.211274371632264,25.105204900427726,42.741676174995085
46100,0.06,0,0.4337771854713452,0.631578947368421,0.2619763694951665,0.18,0,0,0,50.21226095452556,25.105934383220145,42.74380670655392
46200,0.06,0,0.43365065732568275,0.631578947368421,0.2585284640171858,0.23,0,0,0,50.21265963828262,25.104596671701042,42.755938772865875
46300,0.06,0,0.43364352950345125,0.631578947368421,0.26482277121374864,0.19,0,0,0,50.21653578256466,25.103748056919407,42.75334122908968
46400,0.06,0,0.433718600947235,0.631578947368421,0.2640923737916219,0.26,0,0,0,50.21183057406537,25.104890469998413,42.749946743981404
46500,0.06,0,0.43366796883443004,0.631578947368421,0.2666380236305048,0.29,0,0,0,50.217843974101136,25.107244529695972,42.74981819125362
46600,0.06,0,0.4337752716085312,0.631578947368421,0.2571858216970999,0.21,0,0,0,50.209234488037026,25.102891989606082,42.74657178039549
46700,0.06,0,0.4337901765454857,0.631578947368421,0.2563050483351235,0.15,0,0,0,50.20697747098232,25.10260270559266,42.74702459148339
46800,0.06,0,0.4337959657041132,0.631578947368421,0.2540386680988185,0.16,0,0,0,50.21081580374763,25.103327509440998,42.74318639296531
46900,0.06,0,0.4337521193816074,0.631578947368421,0.26326530612244897,0.23,0,0,0,50.2152532715198,25.102325227115085,42.74372958509988
47000,0.06,0,0.4337760850739645,0.631578947368421,0.25834586466165416,0.26,0,0,0,50.207380063714254,25.102932273639617,42.74807047146042
47100,0.06,0,0.43374047714272623,0.631578947368421,0.2636734693877551,0.12,0,0,0,50.208255125331505,25.099866571591058,42.75083477306604
47200,0.06,0,0.4337620598841051,0.631578947368421,0.26063372717508054,0.23,0,0,0,50.207328966575744,25.09516437590172,42.74949618750616
47300,0.06,0,0.43379273127332185,0.631578947368421,0.26052631578947366,0.19,0,0,0,50.214925171165625,25.094604373098434,42.74000715383734
47400,0.06,0,0.43362071276529285,0.631578947368421,0.25746509129967776,0.3,0,0,0,50.22869146793388,25.093347195132374,42.745243727932454
47500,0.06,0,0.4335826112563997,0.631578947368421,0.26299677765843177,0.27,0,0,0,50.22209851176948,25.090949333345403,42.754611926991515
47600,0.06,0,0.43354877749007004,0.631578947368421,0.2571643394199785,0.2,0,0,0,50.22938636400579,25.088040800782498,42.75174464859233
47700,0.06,0,0.4335843454240506,0.631578947368421,0.25817400644468314,0.27,0,0,0,50.21443350205063,25.082951457797527,42.76096720034448
47800,0.06,0,0.43359491512978937,0.631578947368421,0.26253490870032226,0.25,0,0,0,50.22037602148785,25.082163353835636,42.75486508713421
47900,0.06,0,0.4336368803909613,0.631578947368421,0.2645435016111708,0.2,0,0,0,50.20965370534291,25.08073344256551,42.75985693575579
48000,0.06,0,0.4336617750600986,0.631578947368421,0.2569172932330827,0.16,0,0,0,50.20278660112636,25.07992140676347,42.76325094522512
48100,0.06,0,0.4336764927295343,0.631578947368421,0.26192266380236306,0.28,0,0,0,50.209750928568965,25.084823127334836,42.75586842798578
48200,0.06,0,0.433699680620551,0.631578947368421,0.2592158968850698,0.2,0,0,0,50.20980490388841,25.086971953906446,42.75353651200275
48300,0.06,0,0.4338428757032546,0.631578947368421,0.2629108485499463,0.25,0,0,0,50.19612084695537,25.088535261106475,42.75107646413952
48400,0.06,0,0.43391884642610656,0.631578947368421,0.25968850698174006,0.21,0,0,0,50.19676274868721,25.08603723821937,42.74304499213462
48500,0.06,0,0.4340706170527404,0.631578947368421,0.2541031149301826,0.35,0,0,0,50.184244232782376,25.081323217241692,42.73875867200738
48600,0.06,0,0.43404521571643545,0.631578947368421,0.2535660580021482,0.2,0,0,0,50.18949699978464,25.081451432568265,42.736786599383855
48700,0.06,0,0.4341295746339461,0.631578947368421,0.25723952738990336,0.16,0,0,0,50.19361320819034,25.082820815588065,42.72497808111799
48800,0.06,0,0.4341088831078848,0.631578947368421,0.25585392051557465,0.3,0,0,0,50.19424054055972,25.08175313667066,42.72648053397371
48900,0.06,0,0.4340582540064939,0.631578947368421,0.2502577873254565,0.28,0,0,0,50.18898465941444,25.08353713485658,42.735939120602424
49000,0.06,0,0.43414976608819944,0.631578947368421,0.251203007518797,0.37,0,0,0,50.17832200897238,25.080039800194033,42.73601030901701
49100,0.06,0,0.43416745384478006,0.631578947368421,0.25482277121374863,0.2,0,0,0,50.180013025827826,25.081200676917533,42.7328291635044
49200,0.06,0,0.43400721426578903,0.631578947368421,0.25683136412459723,0.2,0,0,0,50.18339565879324,25.08302205599389,42.74572504138055
49300,0.06,0,0.43402496989707606,0.631578947368421,0.259140708915145,0.24,0,0,0,50.17864715713459,25.079948856971917,42.748021290787406
49400,0.06,0,0.4339465441731976,0.631578947368421,0.2558968850698174,0.28,0,0,0,50.186073775495736,25.078460530221758,42.74941993301675
49500,0.06,0,0.43409420276517685,0.631578947368421,0.2532545649838883,0.25,0,0,0,50.173454550427834,25.07761735295555,42.7456269092093
49600,0.06,0,0.434042241916433,0.631578947368421,0.2529752953813104,0.15,0,0,0,50.1761693843584,25.078036064968057,42.74843107733574
49700,0.06,0,0.4340438584472392,0.631578947368421,0.25595059076262083,0.17,0,0,0,50.1781822826778,25.077967467662685,42.746557019876036
49800,0.06,0,0.43414255272634783,0.631578947368421,0.2539312567132116,0.27,0,0,0,50.167531768749406,25.080327975509363,42.74591236660711
49900,0.06,0,0.43425851683809713,0.631578947368421,0.24813104189044038,0.3,0,0,0,50.163544380400815,25.07889487072806,42.73789439595546
50000,0.06,0,0.43430424416840935,0.631578947368421,0.2529323308270677,0.27,0,0,0,50.16075751505214,25.078527765710927,42.73576878939829
50100,0.06,0,0.43432599856256804,0.631578947368421,0.2512781954887218,0.17,0,0,0,50.15603482793597,25.076674588432127,42.73765204672522
50200,0.06,0,0.43430303897493766,0.631578947368421,0.25388829215896885,0.18,0,0,0,50.166531653777795,25.078175322210875,42.73096850553108
50300,0.06,0,0.43434907082053126,0.631578947368421,0.2537701396348013,0.33,0,0,0,50.16192772614737,25.079716997006717,42.73036141241309
50400,0.06,0,0.4343436518033061,0.631578947368421,0.2512459720730397,0.23,0,0,0,50.16429597016975,25.081342406396004,42.728877215771796
50500,0.06,0,0.43436250157153367,0.631578947368421,0.256906552094522,0.15,0,0,0,50.161729182984544,25.079652558886963,42.729209287948784
50600,0.06,0,0.4344124745601337,0.631578947368421,0.2569924812030075,0.22,0,0,0,50.153299799724536,25.074766263550412,42.73147467170776
50700,0.06,0,0.4344729492847793,0.631578947368421,0.25091299677765844,0.18,0,0,0,50.155901467872695,25.075761211897422,42.72331059244485
50800,0.06,0,0.4344753953103419,0.631578947368421,0.25265306122448977,0.19,0,0,0,50.15792377868606,25.074637274116146,42.72134752126695
50900,0.06,0,0.43448708712855216,0.631578947368421,0.25032223415682064,0.26,0,0,0,50.154734393352534,25.075866103137102,42.72291452872533
51000,0.06,0,0.43445362415221866,0.631578947368421,0.2491299677765843,0.2,0,0,0,50.16300174532832,25.075876428443287,42.719163485800166
51100,0.06,0,0.43448212445365575,0.631578947368421,0.25415682062298606,0.27,0,0,0,50.15715902468255,25.075602845964102,42.72133723336654
51200,0.06,0,0.43443812604282056,0.631578947368421,0.24979591836734694,0.17,0,0,0,50.16670964109793,25.075035276078296,42.71752989642083
51300,0.06,0,0.43443282918835097,0.631578947368421,0.2561439312567132,0.21,0,0,0,50.16645602158742,25.075860549603036,42.718266696723596
51400,0.06,0,0.4344218802596551,0.631578947368421,0.25045112781954887,0.3,0,0,0,50.16858001585103,25.07431973141906,42.71753472940289
51500,0.06,0,0.434404262075778,0.631578947368421,0.25042964554242747,0.22,0,0,0,50.16002294432709,25.076769615424958,42.72655494187584
51600,0.06,0,0.4342802596161446,0.631578947368421,0.24877551020408165,0.23,0,0,0,50.162162612034365,25.076547865012977,42.736931870761495
51700,0.06,0,0.43435006139247667,0.631578947368421,0.2545864661654135,0.16,0,0,0,50.15544898743822,25.077365053077244,42.735783566187
51800,0.06,0,0.4342564074247507,0.631578947368421,0.24856068743286788,0.2,0,0,0,50.165231027842694,25.077642240626197,42.736665062854414
51900,0.06,0,0.4342310510712615,0.631578947368421,0.24764769065520945,0.17,0,0,0,50.15972725344443,25.0790816005686,42.74385016740756
52000,0.06,0,0.43423824817362017,0.631578947368421,0.24928034371643396,0.25,0,0,0,50.16785784003678,25.077306712955732,42.73621444679592
52100,0.06,0,0.43422361167381146,0.631578947368421,0.25532760472610094,0.18,0,0,0,50.17815430971991,25.078075687346303,42.72888527642748
52200,0.06,0,0.4342233557087027,0.631578947368421,0.25748657357679916,0.26,0,0,0,50.16981757235208,25.079453005634694,42.73601074321272
52300,0.06,0,0.4342662795878329,0.631578947368421,0.25113856068743284,0.28,0,0,0,50.15965844990208,25.076790986914983,42.74044133058923
52400,0.06,0,0.43426392519924095,0.631578947368421,0.25226638023630504,0.22,0,0,0,50.14787498593419,25.072738263053953,42.75071601208294
52500,0.06,0,0.4343535614508662,0.631578947368421,0.25398496240601504,0.24,0,0,0,50.1565865970511,25.07338360280469,42.73446990818977
52600,0.06,0,0.43437534440986697,0.631578947368421,0.2528356605800215,0.18,0,0,0,50.15197254139422,25.075879100917113,42.73625830669505
52700,0.06,0,0.4342833772070523,0.631578947368421,0.2514715359828142,0.15,0,0,0,50.15451959149663,25.077135332603852,42.74313768660896
52800,0.06,0,0.43424624902235626,0.631578947368421,0.2507089151450054,0.3,0,0,0,50.15486382012235,25.07343572270553,42.74649885301956
52900,0.06,0,0.4342823107760248,0.631578947368421,0.25218045112781956,0.15,0,0,0,50.1574737674016,25.07404768929315,42.7407251550143
53000,0.06,0,0.43439941281636746,0.631578947368421,0.2512781954887218,0.36,0,0,0,50.157239216227524,25.074956185780138,42.72940325558642
53100,0.06,0,0.43441528353840786,0.631578947368421,0.25108485499462946,0.19,0,0,0,50.156888185691265,25.074325250970485,42.72814123706216
53200,0.06,0,0.43438704279545953,0.631578947368421,0.25440386680988186,0.24,0,0,0,50.15922708933519,25.073299145866887,42.72892659085295
53300,0.06,0,0.4344489455528995,0.631578947368421,0.25337271750805584,0.2,0,0,0,50.15784119238456,25.069549183801687,42.72401879281289
53400,0.06,0,0.4345450821446118,0.631578947368421,0.2523630504833512,0.25,0,0,0,50.15399266988607,25.068624060373516,42.7178444081822
53500,0.06,0,0.434508063714816,0.631578947368421,0.2516326530612245,0.3,0,0,0,50.143245202341454,25.069023469791052,42.73064052768109
53600,0.06,0,0.43447149644149724,0.631578947368421,0.2476047261009667,0.23,0,0,0,50.15511710345916,25.072572612171996,42.72412159862849
53700,0.06,0,0.43440168605301854,0.631578947368421,0.251203007518797,0.25,0,0,0,50.16139697634848,25.07138856853709,42.72563793025554
53800,0.06,0,0.4343227036046616,0.631578947368421,0.2502470461868958,0.27,0,0,0,50.15096285887416,25.072264374834553,42.74229853668634
53900,0.06,0,0.43430458542168915,0.631578947368421,0.2536734693877551,0.22,0,0,0,50.14641579706635,25.070050295160875,42.74795749644974
54000,0.06,0,0.43430527559477383,0.631578947368421,0.2548979591836735,0.27,0,0,0,50.14865680949794,25.06943839349046,42.74597927236056
54100,0.06,0,0.4342120520510726,0.631578947368421,0.25191192266380236,0.31,0,0,0,50.17069912316247,25.06757967162732,42.73637233636643
54200,0.06,0,0.43433513693414466,0.631578947368421,0.25390977443609025,0.27,0,0,0,50.170970055938206,25.0643411942514,42.7240306896459
54300,0.06,0,0.43439047309040657,0.631578947368421,0.2561331901181525,0.25,0,0,0,50.16760270944022,25.066804672648914,42.72145551283205
54400,0.06,0,0.43432571871089243,0.631578947368421,0.2483888292158969,0.26,0,0,0,50.162348720708565,25.068630964821377,42.73230022823704
54500,0.06,0,0.43440226955171835,0.631578947368421,0.2524919441460795,0.28,0,0,0,50.15840418850383,25.072990088352547,42.728129835817256
54600,0.06,0,0.4345319167968566,0.631578947368421,0.24789473684210525,0.27,0,0,0,50.15416539238748,25.075325339828797,42.71899154605461
54700,0.06,0,0.43455874033075464,0.631578947368421,0.24902255639097745,0.18,0,0,0,50.15707473470496,25.0773086653986,42.71387693126735
54800,0.06,0,0.43459581578484136,0.631578947368421,0.24302900107411385,0.22,0,0,0,50.15384076363127,25.075982488324534,42.71298700168156
54900,0.06,0,0.4344622944180317,0.631578947368421,0.2523523093447905,0.25,0,0,0,50.16403698194741,25.078371169867143,42.71742938980977
55000,0.06,0,0.43439798829751813,0.631578947368421,0.2521267454350161,0.19,0,0,0,50.16269026764908,25.08094607736593,42.72490006753977
55100,0.06,0,0.43436814918966005,0.631578947368421,0.25904403866809883,0.17,0,0,0,50.165303252321124,25.080748590743212,42.72560948739553
55200,0.06,0,0.4344217470945773,0.631578947368421,0.2531901181525242,0.3,0,0,0,50.17237421153318,25.082942612824873,42.71431738595717
55300,0.06,0,0.4343716820243608,0.631578947368421,0.2574006444683136,0.26,0,0,0,50.17417313455619,25.079659748362968,42.717708941101286
55400,0.06,0,0.4342816170276951,0.631578947368421,0.25744360902255636,0.19,0,0,0,50.18551160320536,25.079392287493413,42.71691483984351
55500,0.06,0,0.43430985280093615,0.631578947368421,0.25574650912996777,0.2,0,0,0,50.17841518567046,25.078227079816834,42.72017847809295
55600,0.06,0,0.43438431933436,0.631578947368421,0.25593984962406013,0.2,0,0,0,50.1644115289403,25.078687298287,42.724778470894776
55700,0.06,0,0.4343754465130729,0.631578947368421,0.2553920515574651,0.24,0,0,0,50.16549283180896,25.07966884806521,42.72473025441376
55800,0.06,0,0.43443073373899965,0.631578947368421,0.25310418904403864,0.31,0,0,0,50.1600298791633,25.075925597343645,42.72394552922131
55900,0.06,0,0.43443020129906834,0.631578947368421,0.256906552094522,0.32,0,0,0,50.15425365150559,25.076996858743243,42.72891838260514
56000,0.06,0,0.43435481583707214,0.631578947368421,0.2560365198711063,0.23,0,0,0,50.157922286989844,25.07749740108445,42.73320849162753
56100,0.06,0,0.4343046276012259,0.631578947368421,0.25055853920515575,0.08,0,0,0,50.163780717062544,25.078390422643302,42.73315552094809
56200,0.06,0,0.4343080169367861,0.631578947368421,0.24841031149301826,0.29,0,0,0,50.16712079790446,25.077989132088454,42.72997691976019
56300,0.06,0,0.434391697851183,0.631578947368421,0.24784103114930184,0.21,0,0,0,50.172461361581675,25.07671769710467,42.71719796798893
56400,0.06,0,0.43433076090712436,0.631578947368421,0.250859291084855,0.19,0,0,0,50.17822093139558,25.07710767170668,42.718287359512416
56500,0.06,0,0.43437922269091983,0.631578947368421,0.25226638023630504,0.14,0,0,0,50.181095207973065,25.07710201199325,42.71107491931956
56600,0.06,0,0.4342300086505443,0.631578947368421,0.25491944146079487,0.25,0,0,0,50.19415192129127,25.077219804469745,42.714637683203534
56700,0.06,0,0.4344258352914772,0.631578947368421,0.25386680988184745,0.37,0,0,0,50.19191336043846,25.078898856102523,42.697287371488166
56800,0.06,0,0.43438671399618345,0.631578947368421,0.2514715359828142,0.2,0,0,0,50.194943362655074,25.07814754542873,42.69855509058398
56900,0.06,0,0.4344110822706326,0.631578947368421,0.24677765843179378,0.17,0,0,0,50.20326561098538,25.081883952783496,42.68908212913571
57000,0.06,0,0.434424359346205,0.631578947368421,0.24791621911922665,0.29,0,0,0,50.20137863533697,25.082587077038365,42.68938199939608
57100,0.06,0,0.43438394812214226,0.631578947368421,0.25151450053705693,0.25,0,0,0,50.20584735501668,25.083833923366708,42.68955339232573
57200,0.06,0,0.43434013215770706,0.631578947368421,0.2539205155746509,0.26,0,0,0,50.20753579652696,25.083848128821447,42.69242412585769
57300,0.06,0,0.4345257504840038,0.631578947368421,0.25263157894736843,0.27,0,0,0,50.196250437005176,25.08316237084768,42.6837812238114
57400,0.06,0,0.4345170427142342,0.631578947368421,0.24968850698174005,0.19,0,0,0,50.20134093202424,25.08168498283399,42.680308322160315
57500,0.06,0,0.4344432253636751,0.631578947368421,0.24744360902255638,0.2,0,0,0,50.20147432346002,25.07998398631219,42.687446815572585
57600,0.06,0,0.4345507416502761,0.631578947368421,0.2505048335123523,0.2,0,0,0,50.19903031930175,25.08199526285755,42.678962891689416
57700,0.06,0,0.4345821383890267,0.631578947368421,0.24733619763694953,0.23,0,0,0,50.19758744576999,25.080597854693618,42.67710618587684
57800,0.06,0,0.43458923349334494,0.631578947368421,0.2511063372717508,0.13,0,0,0,50.18562436173081,25.080535455441908,42.68658250148205
57900,0.06,0,0.43469932057850286,0.631578947368421,0.24854994629430718,0.21,0,0,0,50.172899691721135,25.08091344621167,42.686595450855016
58000,0.06,0,0.43464647919954086,0.631578947368421,0.24767991407089152,0.22,0,0,0,50.17180239945432,25.077260282750927,42.692718697470696
58100,0.06,0,0.4347813833514661,0.631578947368421,0.24559613319011817,0.3,0,0,0,50.16681203642824,25.07602798897031,42.683717539595264
58200,0.06,0,0.4347775610175464,0.631578947368421,0.24414607948442535,0.22,0,0,0,50.16198687885111,25.072606228607338,42.688198639827384
58300,0.06,0,0.4347124362692751,0.631578947368421,0.24800214822771213,0.22,0,0,0,50.15379972011062,25.072548354762276,42.70156331598636
58400,0.06,0,0.43474217180762736,0.631578947368421,0.24754027926960256,0.13,0,0,0,50.14646050223911,25.072686302076523,42.7048917978426
58500,0.06,0,0.4347355581347708,0.631578947368421,0.24827067669172934,0.17,0,0,0,50.1436229661684,25.069512603699962,42.707958099989895
58600,0.06,0,0.43482074962397316,0.631578947368421,0.24831364124597208,0.21,0,0,0,50.14043349909233,25.06800598488123,42.70230676855173
58700,0.06,0,0.4348507852509252,0.631578947368421,0.24431793770139634,0.15,0,0,0,50.138057276770084,25.068589336228683,42.701380948426525
58800,0.06,0,0.43477134513441307,0.631578947368421,0.2473469387755102,0.17,0,0,0,50.14141130454053,25.069178052807754,42.706326340871996
58900,0.06,0,0.4347242794734898,0.631578947368421,0.25029001074113855,0.26,0,0,0,50.147725435773864,25.069956531578566,42.705572202338395
59000,0.06,0,0.4347590744279576,0.631578947368421,0.24516648764769067,0.16,0,0,0,50.14248844418113,25.067610297606315,42.70661426568576
59100,0.06,0,0.43477537346502465,0.631578947368421,0.2495703544575725,0.19,0,0,0,50.146782057477324,25.066049007659032,42.701356820406055
59200,0.06,0,0.43457825444371945,0.631578947368421,0.2555424274973147,0.32,0,0,0,50.14541446668582,25.066206356919857,42.72189069921501
59300,0.06,0,0.4345240506847575,0.631578947368421,0.25031149301825995,0.2,0,0,0,50.1426669078986,25.06612815658506,42.72956117933253
59400,0.06,0,0.4344639847634412,0.631578947368421,0.25116004296455424,0.27,0,0,0,50.13596777029087,25.06733702509478,42.74117895400912
59500,0.06,0,0.4345004285541173,0.631578947368421,0.25133190118152526,0.2,0,0,0,50.13818061805363,25.06766712172931,42.73570780801337
59600,0.06,0,0.4344243866427893,0.631578947368421,0.25254564983888295,0.22,0,0,0,50.142275001375836,25.062993489155083,42.73969808398613
59700,0.06,0,0.4345178881419618,0.631578947368421,0.24808807733619764,0.25,0,0,0,50.130083841994086,25.063780901820095,42.74089281621629
59800,0.06,0,0.43458417356083295,0.631578947368421,0.24844253490870033,0.21,0,0,0,50.136341046758304,25.0589796034814,42.72904030425334
59900,0.06,0,0.43450349578376196,0.631578947368421,0.2514715359828142,0.31,0,0,0,50.14913400092498,25.05600477295438,42.726072025156846
60000,0.06,0,0.43448745275268247,0.631578947368421,0.24779806659505907,0.25,0,0,0,50.154281627579245,25.05758269090742,42.72326425618298
60100,0.06,0,0.4345237153251191,0.631578947368421,0.25027926960257785,0.16,0,0,0,50.14918855058074,25.05477331374291,42.72403739464772
60200,0.06,0,0.4345747657475454,0.631578947368421,0.25190118152524166,0.16,0,0,0,50.14228643873321,25.052499521232143,42.72489880621669
60300,0.06,0,0.43451882197361313,0.631578947368421,0.24946294307196562,0.21,0,0,0,50.13079061657074,25.05025978317084,42.74019837507203
60400,0.06,0,0.4344822636824689,0.631578947368421,0.25268528464017187,0.24,0,0,0,50.13528063996936,25.050882411484114,42.73996657363275
60500,0.06,0,0.4344824431737652,0.631578947368421,0.2512137486573577,0.23,0,0,0,50.13206187268793,25.049119859417406,42.74269306813262
60600,0.06,0,0.4345371724045421,0.631578947368421,0.25031149301825995,0.14,0,0,0,50.12585394121962,25.049683490143764,42.742602580551974
60700,0.06,0,0.43444402413940264,0.631578947368421,0.25201933404940924,0.26,0,0,0,50.13515723060493,25.047564752404945,42.74383373896906
60800,0.06,0,0.43437915774172325,0.631578947368421,0.2506981740064447,0.23,0,0,0,50.12892400374269,25.04859666454654,42.75553246005826
60900,0.06,0,0.4344388170265078,0.631578947368421,0.25671321160042965,0.31,0,0,0,50.13185747584882,25.052320825897066,42.74715955716807
61000,0.06,0,0.43451367892326936,0.631578947368421,0.2532008592910849,0.13,0,0,0,50.13321996335337,25.05285595920083,42.738633140911325
61100,0.06,0,0.43457901517042075,0.631578947368421,0.25266380236305047,0.21,0,0,0,50.131066995436,25.05489491194177,42.73404286444612
61200,0.06,0,0.43454865290492806,0.631578947368421,0.24748657357679915,0.17,0,0,0,50.12124310458152,25.056360168920854,42.745405292645565
61300,0.06,0,0.434523000529147,0.631578947368421,0.24966702470461868,0.24,0,0,0,50.13183315353407,25.055950861179994,42.73889855472406
61400,0.06,0,0.43459824772387173,0.631578947368421,0.251031149301826,0.18,0,0,0,50.134956552035476,25.055026870114066,42.728836493387014
61500,0.06,0,0.43456074521127164,0.631578947368421,0.2486358754027927,0.23,0,0,0,50.133845829467475,25.05774103419714,42.73347072935619
61600,0.06,0,0.43454457689073933,0.631578947368421,0.25193340494092376,0.29,0,0,0,50.123330876414876,25.060248919792592,42.74402576512869
61700,0.06,0,0.4345696229767927,0.631578947368421,0.25081632653061225,0.29,0,0,0,50.125495181493264,25.05748840911475,42.739716762453675
61800,0.06,0,0.43461215123959906,0.631578947368421,0.24722878625134265,0.14,0,0,0,50.11756148438202,25.054576956621588,42.74229964662979
61900,0.06,0,0.4346908217822435,0.631578947368421,0.2502577873254565,0.22,0,0,0,50.11114164833657,25.055327436269366,42.74003893411731
62000,0.06,0,0.43475524318064146,0.631578947368421,0.249656283566058,0.25,0,0,0,50.115464356839944,25.05321020853818,42.73001978238399
62100,0.06,0,0.4348183473635952,0.631578947368421,0.24411385606874328,0.19,0,0,0,50.12207005913666,25.05178171658032,42.7181878034649
62200,0.06,0,0.4348388420689188,0.631578947368421,0.24559613319011817,0.3,0,0,0,50.12165231349428,25.050321312834576,42.716530445218275
62300,0.06,0,0.434774192525309,0.631578947368421,0.24268528464017186,0.18,0,0,0,50.12414719821959,25.04830984090473,42.720755764463185
62400,0.06,0,0.43465210652816233,0.631578947368421,0.2444575725026853,0.22,0,0,0,50.13332241975751,25.046095591851152,42.72493446394494
62500,0.06,0,0.4346470368034092,0.631578947368421,0.24945220193340495,0.16,0,0,0,50.138355898790394,25.048922167715425,42.7211435252956
62600,0.06,0,0.434710948831251,0.631578947368421,0.252234156820623,0.13,0,0,0,50.13275933428883,25.047008103272827,42.719631050280064
62700,0.06,0,0.43468410479972774,0.631578947368421,0.24892588614393127,0.26,0,0,0,50.127277420220764,25.043474972568013,42.726941315468935
62800,0.06,0,0.43466481748288943,0.631578947368421,0.2527067669172932,0.16,0,0,0,50.12660412334194,25.043621813944377,42.72941116225114
62900,0.06,0,0.4346919401218821,0.631578947368421,0.2511063372717508,0.28,0,0,0,50.13346968706616,25.044995074166696,42.72089381262022
63000,0.06,0,0.4348578325083659,0.631578947368421,0.24704618689581095,0.26,0,0,0,50.11924275780268,25.041155489141097,42.71671856471017
63100,0.06,0,0.434676888444419,0.631578947368421,0.24766917293233082,0.23,0,0,0,50.12550385089435,25.041499801586784,42.72916246760721
63200,0.06,0,0.4347638054540193,0.631578947368421,0.2501288936627282,0.26,0,0,0,50.11536288631768,25.04017811670599,42.729264769362416
63300,0.06,0,0.43492164694103186,0.631578947368421,0.2495810955961332,0.15,0,0,0,50.10357200707042,25.040785374834762,42.723809325180326
63400,0.06,0,0.4348744985287279,0.631578947368421,0.24639097744360902,0.18,0,0,0,50.11635777608027,25.041942390372355,42.71754042227843
63500,0.06,0,0.4348393120481631,0.631578947368421,0.25106337271750806,0.18,0,0,0,50.12141701949269,25.04217401092823,42.716684808400444
63600,0.06,0,0.4349627585997176,0.631578947368421,0.2455639097744361,0.26,0,0,0,50.10959252470673,25.04090659312976,42.71463851832722
63700,0.06,0,0.4349778709457963,0.631578947368421,0.2488936627282492,0.21,0,0,0,50.10668688684311,25.038422553465416,42.715631386625
63800,0.06,0,0.43506372135785737,0.631578947368421,0.24378088077336196,0.22,0,0,0,50.09564407230389,25.036205778242028,42.71661652715883
63900,0.06,0,0.4351053886421538,0.631578947368421,0.24411385606874328,0.29,0,0,0,50.10065100531246,25.03493438968582,42.70825724527078
64000,0.06,0,0.4350724013407653,0.631578947368421,0.24368421052631578,0.28,0,0,0,50.096642660167014,25.038024924328134,42.71491283921056
64100,0.06,0,0.4350345213725625,0.631578947368421,0.2466809881847476,0.22,0,0,0,50.09102199895522,25.03841762158605,42.723425588229745
64200,0.06,0,0.4349971959187993,0.631578947368421,0.24417830290010742,0.32,0,0,0,50.09247549121582,25.035038423451144,42.72585174581495
64300,0.06,0,0.4349936395103055,0.631578947368421,0.24368421052631578,0.21,0,0,0,50.109906816950065,25.03066041000117,42.71133824653939
64400,0.06,0,0.4349610644788363,0.631578947368421,0.24467239527389903,0.29,0,0,0,50.110127265008494,25.023854441244985,42.71434906410881
64500,0.06,0,0.43496872652206414,0.631578947368421,0.2435875402792696,0.2,0,0,0,50.10100099769947,25.022072550592036,42.72137724111613
64600,0.06,0,0.4349423626592757,0.631578947368421,0.24584317937701397,0.28,0,0,0,50.09706016011556,25.019236455114697,42.727327621051344
64700,0.06,0,0.4349797405655898,0.631578947368421,0.2470998925886144,0.23,0,0,0,50.100928450576085,25.01803191263394,42.72035736065406
64800,0.06,0,0.4350713168057932,0.631578947368421,0.24559613319011817,0.19,0,0,0,50.09588390040031,25.01373759765064,42.715666285969704
64900,0.06,0,0.43505110570791683,0.631578947368421,0.2491299677765843,0.25,0,0,0,50.08941681758774,25.016104276076987,42.723166029142405
65000,0.06,0,0.43499536949398887,0.631578947368421,0.24646616541353383,0.24,0,0,0,50.08714165751528,25.019500940155506,42.730581080914064
65100,0.06,0,0.43510581606724136,0.631578947368421,0.24987110633727175,0.19,0,0,0,50.077247016292496,25.018428761628957,42.728175305925845
65200,0.06,0,0.43507099348520656,0.631578947368421,0.2455531686358754,0.14,0,0,0,50.08602687757314,25.02059217752092,42.72410455834257
65300,0.06,0,0.43514375547761047,0.631578947368421,0.2461761546723953,0.22,0,0,0,50.08688979352979,25.021549778798544,42.71622455921299
65400,0.06,0,0.43511625691694494,0.631578947368421,0.24833512352309345,0.21,0,0,0,50.086566854233354,25.020213568719445,42.71919958288066
65500,0.06,0,0.43524265126611716,0.631578947368421,0.24680988184747582,0.24,0,0,0,50.08615151693485,25.01931164837263,42.707148083068475
65600,0.06,0,0.4352299567242999,0.631578947368421,0.24436090225563908,0.22,0,0,0,50.08789411649101,25.01904823689619,42.70690788047654
65700,0.06,0,0.4351599261989047,0.631578947368421,0.24390977443609022,0.18,0,0,0,50.08795720388256,25.019027003466697,42.713726927186244
65800,0.06,0,0.4350737638386283,0.631578947368421,0.2453813104189044,0.22,0,0,0,50.09946857344366,25.01773658828861,42.71236969905148
65900,0.06,0,0.43500564416998233,0.631578947368421,0.24277121374865734,0.33,0,0,0,50.111770316271134,25.018546042990597,42.70857130383178
66000,0.06,0,0.4349878255799677,0.631578947368421,0.2426530612244898,0.15,0,0,0,50.10493086519275,25.02107123756402,42.71615086098663
66100,0.06,0,0.4349311796330078,0.631578947368421,0.2460580021482277,0.27,0,0,0,50.1005076117441,25.0235221860527,42.7254860600876
66200,0.06,0,0.43499514056006805,0.631578947368421,0.2470032223415682,0.13,0,0,0,50.09321470052931,25.022919183973286,42.72542313161352
66300,0.06,0,0.4350395603053697,0.631578947368421,0.2426530612244898,0.29,0,0,0,50.09502688587457,25.027965357459387,42.71951521679227
66400,0.06,0,0.4350836660725927,0.631578947368421,0.24585392051557464,0.25,0,0,0,50.100750111186386,25.024997009573944,42.71030506812714
66500,0.06,0,0.4351150332812515,0.631578947368421,0.24106337271750805,0.26,0,0,0,50.09025933300555,25.028154145592296,42.71617059944688
66600,0.06,0,0.4350673285250709,0.631578947368421,0.24680988184747582,0.3,0,0,0,50.08364878869518,25.02907128816493,42.72649311916008
66700,0.06,0,0.4350325309180103,0.631578947368421,0.24311493018259936,0.12,0,0,0,50.08653222414114,25.027341436781253,42.727450826452305
66800,0.06,0,0.4349233177493115,0.631578947368421,0.2475295381310419,0.34,0,0,0,50.096108413084075,25.028828471386205,42.73001040055484
66900,0.06,0,0.4348871294972566,0.631578947368421,0.2420515574650913,0.26,0,0,0,50.09884773927152,25.032190787963142,42.73122948769092
67000,0.06,0,0.43486012823153675,0.631578947368421,0.24379162191192266,0.17,0,0,0,50.09779464894933,25.03380496396371,42.73478104417303
67100,0.06,0,0.4348282662131167,0.631578947368421,0.2474328678839957,0.2,0,0,0,50.10964476270377,25.03420852180981,42.72780561373144
67200,0.06,0,0.4348601958625826,0.631578947368421,0.2514607948442535,0.2,0,0,0,50.09810646635444,25.036436292371288,42.73450841087554
67300,0.06,0,0.43476063671981185,0.631578947368421,0.2478517722878625,0.24,0,0,0,50.09696635560563,25.036862965459907,42.74526728883447
67400,0.06,0,0.4347936905009278,0.631578947368421,0.24604726100966703,0.23,0,0,0,50.0915717467143,25.03801207819774,42.74662081752984
67500,0.06,0,0.43481447154988984,0.631578947368421,0.24788399570354458,0.13,0,0,0,50.08651802736728,25.036566145453595,42.748890751217104
67600,0.06,0,0.43488142947922553,0.631578947368421,0.25046186895810957,0.27,0,0,0,50.090428051642284,25.035708198220657,42.73897234449357
67700,0.06,0,0.4348445831274548,0.631578947368421,0.2476154672395274,0.14,0,0,0,50.092844533327444,25.033425297779623,42.74053190609686
67800,0.06,0,0.4348595709090316,0.631578947368421,0.24303974221267455,0.26,0,0,0,50.092728970081,25.03124753843208,42.73915741804121
67900,0.06,0,0.4348472344951016,0.631578947368421,0.24317937701396347,0.18,0,0,0,50.0893612703581,25.03112216912829,42.74324350694144
68000,0.06,0,0.434924854387443,0.631578947368421,0.24023630504833512,0.22,0,0,0,50.08429859472572,25.028411515066527,42.73993508095508
68100,0.06,0,0.43500323350671316,0.631578947368421,0.2441031149301826,0.17,0,0,0,50.0860719083491,25.030462193195497,42.73072122758723
68200,0.06,0,0.43496421466298957,0.631578947368421,0.24822771213748657,0.21,0,0,0,50.082698058627955,25.02985466077281,42.73743326195735
68300,0.06,0,0.43488483794606,0.631578947368421,0.2456390977443609,0.21,0,0,0,50.0949862654593,25.02451621427633,42.73474852300166
68400,0.06,0,0.4349594145955605,0.631578947368421,0.24250268528464017,0.17,0,0,0,50.090162301100456,25.023044416674388,42.73153626057776
68500,0.06,0,0.4349195788911499,0.631578947368421,0.2434156820622986,0.36,0,0,0,50.09377628345471,25.02540225012579,42.73236706073383
68600,0.06,0,0.4349289279146961,0.631578947368421,0.24374865735767992,0.27,0,0,0,50.09328584880311,25.024402518839185,42.73186686539689
68700,0.06,0,0.43481585669531664,0.631578947368421,0.24756176154672396,0.27,0,0,0,50.09326678671946,25.023923224879674,42.742995292583956
68800,0.06,0,0.43492299322185723,0.631578947368421,0.24474758324382384,0.31,0,0,0,50.08283694639584,25.02327441658582,42.74136533182349
68900,0.06,0,0.43486908050882117,0.631578947368421,0.24039742212674545,0.18,0,0,0,50.078187232469155,25.023343679074074,42.75063316348898
69000,0.06,0,0.4349187501400714,0.631578947368421,0.24221267454350162,0.24,0,0,0,50.06646071921326,25.02941959604299,42.7557627178047
69100,0.06,0,0.43472136757172913,0.631578947368421,0.24799140708915146,0.28,0,0,0,50.07968227797936,25.031787148423323,42.76388261660368
69200,0.06,0,0.4348486920231043,0.631578947368421,0.24277121374865734,0.26,0,0,0,50.079243144161694,25.032351699930395,42.75173615482993
69300,0.06,0,0.4348090227847362,0.631578947368421,0.24750805585392052,0.28,0,0,0,50.083631631227775,25.027987519397815,42.751890169304396
69400,0.06,0,0.43478152021548444,0.631578947368421,0.24997851772287863,0.29,0,0,0,50.090525888762414,25.029739728707796,42.748709916175066
69500,0.06,0,0.4348040191041364,0.631578947368421,0.2527175080558539,0.36,0,0,0,50.07394042959438,25.030004614848522,42.76065635687755
69600,0.06,0,0.4347543304415656,0.631578947368421,0.25139634801288935,0.27,0,0,0,50.07338701099057,25.034634748249278,42.76601618155541
69700,0.06,0,0.434773406113424,0.631578947368421,0.24990332975295382,0.18,0,0,0,50.076824555075625,25.034673894586817,42.76120426185698
69800,0.06,0,0.4347263220954531,0.631578947368421,0.25090225563909774,0.29,0,0,0,50.084938632316,25.038018890777547,42.758907274640556
69900,0.06,0,0.4346703999800774,0.631578947368421,0.24849624060150377,0.22,0,0,0,50.081043313358194,25.037675778566076,42.76773461086397
70000,0.06,0,0.434682791547923,0.631578947368421,0.24438238453276048,0.26,0,0,0,50.08784716515242,25.035802644401578,42.76070609062464
70100,0.06,0,0.43472329067119414,0.631578947368421,0.24824919441460794,0.17,0,0,0,50.07671777252134,25.03412473318044,42.7662250203437
70200,0.06,0,0.43468321352388317,0.631578947368421,0.2525671321160043,0.16,0,0,0,50.08174827107129,25.035495823493,42.76587192141692
70300,0.06,0,0.4345319149150986,0.631578947368421,0.25686358754027927,0.25,0,0,0,50.08167518398731,25.03754839701928,42.78082489860877
70400,0.06,0,0.4344350369267629,0.631578947368421,0.24810955961331901,0.22,0,0,0,50.09527298304786,25.037315685804117,42.77874995780103
70500,0.06,0,0.4344585028489389,0.631578947368421,0.25438238453276046,0.14,0,0,0,50.0973546660277,25.036252231236844,42.774661918129276
70600,0.06,0,0.4344581396654825,0.631578947368421,0.254296455424275,0.21,0,0,0,50.10739110808508,25.037608144239723,42.76612996185843
70700,0.06,0,0.4344787301542754,0.631578947368421,0.24951664876476906,0.24,0,0,0,50.106255667555175,25.039243340480486,42.76507228418524
70800,0.06,0,0.43451632316866606,0.631578947368421,0.2512137486573577,0.22,0,0,0,50.09619556574661,25.039745845036233,42.769959536075696
70900,0.06,0,0.4344475654448689,0.631578947368421,0.2532545649838883,0.28,0,0,0,50.09995254368665,25.03515050545564,42.77352069996541
71000,0.06,0,0.4344213675936933,0.631578947368421,0.25656283566058,0.28,0,0,0,50.096327336239696,25.0358636274879,42.7791956452311
71100,0.06,0,0.4344414038093974,0.631578947368421,0.25561761546723955,0.14,0,0,0,50.08251920265024,25.036281232898087,42.78901669804046
71200,0.06,0,0.43435089714072833,0.631578947368421,0.25064446831364123,0.27,0,0,0,50.083634825557446,25.041372700409138,42.796979408779784
71300,0.06,0,0.4342095842691244,0.631578947368421,0.25117078410311494,0.34,0,0,0,50.090981251174995,25.038796764731778,42.80462890482805
71400,0.06,0,0.4342929963146374,0.631578947368421,0.2557142857142857,0.26,0,0,0,50.09717036399151,25.040122797132707,42.791120516230365
71500,0.06,0,0.4342270190476783,0.631578947368421,0.25618689581095594,0.36,0,0,0,50.08770338218157,25.040110526393175,42.80571137667509
71600,0.06,0,0.43408757592054226,0.631578947368421,0.25696025778732545,0.18,0,0,0,50.09877662367514,25.038119847369504,42.8099976634072
71700,0.06,0,0.43407952935320765,0.631578947368421,0.2566702470461869,0.17,0,0,0,50.08883293133311,25.038618871603504,42.81929008298462
71800,0.06,0,0.43417390755746943,0.631578947368421,0.25193340494092376,0.19,0,0,0,50.08423756564656,25.038282283086396,42.81391020709318
71900,0.06,0,0.43420321152591407,0.631578947368421,0.25523093447905476,0.26,0,0,0,50.08281086821205,25.035691385010658,42.812240283989084
72000,0.06,0,0.434230721552643,0.631578947368421,0.2538560687432868,0.14,0,0,0,50.077737173890284,25.03854109935164,42.81386528542276
72100,0.06,0,0.43419942853271604,0.631578947368421,0.2527389903329753,0.16,0,0,0,50.07444821595428,25.036110261887842,42.81976318266384
72200,0.06,0,0.4341607845242881,0.631578947368421,0.2536734693877551,0.22,0,0,0,50.07800443851078,25.038789603876975,42.8205334474573
72300,0.06,0,0.43408664358848403,0.631578947368421,0.25515574650913,0.13,0,0,0,50.076400608894566,25.03778440936102,42.829218765172584
72400,0.06,0,0.4340515474276694,0.631578947368421,0.2559291084854995,0.2,0,0,0,50.074253158607405,25.03413287329923,42.83451870592068
72500,0.06,0,0.43400424455449815,0.631578947368421,0.25819548872180453,0.28,0,0,0,50.0849382817501,25.035538587564368,42.83004799990882
72600,0.06,0,0.4340563450134785,0.631578947368421,0.2600107411385607,0.24,0,0,0,50.071852069405395,25.03568398794844,42.836099275397025
72700,0.06,0,0.4340285258748123,0.631578947368421,0.26164339419978516,0.32,0,0,0,50.074326482138346,25.03186355848332,42.836727990235644
72800,0.06,0,0.4340443423386226,0.631578947368421,0.2613641245972073,0.23,0,0,0,50.08313263141352,25.03571364129708,42.82763529608031
72900,0.06,0,0.4340491310884449,0.631578947368421,0.26178302900107414,0.21,0,0,0,50.07882062090985,25.03769360125894,42.83085040037341
73000,0.06,0,0.43403005350450935,0.631578947368421,0.2610204081632653,0.21,0,0,0,50.07588896805502,25.0361632792045,42.835240618053476
73100,0.06,0,0.4340260302135491,0.631578947368421,0.2622126745435016,0.31,0,0,0,50.07244070446256,25.035736329133456,42.83858758541526
73200,0.06,0,0.43400104692476865,0.631578947368421,0.26081632653061226,0.16,0,0,0,50.07693368843248,25.034520370770483,42.837209821502924
73300,0.06,0,0.4339455361903104,0.631578947368421,0.2564017185821697,0.19,0,0,0,50.07432672534324,25.031291567946045,42.844920069526005
73400,0.06,0,0.4338911219237357,0.631578947368421,0.262062298603652,0.21,0,0,0,50.08420006268761,25.032301186112115,42.84184596629694
73500,0.06,0,0.4338535798318327,0.631578947368421,0.2574328678839957,0.23,0,0,0,50.08576085634994,25.033497376714585,42.84421797321577
73600,0.06,0,0.4338891313206885,0.631578947368421,0.26141783029001076,0.26,0,0,0,50.08310487751216,25.03560544363619,42.842979359032476
73700,0.06,0,0.43391000503659993,0.631578947368421,0.2631471535982814,0.26,0,0,0,50.08490277278573,25.038295079798363,42.83938049227492
73800,0.06,0,0.433865470988333,0.631578947368421,0.26285714285714284,0.23,0,0,0,50.08893562441039,25.038608505061465,42.840328217002266
73900,0.06,0,0.4339706917951414,0.631578947368421,0.26399570354457574,0.28,0,0,0,50.08007076738005,25.036770241357054,42.83752260907251
74000,0.06,0,0.4340488667120205,0.631578947368421,0.2583780880773362,0.18,0,0,0,50.0763238275702,25.037584471403907,42.833012025469635
74100,0.06,0,0.43402044063789247,0.631578947368421,0.26031149301825995,0.27,0,0,0,50.07703558402582,25.037925209927206,42.83520852890207
74200,0.06,0,0.4340706637436091,0.631578947368421,0.25537056928034374,0.2,0,0,0,50.083960981840356,25.038144374250507,42.82432999803306
74300,0.06,0,0.43405475014236444,0.631578947368421,0.26167561761546726,0.2,0,0,0,50.088494683683614,25.039321819140447,42.82202371529946
74400,0.06,0,0.43415051423681933,0.631578947368421,0.26038668098818474,0.27,0,0,0,50.09302752270254,25.04003839481001,42.80870407213784
74500,0.06,0,0.43415053383976454,0.631578947368421,0.25485499462943073,0.28,0,0,0,50.082807384004134,25.039195495522264,42.81743788899697
74600,0.06,0,0.4341620154531863,0.631578947368421,0.2528141783029001,0.21,0,0,0,50.080838866746454,25.035919870543182,42.81798853397165
74700,0.06,0,0.4341549229161648,0.631578947368421,0.2531686358754028,0.19,0,0,0,50.08673423509357,25.03525259386654,42.813648130471236
74800,0.06,0,0.4341375753115154,0.631578947368421,0.2562835660580021,0.2,0,0,0,50.07442210804109,25.033181309946013,42.82588620480787
74900,0.06,0,0.4341609584303494,0.631578947368421,0.25549946294307196,0.22,0,0,0,50.06921775472566,25.03268479539925,42.828030899251594
75000,0.06,0,0.434105547535155,0.631578947368421,0.2509559613319012,0.22,0,0,0,50.0705175548924,25.03352535147139,42.83238570166112
75100,0.06,0,0.4341407930552003,0.631578947368421,0.250687432867884,0.15,0,0,0,50.065297307347514,25.03174230131717,42.83337409227199
75200,0.06,0,0.4341455708750852,0.631578947368421,0.2506122448979592,0.2,0,0,0,50.065679364443106,25.02858700602019,42.832575843341374
75300,0.06,0,0.4341951556218434,0.631578947368421,0.2536842105263158,0.19,0,0,0,50.060845524970645,25.028847205707123,42.83181980732425
75400,0.06,0,0.4341857593761775,0.631578947368421,0.25118152524167564,0.27,0,0,0,50.06749492436267,25.028593205418854,42.82705817203784
75500,0.06,0,0.4342085976191328,0.631578947368421,0.2523093447905478,0.2,0,0,0,50.071224803777774,25.029218914190512,42.82161549720646
75600,0.06,0,0.43425535302354884,0.631578947368421,0.2525563909774436,0.27,0,0,0,50.06676797919202,25.029066616284926,42.82081644753054
75700,0.06,0,0.43424743236934904,0.631578947368421,0.2532330827067669,0.13,0,0,0,50.06992371257094,25.028685518039975,42.81889860079837
75800,0.06,0,0.43438140265111136,0.631578947368421,0.2554350161117078,0.18,0,0,0,50.073360628025455,25.028234681493505,42.80275447667422
75900,0.06,0,0.43442125145606153,0.631578947368421,0.255671321160043,0.28,0,0,0,50.076506049449854,25.02763065139558,42.796139951073
76000,0.06,0,0.4343944083519211,0.631578947368421,0.25396348012889364,0.27,0,0,0,50.07617547771524,25.024710503231557,42.79906704008082
76100,0.06,0,0.4344735982386718,0.631578947368421,0.25380236305048337,0.2,0,0,0,50.06801839254845,25.02247043916303,42.7982377694972
76200,0.06,0,0.43449496218003286,0.631578947368421,0.2514500537056928,0.27,0,0,0,50.06015983859695,25.01778323633416,42.80285162858572
76300,0.06,0,0.4345929214433375,0.631578947368421,0.24653061224489795,0.38,0,0,0,50.04427855587632,25.01856730348536,42.80678386008924
76400,0.06,0,0.43469969014438103,0.631578947368421,0.25140708915145005,0.15,0,0,0,50.043673879834195,25.01928190440187,42.79678698401125
76500,0.06,0,0.43472098253588215,0.631578947368421,0.24654135338345864,0.32,0,0,0,50.04508106771207,25.018904506215794,42.79348750276525
76600,0.06,0,0.4346881054178394,0.631578947368421,0.2498174006444683,0.11,0,0,0,50.0437539289273,25.018915841187297,42.79785908799261
76700,0.06,0,0.4347117916097833,0.631578947368421,0.24854994629430718,0.09,0,0,0,50.04007981580552,25.01965003959864,42.79866934945426
76800,0.06,0,0.43473824690352214,0.631578947368421,0.2518367346938776,0.17,0,0,0,50.043435590275784,25.021516322685827,42.79319511974407
76900,0.06,0,0.4347028149092962,0.631578947368421,0.25038668098818473,0.17,0,0,0,50.04329765279768,25.02125230447466,42.796801094021546
77000,0.06,0,0.4347495008262292,0.631578947368421,0.25053705692803435,0.2,0,0,0,50.04449225522556,25.021541147580706,42.79118384140596
77100,0.06,0,0.4347051445591669,0.631578947368421,0.2512567132116004,0.15,0,0,0,50.04162625030063,25.02080682994518,42.79800115547804
77200,0.06,0,0.4346828550217452,0.631578947368421,0.25165413533834585,0.12,0,0,0,50.04128993487503,25.019718303018756,42.80048338836007
77300,0.06,0,0.43465392449585105,0.631578947368421,0.2523630504833512,0.26,0,0,0,50.04672801866797,25.01549228200258,42.79868116917655
77400,0.06,0,0.4347166024602943,0.631578947368421,0.2530612244897959,0.24,0,0,0,50.03200243607858,25.014417685524442,42.80510523528507
77500,0.06,0,0.43466563606274133,0.631578947368421,0.2512352309344791,0.1,0,0,0,50.02854188060623,25.01328137652341,42.81308556203748
77600,0.06,0,0.4345687529188427,0.631578947368421,0.2455531686358754,0.18,0,0,0,50.026061562519914,25.01207274165033,42.824753517602495
77700,0.06,0,0.4345787210511414,0.631578947368421,0.2562513426423201,0.24,0,0,0,50.02745809879052,25.010400261482392,42.82257578400162
77800,0.06,0,0.43458183627342417,0.631578947368421,0.24774436090225563,0.26,0,0,0,50.0295882704554,25.013219490862486,42.820445521305345
77900,0.06,0,0.43460080819370267,0.631578947368421,0.2569280343716434,0.24,0,0,0,50.02157286754618,25.01010257225411,42.825437454202614
78000,0.06,0,0.4345225229022967,0.631578947368421,0.25644468313641244,0.11,0,0,0,50.02498162603232,25.011141452102414,42.83023435470813
78100,0.06,0,0.43457073739166346,0.631578947368421,0.2527067669172932,0.16,0,0,0,50.02655732233445,25.010031665142687,42.824133569333014
78200,0.06,0,0.4346358722419091,0.631578947368421,0.24394199785177229,0.21,0,0,0,50.02410962658439,25.010224908617836,42.81981099789287
78300,0.06,0,0.4345808377183122,0.631578947368421,0.25193340494092376,0.17,0,0,0,50.01925985503484,25.008607645150917,42.82938587311085
78400,0.06,0,0.434564814164079,0.631578947368421,0.250859291084855,0.13,0,0,0,50.020537098223556,25.0084274616532,42.82987144390657
78500,0.06,0,0.4345965817431752,0.631578947368421,0.2541031149301826,0.18,0,0,0,50.026833122953775,25.006547346594317,42.82135084950114
78600,0.06,0,0.43460209926852467,0.631578947368421,0.2495810955961332,0.27,0,0,0,50.01623364933875,25.003368123147492,42.82988182169356
78700,0.06,0,0.43449808286120556,0.631578947368421,0.2534586466165413,0.32,0,0,0,50.02973718387677,25.000976170552335,42.82857206764944
78800,0.06,0,0.4345910762800234,0.631578947368421,0.2549409237379162,0.24,0,0,0,50.030573442053,24.999184156980892,42.818691923263955
78900,0.06,0,0.4347022675132598,0.631578947368421,0.24934479054779807,0.34,0,0,0,50.0256634158896,25.008064817274516,42.811941040019235
79000,0.06,0,0.4346064387594019,0.631578947368421,0.2524812030075188,0.24,0,0,0,50.039121725401955,25.009758904627134,42.80986382275413
79100,0.06,0,0.43464125064575737,0.631578947368421,0.24801288936627283,0.25,0,0,0,50.04390568425809,25.010446233217696,42.80234294495354
79200,0.06,0,0.4347237628063902,0.631578947368421,0.24954887218045113,0.21,0,0,0,50.03420279381215,25.01304746883475,42.80251777912902
79300,0.06,0,0.4347199650596433,0.631578947368421,0.24879699248120302,0.24,0,0,0,50.03063156777907,25.013428198703508,42.80594700943432
79400,0.06,0,0.4347240077404962,0.631578947368421,0.2482169709989259,0.14,0,0,0,50.035291292677194,25.01294072534526,42.80156251106258
79500,0.06,0,0.4348877917527469,0.631578947368421,0.24801288936627283,0.24,0,0,0,50.038254597683796,25.01089541269094,42.782909136196906
79600,0.06,0,0.4348694755275868,0.631578947368421,0.24874328678839958,0.28,0,0,0,50.02845370914401,25.010893735491837,42.79309289921983
79700,0.06,0,0.43480176621043576,0.631578947368421,0.2463265306122449,0.18,0,0,0,50.027136105192504,25.01178347379546,42.800884085909935
79800,0.06,0,0.43489593089357725,0.631578947368421,0.24730397422126746,0.24,0,0,0,50.02034281053342,25.00849987459075,42.79742829523936
79900,0.06,0,0.43491910406007606,0.631578947368421,0.2477013963480129,0.2,0,0,0,50.02075936054831,25.009203897258285,42.79479160324998
80000,0.06,0,0.4348146096120079,0.631578947368421,0.2527282491944146,0.28,0,0,0,50.04086972489026,25.009865719529905,42.787873575688536
80100,0.06,0,0.4348078913864467,0.631578947368421,0.2521052631578947,0.23,0,0,0,50.04481057664784,25.009649884159455,42.78516524628541
80200,0.06,0,0.4348690665807026,0.631578947368421,0.2509667024704619,0.24,0,0,0,50.042202626982665,25.011591615060524,42.78137587976634
80300,0.06,0,0.4349064268854838,0.631578947368421,0.2519441460794844,0.22,0,0,0,50.042094309955665,25.010496864498524,42.77779337142681
80400,0.06,0,0.4348075473808549,0.631578947368421,0.24490870032223416,0.29,0,0,0,50.04546200241304,25.006248139902958,42.78464217527069
80500,0.06,0,0.4348317659547897,0.631578947368421,0.24726100966702472,0.23,0,0,0,50.035371232206245,25.005681889309766,42.79088723901017
80600,0.06,0,0.43480239487686145,0.631578947368421,0.24505907626208379,0.27,0,0,0,50.04284143971153,25.01116017045802,42.78738968628346
80700,0.06,0,0.43490790162662535,0.631578947368421,0.24928034371643396,0.2,0,0,0,50.04152403673593,25.007505377874892,42.77813580912335
80800,0.06,0,0.43488804535952613,0.631578947368421,0.24683136412459722,0.23,0,0,0,50.04500915717618,25.00824392289433,42.77710979444586
80900,0.06,0,0.43494823793232745,0.631578947368421,0.24441460794844252,0.24,0,0,0,50.04881761780281,25.012864290213578,42.7679351916022
81000,0.06,0,0.43494644227769097,0.631578947368421,0.24532760472610096,0.28,0,0,0,50.05908983446066,25.011733259821302,42.759335662243245
81100,0.06,0,0.4348999038879952,0.631578947368421,0.24633727175080558,0.29,0,0,0,50.054974069261235,25.009153129686652,42.76742757256792
81200,0.06,0,0.43494641637411957,0.631578947368421,0.2453168635875403,0.24,0,0,0,50.05376120893351,25.010072212885362,42.76389028432908
81300,0.06,0,0.43489657554059474,0.631578947368421,0.24597207303974222,0.27,0,0,0,50.0512531608754,25.01228536333185,42.770934318772305
81400,0.06,0,0.43491090670226334,0.631578947368421,0.2484640171858217,0.28,0,0,0,50.0515130900714,25.01320232463388,42.769302821029285
81500,0.06,0,0.43473399769672694,0.631578947368421,0.2499892588614393,0.36,0,0,0,50.052772044268785,25.017284965796744,42.78563100480591
81600,0.06,0,0.43471207192305894,0.631578947368421,0.24979591836734694,0.28,0,0,0,50.04671684957817,25.01701865348671,42.792965934307645
81700,0.06,0,0.4345840969226761,0.631578947368421,0.25066595059076263,0.28,0,0,0,50.05483372870972,25.01656158006924,42.798626136539916
81800,0.06,0,0.43456224731114523,0.631578947368421,0.25090225563909774,0.22,0,0,0,50.06014281812734,25.018675568617795,42.79623883076029
81900,0.06,0,0.4346150864638151,0.631578947368421,0.24639097744360902,0.16,0,0,0,50.0534347107404,25.02091401374615,42.79677060544153
82000,0.06,0,0.4345435799350927,0.631578947368421,0.24833512352309345,0.25,0,0,0,50.06023375459229,25.019228165208773,42.79799955203916
82100,0.06,0,0.4344136844565823,0.631578947368421,0.2501611170784103,0.32,0,0,0,50.05689456158735,25.018977563884302,42.813652544666496
82200,0.06,0,0.43446800615363634,0.631578947368421,0.2527175080558539,0.22,0,0,0,50.05876132329706,25.017115216088136,42.80670315592223
82300,0.06,0,0.43441943174838776,0.631578947368421,0.25831364124597206,0.23,0,0,0,50.05638005607676,25.019446948244077,42.81352618282728
82400,0.06,0,0.43438123386263944,0.631578947368421,0.24722878625134265,0.25,0,0,0,50.0564304538649,25.01820920683849,42.817247937342906
82500,0.06,0,0.43437372209982533,0.631578947368421,0.25046186895810957,0.31,0,0,0,50.05792918234667,25.014877417898983,42.816706424107835
82600,0.06,0,0.43437818655500654,0.631578947368421,0.257422126745435,0.36,0,0,0,50.05679303699431,25.014992829198345,42.81723816846553
82700,0.06,0,0.4344454300220504,0.631578947368421,0.2523737916219119,0.2,0,0,0,50.06246933220342,25.01311090227123,42.805756867279015
82800,0.06,0,0.4345546350968818,0.631578947368421,0.2532438238453276,0.26,0,0,0,50.05394849914353,25.01312950950655,42.80228475383744
82900,0.06,0,0.43466380995883386,0.631578947368421,0.25288936627282493,0.25,0,0,0,50.047230731246266,25.015815593559896,42.797277915390204
83000,0.06,0,0.4347369283429673,0.631578947368421,0.24661654135338346,0.28,0,0,0,50.03521707124677,25.017045689305277,42.80035391612775
83100,0.06,0,0.4347334135240282,0.631578947368421,0.24830290010741138,0.21,0,0,0,50.035138792874136,25.014431076267197,42.80076691724403
83200,0.06,0,0.4346789491271191,0.631578947368421,0.2507518796992481,0.24,0,0,0,50.02846739416585,25.01336769255398,42.81183805231729
83300,0.06,0,0.43470997884282236,0.631578947368421,0.25131041890440386,0.21,0,0,0,50.03791267091287,25.016224069698172,42.80070144307488
83400,0.06,0,0.43478569822089747,0.631578947368421,0.2502577873254565,0.17,0,0,0,50.033116047516316,25.01611796028235,42.797350102952045
83500,0.06,0,0.4347316333196406,0.631578947368421,0.2524489795918367,0.18,0,0,0,50.038415850110006,25.01617986663863,42.79813911515287
83600,0.06,0,0.43475504155185873,0.631578947368421,0.2533297529538131,0.27,0,0,0,50.04610871905955,25.01326495027944,42.78925637430827
83700,0.06,0,0.4348507085900747,0.631578947368421,0.2501074113856069,0.34,0,0,0,50.03466802405453,25.012226215735048,42.7896245898087
83800,0.06,0,0.43487659268367324,0.631578947368421,0.24834586466165415,0.22,0,0,0,50.03806365530924,25.014174873346093,42.784174155499166
83900,0.06,0,0.43482317917160906,0.631578947368421,0.2476047261009667,0.12,0,0,0,50.04174407154896,25.015538718930422,42.786282716149486
84000,0.06,0,0.4349180949730367,0.631578947368421,0.2453168635875403,0.25,0,0,0,50.028531196698374,25.013201723273404,42.78824279071431
84100,0.06,0,0.4347875257002288,0.631578947368421,0.24481203007518798,0.2,0,0,0,50.02681362898534,25.012313037695268,42.802561841253144
84200,0.06,0,0.4347490103543492,0.631578947368421,0.24740064446831364,0.18,0,0,0,50.03272122697861,25.01400286109793,42.80129946496311
84300,0.06,0,0.4346847129917746,0.631578947368421,0.24741138560687434,0.25,0,0,0,50.040115159499294,25.0184794904206,42.80130525515311
84400,0.06,0,0.43468687463970007,0.631578947368421,0.24763694951664877,0.29,0,0,0,50.03648942354549,25.017535909057397,42.804193854968496
84500,0.06,0,0.4346481972128636,0.631578947368421,0.2505907626208378,0.21,0,0,0,50.03636322550664,25.015619370846732,42.80811077866812
84600,0.06,0,0.4346650340192868,0.631578947368421,0.25682062298603653,0.35,0,0,0,50.032013436945384,25.014568760770235,42.81017419848426
84700,0.06,0,0.4346797287639101,0.631578947368421,0.25053705692803435,0.16,0,0,0,50.0350967883141,25.01347755547765,42.806088926299964
84800,0.06,0,0.4346151575315209,0.631578947368421,0.24899033297529538,0.2,0,0,0,50.04548905470534,25.01623827871023,42.80355839286259
84900,0.06,0,0.43460552943911057,0.631578947368421,0.2464124597207304,0.19,0,0,0,50.051026966337105,25.01311360375692,42.79977052917564
85000,0.06,0,0.43480396069075405,0.631578947368421,0.24595059076262082,0.28,0,0,0,50.038477343520704,25.01361494976758,42.79096728108033
85100,0.06,0,0.43472144191643636,0.631578947368421,0.24294307196562837,0.23,0,0,0,50.050225395422444,25.015898683994553,42.789043830322896
85200,0.06,0,0.4347425862343995,0.631578947368421,0.25501611170784105,0.22,0,0,0,50.05849995265021,25.01684682279313,42.77989013640156
85300,0.06,0,0.43471406763524817,0.631578947368421,0.25371643394199783,0.22,0,0,0,50.053626109829786,25.01809102628905,42.7868624854729
85400,0.06,0,0.43468232025344633,0.631578947368421,0.24876476906552095,0.31,0,0,0,50.056552934926245,25.01560611513961,42.787485512931426
85500,0.06,0,0.4346743481138175,0.631578947368421,0.24848549946294307,0.2,0,0,0,50.053095307577465,25.016358588942403,42.7912260354013
85600,0.06,0,0.43472471468264917,0.631578947368421,0.24879699248120302,0.31,0,0,0,50.050384075069346,25.014401347462837,42.788586041508474
85700,0.06,0,0.4347232436243492,0.631578947368421,0.24286788399570355,0.2,0,0,0,50.04754132398426,25.013819364711516,42.79116127692931
85800,0.06,0,0.4347163896362065,0.631578947368421,0.24935553168635877,0.26,0,0,0,50.04646150453981,25.01362701717468,42.79275923812219
85900,0.06,0,0.4348154849533092,0.631578947368421,0.24876476906552095,0.33,0,0,0,50.03918311209043,25.012884955652364,42.78922963642108
86000,0.06,0,0.434911402602392,0.631578947368421,0.2458109559613319,0.19,0,0,0,50.03918422178794,25.01186184375672,42.77979172586587
86100,0.06,0,0.4348232943523959,0.631578947368421,0.25067669172932333,0.22,0,0,0,50.04328605915274,25.013271208669345,42.784953005792254
86200,0.06,0,0.43469516600856517,0.631578947368421,0.2511278195488722,0.25,0,0,0,50.049175484417255,25.012553419843982,42.79252795395492
86300,0.06,0,0.4345419047835824,0.631578947368421,0.25440386680988186,0.24,0,0,0,50.05495721073437,25.009244757806687,42.802676106565016
86400,0.06,0,0.4346227955167215,0.631578947368421,0.2500214822771214,0.24,0,0,0,50.05310090438119,25.012122903036563,42.79629691301706
86500,0.06,0,0.4346862441875163,0.631578947368421,0.25149301825993553,0.32,0,0,0,50.037448175492145,25.01325843683671,42.80343577751746
86600,0.06,0,0.4346621749808617,0.631578947368421,0.24976369495166487,0.22,0,0,0,50.03885600550159,25.016495134167968,42.80460166691119
86700,0.06,0,0.43456035140539395,0.631578947368421,0.250859291084855,0.28,0,0,0,50.04413994133765,25.016266462741886,42.81011077995586
86800,0.06,0,0.434683062938514,0.631578947368421,0.2463050483351235,0.26,0,0,0,50.038082308505324,25.017653333381283,42.80320658428032
86900,0.06,0,0.4347019203819356,0.631578947368421,0.24856068743286788,0.29,0,0,0,50.041356745988566,25.01475421469138,42.798549083548984
87000,0.06,0,0.4346249753269827,0.631578947368421,0.2470891514500537,0.26,0,0,0,50.03283600694891,25.015374833571883,42.81341605415392
87100,0.06,0,0.4345584595827934,0.631578947368421,0.2480343716433942,0.14,0,0,0,50.03310908158306,25.01574437746998,42.81973558876733
87200,0.06,0,0.4345198765486293,0.631578947368421,0.2540494092373792,0.23,0,0,0,50.04156641445495,25.01511030433554,42.816300310011414
87300,0.06,0,0.4345577930878516,0.631578947368421,0.24946294307196562,0.21,0,0,0,50.02696127631584,25.012845045910925,42.82506338126753
87400,0.06,0,0.4345210296644024,0.631578947368421,0.2539205155746509,0.22,0,0,0,50.03064036511377,25.012957536903528,42.82553719101223
87500,0.06,0,0.43450543113221995,0.631578947368421,0.2605800214822771,0.22,0,0,0,50.03127737582115,25.01151590679941,42.82652932182384
87600,0.06,0,0.4345192971451938,0.631578947368421,0.25596133190118153,0.21,0,0,0,50.025885356006405,25.01174364985831,42.829778570609776
87700,0.06,0,0.43452529900522086,0.631578947368421,0.2529967776584318,0.25,0,0,0,50.02256162360407,25.010478703667047,42.83203275735694
87800,0.06,0,0.4345437341190271,0.631578947368421,0.24807733619763694,0.18,0,0,0,50.035903145054526,25.00788119901694,42.818795443808966
87900,0.06,0,0.43448983216969495,0.631578947368421,0.24814178302900108,0.27,0,0,0,50.04519145795741,25.00382231915169,42.81615936841194
88000,0.06,0,0.4344726484590858,0.631578947368421,0.2472717508055854,0.29,0,0,0,50.05851960362302,25.004841615864468,42.80645247004272
88100,0.06,0,0.43441887558255354,0.631578947368421,0.252234156820623,0.23,0,0,0,50.064070872093595,25.00946099274716,42.80700399534245
88200,0.06,0,0.43436979238485807,0.631578947368421,0.2499140708915145,0.22,0,0,0,50.06864589938901,25.01123884436719,42.8079291926963
88300,0.06,0,0.4344076736671254,0.631578947368421,0.25499462943071965,0.35,0,0,0,50.05508959452343,25.012441134031953,42.81578881140444
88400,0.06,0,0.434500674218313,0.631578947368421,0.25790547798066593,0.29,0,0,0,50.04726746339354,25.013444576012873,42.813314973105264
88500,0.06,0,0.4345084601478315,0.631578947368421,0.2553168635875403,0.26,0,0,0,50.041984462979165,25.011199760567266,42.81706758297763
88600,0.06,0,0.4345099759759955,0.631578947368421,0.24923737916219119,0.28,0,0,0,50.04027607640324,25.00938676739892,42.81837999115569
88700,0.06,0,0.43451626298095286,0.631578947368421,0.24774436090225563,0.23,0,0,0,50.042049719096816,25.012871048836878,42.81624286121153
88800,0.06,0,0.43465403915529455,0.631578947368421,0.25438238453276046,0.28,0,0,0,50.03710749717486,25.01698618766369,42.80689868257309
88900,0.06,0,0.43453661972444535,0.631578947368421,0.2531901181525242,0.25,0,0,0,50.0406981549174,25.017472641927576,42.815393430575426
89000,0.06,0,0.43444494442936676,0.631578947368421,0.25474758324382385,0.23,0,0,0,50.040143987090204,25.01586285311443,42.824902466671745
89100,0.06,0,0.43449897354441386,0.631578947368421,0.2540816326530612,0.35,0,0,0,50.045163037801075,25.02004624206925,42.81528287844642
89200,0.06,0,0.43451630184840845,0.631578947368421,0.2555531686358754,0.18,0,0,0,50.034409699033304,25.016755853435864,42.8227768705046
89300,0.06,0,0.43449357391642274,0.631578947368421,0.25551020408163266,0.15,0,0,0,50.02924934667925,25.01354110320833,42.829434147386806
89400,0.06,0,0.4344741490756853,0.631578947368421,0.24922663802363051,0.26,0,0,0,50.04122705106504,25.016675497101016,42.82109703068499
89500,0.06,0,0.43452050929321345,0.631578947368421,0.2543394199785177,0.25,0,0,0,50.03762116796488,25.015064178315072,42.819613833492554
89600,0.06,0,0.4344665683962585,0.631578947368421,0.24910848549946293,0.21,0,0,0,50.03247737428895,25.015355385536537,42.82933286536336
89700,0.06,0,0.43437915966324564,0.631578947368421,0.25082706766917295,0.22,0,0,0,50.036774284304094,25.015810348094487,42.83427256462995
89800,0.06,0,0.4344962837471836,0.631578947368421,0.2524489795918367,0.19,0,0,0,50.03341744702083,25.016305382199636,42.82559909160181
89900,0.06,0,0.43448612027234396,0.631578947368421,0.25267454350161117,0.19,0,0,0,50.045032138929194,25.015852688246195,42.816661461963676
90000,0.06,0,0.4345580754009988,0.631578947368421,0.2541675617615467,0.19,0,0,0,50.03672208048982,25.016600447712808,42.816681559527886
90100,0.06,0,0.4345126569960498,0.631578947368421,0.25339419978517724,0.17,0,0,0,50.03094062569377,25.014226558422727,42.8261053783019
90200,0.06,0,0.4344010129051837,0.631578947368421,0.24919441460794844,0.19,0,0,0,50.032658793802256,25.01547873962035,42.835640919827156
90300,0.06,0,0.4343510468750948,0.631578947368421,0.25532760472610094,0.24,0,0,0,50.04390040619166,25.016346866879893,42.830945071067724
90400,0.06,0,0.4344613408968111,0.631578947368421,0.2565843179377014,0.22,0,0,0,50.0457262614505,25.01365986017598,42.818509606776374
90500,0.06,0,0.4344425258814547,0.631578947368421,0.24918367346938775,0.19,0,0,0,50.0456124776239,25.01605400916414,42.82046136486201
90600,0.06,0,0.4343185882570496,0.631578947368421,0.2512781954887218,0.21,0,0,0,50.04485450692109,25.01579267426675,42.833329394624805
90700,0.06,0,0.43432125833599805,0.631578947368421,0.2578839957035446,0.2,0,0,0,50.04778643840153,25.016040618190022,42.83055679384308
90800,0.06,0,0.4343224971756084,0.631578947368421,0.2528249194414608,0.22,0,0,0,50.05305163704612,25.016998033226876,42.82592919160735
90900,0.06,0,0.4343128077501893,0.631578947368421,0.25176154672395273,0.29,0,0,0,50.04799924583723,25.01714391648566,42.8312080419822
91000,0.06,0,0.4343680329323291,0.631578947368421,0.2551987110633727,0.19,0,0,0,50.04282624641573,25.019085238565374,42.83018947972537
91100,0.06,0,0.4343388506305591,0.631578947368421,0.24886143931256713,0.19,0,0,0,50.043976141870694,25.019284322782706,42.83208294352899
91200,0.06,0,0.434385524166149,0.631578947368421,0.2517400644468314,0.14,0,0,0,50.040692862689696,25.017813968573073,42.83029075803092
91300,0.06,0,0.4344578258702735,0.631578947368421,0.2554027926960258,0.17,0,0,0,50.036986868338225,25.017976362840603,42.8263347184604
91400,0.06,0,0.4344896568934175,0.631578947368421,0.2541997851772288,0.22,0,0,0,50.04316144612055,25.01837463853798,42.81791348837173
91500,0.06,0,0.43443560571693607,0.631578947368421,0.25353383458646617,0.25,0,0,0,50.050359245728686,25.016242190140662,42.8170823054797
91600,0.06,0,0.43453142368453873,0.631578947368421,0.2572717508055854,0.3,0,0,0,50.04492674157799,25.017714425436292,42.812287643849885
91700,0.06,0,0.4346307249312579,0.631578947368421,0.24936627282491944,0.24,0,0,0,50.055843943870414,25.021212929770268,42.79317095969856
91800,0.06,0,0.434589735152825,0.631578947368421,0.25029001074113855,0.21,0,0,0,50.06481243531767,25.018880180148265,42.789540550239316
91900,0.06,0,0.4344963227685047,0.631578947368421,0.255187969924812,0.29,0,0,0,50.07439311502107,25.02013676007736,42.79055123871569
92000,0.06,0,0.43452460488691474,0.631578947368421,0.2532116004296455,0.27,0,0,0,50.063432061145235,25.017570347346073,42.797134204329105
92100,0.06,0,0.43455071259466,0.631578947368421,0.25400644468313643,0.36,0,0,0,50.05182223078637,25.01791859077444,42.80448942635807
92200,0.06,0,0.43458836762324643,0.631578947368421,0.24922663802363051,0.16,0,0,0,50.042984603635695,25.01884058946456,42.80833926831134
92300,0.06,0,0.4345368034420056,0.631578947368421,0.25114930182599354,0.31,0,0,0,50.04965673804792,25.017303428811566,42.80771163777525
92400,0.06,0,0.43455814112067626,0.631578947368421,0.25351235230934477,0.22,0,0,0,50.04528083548564,25.015393361824696,42.80935256697662
92500,0.06,0,0.4345908859150969,0.631578947368421,0.2565413533834586,0.2,0,0,0,50.043679073137156,25.016384094438667,42.80749715065953
92600,0.06,0,0.4346013247502705,0.631578947368421,0.2491299677765843,0.27,0,0,0,50.03959152163665,25.012911805035372,42.80996564713965
92700,0.06,0,0.4346561338284658,0.631578947368421,0.25175080558539203,0.19,0,0,0,50.04982030060287,25.013912748536264,42.79581936233577
92800,0.06,0,0.4346039820521839,0.631578947368421,0.25142857142857145,0.36,0,0,0,50.0446275365122,25.014493608740946,42.805395932853486
92900,0.06,0,0.43447043462194973,0.631578947368421,0.2479484425349087,0.24,0,0,0,50.05194230076827,25.016613020648073,42.81229579464681
93000,0.06,0,0.4344552615971209,0.631578947368421,0.24977443609022557,0.21,0,0,0,50.04933559570024,25.01489469352401,42.8160208403241
93100,0.06,0,0.43446999947610654,0.631578947368421,0.2524489795918367,0.21,0,0,0,50.0494468386184,25.014167708081075,42.814473293949185
93200,0.06,0,0.4345232514396797,0.631578947368421,0.24614393125671322,0.22,0,0,0,50.04166744857801,25.01308513460461,42.815881315400645
93300,0.06,0,0.4345349531601457,0.631578947368421,0.2512137486573577,0.27,0,0,0,50.038651196828795,25.013019568868863,42.8173091188097
93400,0.06,0,0.43454293211675515,0.631578947368421,0.2506122448979592,0.23,0,0,0,50.03349683783207,25.01007660118579,42.82093379886571
93500,0.06,0,0.4346741209131667,0.631578947368421,0.24960257787325457,0.29,0,0,0,50.03892520245341,25.00966719686268,42.80336609811884
93600,0.06,0,0.4347613162912479,0.631578947368421,0.24919441460794844,0.23,0,0,0,50.03515858414797,25.009879992498497,42.79800305645382
93700,0.06,0,0.434720757714468,0.631578947368421,0.24357679914070893,0.23,0,0,0,50.04138769204467,25.010269558776063,42.79666806970282
93800,0.06,0,0.43471053201692084,0.631578947368421,0.2464983888292159,0.29,0,0,0,50.040700258368524,25.009546971843957,42.79826270857124
93900,0.06,0,0.43472592193959975,0.631578947368421,0.24261009667024705,0.16,0,0,0,50.04718348629994,25.010538279783276,42.7912035988451
94000,0.06,0,0.4347855023143899,0.631578947368421,0.24944146079484425,0.22,0,0,0,50.040689565066934,25.011249181627804,42.7908921252419
94100,0.06,0,0.43473543831705,0.631578947368421,0.25242749731471537,0.16,0,0,0,50.04675069744477,25.009660702825762,42.790636934579815
94200,0.06,0,0.43482665359639333,0.631578947368421,0.24918367346938775,0.25,0,0,0,50.046187530243905,25.00858969640449,42.7821419959902
94300,0.06,0,0.43481054187253126,0.631578947368421,0.24640171858216972,0.23,0,0,0,50.043840176258946,25.008814459440657,42.785734081950345
94400,0.06,0,0.43478622088271623,0.631578947368421,0.248968850698174,0.23,0,0,0,50.044009089105394,25.00871692991321,42.78798300012274
94500,0.06,0,0.43475407430890406,0.631578947368421,0.2416111707841031,0.27,0,0,0,50.049696451432744,25.006765087613154,42.786284285879084
94600,0.06,0,0.43471195969137527,0.631578947368421,0.249312567132116,0.26,0,0,0,50.04499879759243,25.0053690182793,42.794446071410896
94700,0.06,0,0.4347035008816055,0.631578947368421,0.24988184747583245,0.26,0,0,0,50.037137906923135,25.006470204373173,42.80200198655953
94800,0.06,0,0.4346962031162886,0.631578947368421,0.2435982814178303,0.28,0,0,0,50.028262013248664,25.006421615988504,42.81031451050657
94900,0.06,0,0.4347202146625432,0.631578947368421,0.2495810955961332,0.27,0,0,0,50.0210026258925,25.00632791885051,42.81416248511834
95000,0.06,0,0.43476116246943813,0.631578947368421,0.24918367346938775,0.27,0,0,0,50.02976767419686,25.007301218273,42.802629858389444
95100,0.06,0,0.43475269830378976,0.631578947368421,0.24602577873254566,0.31,0,0,0,50.02741534706996,25.008254817042292,42.805475830780765
95200,0.06,0,0.4348623957384764,0.631578947368421,0.249140708915145,0.26,0,0,0,50.03078006199656,25.011339166825724,42.79179974919819
95300,0.06,0,0.4349532679588175,0.631578947368421,0.24571428571428572,0.28,0,0,0,50.02444473570801,25.00805739417091,42.78827772947237
95400,0.06,0,0.43497252796485714,0.631578947368421,0.25031149301825995,0.19,0,0,0,50.02004633626875,25.00458473831629,42.79014544499757
95500,0.06,0,0.4350293084081358,0.631578947368421,0.25267454350161117,0.27,0,0,0,50.02216872722893,25.008071521545467,42.78274512767901
95600,0.06,0,0.43507043224136205,0.631578947368421,0.24873254564983888,0.17,0,0,0,50.02310582272231,25.010346384088066,42.77789982240781
95700,0.06,0,0.43513876558568404,0.631578947368421,0.24134264232008593,0.17,0,0,0,50.02772705306966,25.009913805096975,42.76723114558467
95800,0.06,0,0.4352434434288844,0.631578947368421,0.24491944146079483,0.17,0,0,0,50.02787978941015,25.012874834883743,42.75681491211099
95900,0.06,0,0.4351916867161584,0.631578947368421,0.24458646616541355,0.29,0,0,0,50.02441661411392,25.011149291055293,42.76486031121521
96000,0.06,0,0.4351802918069615,0.631578947368421,0.24037593984962405,0.23,0,0,0,50.025956379584095,25.01101303219778,42.764663772647715
96100,0.06,0,0.4352090911966808,0.631578947368421,0.2413641245972073,0.36,0,0,0,50.02567452310461,25.01199242725939,42.762074807501534
96200,0.06,0,0.4351752253810708,0.631578947368421,0.24228786251342643,0.12,0,0,0,50.025332775009524,25.011959069656047,42.76569475116474
96300,0.06,0,0.4351574071858891,0.631578947368421,0.24650912996777657,0.15,0,0,0,50.03126342687152,25.008784433664108,42.76237625210438
96400,0.06,0,0.4351728482817067,0.631578947368421,0.24485499462943072,0.26,0,0,0,50.02861426966357,25.01072633487697,42.76312323761873
96500,0.06,0,0.4351717818159939,0.631578947368421,0.24210526315789474,0.23,0,0,0,50.03599650226174,25.00989762143906,42.75691881652109
96600,0.06,0,0.43527590228551516,0.631578947368421,0.23795918367346938,0.2,0,0,0,50.03545274095199,25.009018653902206,42.747155669093694
96700,0.06,0,0.4353417345311489,0.631578947368421,0.24,0.22,0,0,0,50.01851676410294,25.00792989415362,42.75516320494375
96800,0.06,0,0.4353873532977805,0.631578947368421,0.24306122448979592,0.1,0,0,0,50.01568090636063,25.007648499940952,42.753107365892966
96900,0.06,0,0.4353389327395408,0.631578947368421,0.240687432867884,0.19,0,0,0,50.021104981346845,25.009088049702893,42.75322609882934
97000,0.06,0,0.4352903511811304,0.631578947368421,0.23766917293233084,0.12,0,0,0,50.022833147872575,25.00874277335249,42.75652048453009
97100,0.06,0,0.4351705976082625,0.631578947368421,0.24310418904403866,0.27,0,0,0,50.033689898654295,25.007626371111225,42.75900631124061
97200,0.06,0,0.4351383161497289,0.631578947368421,0.24576799140708916,0.25,0,0,0,50.03162019559227,25.010480469498162,42.7639474406485
97300,0.06,0,0.43516319735061176,0.631578947368421,0.23972073039742212,0.2,0,0,0,50.03637670564996,25.011838575162425,42.75743738580714
97400,0.06,0,0.43511313678307284,0.631578947368421,0.23952738990332975,0.22,0,0,0,50.027906266754485,25.012490736628745,42.76959698531352
97500,0.06,0,0.43510626676214575,0.631578947368421,0.23926960257787325,0.12,0,0,0,50.03092532403227,25.014785159141976,42.76769136535069
97600,0.06,0,0.43521696209787375,0.631578947368421,0.24253490870032224,0.22,0,0,0,50.029254334752984,25.012542720612192,42.75824169726219
97700,0.06,0,0.4351164074164976,0.631578947368421,0.24339419978517723,0.23,0,0,0,50.04124655057343,25.015372190507552,42.75787381980237
97800,0.06,0,0.43491333770972146,0.631578947368421,0.24459720730397422,0.18,0,0,0,50.06118935499562,25.015121113236923,42.76079697712226
97900,0.06,0,0.43486300801382494,0.631578947368421,0.24535982814178303,0.23,0,0,0,50.06568926819823,25.01752300541183,42.761902186169266
98000,0.06,0,0.4348444318682925,0.631578947368421,0.24875402792696025,0.22,0,0,0,50.063138448235,25.017958707947482,42.76590783447192
98100,0.06,0,0.43482554315807315,0.631578947368421,0.24560687432867884,0.17,0,0,0,50.06631436853937,25.015897897266413,42.765052632393974
98200,0.06,0,0.4348590748868725,0.631578947368421,0.24626208378088077,0.28,0,0,0,50.07211231557048,25.01688458413045,42.75680357763053
98300,0.06,0,0.43504044236668565,0.631578947368421,0.24994629430719656,0.26,0,0,0,50.067430478040244,25.017948605909083,42.74297490203996
98400,0.06,0,0.4351074191639754,0.631578947368421,0.24139634801288937,0.17,0,0,0,50.07134142377673,25.01750008959456,42.73305737427484
98500,0.06,0,0.4351290842443055,0.631578947368421,0.24687432867883996,0.22,0,0,0,50.06743336410877,25.019448998984643,42.73426509714201
98600,0.06,0,0.43517010737832174,0.631578947368421,0.24508055853920516,0.18,0,0,0,50.064666968076274,25.022177419865564,42.73259769394596
98700,0.06,0,0.4352120805709641,0.631578947368421,0.24286788399570355,0.2,0,0,0,50.064557600204736,25.01996235890035,42.72856977262431
98800,0.06,0,0.43514978701898205,0.631578947368421,0.23783029001074113,0.2,0,0,0,50.07485111937469,25.01676250915437,42.72590189454435
98900,0.06,0,0.43524734801740134,0.631578947368421,0.24344790547798068,0.25,0,0,0,50.05976739205092,25.01470784502068,42.729195896213405
99000,0.06,0,0.43520639112804227,0.631578947368421,0.24570354457572502,0.22,0,0,0,50.06828375454419,25.015108402631494,42.725948398468546
99100,0.06,0,0.43530048404759064,0.631578947368421,0.24177228786251342,0.28,0,0,0,50.055160551226095,25.017063624035977,42.72791216479559
99200,0.06,0,0.43535612225406806,0.631578947368421,0.24099892588614394,0.15,0,0,0,50.0483714890136,25.01668981092338,42.72824686873239
99300,0.06,0,0.43522222630018786,0.631578947368421,0.24280343716433941,0.29,0,0,0,50.04608399279659,25.017291455138587,42.7433458126285
99400,0.06,0,0.4352032227746077,0.631578947368421,0.2422986036519871,0.21,0,0,0,50.04508130188692,25.01834435723115,42.746068670369354
99500,0.06,0,0.43513988527071845,0.631578947368421,0.24237379162191192,0.21,0,0,0,50.04521101148128,25.0207044871351,42.75217983746542
99600,0.06,0,0.4351156868594159,0.631578947368421,0.24473684210526317,0.19,0,0,0,50.04780905963608,25.016597858397102,42.75233800035129
99700,0.06,0,0.4350731396910223,0.631578947368421,0.24103114930182598,0.24,0,0,0,50.045496564466184,25.019265548617245,42.75849457284871
99800,0.06,0,0.4350759618768321,0.631578947368421,0.24013963480128894,0.21,0,0,0,50.03662909866457,25.01810104399075,42.76579480280046
99900,0.06,0,0.4350751088408505,0.631578947368421,0.24150375939849625,0.18,0,0,0,50.03204845063271,25.014319741041373,42.76979405125089
100000,0.06,0,0.4350362603862586,0.631578947368421,0.24174006444683135,0.19,0,0,0,50.03334443381901,25.010364745804615,42.7725054271888
100100,0.06,0,0.4351232358611043,0.631578947368421,0.24437164339419978,0.2,0,0,0,50.029470434048434,25.010656812363415,42.76726715905931
100200,0.06,0,0.43487719409929526,0.631578947368421,0.25064446831364123,0.23,0,0,0,50.04078866062818,25.013446371949346,42.78178514870992
100300,0.06,0,0.4349112043383117,0.631578947368421,0.24715359828141784,0.27,0,0,0,50.02983690019887,25.01230491062559,42.7878039914743
100400,0.06,0,0.43498588803068,0.631578947368421,0.25055853920515575,0.27,0,0,0,50.033122172654146,25.013850068942684,42.77764861011134
100500,0.06,0,0.43497598264271875,0.631578947368421,0.24523093447905478,0.26,0,0,0,50.039643317466805,25.01671065517043,42.77304786229055
100600,0.06,0,0.43501296657754884,0.631578947368421,0.24459720730397422,0.32,0,0,0,50.03285941976665,25.01578304395324,42.775210438226324
100700,0.06,0,0.43505129093320977,0.631578947368421,0.2471643394199785,0.28,0,0,0,50.03234421604766,25.015729984811383,42.77188273756011
100800,0.06,0,0.4350967144618522,0.631578947368421,0.24234156820622987,0.2,0,0,0,50.029189540134595,25.013561207150023,42.77011418135361
100900,0.06,0,0.4351981807326772,0.631578947368421,0.2441890440386681,0.17,0,0,0,50.029793400367154,25.011816216495358,42.75962623196144
101000,0.06,0,0.43515312825388835,0.631578947368421,0.25044038668098817,0.23,0,0,0,50.02626357913413,25.01226551932642,42.76707064604586
101100,0.06,0,0.43517545700666854,0.631578947368421,0.2482062298603652,0.16,0,0,0,50.035506818047786,25.011590629201315,42.756976168254475
101200,0.06,0,0.43518149335647605,0.631578947368421,0.24481203007518798,0.25,0,0,0,50.04224735847588,25.00802226850925,42.750623935021736
101300,0.06,0,0.43517853150759356,0.631578947368421,0.2469172932330827,0.26,0,0,0,50.037951612330474,25.0070326717965,42.75458505389711
101400,0.06,0,0.43525997894631213,0.631578947368421,0.24527389903329752,0.22,0,0,0,50.04062799422614,25.006448224890722,42.744298393638886
101500,0.06,0,0.43513468621977247,0.631578947368421,0.24361976369495167,0.23,0,0,0,50.0596811523346,25.011484344855084,42.74033264825497
101600,0.06,0,0.4352058802375696,0.631578947368421,0.24560687432867884,0.21,0,0,0,50.049030429229205,25.013393215256567,42.74243478816414
101700,0.06,0,0.4352288964766951,0.631578947368421,0.24990332975295382,0.17,0,0,0,50.04367129951349,25.01555049302009,42.744751442201036
101800,0.06,0,0.4352680682264929,0.631578947368421,0.24576799140708916,0.3,0,0,0,50.035035391663385,25.01432213273223,42.74828160912078
101900,0.06,0,0.43536268801268185,0.631578947368421,0.24182599355531686,0.31,0,0,0,50.036866075234144,25.013869158895833,42.73742720969088
102000,0.06,0,0.4353224467650352,0.631578947368421,0.24533834586466166,0.3,0,0,0,50.03774451448209,25.013362422482995,42.74062751380832
102100,0.06,0,0.43540272125567286,0.631578947368421,0.2408700322234157,0.18,0,0,0,50.036702101548784,25.013796982060406,42.733637743811784
102200,0.06,0,0.43547641442124513,0.631578947368421,0.2402577873254565,0.33,0,0,0,50.044854446037604,25.017196605320432,42.71944601265973
102300,0.06,0,0.43528203088551903,0.631578947368421,0.24368421052631578,0.3,0,0,0,50.063376735248205,25.018090208374716,42.722710937104665
102400,0.06,0,0.43534659949086846,0.631578947368421,0.2403329752953813,0.21,0,0,0,50.05977856747828,25.01819457562366,42.71944484393843
102500,0.06,0,0.4353444894961963,0.631578947368421,0.23975295381310419,0.24,0,0,0,50.050974299177796,25.017816765370895,42.72716653777026
102600,0.06,0,0.43537223722945584,0.631578947368421,0.24084854994629432,0.2,0,0,0,50.04620703822065,25.016960921529634,42.72851320244663
102700,0.06,0,0.43534318729681326,0.631578947368421,0.23567132116004297,0.25,0,0,0,50.05590398963306,25.017098493301514,42.72308640146609
102800,0.06,0,0.43539656157996715,0.631578947368421,0.2417937701396348,0.25,0,0,0,50.04216136558778,25.014024411540557,42.72958028931316
102900,0.06,0,0.4353866336927139,0.631578947368421,0.23900107411385607,0.27,0,0,0,50.038520279216925,25.014354292924683,42.73366394631825
103000,0.06,0,0.4354537968045973,0.631578947368421,0.23817400644468315,0.24,0,0,0,50.03955277777632,25.015903423262927,42.726191216359354
103100,0.06,0,0.435516040505301,0.631578947368421,0.2362406015037594,0.18,0,0,0,50.04189094807001,25.014400205981282,42.71808874948944
103200,0.06,0,0.43556385369815254,0.631578947368421,0.23377013963480128,0.21,0,0,0,50.03731465170182,25.01461904533072,42.71730592074572
103300,0.06,0,0.4354313772170187,0.631578947368421,0.23583243823845326,0.29,0,0,0,50.04726910185421,25.016391025256528,42.72180321780777
103400,0.06,0,0.43554177782758813,0.631578947368421,0.24232008592910848,0.18,0,0,0,50.03781797605404,25.014942185940786,42.719041380127905
103500,0.06,0,0.4355134518610841,0.631578947368421,0.2379269602577873,0.28,0,0,0,50.032022765058606,25.013078714250284,42.726768313339065
103600,0.06,0,0.43547032940162683,0.631578947368421,0.24009667024704617,0.28,0,0,0,50.031611254225886,25.01053195328025,42.731350795739644
103700,0.06,0,0.4353964881822026,0.631578947368421,0.23747583243823844,0.3,0,0,0,50.036337326527416,25.011594921271175,42.73456105374426
103800,0.06,0,0.43541153191565724,0.631578947368421,0.2389044038668099,0.27,0,0,0,50.03121141135482,25.012932628845924,42.737462738987325
103900,0.06,0,0.43536132289063845,0.631578947368421,0.24124597207303974,0.24,0,0,0,50.03684625140757,25.013479960795298,42.73757814943238
104000,0.06,0,0.4354122054763693,0.631578947368421,0.24428571428571427,0.21,0,0,0,50.03825182959224,25.013084423105667,42.73138344366107
104100,0.06,0,0.43538946733604916,0.631578947368421,0.2356390977443609,0.3,0,0,0,50.04269962392094,25.015138560601592,42.729816919825105
104200,0.06,0,0.43541331416127815,0.631578947368421,0.2377980665950591,0.26,0,0,0,50.03156858279733,25.015258713569683,42.736982706698
104300,0.06,0,0.43531072261914583,0.631578947368421,0.2411063372717508,0.32,0,0,0,50.030754116587104,25.013035753737785,42.74775060702701
104400,0.06,0,0.43537488278704367,0.631578947368421,0.24200859291084856,0.22,0,0,0,50.03038578538773,25.010478755405316,42.74176564098085
104500,0.06,0,0.43543965521158756,0.631578947368421,0.24113856068743286,0.22,0,0,0,50.02109814174143,25.008352785846512,42.743342603725914
104600,0.06,0,0.43537225831870247,0.631578947368421,0.24514500537056927,0.24,0,0,0,50.02965784484599,25.01226806526648,42.742645196844954
104700,0.06,0,0.435424933051497,0.631578947368421,0.2440279269602578,0.26,0,0,0,50.02057134145392,25.0092847643921,42.74523797375285
104800,0.06,0,0.43543906823590606,0.631578947368421,0.24354457572502686,0.23,0,0,0,50.02312390885912,25.006891991428837,42.74166925916571
104900,0.06,0,0.4353360512573396,0.631578947368421,0.24454350161117078,0.25,0,0,0,50.02754998034777,25.003096303178012,42.74800119011321
105000,0.06,0,0.4354726966928489,0.631578947368421,0.23968850698174007,0.24,0,0,0,50.02001641069731,25.005553224535227,42.74102374937462
105100,0.06,0,0.43534741599659627,0.631578947368421,0.2408700322234157,0.25,0,0,0,50.0260018155169,25.005880070972204,42.748208150570186
105200,0.06,0,0.4353060659644629,0.631578947368421,0.24269602577873253,0.26,0,0,0,50.0166533155487,25.007976649131503,42.7602595634334
105300,0.06,0,0.435278484957214,0.631578947368421,0.24098818474758324,0.06,0,0,0,50.020621244760136,25.009643394676562,42.75957681696792
105400,0.06,0,0.43523387776307754,0.631578947368421,0.24468313641245973,0.16,0,0,0,50.030404302495995,25.009734728465055,42.755597092531985
105500,0.06,0,0.43516346744792417,0.631578947368421,0.2447046186895811,0.23,0,0,0,50.041434540179054,25.011311391567265,42.75308923022089
105600,0.06,0,0.43525778834086465,0.631578947368421,0.2441031149301826,0.3,0,0,0,50.033811174652904,25.007343927522708,42.75033721568624
105700,0.06,0,0.43516313630784315,0.631578947368421,0.2495810955961332,0.26,0,0,0,50.038594088224215,25.0085270143619,42.75554865394191
105800,0.06,0,0.43511365074430414,0.631578947368421,0.24464017185821696,0.24,0,0,0,50.04003587896645,25.006842199673482,42.75917920635977
105900,0.06,0,0.43531025753893515,0.631578947368421,0.24326530612244898,0.33,0,0,0,50.03519493969342,25.007193650191088,42.744002240795616
106000,0.06,0,0.43527738715531955,0.631578947368421,0.24150375939849625,0.12,0,0,0,50.04670910998524,25.007308384518176,42.73739530430571
106100,0.06,0,0.4352521068862782,0.631578947368421,0.24962406015037594,0.1,0,0,0,50.04808353702099,25.00682603715135,42.73870384527118
106200,0.06,0,0.4353662218467328,0.631578947368421,0.24381310418904403,0.26,0,0,0,50.029970065699146,25.010081346308898,42.74297108861807
106300,0.06,0,0.4354770861180183,0.631578947368421,0.24319011815252417,0.16,0,0,0,50.01998442688936,25.00496177375739,42.74062026711566
106400,0.06,0,0.435525956513173,0.631578947368421,0.24190118152524168,0.2,0,0,0,50.023768018516066,25.00738012834713,42.732591977803445
106500,0.06,0,0.4353974995555516,0.631578947368421,0.24002148227712136,0.21,0,0,0,50.022993946151736,25.00963026508265,42.74586098808437
106600,0.06,0,0.4354152657047571,0.631578947368421,0.23707841031149302,0.18,0,0,0,50.018532369549696,25.008475628258886,42.74792954838433
106700,0.06,0,0.4354056814668771,0.631578947368421,0.24455424274973148,0.2,0,0,0,50.019655287488206,25.00771870838186,42.74791083224054
106800,0.06,0,0.43545746772597016,0.631578947368421,0.2394092373791622,0.25,0,0,0,50.017624477184945,25.0066449175766,42.74456252776569
106900,0.06,0,0.4354191507356288,0.631578947368421,0.24053705692803437,0.2,0,0,0,50.01663013995372,25.005490650486728,42.74917390192713
107000,0.06,0,0.43530548728868035,0.631578947368421,0.24140708915145007,0.2,0,0,0,50.023224232254826,25.004722344990096,42.75469952642948
107100,0.06,0,0.4352651214703013,0.631578947368421,0.2410096670247046,0.24,0,0,0,50.03295165112342,25.00319436931029,42.75035138138848
107200,0.06,0,0.43526496340774856,0.631578947368421,0.23945220193340494,0.26,0,0,0,50.03202239190052,25.00401209002837,42.751160920723144
107300,0.06,0,0.4352709114925228,0.631578947368421,0.23816326530612245,0.18,0,0,0,50.026236788421315,25.001566483768528,42.75552087885273
107400,0.06,0,0.43531993394016355,0.631578947368421,0.23828141783029,0.24,0,0,0,50.0189366225135,24.998898808374083,42.756945456450936
107500,0.06,0,0.43527361027691835,0.631578947368421,0.2416863587540279,0.21,0,0,0,50.02086749895029,24.996258712205755,42.75984517749016
107600,0.06,0,0.43527043499980245,0.631578947368421,0.24442534908700322,0.14,0,0,0,50.026437080235254,24.999615512069326,42.75539650224162
107700,0.06,0,0.4351936140929073,0.631578947368421,0.24505907626208379,0.27,0,0,0,50.03118503120357,24.998325079724317,42.75888554081208
107800,0.06,0,0.4351843735111731,0.631578947368421,0.24857142857142858,0.17,0,0,0,50.03143002378644,24.997718001010288,42.75958408585209
107900,0.06,0,0.4351960978109413,0.631578947368421,0.24540279269602577,0.21,0,0,0,50.028353496401586,24.997994581511662,42.76106158983241
108000,0.06,0,0.4352817355224231,0.631578947368421,0.24380236305048336,0.28,0,0,0,50.01821531380992,25.00190713343063,42.761314267245055
108100,0.06,0,0.43528368461170547,0.631578947368421,0.24149301825993555,0.2,0,0,0,50.01231443157302,25.001115790216257,42.766168117382136
108200,0.06,0,0.43532812639236895,0.631578947368421,0.24293233082706767,0.26,0,0,0,50.0139687484754,25.000223643192136,42.760387768241664
108300,0.06,0,0.4353232022229993,0.631578947368421,0.24595059076262082,0.25,0,0,0,50.00843090401212,24.999809013546077,42.7656067160988
108400,0.06,0,0.43532169340267435,0.631578947368421,0.24403866809881847,0.25,0,0,0,50.00317207215816,24.99891084100095,42.770252614181466
108500,0.06,0,0.4354398175953137,0.631578947368421,0.24327604726100965,0.17,0,0,0,50.00546645431648,24.998066725159358,42.75668820955944
108600,0.06,0,0.4353950047816269,0.631578947368421,0.24123523093447904,0.14,0,0,0,50.00117720863413,24.99697349152919,42.764757090322306
108700,0.06,0,0.43543211602812776,0.631578947368421,0.24160042964554243,0.18,0,0,0,49.995236218086234,24.997408221128545,42.7661936636294
108800,0.06,0,0.4354495217294424,0.631578947368421,0.23508055853920515,0.22,0,0,0,50.001206612769685,24.995140405505946,42.75937792811915
108900,0.06,0,0.4354073308584222,0.631578947368421,0.23732545649838882,0.25,0,0,0,50.010624849349995,24.994249399690545,42.75546787420121
109000,0.06,0,0.4352714150818887,0.631578947368421,0.24067669172932332,0.23,0,0,0,50.017317382536596,24.993871928633887,42.76309584001028
109100,0.06,0,0.43527183297826316,0.631578947368421,0.24329752953813105,0.18,0,0,0,50.018042673536726,24.994640408931588,42.76243469454492
109200,0.06,0,0.43524319341559636,0.631578947368421,0.2405048335123523,0.23,0,0,0,50.02490909934974,24.996924365133893,42.75937855400439
109300,0.06,0,0.4352216596869566,0.631578947368421,0.24387755102040817,0.2,0,0,0,50.02432077511291,24.995847512883643,42.76199709381471
109400,0.06,0,0.4351957925324609,0.631578947368421,0.2432438238453276,0.2,0,0,0,50.02998788037113,24.99751656283536,42.75969466256319
109500,0.06,0,0.43527110477217484,0.631578947368421,0.2416219119226638,0.28,0,0,0,50.02382533458805,24.995278967426124,42.757562969769545
109600,0.06,0,0.43533786963709015,0.631578947368421,0.23969924812030075,0.18,0,0,0,50.01375701510397,24.995030362314036,42.759611775286494
109700,0.06,0,0.4352265655816706,0.631578947368421,0.24337271750805586,0.27,0,0,0,50.021104887206114,24.99769996135334,42.76426424290153
109800,0.06,0,0.4352275785450935,0.631578947368421,0.24226638023630503,0.22,0,0,0,50.01965255382639,24.99552094687413,42.765406380341226
109900,0.06,0,0.4352069373048572,0.631578947368421,0.24430719656283567,0.12,0,0,0,50.021062391179235,24.99786874576504,42.76622928740206
110000,0.06,0,0.4352477919629496,0.631578947368421,0.2411063372717508,0.2,0,0,0,50.02074455631613,24.997692770736162,42.76248673681985
110100,0.06,0,0.43524740718366617,0.631578947368421,0.24269602577873253,0.22,0,0,0,50.02245947683584,24.99817241633844,42.761058512787926
110200,0.06,0,0.4353105627429425,0.631578947368421,0.2411922663802363,0.2,0,0,0,50.031230452795256,24.998892092214007,42.74735931499589
110300,0.06,0,0.43528273052035926,0.631578947368421,0.24023630504833512,0.12,0,0,0,50.03788760254965,24.99921663894182,42.744405039585466
110400,0.06,0,0.43532671388903277,0.631578947368421,0.24174006444683135,0.22,0,0,0,50.04494416964011,25.001779360198388,42.734059796881056
110500,0.06,0,0.4352475750049394,0.631578947368421,0.24147153598281418,0.29,0,0,0,50.04550633517392,25.00439132689705,42.741349793991624
110600,0.06,0,0.43526011677223286,0.631578947368421,0.24011815252416757,0.23,0,0,0,50.03274056656918,25.00646533139126,42.75102329526448
110700,0.06,0,0.43523176615074255,0.631578947368421,0.23783029001074113,0.28,0,0,0,50.03227522038434,25.01237985812991,42.75420570975759
110800,0.06,0,0.43529576155959665,0.631578947368421,0.24397422126745436,0.19,0,0,0,50.03409503544332,25.01101362952016,42.74636535472155
110900,0.06,0,0.4353403383760817,0.631578947368421,0.2416326530612245,0.23,0,0,0,50.02955743679043,25.010894095531413,42.745864954754495
111000,0.06,0,0.43523918368710546,0.631578947368421,0.24369495166487648,0.24,0,0,0,50.03696913371678,25.00981451458971,42.749466416990124
111100,0.06,0,0.43526797607508677,0.631578947368421,0.24190118152524168,0.22,0,0,0,50.04094429251253,25.01199160192523,42.74324288477201
111200,0.06,0,0.43534599625016873,0.631578947368421,0.2362513426423201,0.19,0,0,0,50.040550686809965,25.015003190560034,42.73591883637325
111300,0.06,0,0.43533939106705344,0.631578947368421,0.23831364124597207,0.24,0,0,0,50.04792379085018,25.015552801300373,42.73027125814936
111400,0.06,0,0.43536690189423616,0.631578947368421,0.23627282491944146,0.24,0,0,0,50.04134747548739,25.013547622725138,42.73318628922821
111500,0.06,0,0.43544475224139506,0.631578947368421,0.24088077336197636,0.24,0,0,0,50.03506755835817,25.014067160648445,42.730908796414646
111600,0.06,0,0.43542587793238946,0.631578947368421,0.23937701396348013,0.12,0,0,0,50.04174165224504,25.013967360950264,42.727061752417306
111700,0.06,0,0.4354242733851293,0.631578947368421,0.23856068743286787,0.2,0,0,0,50.04970475117436,25.014213749442956,42.72042113895609
111800,0.06,0,0.43543097024683913,0.631578947368421,0.23570354457572504,0.18,0,0,0,50.04571214424489,25.015045528732823,42.723172254062575
111900,0.06,0,0.43542408290295453,0.631578947368421,0.23732545649838882,0.26,0,0,0,50.04127135870748,25.01539008142738,42.72763944952901
112000,0.06,0,0.43548133574986314,0.631578947368421,0.23824919441460796,0.2,0,0,0,50.040554159131716,25.015312257053765,42.722634343107934
112100,0.06,0,0.43542660788395504,0.631578947368421,0.2384747583243824,0.22,0,0,0,50.05181701956591,25.01558813761798,42.718389235583686
112200,0.06,0,0.43543448456067185,0.631578947368421,0.24215896885069818,0.2,0,0,0,50.04459740092851,25.017653765615,42.72377909388563
112300,0.06,0,0.4353762490927885,0.631578947368421,0.2424919441460795,0.24,0,0,0,50.042358328554556,25.01647900794323,42.731405650426225
112400,0.06,0,0.43526481407655343,0.631578947368421,0.2370032223415682,0.2,0,0,0,50.05350852095037,25.01546957201031,42.732824081569625
112500,0.06,0,0.435267853405298,0.631578947368421,0.2410096670247046,0.24,0,0,0,50.06295811349972,25.01642068991545,42.724459749861936
112600,0.06,0,0.43512710432043217,0.631578947368421,0.242062298603652,0.3,0,0,0,50.075954384115185,25.01524407176732,42.72718777020401
112700,0.06,0,0.4351687726757351,0.631578947368421,0.24645542427497313,0.28,0,0,0,50.07269448473426,25.017115418299355,42.725877965206244
112800,0.06,0,0.4351027000894108,0.631578947368421,0.2424704618689581,0.19,0,0,0,50.07799386941546,25.015343311483175,42.7278440587844
112900,0.06,0,0.43508175976098173,0.631578947368421,0.24543501611170784,0.21,0,0,0,50.07791073407737,25.014819640971325,42.729971471292956
113000,0.06,0,0.43514963970852316,0.631578947368421,0.23944146079484424,0.2,0,0,0,50.06460960811788,25.016061162964302,42.73465662343539
113100,0.06,0,0.43522085497942714,0.631578947368421,0.24263157894736842,0.16,0,0,0,50.05502834672729,25.017199256409018,42.73584264061421
113200,0.06,0,0.43528700649344676,0.631578947368421,0.24109559613319012,0.24,0,0,0,50.058848988036466,25.016317581368956,42.72608674973355
113300,0.06,0,0.43538656592155817,0.631578947368421,0.24245972073039743,0.18,0,0,0,50.04597653590993,25.01505608101855,42.72730378825971
113400,0.06,0,0.4353899407021722,0.631578947368421,0.2427282491944146,0.29,0,0,0,50.02981914715093,25.01345904181075,42.74077149845592
113500,0.06,0,0.4353867051520144,0.631578947368421,0.2426530612244898,0.11,0,0,0,50.026585206858556,25.008672485108868,42.743852097453775
113600,0.06,0,0.43539165273905783,0.631578947368421,0.23970998925886144,0.17,0,0,0,50.02713308377207,25.007206853170985,42.7428982682677
113700,0.06,0,0.4353590759561,0.631578947368421,0.24474758324382384,0.18,0,0,0,50.02825988108379,25.012895575354353,42.74513382817186
113800,0.06,0,0.4353905306911324,0.631578947368421,0.2427389903329753,0.17,0,0,0,50.02856761046352,25.01289030037127,42.74178280181557
113900,0.06,0,0.43543689009593756,0.631578947368421,0.2421374865735768,0.23,0,0,0,50.02939573239937,25.013209891548758,42.73652482052534
114000,0.06,0,0.4353357531562153,0.631578947368421,0.23963480128893663,0.29,0,0,0,50.04696458416407,25.009196616298883,42.731447317198004
114100,0.06,0,0.4353608521443107,0.631578947368421,0.24658431793770139,0.15,0,0,0,50.04701305057885,25.008480221362355,42.728942427061654
114200,0.06,0,0.4353483042949931,0.631578947368421,0.24004296455424276,0.16,0,0,0,50.04559690568894,25.010429985115927,42.73138312393431
114300,0.06,0,0.4352790830426784,0.631578947368421,0.23295381310418906,0.21,0,0,0,50.0492876814808,25.010680315051424,42.73502694596293
114400,0.06,0,0.43535985258968846,0.631578947368421,0.23612244897959184,0.31,0,0,0,50.039985702570974,25.013452278592144,42.7350411675745
114500,0.06,0,0.4354030219617123,0.631578947368421,0.23984962406015037,0.35,0,0,0,50.034338751129894,25.00899145557909,42.73562673388167
114600,0.06,0,0.43539010282792917,0.631578947368421,0.2388077336197637,0.28,0,0,0,50.035658529556116,25.01154021897682,42.735767548116705
114700,0.06,0,0.4353722437768515,0.631578947368421,0.24296455424274974,0.18,0,0,0,50.035683443216094,25.013850288793282,42.73749929754063
114800,0.06,0,0.43529548859877315,0.631578947368421,0.2405800214822771,0.26,0,0,0,50.045754498269154,25.01353007540447,42.73643327356315
114900,0.06,0,0.43527315830202706,0.631578947368421,0.23980665950590763,0.22,0,0,0,50.043854911162256,25.013854453566502,42.74024802147725
115000,0.06,0,0.4353573726560903,0.631578947368421,0.241203007518797,0.19,0,0,0,50.04336670699332,25.014310306444113,42.73239734040981
115100,0.06,0,0.4353346791462151,0.631578947368421,0.24245972073039743,0.21,0,0,0,50.0345419803598,25.015404405823865,42.74216215313011
115200,0.06,0,0.43538121998994467,0.631578947368421,0.2383029001074114,0.14,0,0,0,50.03588436567216,25.016059397406252,42.736446570831
115300,0.06,0,0.4354870107354334,0.631578947368421,0.2418045112781955,0.17,0,0,0,50.03297037561316,25.015024302167063,42.7285532390014
115400,0.06,0,0.43559605736966617,0.631578947368421,0.23642320085929108,0.21,0,0,0,50.03180586605376,25.013017074725198,42.71885089491197
115500,0.06,0,0.43563505696680416,0.631578947368421,0.23818474758324382,0.15,0,0,0,50.03001957280464,25.012722320511692,42.716551667300116
115600,0.06,0,0.43560992676027,0.631578947368421,0.23967776584317937,0.19,0,0,0,50.037470700051756,25.012278172243253,42.712654643195556
115700,0.06,0,0.4355604462869591,0.631578947368421,0.24128893662728249,0.21,0,0,0,50.038765501970694,25.008074176396004,42.71640152265935
115800,0.06,0,0.4356643309600595,0.631578947368421,0.2339205155746509,0.22,0,0,0,50.036695493897625,25.005591225884444,42.70798249397344
115900,0.06,0,0.4355797279004359,0.631578947368421,0.23371643394199784,0.23,0,0,0,50.040715306103074,25.006956814361793,42.71284627147025
116000,0.06,0,0.4356418973273867,0.631578947368421,0.2427389903329753,0.34,0,0,0,50.03979830851714,25.0085400467156,42.70753343880279
116100,0.06,0,0.4356848411623598,0.631578947368421,0.24124597207303974,0.26,0,0,0,50.02672494033108,25.011914152355477,42.7144834767674
116200,0.06,0,0.43569528575588695,0.631578947368421,0.24109559613319012,0.15,0,0,0,50.0302818862189,25.013150940832595,42.710422764651
116300,0.06,0,0.4356784369328796,0.631578947368421,0.23732545649838882,0.26,0,0,0,50.030949619732624,25.011752722754213,42.711504435431934
116400,0.06,0,0.43562669412506466,0.631578947368421,0.2363265306122449,0.25,0,0,0,50.03466934726984,25.01378566820447,42.713401938029335
116500,0.06,0,0.43571330446045986,0.631578947368421,0.23353383458646618,0.21,0,0,0,50.0293669303943,25.01228401911118,42.70943756852464
116600,0.06,0,0.43559897921281443,0.631578947368421,0.23931256713211602,0.17,0,0,0,50.0294062164409,25.013995093026974,42.72061333871098
116700,0.06,0,0.4356009677780145,0.631578947368421,0.24321160042964554,0.15,0,0,0,50.03341478361165,25.014149691929934,42.71699564854836
116800,0.06,0,0.4355393167702376,0.631578947368421,0.24114930182599356,0.2,0,0,0,50.04018806665856,25.017021375416125,42.717259423106135
116900,0.06,0,0.4355582568973123,0.631578947368421,0.2464876476906552,0.24,0,0,0,50.03638419382787,25.017510167058838,42.71864919132789
117000,0.06,0,0.4354953670806758,0.631578947368421,0.2420515574650913,0.24,0,0,0,50.039748216670695,25.01616005531072,42.721945922716735
117100,0.06,0,0.43557688214539386,0.631578947368421,0.23678839957035447,0.17,0,0,0,50.03576413404892,25.01770021743223,42.717351904819104
117200,0.06,0,0.4355609656333657,0.631578947368421,0.24238453276047262,0.19,0,0,0,50.0397531542914,25.01851688912716,42.71550748150728
117300,0.06,0,0.4355621336306589,0.631578947368421,0.2418796992481203,0.15,0,0,0,50.04098738323082,25.01420643138008,42.714339388364
117400,0.06,0,0.4355742599252935,0.631578947368421,0.23511278195488722,0.16,0,0,0,50.039078944732545,25.016200620596184,42.71477926543817
117500,0.06,0,0.43564593073924857,0.631578947368421,0.23842105263157895,0.29,0,0,0,50.041587552413375,25.02034476311031,42.705611033034316
117600,0.06,0,0.4356392352884434,0.631578947368421,0.24047261009667026,0.26,0,0,0,50.0528190543262,25.020272873489127,42.69668439930021
117700,0.06,0,0.43562536200068847,0.631578947368421,0.23638023630504834,0.21,0,0,0,50.045707207152375,25.0199311035661,42.70411184598599
117800,0.06,0,0.43557077259122445,0.631578947368421,0.24064446831364125,0.28,0,0,0,50.05183468733013,25.02305266375261,42.70423527869722
117900,0.06,0,0.43560579437609176,0.631578947368421,0.237422126745435,0.23,0,0,0,50.04082210922988,25.020396882932655,42.710199194490244
118000,0.06,0,0.43562860709360207,0.631578947368421,0.2360687432867884,0.15,0,0,0,50.039581093353156,25.01890224119552,42.70902176108364
118100,0.06,0,0.43571426379230244,0.631578947368421,0.24070891514500536,0.13,0,0,0,50.037060104879664,25.017374716193462,42.702776991715425
118200,0.06,0,0.43570119981113076,0.631578947368421,0.23814178302900108,0.12,0,0,0,50.036057486192675,25.017917583960255,42.70491308421742
118300,0.06,0,0.4356563294571474,0.631578947368421,0.23988184747583244,0.15,0,0,0,50.040408226232636,25.018516800825818,42.705598128672094
118400,0.06,0,0.43566738690155765,0.631578947368421,0.23704618689581095,0.06,0,0,0,50.03783481236339,25.017730471807962,42.706710506264315
118500,0.06,0,0.4356263913318158,0.631578947368421,0.23776584317937702,0.19,0,0,0,50.04708045342221,25.018208085185403,42.70283918233113
118600,0.06,0,0.43569311912463177,0.631578947368421,0.23680988184747584,0.22,0,0,0,50.038363452938384,25.018077706438067,42.70373707239363
118700,0.06,0,0.43564747067846776,0.631578947368421,0.24023630504833512,0.31,0,0,0,50.03735468233386,25.014153537881516,42.70907271031879
118800,0.06,0,0.4356170842942196,0.631578947368421,0.23993555316863588,0.22,0,0,0,50.03556340206856,25.015832015580592,42.71358097082034
118900,0.06,0,0.4356418797026252,0.631578947368421,0.23336197636949516,0.13,0,0,0,50.03495446309742,25.015675396886003,42.71166965022027
119000,0.06,0,0.43559586844924975,0.631578947368421,0.24227712137486573,0.19,0,0,0,50.04382583259635,25.01846391502753,42.708608828279296
119100,0.06,0,0.43553288922348854,0.631578947368421,0.23609022556390977,0.27,0,0,0,50.04951601720561,25.019698947292586,42.70992831692915
119200,0.06,0,0.4356175457102348,0.631578947368421,0.2396455424274973,0.18,0,0,0,50.04500625066407,25.01998863834716,42.705476233159054
119300,0.06,0,0.4356767237735202,0.631578947368421,0.2354564983888292,0.22,0,0,0,50.04459740502746,25.020871349225573,42.70002437949167
119400,0.06,0,0.4357145815090084,0.631578947368421,0.23622986036519872,0.23,0,0,0,50.0496695185517,25.020834465441638,42.69198740906156
119500,0.06,0,0.4357265021019628,0.631578947368421,0.23227712137486572,0.21,0,0,0,50.047074458810926,25.021575481692942,42.69303306335044
119600,0.06,0,0.4356490835105578,0.631578947368421,0.2338560687432868,0.18,0,0,0,50.05107726363871,25.021359618226462,42.69720502632508
119700,0.06,0,0.4357070335202994,0.631578947368421,0.23532760472610095,0.23,0,0,0,50.05711185719364,25.02341844336765,42.68637956108911
119800,0.06,0,0.43563541966728847,0.631578947368421,0.23741138560687433,0.19,0,0,0,50.06645845951515,25.02644402441293,42.68542657985429
119900,0.06,0,0.4355927170902099,0.631578947368421,0.2378517722878625,0.26,0,0,0,50.07573834815568,25.025642925706485,42.68170005840679
120000,0.06,0,0.43564987200690997,0.631578947368421,0.24285714285714285,0.25,0,0,0,50.06217624103559,25.029106207594342,42.68766162955282
120100,0.06,0,0.4356469645974192,0.631578947368421,0.23644468313641245,0.18,0,0,0,50.05823589135528,25.027527929987738,42.691306712418616
120200,0.06,0,0.43558257437882225,0.631578947368421,0.2347046186895811,0.21,0,0,0,50.06499819397592,25.025489988630955,42.69185038975063
120300,0.06,0,0.4355976454147733,0.631578947368421,0.23601503759398496,0.13,0,0,0,50.05982453450906,25.02608686356427,42.69478534483274
120400,0.06,0,0.43553063391025,0.631578947368421,0.23526315789473684,0.19,0,0,0,50.05945745532576,25.02470226510555,42.701667562340916
120500,0.06,0,0.43550563558271593,0.631578947368421,0.24306122448979592,0.25,0,0,0,50.05898960215532,25.02544717096272,42.70451778214585
120600,0.06,0,0.43548001850607615,0.631578947368421,0.24369495166487648,0.29,0,0,0,50.05431093434679,25.026748825917856,42.711021775964596
120700,0.06,0,0.43550079924307716,0.631578947368421,0.23845327604726102,0.28,0,0,0,50.05484516189297,25.025457589233028,42.70852791318259
120800,0.06,0,0.43543389211858846,0.631578947368421,0.2351342642320086,0.27,0,0,0,50.05090634872273,25.023790714360572,42.71845185676432
120900,0.06,0,0.4354479938258591,0.631578947368421,0.23371643394199784,0.32,0,0,0,50.05703891386431,25.0212413537228,42.71183511275372
121000,0.06,0,0.4355500729939069,0.631578947368421,0.23494092373791622,0.16,0,0,0,50.049465575069725,25.01733505184332,42.70828632413136
121100,0.06,0,0.4355575473160791,0.631578947368421,0.23970998925886144,0.17,0,0,0,50.044922361001056,25.018034755868314,42.71143054254829
121200,0.06,0,0.43549646866873803,0.631578947368421,0.23654135338345864,0.28,0,0,0,50.05349444700057,25.017002304062945,42.71010512583339
121300,0.06,0,0.435489278979916,0.631578947368421,0.23475832438238453,0.21,0,0,0,50.04911201035517,25.01553236284946,42.71455012115632
121400,0.06,0,0.43540471550846177,0.631578947368421,0.23599355531686358,0.18,0,0,0,50.0501327058482,25.01395775075161,42.72197479267139
121500,0.06,0,0.43537517876013915,0.631578947368421,0.23845327604726102,0.25,0,0,0,50.064328334436496,25.016873115017965,42.712758596937505
121600,0.06,0,0.4352956663226625,0.631578947368421,0.24106337271750805,0.25,0,0,0,50.0598116892014,25.01707690666979,42.72441510152782
121700,0.06,0,0.4353174061425563,0.631578947368421,0.2437701396348013,0.24,0,0,0,50.04944175095146,25.01597125438121,42.73113323294457
121800,0.06,0,0.4353563744608898,0.631578947368421,0.24177228786251342,0.21,0,0,0,50.0423143424512,25.015459363892884,42.733393960990156
121900,0.06,0,0.43543129646643036,0.631578947368421,0.240515574650913,0.19,0,0,0,50.039234809437616,25.016201137717285,42.72867054846604
122000,0.06,0,0.43550291811664155,0.631578947368421,0.24108485499462942,0.16,0,0,0,50.03258098147002,25.01463393726065,42.727325052209856
122100,0.06,0,0.4355319010440057,0.631578947368421,0.24139634801288937,0.1,0,0,0,50.032922623624245,25.015579840007558,42.72418997994582
122200,0.06,0,0.4355063137581966,0.631578947368421,0.23955961331901182,0.25,0,0,0,50.04177573333597,25.013728871539236,42.719141184993894
122300,0.06,0,0.43564977927317744,0.631578947368421,0.23936627282491943,0.21,0,0,0,50.02721723641624,25.013353169120965,42.71750084785807
122400,0.06,0,0.43560259512302746,0.631578947368421,0.23672395273899033,0.19,0,0,0,50.02970768962773,25.009495020004547,42.720001290241306
122500,0.06,0,0.4355713890007369,0.631578947368421,0.23720730397422127,0.25,0,0,0,50.03127233572416,25.011566722309627,42.721725832709666
122600,0.06,0,0.4355819448220163,0.631578947368421,0.2383029001074114,0.17,0,0,0,50.028626801846364,25.012285770001778,42.7229496086978
122700,0.06,0,0.43565332057615985,0.631578947368421,0.23704618689581095,0.24,0,0,0,50.02622915070446,25.010479105064228,42.71799733092121
122800,0.06,0,0.43554303018279233,0.631578947368421,0.23796992481203008,0.14,0,0,0,50.0399381596565,25.009101271633973,42.717108553052434
122900,0.06,0,0.4355494100642027,0.631578947368421,0.2410204081632653,0.22,0,0,0,50.03286115179398,25.01066808829393,42.722524964065165
123000,0.06,0,0.43559113599872895,0.631578947368421,0.23592910848549947,0.23,0,0,0,50.03369798959244,25.009788139733082,42.71771802225966
123100,0.06,0,0.4356240659869366,0.631578947368421,0.23396348012889367,0.29,0,0,0,50.03891559375734,25.00878277147146,42.71003499631351
123200,0.06,0,0.43564879722276917,0.631578947368421,0.2373684210526316,0.18,0,0,0,50.03718673943871,25.008660828820148,42.70908600846635
123300,0.06,0,0.43579124192516955,0.631578947368421,0.24062298603651988,0.2,0,0,0,50.02844186573944,25.005656788978357,42.7025889472829
123400,0.06,0,0.4357004431798918,0.631578947368421,0.23506981740064448,0.25,0,0,0,50.029154792337046,25.006370763024215,42.710879398337674
123500,0.06,0,0.43565315802205334,0.631578947368421,0.23895810955961333,0.17,0,0,0,50.03412167949097,25.00636445892323,42.71127480573989
123600,0.06,0,0.43562847604122845,0.631578947368421,0.23580021482277122,0.16,0,0,0,50.02519677276764,25.00592736003053,42.72131522973458
123700,0.06,0,0.4356208873349213,0.631578947368421,0.24021482277121375,0.23,0,0,0,50.030015174374654,25.006056763790113,42.71794488291595
123800,0.06,0,0.43555216556617404,0.631578947368421,0.23970998925886144,0.18,0,0,0,50.03505788982149,25.006567497751544,42.720379004971306
123900,0.06,0,0.43557055602571987,0.631578947368421,0.2372610096670247,0.23,0,0,0,50.03404972735368,25.005469688352715,42.719436043904295
124000,0.06,0,0.43563824866069945,0.631578947368421,0.23860365198711064,0.25,0,0,0,50.037957017397694,25.00335507919933,42.7094626938236
124100,0.06,0,0.43559914724730076,0.631578947368421,0.24190118152524168,0.29,0,0,0,50.0427792665819,25.003794519890416,42.70918053299104
124200,0.06,0,0.43568743270642274,0.631578947368421,0.23523093447905477,0.26,0,0,0,50.04231999395099,25.001882774791177,42.70091805641085
124300,0.06,0,0.4357326371418134,0.631578947368421,0.23622986036519872,0.22,0,0,0,50.041516724853395,25.002406780997344,42.69717347938291
124400,0.06,0,0.43574553693810597,0.631578947368421,0.237422126745435,0.12,0,0,0,50.04611751504329,25.003547457728004,42.69198439555604
124500,0.06,0,0.43559687363732746,0.631578947368421,0.23585392051557466,0.26,0,0,0,50.053572969385094,25.00286715473844,42.70019347071237
124600,0.06,0,0.43565761631400984,0.631578947368421,0.2365735767991407,0.23,0,0,0,50.046450727272365,25.003071308973276,42.700315816736186
124700,0.06,0,0.43574834743338386,0.631578947368421,0.22964554242749732,0.24,0,0,0,50.044706707548414,25.005050788191568,42.69291255980148
124800,0.06,0,0.43572703097939214,0.631578947368421,0.23469387755102042,0.22,0,0,0,50.03896830366638,25.004494775724545,42.69989737172976
124900,0.06,0,0.43574071224535726,0.631578947368421,0.23476906552094523,0.22,0,0,0,50.03695806767807,25.00150961745843,42.70027210773866
125000,0.06,0,0.4357863249333014,0.631578947368421,0.23576799140708915,0.17,0,0,0,50.04021471155771,25.00207322307056,42.69302410914471
125100,0.06,0,0.4358272875456435,0.631578947368421,0.23300751879699247,0.32,0,0,0,50.041524485720394,25.00128321520486,42.68789413827551
125200,0.06,0,0.43595848974586554,0.631578947368421,0.23465091299677765,0.2,0,0,0,50.02973668603364,25.001504727808552,42.68510208644146
125300,0.06,0,0.4358712451701892,0.631578947368421,0.23808807733619763,0.15,0,0,0,50.03679303041606,25.00295774916046,42.68762520306548
125400,0.06,0,0.4358675738060237,0.631578947368421,0.23261009667024704,0.29,0,0,0,50.03417103893431,25.004881254337754,42.690221787806664
125500,0.06,0,0.4358084204750132,0.631578947368421,0.23584317937701396,0.17,0,0,0,50.03471697316917,25.00558719524704,42.6955503739922
125600,0.06,0,0.4357157581721622,0.631578947368421,0.24038668098818475,0.28,0,0,0,50.04378574576003,25.00481650995861,42.69689150805764
125700,0.06,0,0.4356329807392366,0.631578947368421,0.24479054779806658,0.27,0,0,0,50.05227105074454,25.004739801689958,42.69776488864532
125800,0.06,0,0.43573913407543097,0.631578947368421,0.23560687432867883,0.31,0,0,0,50.04302717773977,25.004359483317035,42.69524814518757
125900,0.06,0,0.43567040625038106,0.631578947368421,0.2392266380236305,0.2,0,0,0,50.05448051225105,25.002816302340282,42.69221244532059
126000,0.06,0,0.4355984106466925,0.631578947368421,0.24152524167561762,0.2,0,0,0,50.06457761919133,25.004111644797074,42.69065694501527
126100,0.06,0,0.4355096237673617,0.631578947368421,0.2385499462943072,0.24,0,0,0,50.071934055019824,25.003515666606617,42.69308696657765
126200,0.06,0,0.43556767427685655,0.631578947368421,0.23731471535982815,0.26,0,0,0,50.0554521217513,25.003363613956257,42.701452851166174
126300,0.06,0,0.43565700550366904,0.631578947368421,0.23997851772287862,0.17,0,0,0,50.047824836134865,25.00705639486094,42.69920330654512
126400,0.06,0,0.4357295796801307,0.631578947368421,0.23524167561761547,0.28,0,0,0,50.044149903707996,25.004577053498878,42.69522646237158
126500,0.06,0,0.43575706134311243,0.631578947368421,0.23480128893662727,0.18,0,0,0,50.03606122522346,25.004310089863466,42.69943537085685
126600,0.06,0,0.43575692055305054,0.631578947368421,0.23600429645542428,0.18,0,0,0,50.026790681323085,25.002380089975027,42.70736186937709
126700,0.06,0,0.43580002801208945,0.631578947368421,0.23526315789473684,0.22,0,0,0,50.0190376028679,25.000747976131613,42.70975653661339
126800,0.06,0,0.4358211787877159,0.631578947368421,0.23523093447905477,0.23,0,0,0,50.018794207898445,25.003433752198568,42.707891614087075
126900,0.06,0,0.43580469060207133,0.631578947368421,0.23626208378088076,0.16,0,0,0,50.01323954387699,25.00371433031293,42.714250902908255
127000,0.06,0,0.43583812144634654,0.631578947368421,0.23508055853920515,0.27,0,0,0,50.009681121349786,25.000310685409968,42.71401360338126
127100,0.06,0,0.4358126246993301,0.631578947368421,0.2371750805585392,0.21,0,0,0,50.004897219208345,25.00111000581518,42.720599172678135
127200,0.06,0,0.435899921456751,0.631578947368421,0.2354027926960258,0.24,0,0,0,50.00710821215557,25.000290631901798,42.71015515635888
127300,0.06,0,0.4357926644608055,0.631578947368421,0.23899033297529537,0.27,0,0,0,50.013596933997285,24.99914586991635,42.71512440760756
127400,0.06,0,0.4358152744530811,0.631578947368421,0.23526315789473684,0.21,0,0,0,50.013321038377164,24.998696485400874,42.71314398047434
127500,0.06,0,0.4358485287671706,0.631578947368421,0.23967776584317937,0.2,0,0,0,50.00366562837924,24.998111803286093,42.7181320830104
127600,0.06,0,0.43587517702056344,0.631578947368421,0.23570354457572504,0.16,0,0,0,50.005754976782555,25.00149257272234,42.7137356629405
127700,0.06,0,0.43591454637339333,0.631578947368421,0.23236305048335124,0.15,0,0,0,50.00214720346721,24.99978390596157,42.71295961712981
127800,0.06,0,0.43587018915642467,0.631578947368421,0.23451127819548873,0.17,0,0,0,50.003790381037746,25.000891047516646,42.71590265242237
127900,0.06,0,0.43589909164651275,0.631578947368421,0.23484425349087004,0.19,0,0,0,50.00774810497613,25.00244312117048,42.709689947832466
128000,0.06,0,0.4358161664065838,0.631578947368421,0.23340494092373792,0.19,0,0,0,50.00807772655147,25.00333574540036,42.71753499654483
128100,0.06,0,0.4357356371978455,0.631578947368421,0.2353813104189044,0.27,0,0,0,50.01557725535408,25.00538085912791,42.71902329704396
128200,0.06,0,0.4357299899687939,0.631578947368421,0.23754027926960258,0.29,0,0,0,50.00749140990328,25.003709611734124,42.72648439510347
128300,0.06,0,0.43569506338217145,0.631578947368421,0.23386680988184746,0.22,0,0,0,50.0134740906848,25.0040194733667,42.72479806393682
128400,0.06,0,0.43563072550996795,0.631578947368421,0.2383029001074114,0.21,0,0,0,50.01431678225913,25.0068015541197,42.730388070485674
128500,0.06,0,0.4355261429250998,0.631578947368421,0.23740064446831363,0.26,0,0,0,50.028894855218,25.007142025285976,42.72819455973533
128600,0.06,0,0.4355213237775243,0.631578947368421,0.23993555316863588,0.23,0,0,0,50.027948987885694,25.009259259241194,42.729475218857864
128700,0.06,0,0.43545875144657903,0.631578947368421,0.24372717508055855,0.27,0,0,0,50.03737673450646,25.01246696922182,42.72756314919787
128800,0.06,0,0.43539088470519965,0.631578947368421,0.2449516648764769,0.27,0,0,0,50.03102802821167,25.01389844269388,42.73964610196947
128900,0.06,0,0.43534131717729985,0.631578947368421,0.24134264232008593,0.15,0,0,0,50.035782884967716,25.01352707066944,42.740450421731936
129000,0.06,0,0.435395043377624,0.631578947368421,0.23705692803437164,0.27,0,0,0,50.03232221476844,25.009891679853418,42.73813233829239
129100,0.06,0,0.43525316464538955,0.631578947368421,0.23764769065520946,0.28,0,0,0,50.03106924884249,25.006430103279637,42.75313428672767
129200,0.06,0,0.4352994258937781,0.631578947368421,0.24816326530612245,0.16,0,0,0,50.03245309835167,25.00754043652453,42.747408331953096
129300,0.06,0,0.4353527626016729,0.631578947368421,0.24321160042964554,0.22,0,0,0,50.03893363527716,25.011334707522494,42.736635651829495
129400,0.06,0,0.43535118012671953,0.631578947368421,0.237937701396348,0.17,0,0,0,50.03108972297761,25.00969250305089,42.743491303487566
129500,0.06,0,0.43538365421881425,0.631578947368421,0.24663802363050483,0.23,0,0,0,50.02058211879939,25.0085590723755,42.749281449724286
129600,0.06,0,0.4354315246794729,0.631578947368421,0.24296455424274974,0.14,0,0,0,50.018582926593226,25.004060159843696,42.74629013795977
129700,0.06,0,0.4354814377245442,0.631578947368421,0.2404296455424275,0.19,0,0,0,50.01256773989405,25.00323466767972,42.74653139530591
129800,0.06,0,0.4355843516091776,0.631578947368421,0.23612244897959184,0.19,0,0,0,50.01844432404307,25.00259077177292,42.731410799740026
129900,0.06,0,0.43570073735187204,0.631578947368421,0.23859291084854994,0.31,0,0,0,50.01840986262184,25.004769524933625,42.720025684733606
130000,0.06,0,0.43571716168188585,0.631578947368421,0.2411922663802363,0.22,0,0,0,50.01593868822616,25.0032053583165,42.72052597642417
130100,0.06,0,0.4357000669254179,0.631578947368421,0.2390547798066595,0.16,0,0,0,50.01956783964873,25.002036210321194,42.71910242884364
130200,0.06,0,0.4357103807150027,0.631578947368421,0.2415359828141783,0.29,0,0,0,50.00990709082542,25.001802215194704,42.72634335612314
130300,0.06,0,0.4356360644906698,0.631578947368421,0.23386680988184746,0.21,0,0,0,50.01560624578187,25.004223685628656,42.72876275582191
130400,0.06,0,0.43556393933335863,0.631578947368421,0.24099892588614394,0.27,0,0,0,50.02008614265537,25.000246640394526,42.73201071850505
130500,0.06,0,0.4355172918972151,0.631578947368421,0.23740064446831363,0.32,0,0,0,50.02667563936923,25.001209850331076,42.730958414816
130600,0.06,0,0.4354512261233699,0.631578947368421,0.2415359828141783,0.19,0,0,0,50.03014429587455,25.002702088876465,42.734478425155274
130700,0.06,0,0.43543526871591015,0.631578947368421,0.2343501611170784,0.23,0,0,0,50.02515393141647,25.00326756858915,42.74030774069789
130800,0.06,0,0.4354278588493001,0.631578947368421,0.24235230934479055,0.24,0,0,0,50.02264821885204,25.005140581185945,42.74317603642773
130900,0.06,0,0.43528759689041147,0.631578947368421,0.2444468313641246,0.17,0,0,0,50.038146491994304,25.00489371758926,42.743706021094255
131000,0.06,0,0.43518825708618475,0.631578947368421,0.238968850698174,0.19,0,0,0,50.05825475367811,25.00224975430821,42.73628911886559
131100,0.06,0,0.43525396427153507,0.631578947368421,0.23671321160042966,0.22,0,0,0,50.052207567426606,25.00130798611238,42.7350000415035
131200,0.06,0,0.435281652664952,0.631578947368421,0.24142857142857144,0.17,0,0,0,50.058203691378786,25.000988146892272,42.72716305291421
131300,0.06,0,0.435223060390984,0.631578947368421,0.24970998925886143,0.17,0,0,0,50.0554805658043,25.002399918056884,42.735239995815824
131400,0.06,0,0.4352241024005618,0.631578947368421,0.24651987110633727,0.21,0,0,0,50.06209706011281,25.00380462877799,42.72948955822379
131500,0.06,0,0.4351628735180217,0.631578947368421,0.24327604726100965,0.19,0,0,0,50.07707598314338,25.003517012692356,42.72271881069108
131600,0.06,0,0.43519142398900346,0.631578947368421,0.2452953813104189,0.16,0,0,0,50.06955000713459,25.00422259121752,42.72633726178368
131700,0.06,0,0.4352155182593015,0.631578947368421,0.2419656283566058,0.25,0,0,0,50.06255135529947,25.005895042109064,42.729944591214256
131800,0.06,0,0.43537936407379957,0.631578947368421,0.2417937701396348,0.28,0,0,0,50.0472048493882,25.006169240001224,42.72696188614687
131900,0.06,0,0.4354848147836249,0.631578947368421,0.24300751879699248,0.26,0,0,0,50.043133218031464,25.00625044674422,42.72009127050556
132000,0.06,0,0.4355209298514894,0.631578947368421,0.24107411385606875,0.18,0,0,0,50.03888644072917,25.006654614091385,42.720174090363315
132100,0.06,0,0.43540992823076985,0.631578947368421,0.23912996777658432,0.18,0,0,0,50.03202278826411,25.00545644784831,42.73692706547109
132200,0.06,0,0.43535362243121944,0.631578947368421,0.24355531686358753,0.27,0,0,0,50.03370721799935,25.004742841562546,42.741015417871644
132300,0.06,0,0.43540955608258625,0.631578947368421,0.24109559613319012,0.2,0,0,0,50.037405038124845,25.003972628142236,42.73236661175783
132400,0.06,0,0.43543789223028445,0.631578947368421,0.23713211600429646,0.22,0,0,0,50.032141843321334,25.002243855769635,42.73408079349601
132500,0.06,0,0.4352442059866095,0.631578947368421,0.24219119226638022,0.2,0,0,0,50.043908535759336,25.004091567821956,42.743045288692585
132600,0.06,0,0.43526093582758335,0.631578947368421,0.2435123523093448,0.27,0,0,0,50.04214491298102,25.00515110887844,42.74290872665098
132700,0.06,0,0.4352888019959303,0.631578947368421,0.2418045112781955,0.26,0,0,0,50.034247643455224,25.00496165944065,42.746918418404455
132800,0.06,0,0.4352710224187231,0.631578947368421,0.24078410311493018,0.19,0,0,0,50.04515107289447,25.00705902605516,42.73935077740263
132900,0.06,0,0.43529965120095554,0.631578947368421,0.24132116004296456,0.21,0,0,0,50.04251087733518,25.005682855406118,42.73879463573201
133000,0.06,0,0.43531850807278766,0.631578947368421,0.24138560687432867,0.22,0,0,0,50.05173099313383,25.002858821133117,42.72907065556455
133100,0.06,0,0.4353611520996515,0.631578947368421,0.24097744360902257,0.2,0,0,0,50.055230743671274,25.00254205382903,42.72189807456909
133200,0.06,0,0.4354049456658661,0.631578947368421,0.2447690655209452,0.24,0,0,0,50.05064673641269,25.002948579139662,42.72151344625934
133300,0.06,0,0.4354898540408907,0.631578947368421,0.24038668098818475,0.32,0,0,0,50.046715018209056,25.000529298546308,42.71653953163803
133400,0.06,0,0.4354888349426111,0.631578947368421,0.24264232008592912,0.18,0,0,0,50.04680885735126,25.00286046595612,42.716559398803966
133500,0.06,0,0.4355492071483479,0.631578947368421,0.2395810955961332,0.16,0,0,0,50.04832736422164,25.00094857881845,42.709342509466055
133600,0.06,0,0.4355218911811168,0.631578947368421,0.24238453276047262,0.23,0,0,0,50.04276487220129,25.00336670266415,42.71676888768183
133700,0.06,0,0.4355664884823619,0.631578947368421,0.2427389903329753,0.28,0,0,0,50.04894804448222,25.011602084386485,42.70711835601061
133800,0.06,0,0.43560899987628826,0.631578947368421,0.24373791621911922,0.21,0,0,0,50.0557271444806,25.011735252915248,42.69716723208201
133900,0.06,0,0.43571861266851225,0.631578947368421,0.24207303974221267,0.18,0,0,0,50.04738873253719,25.011019507227452,42.693537997266944
134000,0.06,0,0.43568302970497186,0.631578947368421,0.2336627282491944,0.14,0,0,0,50.052895839236044,25.013147441993706,42.69232707851886
134100,0.06,0,0.43571132196600637,0.631578947368421,0.2371858216970999,0.23,0,0,0,50.05284871247682,25.012329739864125,42.68959511023093
134200,0.06,0,0.4356046595979807,0.631578947368421,0.23918367346938776,0.31,0,0,0,50.06782164121109,25.013118753560732,42.68727853070068
134300,0.06,0,0.435660772040647,0.631578947368421,0.23888292158968852,0.26,0,0,0,50.06595940322946,25.009030684263205,42.683368052702285
134400,0.06,0,0.43571745092557534,0.631578947368421,0.23722878625134264,0.3,0,0,0,50.06622061938749,25.009594970794645,42.677593058044984
134500,0.06,0,0.435668733044725,0.631578947368421,0.24066595059076262,0.13,0,0,0,50.07044590374278,25.0107778312938,42.67876357601355
134600,0.06,0,0.4356485930961774,0.631578947368421,0.23766917293233084,0.23,0,0,0,50.06224878861472,25.012361297249036,42.68772508458614
134700,0.06,0,0.43556780130419315,0.631578947368421,0.23728249194414608,0.18,0,0,0,50.074554949491386,25.013070800277664,42.68515032278793
134800,0.06,0,0.4356139775103334,0.631578947368421,0.23622986036519872,0.13,0,0,0,50.078236933859806,25.012504288517857,42.6774875090099
134900,0.06,0,0.4356180432827215,0.631578947368421,0.23941997851772287,0.18,0,0,0,50.08393982626509,25.011946013534565,42.6722296865567
135000,0.06,0,0.4356606544156552,0.631578947368421,0.2339205155746509,0.21,0,0,0,50.06986822302963,25.01147814859377,42.680047400360515
135100,0.06,0,0.4356585536390517,0.631578947368421,0.24006444683136413,0.2,0,0,0,50.075043953031944,25.011583160752217,42.67584179824158
135200,0.06,0,0.43568301985230057,0.631578947368421,0.2358861439312567,0.26,0,0,0,50.067658516738184,25.012733101336178,42.67974001630746
135300,0.06,0,0.43569478475152124,0.631578947368421,0.23759398496240602,0.17,0,0,0,50.06481678532492,25.01572911019038,42.68101003296122
135400,0.06,0,0.4357617680258953,0.631578947368421,0.23868958109559613,0.29,0,0,0,50.05546780639171,25.01619781670184,42.68241971493007
135500,0.06,0,0.43570720653460815,0.631578947368421,0.23394199785177228,0.28,0,0,0,50.06822162939867,25.019516934165047,42.67689081914376
135600,0.06,0,0.4357403517436275,0.631578947368421,0.23548872180451128,0.21,0,0,0,50.0629370429808,25.01776863137133,42.678149121948486
135700,0.06,0,0.4357083834456273,0.631578947368421,0.2365735767991407,0.21,0,0,0,50.06373523414769,25.019431565576546,42.68059996537568
135800,0.06,0,0.43567736023729065,0.631578947368421,0.23328678839957034,0.27,0,0,0,50.063782165930114,25.018895987423225,42.683599102710936
135900,0.06,0,0.43576535214618817,0.631578947368421,0.23814178302900108,0.23,0,0,0,50.04972579692672,25.01811298422114,42.68696540385011
136000,0.06,0,0.4358492640434982,0.631578947368421,0.2347905477980666,0.27,0,0,0,50.04362877512794,25.019318563951117,42.68394682196968
136100,0.06,0,0.43580503913975804,0.631578947368421,0.2358109559613319,0.11,0,0,0,50.038144480639524,25.018179912107108,42.69295706338216
136200,0.06,0,0.4357173750494421,0.631578947368421,0.23278195488721803,0.16,0,0,0,50.05042133729908,25.018137254821266,42.6910724134833
136300,0.06,0,0.4357794875602639,0.631578947368421,0.2329967776584318,0.26,0,0,0,50.04386925897774,25.01999353517067,42.69057617491297
136400,0.06,0,0.4357896181295714,0.631578947368421,0.23524167561761547,0.22,0,0,0,50.04415221131087,25.021226186313974,42.689342400603444
136500,0.06,0,0.435822285658745,0.631578947368421,0.2294092373791622,0.14,0,0,0,50.04734879165355,25.019211330675265,42.683416163091934
136600,0.06,0,0.4357632945835278,0.631578947368421,0.23122448979591836,0.28,0,0,0,50.04808761149991,25.022465007294286,42.68856420685888
136700,0.06,0,0.4357590766675946,0.631578947368421,0.23465091299677765,0.21,0,0,0,50.0523028138613,25.02269110534484,42.68538231654164
136800,0.06,0,0.43576798204713024,0.631578947368421,0.2350268528464017,0.14,0,0,0,50.04985373464033,25.024814527806612,42.68659866798182
136900,0.06,0,0.43567850668905533,0.631578947368421,0.23430719656283566,0.17,0,0,0,50.05316160735811,25.022642688032555,42.69254360429585
137000,0.06,0,0.43577293563804764,0.631578947368421,0.23498388829215897,0.27,0,0,0,50.042600512491646,25.02029683857066,42.69230039965551
137100,0.06,0,0.43580827206693024,0.631578947368421,0.23577873254564985,0.25,0,0,0,50.048347952195826,25.023210778585604,42.68393651052449
137200,0.06,0,0.4358886913845161,0.631578947368421,0.23444683136412459,0.18,0,0,0,50.047126705431545,25.023468695484517,42.67710291288704
137300,0.06,0,0.4358696556649509,0.631578947368421,0.2324919441460795,0.21,0,0,0,50.048832729689195,25.024240682183073,42.67751194223697
137400,0.06,0,0.4358401906870835,0.631578947368421,0.23464017185821698,0.21,0,0,0,50.053645493665506,25.024656336111587,42.67629334506607
137500,0.06,0,0.43586861738370886,0.631578947368421,0.2338453276047261,0.15,0,0,0,50.05176130311094,25.021829074533443,42.67511649877245
137600,0.06,0,0.43582514164157216,0.631578947368421,0.23437164339419977,0.26,0,0,0,50.06158411754211,25.01912464909348,42.67099923869007
137700,0.06,0,0.43594888425707534,0.631578947368421,0.23019334049409237,0.24,0,0,0,50.05049404678374,25.01823378132251,42.66833947586078
137800,0.06,0,0.43595070260605734,0.631578947368421,0.23491944146079485,0.22,0,0,0,50.053634567201456,25.018723024443677,42.66548437344307
137900,0.06,0,0.4359960522963254,0.631578947368421,0.23562835660580023,0.29,0,0,0,50.047156298644175,25.020218850369293,42.66656875227087
138000,0.06,0,0.4358919598827361,0.631578947368421,0.2336842105263158,0.27,0,0,0,50.052204301528604,25.017621254448017,42.672453513244854
138100,0.06,0,0.4359128212049077,0.631578947368421,0.2329108485499463,0.22,0,0,0,50.051462079137444,25.021162388664532,42.67104412050029
138200,0.06,0,0.4358783288050745,0.631578947368421,0.23457572502685284,0.27,0,0,0,50.06312187528472,25.01867108296973,42.66448185851484
138300,0.06,0,0.4359257721445711,0.631578947368421,0.23175080558539204,0.18,0,0,0,50.065608482620036,25.01869656292538,42.65771974731379
138400,0.06,0,0.4358492406945925,0.631578947368421,0.2366809881847476,0.23,0,0,0,50.05602776151073,25.017849239641585,42.67337620204446
138500,0.06,0,0.435860598446445,0.631578947368421,0.2369280343716434,0.23,0,0,0,50.04646237543567,25.01976476762698,42.680420164508035
138600,0.06,0,0.4358729809921127,0.631578947368421,0.23554242749731472,0.21,0,0,0,50.041395547414645,25.020229226852102,42.68352905946708
138700,0.06,0,0.43586178884411597,0.631578947368421,0.23404940923737916,0.17,0,0,0,50.04148573631267,25.018917839829804,42.684548166084014
138800,0.06,0,0.4357985453825465,0.631578947368421,0.23404940923737916,0.22,0,0,0,50.04626974519817,25.01603433380865,42.686661703196215
138900,0.06,0,0.43576939172943707,0.631578947368421,0.23519871106337273,0.23,0,0,0,50.04947084159999,25.019046355143743,42.68678714380363
139000,0.06,0,0.4358116931291096,0.631578947368421,0.23541353383458646,0.29,0,0,0,50.05569805110177,25.018600505436698,42.67733385546848
139100,0.06,0,0.4358178948514134,0.631578947368421,0.23132116004296455,0.21,0,0,0,50.05405175111477,25.016589051383402,42.67813021019717
139200,0.06,0,0.4359025814672296,0.631578947368421,0.23053705692803436,0.19,0,0,0,50.04967422499302,25.01435529958659,42.67357081463847
139300,0.06,0,0.43583453376872805,0.631578947368421,0.22901181525241676,0.14,0,0,0,50.04700947824844,25.016812929777355,42.68250602642643
139400,0.06,0,0.4357989253040395,0.631578947368421,0.232062298603652,0.21,0,0,0,50.04770355592573,25.014744752942526,42.68540156570331
139500,0.06,0,0.4358246423674379,0.631578947368421,0.23262083780880774,0.22,0,0,0,50.05321758251041,25.014960859087886,42.678180706743575
139600,0.06,0,0.4358475860678063,0.631578947368421,0.23595059076262084,0.14,0,0,0,50.052733453476115,25.016223947247397,42.67634683821984
139700,0.06,0,0.4359525307447886,0.631578947368421,0.23425349087003222,0.28,0,0,0,50.04549274740586,25.017260100176248,42.672246607627294
139800,0.06,0,0.43596014920826487,0.631578947368421,0.23200859291084855,0.19,0,0,0,50.04528659508769,25.013261689283734,42.671676681627254
139900,0.06,0,0.43602775282420747,0.631578947368421,0.23336197636949516,0.19,0,0,0,50.03063124159509,25.013649225095566,42.67755845603443
140000,0.06,0,0.436049952898752,0.631578947368421,0.23215896885069817,0.12,0,0,0,50.03518658558346,25.012859231500503,42.67150037899877
140100,0.06,0,0.43587382535625935,0.631578947368421,0.2379269602577873,0.25,0,0,0,50.04676644888697,25.01101777063973,42.67886568672538
140200,0.06,0,0.4359141010502411,0.631578947368421,0.23259935553168637,0.2,0,0,0,50.03412752499015,25.010431905631854,42.68570237471676
140300,0.06,0,0.4359343058593863,0.631578947368421,0.23241675617615468,0.16,0,0,0,50.034626218943316,25.010412388438947,42.68329853776984
140400,0.06,0,0.4360234690041206,0.631578947368421,0.2337593984962406,0.3,0,0,0,50.02472453985002,25.0119106582759,42.68301698209153
140500,0.06,0,0.4360456250457009,0.631578947368421,0.2364124597207304,0.15,0,0,0,50.03045748310659,25.01300224813142,42.67595744443819
140600,0.06,0,0.43592758576204127,0.631578947368421,0.22988184747583243,0.31,0,0,0,50.039189227627666,25.01139187834835,42.68006423304103
140700,0.06,0,0.4358789944956079,0.631578947368421,0.23331901181525241,0.19,0,0,0,50.0409118428135,25.012037645320316,42.68335276715609
140800,0.06,0,0.4360008465664741,0.631578947368421,0.2327389903329753,0.19,0,0,0,50.03283480765066,25.014258112939896,42.67831241331349
140900,0.06,0,0.4359240213441047,0.631578947368421,0.2345327604726101,0.19,0,0,0,50.04119787938721,25.012170236015695,42.678700024779545
141000,0.06,0,0.43587948103719987,0.631578947368421,0.2353813104189044,0.23,0,0,0,50.03484623331041,25.009652472884632,42.688479521790185
141100,0.06,0,0.43584639101773726,0.631578947368421,0.2341783029001074,0.3,0,0,0,50.0447099444177,25.012666218173877,42.68330603438914
141200,0.06,0,0.43588966995117884,0.631578947368421,0.23758324382384532,0.12,0,0,0,50.041503969636345,25.011734567460376,42.68180235361482
141300,0.06,0,0.4359490808335071,0.631578947368421,0.2335016111707841,0.27,0,0,0,50.02815407911275,25.011371209424304,42.68737368526887
141400,0.06,0,0.4360140077984368,0.631578947368421,0.23557465091299679,0.21,0,0,0,50.02463560275819,25.010633017346013,42.68401906068515
141500,0.06,0,0.43604623910804524,0.631578947368421,0.23383458646616542,0.09,0,0,0,50.02249410439245,25.01053300512975,42.682691176226896
141600,0.06,0,0.4360106788571443,0.631578947368421,0.230859291084855,0.28,0,0,0,50.021396512593796,25.00607734207571,42.687108939192115
141700,0.06,0,0.43602248460840504,0.631578947368421,0.23557465091299679,0.35,0,0,0,50.01840657751604,25.006940563601486,42.6885047676361
141800,0.06,0,0.4361487805977945,0.631578947368421,0.23098818474758323,0.17,0,0,0,50.02176587233816,25.00838490219011,42.673277432095276
141900,0.06,0,0.43619239541936383,0.631578947368421,0.2317078410311493,0.18,0,0,0,50.02023624769503,25.00941258849344,42.6703153598739
142000,0.06,0,0.4360668233035063,0.631578947368421,0.23357679914070892,0.2,0,0,0,50.02768842082711,25.00690350792299,42.67624488820682
142100,0.06,0,0.4361180803523724,0.631578947368421,0.2325563909774436,0.16,0,0,0,50.02372628189303,25.00749511419106,42.674608923225
142200,0.06,0,0.4360725848898798,0.631578947368421,0.2340171858216971,0.16,0,0,0,50.017831459415326,25.008785721154144,42.684091082091236
142300,0.06,0,0.43607590167562654,0.631578947368421,0.22996777658431794,0.06,0,0,0,50.018309458553894,25.008396407314766,42.68335852093394
142400,0.06,0,0.4360219130300144,0.631578947368421,0.23599355531686358,0.17,0,0,0,50.022902233014975,25.008820312892034,42.68472422376382
142500,0.06,0,0.43600270726737766,0.631578947368421,0.23780880773361976,0.2,0,0,0,50.023248748494105,25.007696662118388,42.686308776639166
142600,0.06,0,0.43606881435736633,0.631578947368421,0.23038668098818474,0.19,0,0,0,50.01651030247538,25.008015267667574,42.68558764141425
142700,0.06,0,0.4359802356810048,0.631578947368421,0.23066595059076261,0.24,0,0,0,50.024439067925464,25.0097744972577,42.687493180311904
142800,0.06,0,0.4361396987797918,0.631578947368421,0.2332545649838883,0.29,0,0,0,50.02344057560639,25.011381643518238,42.672737364148645
142900,0.06,0,0.4360627167165963,0.631578947368421,0.23050483351235232,0.22,0,0,0,50.026289075263826,25.01123799514179,42.67784054831243
143000,0.06,0,0.43607693999475067,0.631578947368421,0.23136412459720732,0.1,0,0,0,50.02791693916307,25.01152656134164,42.67505989534839
143100,0.06,0,0.4361141132912874,0.631578947368421,0.23346938775510204,0.26,0,0,0,50.0290936130149,25.00821102427925,42.67041875503429
143200,0.06,0,0.4359507089094956,0.631578947368421,0.2300859291084855,0.11,0,0,0,50.03270656036287,25.009670448171686,42.68333015337166
143300,0.06,0,0.4359584410208855,0.631578947368421,0.23006444683136412,0.19,0,0,0,50.025494338029716,25.00653262514703,42.68872671299109
143400,0.06,0,0.43588141855819906,0.631578947368421,0.2345327604726101,0.15,0,0,0,50.03038349548828,25.005479127023065,42.69209758775656
143500,0.06,0,0.43595640809375985,0.631578947368421,0.2363157894736842,0.17,0,0,0,50.02237174238929,25.003745383039906,42.69159058937383
143600,0.06,0,0.4359925180408748,0.631578947368421,0.23235230934479054,0.21,0,0,0,50.01549943440429,25.00592493961804,42.6939202603006
143700,0.06,0,0.4358206472355157,0.631578947368421,0.23309344790547798,0.2,0,0,0,50.026554112794564,25.005337921659997,42.70131902973233
143800,0.06,0,0.435720549067137,0.631578947368421,0.23425349087003222,0.26,0,0,0,50.02512842762864,25.00597562471686,42.7123460529525
143900,0.06,0,0.4357723489022094,0.631578947368421,0.2382169709989259,0.23,0,0,0,50.02319085210503,25.002640536137708,42.70892308186892
144000,0.06,0,0.4357027774561774,0.631578947368421,0.2382169709989259,0.2,0,0,0,50.03130033379545,25.001808161885613,42.708818972098236
144100,0.06,0,0.43573641678757385,0.631578947368421,0.23852846401718583,0.28,0,0,0,50.03194042832758,25.001165916922204,42.70497544182526
144200,0.06,0,0.43572502395117657,0.631578947368421,0.23596133190118151,0.21,0,0,0,50.028644628605875,25.002766942288595,42.708905445116585
144300,0.06,0,0.4357696528217142,0.631578947368421,0.23943071965628357,0.18,0,0,0,50.022571640598976,25.002624450339518,42.70971600113359
144400,0.06,0,0.4357881226829757,0.631578947368421,0.23907626208378088,0.15,0,0,0,50.02461667321683,25.004943988520616,42.70615992798748
144500,0.06,0,0.43579978104458333,0.631578947368421,0.23348012889366274,0.25,0,0,0,50.02188432750425,25.00381354439744,42.70735014434809
144600,0.06,0,0.4358258718014784,0.631578947368421,0.23684210526315788,0.26,0,0,0,50.01400052213507,25.003175930248396,42.71152510547669
144700,0.06,0,0.4359237473518213,0.631578947368421,0.2373684210526316,0.21,0,0,0,50.006033581454155,25.00039275970445,42.70873857749642
144800,0.06,0,0.4359291456133034,0.631578947368421,0.2302577873254565,0.2,0,0,0,50.00760425474681,25.001418081931398,42.70686829152665
144900,0.06,0,0.43584131687082184,0.631578947368421,0.23328678839957034,0.29,0,0,0,50.00841188186969,25.00130385423514,42.71478453622506
145000,0.06,0,0.43583993364086754,0.631578947368421,0.23426423200859292,0.23,0,0,0,50.00117536740053,24.99991185208574,42.72110209802772
145100,0.06,0,0.435754528363504,0.631578947368421,0.2367561761546724,0.22,0,0,0,50.00312132707546,25.00061741113371,42.72781228523307
145200,0.06,0,0.4357480372510792,0.631578947368421,0.23688506981740065,0.27,0,0,0,50.004339396882955,24.99829495600261,42.727407944947814
145300,0.06,0,0.4357027385497327,0.631578947368421,0.23907626208378088,0.14,0,0,0,50.000048174769674,24.998081267217636,42.735517618528135
145400,0.06,0,0.4356966225459734,0.631578947368421,0.2394092373791622,0.26,0,0,0,49.99988256531568,24.99737565768743,42.736259060200595
145500,0.06,0,0.4357555136710888,0.631578947368421,0.2382062298603652,0.1,0,0,0,49.9947012494786,24.99685164666976,42.73491184758252
145600,0.06,0,0.4357213764791958,0.631578947368421,0.24011815252416757,0.19,0,0,0,49.99887321913563,24.997181112065018,42.73469383832126
145700,0.06,0,0.43571192934391223,0.631578947368421,0.23825993555316863,0.19,0,0,0,49.98815883978491,24.993922999850188,42.74478029707102
145800,0.06,0,0.43567346491586084,0.631578947368421,0.23807733619763696,0.15,0,0,0,49.9878390824391,24.993862555649645,42.74882756753085
145900,0.06,0,0.4356399460471707,0.631578947368421,0.242234156820623,0.23,0,0,0,49.9928447206041,24.993422746899828,42.747836088952326
146000,0.06,0,0.43555799099364084,0.631578947368421,0.2414393125671321,0.3,0,0,0,49.98798681521371,24.992369246410302,42.76003464579932
146100,0.06,0,0.43550739362486673,0.631578947368421,0.241546723952739,0.18,0,0,0,49.98614217994726,24.991861726756607,42.76658067241707
146200,0.06,0,0.435504004568819,0.631578947368421,0.239656283566058,0.21,0,0,0,49.981840270606355,24.989814047845957,42.77059440298465
146300,0.06,0,0.43556637078795174,0.631578947368421,0.23399570354457572,0.2,0,0,0,49.98456762110608,24.99158500690445,42.762136935770314
146400,0.06,0,0.43555392359641065,0.631578947368421,0.24135338345864663,0.22,0,0,0,49.991126508888044,24.988914769083014,42.75774838822867
146500,0.06,0,0.4356092162336806,0.631578947368421,0.23968850698174007,0.15,0,0,0,49.98384985820976,24.986258435124107,42.758544957135655
146600,0.06,0,0.43566436720080176,0.631578947368421,0.2374328678839957,0.21,0,0,0,49.97437289242196,24.986047554119484,42.76123968671458
146700,0.06,0,0.4355903444298181,0.631578947368421,0.23977443609022556,0.28,0,0,0,49.981817736810314,24.98844736842395,42.762135975165016
146800,0.06,0,0.4356011986841483,0.631578947368421,0.24036519871106338,0.32,0,0,0,49.9935250153153,24.995026491845962,42.75105682181695
146900,0.06,0,0.4355074173910449,0.631578947368421,0.23688506981740065,0.17,0,0,0,49.997582915539795,24.995074059958906,42.756792243216125
147000,0.06,0,0.4355257123437622,0.631578947368421,0.2330719656283566,0.23,0,0,0,49.99448738112478,24.994380331704562,42.75764345902189
147100,0.06,0,0.4355810531679386,0.631578947368421,0.2339205155746509,0.22,0,0,0,49.99304275417571,24.995410527454055,42.753446467568764
147200,0.06,0,0.43551141549835315,0.631578947368421,0.23626208378088076,0.2,0,0,0,50.000597071527196,24.996383861153642,42.75382226643108
147300,0.06,0,0.4355084976346333,0.631578947368421,0.23866809881847476,0.23,0,0,0,50.000356963025425,24.998459772879112,42.75431402383192
147400,0.06,0,0.43538090769341453,0.631578947368421,0.2372610096670247,0.33,0,0,0,50.00545195289427,24.996512786048132,42.76248587182235
147500,0.06,0,0.43537645997024926,0.631578947368421,0.2358861439312567,0.13,0,0,0,49.998532304001294,24.99762608902512,42.768840987192476
147600,0.06,0,0.4353661189632234,0.631578947368421,0.23490870032223415,0.26,0,0,0,49.99875971156804,24.998807370875078,42.76966232285669
147700,0.06,0,0.4353998223573236,0.631578947368421,0.2410204081632653,0.24,0,0,0,50.001072964162454,24.99867614227472,42.76437306728969
147800,0.06,0,0.4352958717879643,0.631578947368421,0.23920515574650913,0.15,0,0,0,50.00258705595819,24.99760900083523,42.77329016176948
147900,0.06,0,0.4353737638788982,0.631578947368421,0.24414607948442535,0.25,0,0,0,49.99521944339689,24.99692562214455,42.77193986978404
148000,0.06,0,0.4353938548965464,0.631578947368421,0.24165413533834587,0.23,0,0,0,49.99748549502171,24.99659460524612,42.76802770487544
148100,0.06,0,0.4354339890795593,0.631578947368421,0.2421374865735768,0.18,0,0,0,49.99343058247448,24.993417115164053,42.76755430123613
148200,0.06,0,0.43538855163426066,0.631578947368421,0.23996777658431795,0.16,0,0,0,49.99733015813577,24.99478772381102,42.76868151977735
148300,0.06,0,0.4353869205682642,0.631578947368421,0.24415682062298605,0.15,0,0,0,49.9994580981769,24.995430464202762,42.7670215313844
148400,0.06,0,0.4354309970768054,0.631578947368421,0.24245972073039743,0.24,0,0,0,49.99801969370338,24.99683517727421,42.76392268874164
148500,0.06,0,0.4354111513944467,0.631578947368421,0.24647690655209453,0.25,0,0,0,49.99900275433404,24.99554286656604,42.76503098751518
148600,0.06,0,0.43548221728991393,0.631578947368421,0.24221267454350162,0.14,0,0,0,50.00108732432517,24.997251075250436,42.756269601775855
148700,0.06,0,0.4353689437034527,0.631578947368421,0.243093447905478,0.18,0,0,0,50.00999290171494,24.999240732886303,42.759778014106715
148800,0.06,0,0.43535312824986955,0.631578947368421,0.24054779806659507,0.12,0,0,0,50.00819450462987,24.99899380676684,42.76286917098077
148900,0.06,0,0.4354637705891085,0.631578947368421,0.23851772287862513,0.2,0,0,0,50.004165288697074,24.997679778481338,42.755448864347294
149000,0.06,0,0.43544369541786365,0.631578947368421,0.2420408163265306,0.19,0,0,0,50.00795741306821,24.996252198134815,42.754177696942996
149100,0.06,0,0.43540990776672434,0.631578947368421,0.2442749731471536,0.24,0,0,0,50.014473909244835,24.9957759793441,42.751924437214086
149200,0.06,0,0.43555887040346053,0.631578947368421,0.23912996777658432,0.29,0,0,0,50.017044169955156,24.997909105406457,42.73510695994146
149300,0.06,0,0.4355222041210908,0.631578947368421,0.23224489795918368,0.23,0,0,0,50.017830884607434,24.99863544476184,42.73803257244095
149400,0.06,0,0.4354082730451062,0.631578947368421,0.2355639097744361,0.26,0,0,0,50.01217301444587,24.999154256646754,42.75405182961436
149500,0.06,0,0.4354078293229103,0.631578947368421,0.23684210526315788,0.18,0,0,0,50.01436356253373,24.998033729129126,42.75222283997391
149600,0.06,0,0.43546260940461945,0.631578947368421,0.23849624060150376,0.18,0,0,0,50.02135899693407,24.998586491110196,42.74086661852746
149700,0.06,0,0.4354846309783899,0.631578947368421,0.2395703544575725,0.25,0,0,0,50.01228866763956,24.99501287253034,42.746456477245864
149800,0.06,0,0.43549489737441366,0.631578947368421,0.24067669172932332,0.27,0,0,0,49.99931477556696,24.995625560660578,42.756540417205755
149900,0.06,0,0.43547570359893245,0.631578947368421,0.2399033297529538,0.24,0,0,0,49.99871437974934,24.995112712371558,42.75893838256723
150000,0.06,0,0.4354212000492005,0.631578947368421,0.24321160042964554,0.18,0,0,0,49.98894389129198,24.9944674376362,42.77264911172213
150100,0.06,0,0.43531751861344437,0.631578947368421,0.24253490870032224,0.26,0,0,0,50.00289985803244,24.996352096039423,42.77089563222923
150200,0.06,0,0.43531076391848794,0.631578947368421,0.2446294307196563,0.23,0,0,0,50.00648476103145,24.99799962668886,42.76849306589085
150300,0.06,0,0.43536141688723023,0.631578947368421,0.23719656283566057,0.18,0,0,0,49.99984384231418,24.997035749188104,42.76919688114414
150400,0.06,0,0.4352621245829911,0.631578947368421,0.242921589688507,0.23,0,0,0,49.99860360486617,24.99839710172552,42.780014571474354
150500,0.06,0,0.43519668642632786,0.631578947368421,0.2416111707841031,0.21,0,0,0,50.00514868951238,24.999192040695632,42.78084692769387
150600,0.06,0,0.43514289970078984,0.631578947368421,0.2431578947368421,0.29,0,0,0,50.00350932689887,24.999494861896466,42.78753768287108
150700,0.06,0,0.4351245758132959,0.631578947368421,0.24189044038668098,0.12,0,0,0,50.00674281910116,25.001357947280123,42.78657273713116
150800,0.06,0,0.43510142671993046,0.631578947368421,0.24190118152524168,0.14,0,0,0,50.008376937567746,25.002662297154224,42.78745094300692
150900,0.06,0,0.43508556152429995,0.631578947368421,0.23977443609022556,0.26,0,0,0,50.002183502922556,24.999837988231732,42.79431115523218
151000,0.06,0,0.43507069553297134,0.631578947368421,0.23976369495166489,0.12,0,0,0,50.00344746680613,24.999183012062485,42.79469162837234
151100,0.06,0,0.4350449368542252,0.631578947368421,0.23752953813104188,0.24,0,0,0,49.99962391181449,24.99637955086714,42.800498244927255
151200,0.06,0,0.43504829475159595,0.631578947368421,0.24074113856068743,0.36,0,0,0,50.00382706359605,24.99634097963143,42.796570254862914
151300,0.06,0,0.4351099842298403,0.631578947368421,0.24081632653061225,0.12,0,0,0,49.99712797612245,24.99537601068815,42.796236073714674
151400,0.06,0,0.43509565951767604,0.631578947368421,0.24592910848549945,0.2,0,0,0,50.00868516519724,24.995443630269772,42.78775436840435
151500,0.06,0,0.4350071259572729,0.631578947368421,0.24464017185821696,0.25,0,0,0,50.00363445658405,24.99197455186986,42.800785356726266
151600,0.06,0,0.4350717851107297,0.631578947368421,0.24346938775510205,0.2,0,0,0,50.006558375360186,24.992052614002766,42.79192220334635
151700,0.06,0,0.4351311655677615,0.631578947368421,0.24407089151450054,0.22,0,0,0,49.99875378562616,24.994696672676703,42.792761298777904
151800,0.06,0,0.4351174609558537,0.631578947368421,0.24385606874328677,0.25,0,0,0,50.0004254992924,24.990418476146633,42.792678336806844
151900,0.06,0,0.43505186850985134,0.631578947368421,0.24590762620837808,0.13,0,0,0,50.005005355844304,24.990926539324338,42.795210271904466
152000,0.06,0,0.43499245060159997,0.631578947368421,0.25053705692803435,0.27,0,0,0,50.006206155374215,24.987333315264163,42.800028112728
152100,0.06,0,0.43507066270070066,0.631578947368421,0.24937701396348014,0.27,0,0,0,50.00179919733473,24.98486329671576,42.79610555085974
152200,0.06,0,0.4351747988585336,0.631578947368421,0.24388829215896884,0.16,0,0,0,49.98573530273909,24.98620170489603,42.799614633194864
152300,0.06,0,0.43497960770835575,0.631578947368421,0.24676691729323308,0.3,0,0,0,49.99971125854292,24.979770017248452,42.80685162699384
152400,0.06,0,0.43484612011401186,0.631578947368421,0.24825993555316864,0.31,0,0,0,50.01585363715496,24.978981127941847,42.80617238119484
152500,0.06,0,0.4349624280214641,0.631578947368421,0.2478625134264232,0.31,0,0,0,50.00043028144576,24.976183623740596,42.80792676568766
152600,0.06,0,0.43492039299192325,0.631578947368421,0.2466702470461869,0.26,0,0,0,50.01558108027465,24.9746159497713,42.79909545110601
152700,0.06,0,0.4349553777504655,0.631578947368421,0.2458968850698174,0.2,0,0,0,50.014165653673814,24.976931272660483,42.796864131166856
152800,0.06,0,0.4348865445337689,0.631578947368421,0.24203007518796993,0.23,0,0,0,50.00680155879641,24.975592927291558,42.8099413008285
152900,0.06,0,0.43502874162198757,0.631578947368421,0.2468421052631579,0.18,0,0,0,49.99559065265556,24.97586346662688,42.80554456319451
153000,0.06,0,0.434988378535796,0.631578947368421,0.24400644468313643,0.19,0,0,0,49.99614959267202,24.977450461077666,42.80903794441578
153100,0.06,0,0.43487912808866525,0.631578947368421,0.24464017185821696,0.26,0,0,0,49.9994651376988,24.976385304491245,42.81695299263781
153200,0.06,0,0.4347641631199812,0.631578947368421,0.24597207303974222,0.29,0,0,0,49.99944188170491,24.978722839095283,42.82829502769885
153300,0.06,0,0.4348277601252826,0.631578947368421,0.24524167561761548,0.2,0,0,0,49.9863123130161,24.97965000048343,42.8332788252804
153400,0.06,0,0.43486422628005356,0.631578947368421,0.24549946294307196,0.25,0,0,0,49.99421274410308,24.978986585398992,42.82291873690033
153500,0.06,0,0.434943252708552,0.631578947368421,0.241203007518797,0.25,0,0,0,49.98537194159897,24.979862988883962,42.822710703410465
153600,0.06,0,0.4348353549413082,0.631578947368421,0.24590762620837808,0.25,0,0,0,49.99442922141351,24.980303890381947,42.82557657167259
153700,0.06,0,0.43484343950700327,0.631578947368421,0.2475187969924812,0.24,0,0,0,49.993801403945675,24.97762807959334,42.82531815241441
153800,0.06,0,0.4349165547089428,0.631578947368421,0.24919441460794844,0.34,0,0,0,49.999277100023804,24.98071629795553,42.81342940441657
153900,0.06,0,0.43487260835789265,0.631578947368421,0.24386680988184747,0.22,0,0,0,50.003392105711406,24.97933463115005,42.81423227789019
154000,0.06,0,0.4349710125423628,0.631578947368421,0.2434264232008593,0.29,0,0,0,49.99564561092227,24.981357410041845,42.811178627473645
154100,0.06,0,0.43481649044089654,0.631578947368421,0.24325456498388828,0.31,0,0,0,50.00454874723329,24.98671814656474,42.818767479920055
154200,0.06,0,0.43474554662526954,0.631578947368421,0.24922663802363051,0.21,0,0,0,50.01318739763599,24.98740772256955,42.818357663562
154300,0.06,0,0.434816762790073,0.631578947368421,0.24813104189044038,0.22,0,0,0,50.008068675289564,24.992285590278318,42.81572676884845
154400,0.06,0,0.43494481641009386,0.631578947368421,0.24233082706766917,0.2,0,0,0,49.99756891075644,24.993523377590535,42.81211013237732
154500,0.06,0,0.4349028515552949,0.631578947368421,0.24440386680988185,0.15,0,0,0,50.00012858976845,24.994467098920296,42.814049268025975
154600,0.06,0,0.4348665928830935,0.631578947368421,0.24191192266380238,0.23,0,0,0,49.99794456537868,24.996114531499746,42.81948942517768
154700,0.06,0,0.4349249274950862,0.631578947368421,0.24262083780880772,0.25,0,0,0,50.00378898328143,24.995641151661147,42.80874218172898
154800,0.06,0,0.4348624404713304,0.631578947368421,0.2446938775510204,0.21,0,0,0,50.00781185241246,24.99649400979486,42.81144929515353
154900,0.06,0,0.43483303284479696,0.631578947368421,0.25204081632653064,0.24,0,0,0,50.00213589899053,24.990445474450443,42.819204657430895
155000,0.06,0,0.43477810328864946,0.631578947368421,0.24611170784103115,0.29,0,0,0,50.003988140385964,24.989448968103673,42.82302810133098
155100,0.06,0,0.43474965377010244,0.631578947368421,0.2495810955961332,0.24,0,0,0,50.00144170079706,24.98745954937994,42.82801139606994
155200,0.06,0,0.434685562762294,0.631578947368421,0.24879699248120302,0.28,0,0,0,50.00282366250297,24.990205005692054,42.833142212375854
155300,0.06,0,0.4347556488239592,0.631578947368421,0.25020408163265306,0.28,0,0,0,49.99422086099977,24.994226759758263,42.833606533964875
155400,0.06,0,0.43474113416714255,0.631578947368421,0.25030075187969925,0.22,0,0,0,49.989900390363836,24.9928981576286,42.8387387132628
155500,0.06,0,0.4346609211785244,0.631578947368421,0.2516004296455424,0.27,0,0,0,49.995710684346875,24.99227898368424,42.84166478021774
155600,0.06,0,0.43460541345830955,0.631578947368421,0.24541353383458647,0.25,0,0,0,49.9972082940106,24.99274603620323,42.84585307206915
155700,0.06,0,0.43466282273784107,0.631578947368421,0.24560687432867884,0.22,0,0,0,50.005097164534774,24.992191857623826,42.83343556309582
155800,0.06,0,0.43474853246254275,0.631578947368421,0.24961331901181524,0.24,0,0,0,49.990284779196955,24.991784965546824,42.83768031569278
155900,0.06,0,0.4348351226184235,0.631578947368421,0.24737916219119227,0.29,0,0,0,49.9832195848568,24.98960719658667,42.83520386386435
156000,0.06,0,0.43480929344596214,0.631578947368421,0.2455639097744361,0.17,0,0,0,49.9878608650001,24.989200291556738,42.833771017320664
156100,0.06,0,0.4348097398118884,0.631578947368421,0.2509989258861439,0.24,0,0,0,49.98520290297527,24.990300533116947,42.83600472759121
156200,0.06,0,0.4348852969419507,0.631578947368421,0.24875402792696025,0.17,0,0,0,49.97851018304323,24.98731172056341,42.83429764096547
156300,0.06,0,0.43481783782272937,0.631578947368421,0.24432867883995704,0.31,0,0,0,49.9776830176948,24.98702051030078,42.84165214703244
156400,0.06,0,0.434870022472003,0.631578947368421,0.2470998925886144,0.18,0,0,0,49.97956446303099,24.98649052236312,42.834898574334986
156500,0.06,0,0.4349777232285456,0.631578947368421,0.25038668098818473,0.33,0,0,0,49.97710433905275,24.985117576567188,42.82640065331189
156600,0.06,0,0.4349774792273019,0.631578947368421,0.24968850698174005,0.18,0,0,0,49.98202365638334,24.986361244949546,42.82220962595658
156700,0.06,0,0.4350643737697639,0.631578947368421,0.24688506981740063,0.27,0,0,0,49.97723981249908,24.986373520417626,42.81775497365658
156800,0.06,0,0.4351404810977907,0.631578947368421,0.2489581095596133,0.22,0,0,0,49.974581573460085,24.986790440389296,42.81254318057901
156900,0.06,0,0.4350694865512836,0.631578947368421,0.24694951664876477,0.29,0,0,0,49.96617710898877,24.982755666227483,42.82673169865288
157000,0.06,0,0.43499465680304356,0.631578947368421,0.2456390977443609,0.19,0,0,0,49.97719392404141,24.98179257753584,42.82465673301702
157100,0.06,0,0.43499865867526855,0.631578947368421,0.2430827067669173,0.31,0,0,0,49.97427041953711,24.98389869188825,42.82676798520982
157200,0.06,0,0.43493906243300695,0.631578947368421,0.24346938775510205,0.22,0,0,0,49.97604698983191,24.98402352545069,42.831113563568486
157300,0.06,0,0.4350604376657056,0.631578947368421,0.2433512352309345,0.2,0,0,0,49.966963425469096,24.98030090964527,42.82694849148176
157400,0.06,0,0.43515419266128935,0.631578947368421,0.23892588614393126,0.22,0,0,0,49.97108348771227,24.983307579327697,42.81419104936882
157500,0.06,0,0.4351339356705908,0.631578947368421,0.2424919441460795,0.18,0,0,0,49.9635668647295,24.980959977832963,42.82262555400091
157600,0.06,0,0.4351084861363933,0.631578947368421,0.2434156820622986,0.25,0,0,0,49.96685232628216,24.979828189059003,42.82231438002086
157700,0.06,0,0.43511610916040777,0.631578947368421,0.2455531686358754,0.34,0,0,0,49.97870318731068,24.98230162171358,42.81141038078548
157800,0.06,0,0.4350893460729763,0.631578947368421,0.25038668098818473,0.24,0,0,0,49.983136394763676,24.98296068416994,42.81024643212368
157900,0.06,0,0.4349771977355785,0.631578947368421,0.24996777658431793,0.28,0,0,0,49.9848141351381,24.984762051162374,42.819846721036214
158000,0.06,0,0.43492567895087303,0.631578947368421,0.24823845327604727,0.28,0,0,0,49.982494369430135,24.983098138580548,42.82690648428135
158100,0.06,0,0.43487344624060026,0.631578947368421,0.24313641245972073,0.19,0,0,0,49.990112350403955,24.983510554284134,42.82552326432011
158200,0.06,0,0.434915835245847,0.631578947368421,0.24677765843179378,0.24,0,0,0,49.986105664189296,24.98164264308045,42.82478166926886
158300,0.06,0,0.4349427797778963,0.631578947368421,0.24707841031149302,0.16,0,0,0,49.98279976784459,24.98342486762833,42.82496097578703
158400,0.06,0,0.43504307850598023,0.631578947368421,0.2488829215896885,0.25,0,0,0,49.97264197328177,24.982835284343434,42.82379062488131
158500,0.06,0,0.4350252252438947,0.631578947368421,0.24669172932330827,0.21,0,0,0,49.96909555213165,24.979971603642728,42.82858752342995
158600,0.06,0,0.43514194781576565,0.631578947368421,0.24664876476906553,0.2,0,0,0,49.967942393228434,24.981775202483526,42.81808730561004
158700,0.06,0,0.4351205440378128,0.631578947368421,0.24403866809881847,0.17,0,0,0,49.96312684342541,24.98143421763386,42.82432064592276
158800,0.06,0,0.43514971904730365,0.631578947368421,0.24497314715359828,0.21,0,0,0,49.96909829719428,24.982096277354227,42.81633216154384
158900,0.06,0,0.4350880476531363,0.631578947368421,0.2462513426423201,0.2,0,0,0,49.97225514418913,24.98596781919127,42.81969597022577
159000,0.06,0,0.43495218390897694,0.631578947368421,0.2440171858216971,0.26,0,0,0,49.98221269637206,24.990384350229775,42.82453804868527
159100,0.06,0,0.4348912387236308,0.631578947368421,0.24851772287862514,0.21,0,0,0,49.997429119753015,24.988436028170195,42.817504210212306
159200,0.06,0,0.4348910160867984,0.631578947368421,0.24823845327604727,0.35,0,0,0,49.99133203583375,24.985349771053723,42.82274827638809
159300,0.06,0,0.43486613484139197,0.631578947368421,0.24697099892588614,0.24,0,0,0,49.99620852338327,24.982477660418077,42.821021369620205
159400,0.06,0,0.4348374974554149,0.631578947368421,0.2501396348012889,0.27,0,0,0,49.98435684778135,24.980947913432598,42.833995324777945
159500,0.06,0,0.4347401092468214,0.631578947368421,0.24639097744360902,0.26,0,0,0,49.996434383245415,24.979001149535634,42.83324113488931
159600,0.06,0,0.43475602678750397,0.631578947368421,0.24807733619763694,0.3,0,0,0,50.005498749895246,24.976518189438565,42.82390891343238
159700,0.06,0,0.4347003261796747,0.631578947368421,0.25192266380236306,0.32,0,0,0,50.01323644603687,24.97646125530927,42.82276991982757
159800,0.06,0,0.43466594099636474,0.631578947368421,0.24901181525241675,0.26,0,0,0,50.012743810047475,24.980107567992423,42.82657935367416
159900,0.06,0,0.4346810216663516,0.631578947368421,0.24422126745435016,0.2,0,0,0,50.00839760945367,24.983026924407845,42.82881544727947
160000,0.06,0,0.43468526469259944,0.631578947368421,0.24725026852846402,0.26,0,0,0,50.01742042186592,24.98217988774104,42.82067142884577
160100,0.06,0,0.43478417887409,0.631578947368421,0.2497529538131042,0.19,0,0,0,50.012194642017015,24.98418215325122,42.81540296805626
160200,0.06,0,0.4347880610305637,0.631578947368421,0.24613319011815252,0.19,0,0,0,50.01790826162122,24.983570316142004,42.81012985272763
160300,0.06,0,0.4348756237898131,0.631578947368421,0.24311493018259936,0.26,0,0,0,50.023066938760955,24.98155291131552,42.79709603160584
160400,0.06,0,0.43484944258809977,0.631578947368421,0.24438238453276048,0.18,0,0,0,50.015864583427756,24.979798465167562,42.80583595163667
160500,0.06,0,0.4348877652068071,0.631578947368421,0.24968850698174005,0.14,0,0,0,50.01232024805279,24.98126022445683,42.805097220923386
160600,0.06,0,0.43492817445965315,0.631578947368421,0.24558539205155747,0.15,0,0,0,50.01083262726989,24.981177126807225,42.80239335273034
160700,0.06,0,0.435016462959727,0.631578947368421,0.24835660580021482,0.27,0,0,0,50.004835883312985,24.980598155983373,42.79883838083211
160800,0.06,0,0.43498101010928597,0.631578947368421,0.2476154672395274,0.12,0,0,0,49.99898719727551,24.979800186150886,42.80733352174718
160900,0.06,0,0.43496226974961266,0.631578947368421,0.25018259935553167,0.2,0,0,0,49.999866933827256,24.980003620286162,42.80842465874867
161000,0.06,0,0.43493113620337176,0.631578947368421,0.2533190118152524,0.16,0,0,0,49.99932227660865,24.980889608995792,42.811955359538054
161100,0.06,0,0.4349997128524401,0.631578947368421,0.2512781954887218,0.29,0,0,0,50.011276875523016,24.98205846650817,42.79497408496718
161200,0.06,0,0.43516626635063665,0.631578947368421,0.24882921589688506,0.21,0,0,0,50.005026192211254,24.981209872314206,42.78394230851502
161300,0.06,0,0.4351648120344627,0.631578947368421,0.2476047261009667,0.27,0,0,0,50.00107496538511,24.980901552917558,42.78746621181855
161400,0.06,0,0.43514276886236897,0.631578947368421,0.24328678839957035,0.22,0,0,0,50.00870842751952,24.98092131228541,42.783102187350075
161500,0.06,0,0.4351700599746251,0.631578947368421,0.24523093447905478,0.27,0,0,0,50.00210065244838,24.982956693286095,42.7860725321467
161600,0.06,0,0.43512720840757796,0.631578947368421,0.24604726100966703,0.23,0,0,0,50.004148710391,24.98289147963381,42.788533533838596
161700,0.06,0,0.4351717419967355,0.631578947368421,0.24141783029001074,0.15,0,0,0,50.004027221347066,24.98048176957945,42.784258688597866
161800,0.06,0,0.435217717652076,0.631578947368421,0.24083780880773362,0.4,0,0,0,50.000289975981985,24.97962449705289,42.782936581768
161900,0.06,0,0.43522243842379543,0.631578947368421,0.24378088077336196,0.29,0,0,0,49.98918391055906,24.975362250740517,42.7919774786206
162000,0.06,0,0.4352224805309791,0.631578947368421,0.24430719656283567,0.28,0,0,0,49.977928015198714,24.975224145555515,42.80161083241052
162100,0.06,0,0.4352184271234163,0.631578947368421,0.24320085929108484,0.22,0,0,0,49.987999548604776,24.977252531746252,42.79338575815487
162200,0.06,0,0.4353458183339111,0.631578947368421,0.24682062298603652,0.32,0,0,0,49.987604058553295,24.977058861976303,42.78120199847282
162300,0.06,0,0.4353549069020411,0.631578947368421,0.24438238453276048,0.17,0,0,0,49.98639924927864,24.977281519569672,42.78134001110153
162400,0.06,0,0.4353231607883609,0.631578947368421,0.2424704618689581,0.2,0,0,0,49.98741725424124,24.97498158149563,42.783588542122914
162500,0.06,0,0.4353659290369327,0.631578947368421,0.24240601503759399,0.26,0,0,0,50.001761788583025,24.975718075010864,42.76711311387254
162600,0.06,0,0.4353955262419876,0.631578947368421,0.2405800214822771,0.14,0,0,0,49.9984753446525,24.974347056841182,42.76701683107391
162700,0.06,0,0.4353398637401055,0.631578947368421,0.23621911922663802,0.28,0,0,0,49.9968213298871,24.972837265658413,42.77390003302271
162800,0.06,0,0.43532219097903196,0.631578947368421,0.24052631578947367,0.23,0,0,0,49.99984803550908,24.96847254592836,42.77304713061431
162900,0.06,0,0.43519579054021396,0.631578947368421,0.24370569280343715,0.26,0,0,0,49.99063056458055,24.967221283106298,42.793359302919015
163000,0.06,0,0.43523998217731147,0.631578947368421,0.24319011815252417,0.26,0,0,0,49.986294402341464,24.968314753867798,42.79272614348582
163100,0.06,0,0.4353887119915668,0.631578947368421,0.2445220193340494,0.2,0,0,0,49.972657109381146,24.969090180013556,42.789781982794366
163200,0.06,0,0.43539672457197204,0.631578947368421,0.2379269602577873,0.2,0,0,0,49.96686176830235,24.971932332742952,42.79395735048336
163300,0.06,0,0.43544834473249844,0.631578947368421,0.24244897959183673,0.24,0,0,0,49.95603512636842,24.967437592257895,42.798157699676835
163400,0.06,0,0.4353921311056303,0.631578947368421,0.23689581095596132,0.31,0,0,0,49.96340064444904,24.968971053996118,42.797373339496964
163500,0.06,0,0.43531298979685307,0.631578947368421,0.23918367346938776,0.11,0,0,0,49.96294670817111,24.96992136720975,42.80554294477058
163600,0.06,0,0.43531052124474573,0.631578947368421,0.24259935553168635,0.22,0,0,0,49.96071403487949,24.974424902603154,42.807698615489535
163700,0.06,0,0.43527443238136754,0.631578947368421,0.24224489795918366,0.2,0,0,0,49.96230064427505,24.97560044902158,42.80988830774941
163800,0.06,0,0.43517492879412156,0.631578947368421,0.24498388829215897,0.13,0,0,0,49.96021782219543,24.974902838658952,42.821462007023506
163900,0.06,0,0.43511934243779987,0.631578947368421,0.24313641245972073,0.23,0,0,0,49.9562315003512,24.973789076411975,42.83034986529071
164000,0.06,0,0.4351018166904626,0.631578947368421,0.24277121374865734,0.21,0,0,0,49.955565180413984,24.97331347669415,42.83264636166771
164100,0.06,0,0.4351178421585281,0.631578947368421,0.24178302900107412,0.21,0,0,0,49.95585924386526,24.975884077842686,42.83081670401301
164200,0.06,0,0.4351382020236101,0.631578947368421,0.24208378088077337,0.18,0,0,0,49.95463305489652,24.975588791751402,42.82986395306246
164300,0.06,0,0.4352113898376756,0.631578947368421,0.24411385606874328,0.21,0,0,0,49.95413962896697,24.973590836239875,42.82308440489543
164400,0.06,0,0.435161291294503,0.631578947368421,0.24480128893662728,0.13,0,0,0,49.94833539091184,24.971560725494616,42.83299129382402
164500,0.06,0,0.4352314850722615,0.631578947368421,0.24524167561761548,0.23,0,0,0,49.94473956144846,24.970064452667803,42.82916653758113
164600,0.06,0,0.43525887480871606,0.631578947368421,0.24199785177228786,0.24,0,0,0,49.94584586055907,24.971615851108336,42.82552280165411
164700,0.06,0,0.43526413583196416,0.631578947368421,0.2467454350161117,0.13,0,0,0,49.94506142845001,24.971406036502007,42.825677776194986
164800,0.06,0,0.43540359580864024,0.631578947368421,0.24305048335123522,0.21,0,0,0,49.9406523244692,24.969880907428326,42.815740425540675
164900,0.06,0,0.4353660578734008,0.631578947368421,0.23995703544575725,0.24,0,0,0,49.94580840698018,24.966365527267378,42.81501166346963
165000,0.06,0,0.4352674843338106,0.631578947368421,0.2444468313641246,0.26,0,0,0,49.94252827184214,24.969968087840254,42.8275204823702
165100,0.06,0,0.4352345498879176,0.631578947368421,0.24518796992481204,0.19,0,0,0,49.94913662017544,24.96871475707924,42.82509468897885
165200,0.06,0,0.43520873498725987,0.631578947368421,0.24245972073039743,0.25,0,0,0,49.96504368867057,24.97338616791088,42.81400013326582
165300,0.06,0,0.43524414639953724,0.631578947368421,0.2409344790547798,0.18,0,0,0,49.955845819197,24.971882647115336,42.8183990628941
165400,0.06,0,0.4353219689289361,0.631578947368421,0.2468528464017186,0.25,0,0,0,49.954295680167654,24.97283417150427,42.81207288207573
165500,0.06,0,0.4353067332973795,0.631578947368421,0.23934479054779806,0.17,0,0,0,49.95719479485011,24.972427003150028,42.81108673828596
165600,0.06,0,0.43532392646028967,0.631578947368421,0.2434156820622986,0.17,0,0,0,49.95986180144925,24.970147547995932,42.80711061666626
165700,0.06,0,0.4353266154398097,0.631578947368421,0.241546723952739,0.19,0,0,0,49.954834410531866,24.97239626609664,42.811154226874265
165800,0.06,0,0.4353605857157097,0.631578947368421,0.24499462943071965,0.2,0,0,0,49.945821165278424,24.969763493673337,42.81553887929509
165900,0.06,0,0.4352065825833938,0.631578947368421,0.2448657357679914,0.29,0,0,0,49.944269231706194,24.970075849373877,42.83202056861116
166000,0.06,0,0.43518291557425076,0.631578947368421,0.24629430719656284,0.16,0,0,0,49.95264685075736,24.969320411403274,42.82716614649504
166100,0.06,0,0.43507242695143106,0.631578947368421,0.24737916219119227,0.25,0,0,0,49.956675593664556,24.97195902353089,42.83458763763685
166200,0.06,0,0.43510031162869833,0.631578947368421,0.24830290010741138,0.24,0,0,0,49.957519438563,24.972097973790905,42.831118974371336
166300,0.06,0,0.4351046361442592,0.631578947368421,0.25204081632653064,0.23,0,0,0,49.9522433018255,24.97468957241871,42.83521720768566
166400,0.06,0,0.4351181969833588,0.631578947368421,0.24278195488721804,0.14,0,0,0,49.95559490294244,24.974735016841855,42.83100841671277
166500,0.06,0,0.43511041494498687,0.631578947368421,0.24858216970998925,0.26,0,0,0,49.951621235856884,24.972227009079152,42.83518173906842
166600,0.06,0,0.43507515008961245,0.631578947368421,0.2496455424274973,0.15,0,0,0,49.94726818497423,24.971734841721744,42.842387243169554
166700,0.06,0,0.43501087948381784,0.631578947368421,0.2504189044038668,0.26,0,0,0,49.94559809849969,24.97119776468461,42.85014976430235
166800,0.06,0,0.43502905923378615,0.631578947368421,0.24686358754027926,0.25,0,0,0,49.94738312578711,24.973126576120766,42.84682774654381
166900,0.06,0,0.4349503642555093,0.631578947368421,0.24331901181525242,0.23,0,0,0,49.95916495240361,24.968978489023648,42.844473606366186
167000,0.06,0,0.4348960380220482,0.631578947368421,0.2435982814178303,0.22,0,0,0,49.95625446976635,24.969382502446454,42.85232209914945
167100,0.06,0,0.43483822682470796,0.631578947368421,0.24850698174006444,0.14,0,0,0,49.96065196836921,24.97110064416815,42.85424693140037
167200,0.06,0,0.4349607213666643,0.631578947368421,0.24772287862513426,0.21,0,0,0,49.94570815407229,24.96900014337716,42.85499665918746
167300,0.06,0,0.4348711127999468,0.631578947368421,0.24754027926960256,0.21,0,0,0,49.95350179434265,24.96706249073933,42.857139739573796
167400,0.06,0,0.43487875425363365,0.631578947368421,0.24990332975295382,0.24,0,0,0,49.95612647692331,24.967194455134692,42.85413501315033
167500,0.06,0,0.4350041771805522,0.631578947368421,0.24859291084854995,0.28,0,0,0,49.949300683039546,24.96007466995837,42.84763357990807
167600,0.06,0,0.4351212515426464,0.631578947368421,0.24834586466165415,0.2,0,0,0,49.933342802750644,24.958007513064356,42.84979465183346
167700,0.06,0,0.43507876494087694,0.631578947368421,0.24428571428571427,0.28,0,0,0,49.92531774461222,24.958874469593873,42.86086745085832
167800,0.06,0,0.4350991887660707,0.631578947368421,0.24425349087003223,0.3,0,0,0,49.92240512099254,24.956697956458385,42.86135605005637
167900,0.06,0,0.43506889433456086,0.631578947368421,0.24485499462943072,0.13,0,0,0,49.921811909684216,24.958918237905486,42.864849892581546
168000,0.06,0,0.43506942050820996,0.631578947368421,0.24455424274973148,0.3,0,0,0,49.91963299483718,24.958005406080883,42.866669033966446
168100,0.06,0,0.4350715596202027,0.631578947368421,0.24883995703544576,0.18,0,0,0,49.92782551794829,24.9598289849761,42.859424429562715
168200,0.06,0,0.4349461958628529,0.631578947368421,0.24680988184747582,0.25,0,0,0,49.93448223227422,24.959151564270552,42.86606253167148
168300,0.06,0,0.4349268761195687,0.631578947368421,0.24790547798066595,0.23,0,0,0,49.935986251223966,24.959549647353736,42.866675533198446
168400,0.06,0,0.4349827057553446,0.631578947368421,0.2434156820622986,0.14,0,0,0,49.93093428962115,24.959720797464175,42.86551028461749
168500,0.06,0,0.4349633295590635,0.631578947368421,0.2457465091299678,0.26,0,0,0,49.92308813481817,24.959085146317925,42.8741570548826
168600,0.06,0,0.4349315376773006,0.631578947368421,0.24607948442534908,0.25,0,0,0,49.92501489697685,24.961753826322646,42.87563622820083
168700,0.06,0,0.43489933449804,0.631578947368421,0.24379162191192266,0.11,0,0,0,49.92972356901709,24.963171156806403,42.874767330243095
168800,0.06,0,0.43491267731895644,0.631578947368421,0.24626208378088077,0.23,0,0,0,49.92898673357017,24.964009198481754,42.874084674160436
168900,0.06,0,0.4349578963097077,0.631578947368421,0.25063372717508053,0.19,0,0,0,49.93019957613403,24.965058336518997,42.86858607274005
169000,0.06,0,0.4349573917006577,0.631578947368421,0.25038668098818473,0.16,0,0,0,49.94200281743854,24.966229282416265,42.858504277004045
169100,0.06,0,0.4349847612834476,0.631578947368421,0.24657357679914071,0.13,0,0,0,49.938170571881486,24.965444933471908,42.85909633264704
169200,0.06,0,0.43490644193102296,0.631578947368421,0.2479591836734694,0.21,0,0,0,49.94588898869107,24.96407928722625,42.860190088767844
169300,0.06,0,0.434980090021139,0.631578947368421,0.24894736842105264,0.26,0,0,0,49.94126415843953,24.964646802129153,42.85690168384308
169400,0.06,0,0.434961122477024,0.631578947368421,0.24859291084854995,0.17,0,0,0,49.93820438257468,24.962890729894884,42.86139657406751
169500,0.06,0,0.4349449833991667,0.631578947368421,0.24647690655209453,0.27,0,0,0,49.94236036625077,24.9653264595916,42.859420120619944
169600,0.06,0,0.4349570499842841,0.631578947368421,0.24533834586466166,0.2,0,0,0,49.949881902997554,24.964764719409576,42.85177744982121
169700,0.06,0,0.434859284284687,0.631578947368421,0.2527067669172932,0.39,0,0,0,49.95063849152276,24.966539309332113,42.86076223907025
169800,0.06,0,0.43473259122061836,0.631578947368421,0.253093447905478,0.35,0,0,0,49.97135670356098,24.96487397109637,42.85547772117043
169900,0.06,0,0.4347151475398881,0.631578947368421,0.24816326530612245,0.28,0,0,0,49.976231467726464,24.964095358638865,42.85301700789461
170000,0.06,0,0.43465551458002405,0.631578947368421,0.24750805585392052,0.25,0,0,0,49.97094866987963,24.962790887987296,42.86342719694763
170100,0.06,0,0.43477625780001244,0.631578947368421,0.24682062298603652,0.17,0,0,0,49.97052071293497,24.96370327823504,42.85189043467615
170200,0.06,0,0.4348215109640498,0.631578947368421,0.24687432867883996,0.23,0,0,0,49.96417331571785,24.961276408028105,42.852874004920764
170300,0.06,0,0.43488347397560106,0.631578947368421,0.2458002148227712,0.2,0,0,0,49.9666437819988,24.961429689925993,42.84464980401524
170400,0.06,0,0.43488862660473465,0.631578947368421,0.2512352309344791,0.2,0,0,0,49.973858675953764,24.96138989293648,42.83795662101922
170500,0.06,0,0.4348487045245034,0.631578947368421,0.24364124597207304,0.19,0,0,0,49.97743363386741,24.960993123435475,42.83882489579024
170600,0.06,0,0.4348962662809382,0.631578947368421,0.24887218045112783,0.18,0,0,0,49.977639629012764,24.962404914053234,42.83396334261743
170700,0.06,0,0.43490959573059074,0.631578947368421,0.23953813104189045,0.32,0,0,0,49.968664402148534,24.95924542658235,42.84034401049539
170800,0.06,0,0.4350327965021269,0.631578947368421,0.2441890440386681,0.3,0,0,0,49.958577426769686,24.956454619778725,42.83685898213537
170900,0.06,0,0.43494212356627016,0.631578947368421,0.24658431793770139,0.18,0,0,0,49.96609952032885,24.95509268891014,42.83933906244487
171000,0.06,0,0.4349192755633102,0.631578947368421,0.2488936627282492,0.33,0,0,0,49.95620714545488,24.953280377147667,42.85007311137407
171100,0.06,0,0.4350181776004998,0.631578947368421,0.24920515574650914,0.25,0,0,0,49.95533403565925,24.950208825126936,42.84107983791332
171200,0.06,0,0.4350897164103132,0.631578947368421,0.2418796992481203,0.18,0,0,0,49.95027398669018,24.95106585300326,42.83837493554332
171300,0.06,0,0.4350392688545025,0.631578947368421,0.2443501611170784,0.2,0,0,0,49.94886199449897,24.954750798181095,42.84455364109985
171400,0.06,0,0.4349685956105308,0.631578947368421,0.24613319011815252,0.2,0,0,0,49.959897090722855,24.95490708320494,42.84204997620502
171500,0.06,0,0.43505355329717205,0.631578947368421,0.24264232008592912,0.34,0,0,0,49.952285602093646,24.952919707601797,42.84021052883593
171600,0.06,0,0.43514330904907794,0.631578947368421,0.24561761546723954,0.23,0,0,0,49.94635761757143,24.953876765574694,42.83645753080015
171700,0.06,0,0.4352053475972454,0.631578947368421,0.24454350161117078,0.22,0,0,0,49.95036986144821,24.957166375669008,42.82691086006465
171800,0.06,0,0.4352630500375183,0.631578947368421,0.2501396348012889,0.26,0,0,0,49.9397337023992,24.955859567176798,42.83035339572002
171900,0.06,0,0.43521184004063496,0.631578947368421,0.24004296455424276,0.19,0,0,0,49.954014509712245,24.96029704569592,42.823147365129394
172000,0.06,0,0.4352164709635049,0.631578947368421,0.24326530612244898,0.25,0,0,0,49.95565643434418,24.963196020784764,42.82128422433125
172100,0.06,0,0.43519348812036407,0.631578947368421,0.2426530612244898,0.18,0,0,0,49.957261646049034,24.96058469656686,42.82216965012532
172200,0.06,0,0.43523441874921914,0.631578947368421,0.2405048335123523,0.23,0,0,0,49.96298699742167,24.966415227582846,42.81323592639715
172300,0.06,0,0.43521535188605054,0.631578947368421,0.2377765843179377,0.23,0,0,0,49.95958947137337,24.966646494610714,42.81802324436894
172400,0.06,0,0.43520912002297824,0.631578947368421,0.23850698174006443,0.18,0,0,0,49.96020699682244,24.965656804681178,42.818107112680124
172500,0.06,0,0.43533668185256275,0.631578947368421,0.23321160042964553,0.24,0,0,0,49.95458026469463,24.966862468708186,42.810382090840584
172600,0.06,0,0.43534864914469096,0.631578947368421,0.23738990332975296,0.32,0,0,0,49.955240688403684,24.968415132660862,42.80863932601056
172700,0.06,0,0.43534617107153223,0.631578947368421,0.2426530612244898,0.2,0,0,0,49.951057704012456,24.968406416717457,42.812467887762736
172800,0.06,0,0.43543403545880605,0.631578947368421,0.240687432867884,0.32,0,0,0,49.93614218129803,24.964853885850342,42.81661409974503
172900,0.06,0,0.4354454944209611,0.631578947368421,0.23518796992481203,0.27,0,0,0,49.935845673030855,24.961574142087123,42.81574158862301
173000,0.06,0,0.4353593016607296,0.631578947368421,0.23462943071965628,0.19,0,0,0,49.93478465216039,24.957391116326935,42.82512821579404
173100,0.06,0,0.4352685790001033,0.631578947368421,0.2359828141783029,0.29,0,0,0,49.92964861837117,24.959961613982458,42.838460363494455
173200,0.06,0,0.43533139214668154,0.631578947368421,0.2434049409237379,0.15,0,0,0,49.92178332471086,24.960203179213085,42.83902760846559
173300,0.06,0,0.43526117177104867,0.631578947368421,0.24092373791621913,0.14,0,0,0,49.93111761679215,24.96214832359791,42.83792903357831
173400,0.06,0,0.43521803691233946,0.631578947368421,0.24602577873254566,0.25,0,0,0,49.94494397281273,24.96277124585847,42.83031465741122
173500,0.06,0,0.43521928524026765,0.631578947368421,0.24165413533834587,0.18,0,0,0,49.95050044077796,24.966540013747874,42.82542739985914
173600,0.06,0,0.435174100705397,0.631578947368421,0.24501611170784104,0.17,0,0,0,49.95307805402451,24.965833197999928,42.82766395312724
173700,0.06,0,0.43513668009936285,0.631578947368421,0.2516970998925886,0.17,0,0,0,49.960524394836604,24.96446090189616,42.824963242976835
173800,0.06,0,0.4350923753398075,0.631578947368421,0.2477873254564984,0.19,0,0,0,49.975596803231575,24.96679617434264,42.81640691473001
173900,0.06,0,0.43515189589187586,0.631578947368421,0.24781954887218044,0.14,0,0,0,49.974626758769816,24.96630521427757,42.81138142422392
174000,0.06,0,0.43515768355196127,0.631578947368421,0.2469280343716434,0.24,0,0,0,49.96715768471307,24.968238260468514,42.81721137255921
174100,0.06,0,0.4351894741018647,0.631578947368421,0.24644468313641246,0.2,0,0,0,49.96772620768492,24.96736972518371,42.81359644908854
174200,0.06,0,0.43520442977575663,0.631578947368421,0.24257787325456498,0.17,0,0,0,49.972635903244424,24.96743436304727,42.807918980285194
174300,0.06,0,0.4353557595935507,0.631578947368421,0.24330827067669172,0.23,0,0,0,49.9517776829352,24.966336017451148,42.81090789866628
174400,0.06,0,0.4353509606394429,0.631578947368421,0.24131041890440386,0.2,0,0,0,49.95176358930365,24.96709106683628,42.81139189022629
174500,0.06,0,0.4352984020036583,0.631578947368421,0.23928034371643395,0.18,0,0,0,49.955792294341386,24.967760263392403,42.81310804834101
174600,0.06,0,0.43520541958687564,0.631578947368421,0.24142857142857144,0.23,0,0,0,49.96363321834544,24.966186717072848,42.815534936685346
174700,0.06,0,0.4353577909318064,0.631578947368421,0.24224489795918366,0.26,0,0,0,49.94347111802508,24.968870710843152,42.8178283955363
174800,0.06,0,0.4352952431673733,0.631578947368421,0.23709989258861439,0.27,0,0,0,49.955778330970745,24.967891658617127,42.81343070008005
174900,0.06,0,0.4352484526425508,0.631578947368421,0.24152524167561762,0.28,0,0,0,49.96205657429257,24.96828149593008,42.81265274960628
175000,0.06,0,0.4353406571255751,0.631578947368421,0.24407089151450054,0.19,0,0,0,49.95072300733775,24.96686590944109,42.81329701289558
175100,0.06,0,0.4353913991876329,0.631578947368421,0.24125671321160044,0.32,0,0,0,49.938303700492234,24.966830681124893,42.81895352563825
175200,0.06,0,0.43542289693042385,0.631578947368421,0.23943071965628357,0.15,0,0,0,49.93752867558462,24.967170362384415,42.816520573590864
175300,0.06,0,0.43540074092778025,0.631578947368421,0.24353383458646616,0.21,0,0,0,49.94073618403982,24.96580052394703,42.81594926836086
175400,0.06,0,0.43535346858555396,0.631578947368421,0.242234156820623,0.17,0,0,0,49.943951205696,24.96695424043957,42.81784191468312
175500,0.06,0,0.43531513226765745,0.631578947368421,0.23978517722878626,0.18,0,0,0,49.952262004412084,24.966018888751247,42.8144882583276
175600,0.06,0,0.43532223188102304,0.631578947368421,0.24150375939849625,0.21,0,0,0,49.94788918778001,24.964090399290725,42.81753824597658
175700,0.06,0,0.4353093667293458,0.631578947368421,0.2410096670247046,0.21,0,0,0,49.94872093995101,24.96455768592659,42.81809065341432
175800,0.06,0,0.43521762519267637,0.631578947368421,0.24039742212674545,0.2,0,0,0,49.94984629002372,24.96557954349846,42.826151599016384
175900,0.06,0,0.4352573242433769,0.631578947368421,0.23828141783029,0.28,0,0,0,49.93836617437504,24.966879932804076,42.83208972283037
176000,0.06,0,0.4352982133413217,0.631578947368421,0.24303974221267455,0.3,0,0,0,49.93794395725327,24.962965647326012,42.82842845770269
176100,0.06,0,0.43526157236741975,0.631578947368421,0.2431686358754028,0.21,0,0,0,49.931472601142865,24.959895323085917,42.83758505434431
176200,0.06,0,0.435283463883281,0.631578947368421,0.2446938775510204,0.29,0,0,0,49.928774075733266,24.960159118831463,42.83774579083933
176300,0.06,0,0.43520841092801243,0.631578947368421,0.2393233082706767,0.26,0,0,0,49.9423526023728,24.960997167973034,42.83348437833994
176400,0.06,0,0.43533678522719677,0.631578947368421,0.2416111707841031,0.18,0,0,0,49.93101548465564,24.96116604399232,42.83057614064679
176500,0.06,0,0.4352425625434386,0.631578947368421,0.24158968850698173,0.26,0,0,0,49.939824222410834,24.96140956164268,42.83229184495213
176600,0.06,0,0.43523247689083944,0.631578947368421,0.23997851772287862,0.27,0,0,0,49.94043504618845,24.96407686919736,42.83276050278739
176700,0.06,0,0.43528838919541846,0.631578947368421,0.23883995703544575,0.24,0,0,0,49.9350134560684,24.966111336751062,42.831908563264186
176800,0.06,0,0.43537720268357843,0.631578947368421,0.24293233082706767,0.26,0,0,0,49.93804951357853,24.962790345215637,42.82056769645536
176900,0.06,0,0.43536121291830004,0.631578947368421,0.23970998925886144,0.21,0,0,0,49.93654907623672,24.963345591470365,42.82342706400884
177000,0.06,0,0.4353633283981259,0.631578947368421,0.24105263157894738,0.15,0,0,0,49.931680176549584,24.964760939104277,42.827394724989276
177100,0.06,0,0.43522247559721194,0.631578947368421,0.24436090225563908,0.23,0,0,0,49.93858985800994,24.963682718135328,42.835327458156414
177200,0.06,0,0.43530634911131594,0.631578947368421,0.24052631578947367,0.35,0,0,0,49.93079320296173,24.961776033916667,42.83376149124552
177300,0.06,0,0.4353285399825942,0.631578947368421,0.2450483351235231,0.21,0,0,0,49.92438158829533,24.959653382225973,42.837078750935476
177400,0.06,0,0.4353857849214063,0.631578947368421,0.23963480128893663,0.16,0,0,0,49.918205785654585,24.957995238852114,42.83674553073309
177500,0.06,0,0.4353876491793478,0.631578947368421,0.24628356605800214,0.17,0,0,0,49.91619629152342,24.956285922845588,42.83828659764086
177600,0.06,0,0.43536954144205037,0.631578947368421,0.24311493018259936,0.19,0,0,0,49.91574596655899,24.957305726761913,42.84045480294715
177700,0.06,0,0.4353233242635138,0.631578947368421,0.24484425349087002,0.25,0,0,0,49.91930334601205,24.959504521645858,42.84194981949306
177800,0.06,0,0.4353538359232306,0.631578947368421,0.24479054779806658,0.19,0,0,0,49.92701361429026,24.96103834530282,42.832331600073076
177900,0.06,0,0.4354371645429837,0.631578947368421,0.2434049409237379,0.36,0,0,0,49.92474107678052,24.959665933961972,42.82608419733492
178000,0.06,0,0.4353061577362267,0.631578947368421,0.24039742212674545,0.21,0,0,0,49.92834869857839,24.959548494138073,42.83587747494334
178100,0.06,0,0.435289844404316,0.631578947368421,0.2438453276047261,0.25,0,0,0,49.929262794931724,24.957598841801936,42.83669857133954
178200,0.06,0,0.4351070531133133,0.631578947368421,0.24303974221267455,0.26,0,0,0,49.93579881513607,24.958565913197567,42.849085360528186
178300,0.06,0,0.4352164059632703,0.631578947368421,0.24928034371643396,0.14,0,0,0,49.933303059841705,24.95801337405335,42.84046019771735
178400,0.06,0,0.43522762491576816,0.631578947368421,0.24584317937701397,0.32,0,0,0,49.92209511751747,24.955654262127464,42.84897369639648
178500,0.06,0,0.4351752407857078,0.631578947368421,0.24400644468313643,0.26,0,0,0,49.934859853565406,24.958432165335026,42.84317692738843
178600,0.06,0,0.435161600048989,0.631578947368421,0.24607948442534908,0.2,0,0,0,49.93722839018566,24.959068708737174,42.84248777799772
178700,0.06,0,0.43508985242699816,0.631578947368421,0.24566058002148228,0.27,0,0,0,49.93794022387409,24.961401061183835,42.84894183954953
178800,0.06,0,0.4351673297812169,0.631578947368421,0.24151450053705692,0.21,0,0,0,49.92741166009957,24.960436430732926,42.85034726348027
178900,0.06,0,0.43511322455684254,0.631578947368421,0.2411922663802363,0.22,0,0,0,49.93651428603797,24.961834401669023,42.84786369276143
179000,0.06,0,0.43503713664790483,0.631578947368421,0.2508807733619764,0.16,0,0,0,49.9436216952612,24.961462129352526,42.84925908764897
179100,0.06,0,0.43509145201279786,0.631578947368421,0.24754027926960256,0.2,0,0,0,49.95109589371664,24.963399859134885,42.837499181193614
179200,0.06,0,0.43514454597962016,0.631578947368421,0.25006444683136414,0.26,0,0,0,49.93963250631731,24.96454279659373,42.842104312132136
179300,0.06,0,0.43512090842965345,0.631578947368421,0.247422126745435,0.22,0,0,0,49.93849665582897,24.963636252935373,42.8454061667843
179400,0.06,0,0.43512932538730326,0.631578947368421,0.24269602577873253,0.15,0,0,0,49.93929546167536,24.964143864149523,42.84389206134602
179500,0.06,0,0.4350678587634241,0.631578947368421,0.2422234156820623,0.17,0,0,0,49.94382080768757,24.9610698578594,42.84606249077106
179600,0.06,0,0.43508095843509853,0.631578947368421,0.24638023630504832,0.24,0,0,0,49.927224708081994,24.96160011685122,42.85901430781363
179700,0.06,0,0.43506766975859285,0.631578947368421,0.24690655209452203,0.27,0,0,0,49.92657227670558,24.96322256860259,42.86088348147166
179800,0.06,0,0.43501294537438806,0.631578947368421,0.24527389903329752,0.15,0,0,0,49.92749673180721,24.962091869884375,42.865481646670965
179900,0.06,0,0.4350409541970116,0.631578947368421,0.2480236305048335,0.13,0,0,0,49.922825942729524,24.9608952656067,42.866732124064434
180000,0.06,0,0.4350400034583922,0.631578947368421,0.2497529538131042,0.13,0,0,0,49.925080151260836,24.9624749657944,42.86489028977786
180100,0.06,0,0.4350595352612518,0.631578947368421,0.24726100966702472,0.11,0,0,0,49.92807860933258,24.96100860450502,42.860391730875875
180200,0.06,0,0.43512725556371035,0.631578947368421,0.24822771213748657,0.14,0,0,0,49.91813464360935,24.95840056982513,42.86225792140623
180300,0.06,0,0.435079854492711,0.631578947368421,0.2470891514500537,0.15,0,0,0,49.92150863910765,24.958523528360196,42.86403047326605
180400,0.06,0,0.43496408158469496,0.631578947368421,0.24585392051557464,0.29,0,0,0,49.92449819962218,24.955236199395088,42.87287199489297
180500,0.06,0,0.4349698211493511,0.631578947368421,0.24552094522019335,0.26,0,0,0,49.92932569641086,24.95596372034556,42.86816109619025
180600,0.06,0,0.43490898899187797,0.631578947368421,0.24808807733619764,0.24,0,0,0,49.93455197267531,24.954834680215658,42.86966989001814
180700,0.06,0,0.43488529177476903,0.631578947368421,0.2505048335123523,0.3,0,0,0,49.933252803712875,24.952908771391904,42.87312133828414
180800,0.06,0,0.43493113491570035,0.631578947368421,0.25177228786251343,0.2,0,0,0,49.927275374291824,24.94971990471456,42.873734719218625
180900,0.06,0,0.4349597440357537,0.631578947368421,0.24339419978517723,0.25,0,0,0,49.92482237018611,24.950727740588913,42.87302115222466
181000,0.06,0,0.4349726843181284,0.631578947368421,0.2473469387755102,0.36,0,0,0,49.93950127441409,24.950146016806954,42.85914424270219
181100,0.06,0,0.4350283514613259,0.631578947368421,0.24448979591836734,0.28,0,0,0,49.93823047938606,24.953951281708346,42.85475040799096
181200,0.06,0,0.4350532189766336,0.631578947368421,0.24698174006444684,0.25,0,0,0,49.9339859391762,24.95026041559809,42.85594341844136
181300,0.06,0,0.4350053166775327,0.631578947368421,0.24736842105263157,0.17,0,0,0,49.9352922825466,24.94990352031941,42.85954140107243
181400,0.06,0,0.43498367014655126,0.631578947368421,0.2501074113856069,0.18,0,0,0,49.943667521805025,24.949634661155017,42.8544866301638
181500,0.06,0,0.434857369937846,0.631578947368421,0.2479591836734694,0.23,0,0,0,49.95706153032476,24.95308214469756,42.855440239041435
181600,0.06,0,0.435043557959877,0.631578947368421,0.24849624060150377,0.32,0,0,0,49.94562464964046,24.952579119774125,42.84690828018338
181700,0.06,0,0.4349939615962372,0.631578947368421,0.24731471535982813,0.19,0,0,0,49.93971826895541,24.950700109981682,42.85686161272794
181800,0.06,0,0.43491737659866603,0.631578947368421,0.24990332975295382,0.33,0,0,0,49.93845910198787,24.952381582695253,42.865489115790574
181900,0.06,0,0.43485683685465065,0.631578947368421,0.24779806659505907,0.21,0,0,0,49.94564129520524,24.955488477974395,42.86529182410246
182000,0.06,0,0.43480024703156855,0.631578947368421,0.2472717508055854,0.15,0,0,0,49.94435993617477,24.954813721208872,42.87197068161985
182100,0.06,0,0.4346857107146206,0.631578947368421,0.2468421052631579,0.26,0,0,0,49.949235019702435,24.951510776304932,42.879081674076616
182200,0.06,0,0.4346859253937825,0.631578947368421,0.24841031149301826,0.25,0,0,0,49.94811040373649,24.95188083121174,42.8800259487618
182300,0.06,0,0.43471896922302267,0.631578947368421,0.25032223415682064,0.26,0,0,0,49.94143770240976,24.949869712924745,42.88249534205477
182400,0.06,0,0.4347624657745068,0.631578947368421,0.24922663802363051,0.24,0,0,0,49.93480767500186,24.95057177961682,42.8838981861829
182500,0.06,0,0.4347874059426882,0.631578947368421,0.24893662728249194,0.22,0,0,0,49.942378797722604,24.948659891572717,42.87493758636595
182600,0.06,0,0.4348773660973104,0.631578947368421,0.2464124597207304,0.21,0,0,0,49.944038989019994,24.9465362593297,42.8646434242517
182700,0.06,0,0.43483954230180927,0.631578947368421,0.2448872180451128,0.21,0,0,0,49.95090056588108,24.945715266337253,42.86248325888869
182800,0.06,0,0.43482540800353486,0.631578947368421,0.24713211600429646,0.2,0,0,0,49.94888290744539,24.94732767004964,42.86560799670921
182900,0.06,0,0.4348919746743694,0.631578947368421,0.2466595059076262,0.27,0,0,0,49.951936754561416,24.94982305111779,42.85642656099686
183000,0.06,0,0.43492791647477996,0.631578947368421,0.24604726100966703,0.18,0,0,0,49.954190830627795,24.950480283443607,42.850951324405365
183100,0.06,0,0.43488725157670927,0.631578947368421,0.24646616541353383,0.18,0,0,0,49.95054398240491,24.949015427629284,42.85808698337386
183200,0.06,0,0.43489740399806565,0.631578947368421,0.24596133190118152,0.23,0,0,0,49.946300971387714,24.946759403219055,42.8607272587326
183300,0.06,0,0.43485769044702893,0.631578947368421,0.24413533834586465,0.19,0,0,0,49.95272918565515,24.948374912834055,42.85912545465301
183400,0.06,0,0.43481063047676916,0.631578947368421,0.24583243823845327,0.27,0,0,0,49.95521560247484,24.949452837460868,42.8616306841869
183500,0.06,0,0.43475907349601545,0.631578947368421,0.2518367346938776,0.21,0,0,0,49.954856760112314,24.949700748852447,42.86702146261418
183600,0.06,0,0.4348023811426702,0.631578947368421,0.2501503759398496,0.23,0,0,0,49.95267929846145,24.94583669344406,42.86462018445489
183700,0.06,0,0.434738959595813,0.631578947368421,0.2491299677765843,0.23,0,0,0,49.94822869567391,24.94552565017127,42.87469343531436
183800,0.06,0,0.4346970403996047,0.631578947368421,0.2491514500537057,0.18,0,0,0,49.946474270066076,24.943664175614416,42.88033414285029
183900,0.06,0,0.4347531231738272,0.631578947368421,0.2544575725026853,0.14,0,0,0,49.93437179262488,24.94200788766233,42.88519408318955
184000,0.06,0,0.434750062454965,0.631578947368421,0.2505907626208378,0.19,0,0,0,49.9357248906775,24.940345133659786,42.884333943239255
184100,0.06,0,0.4347055385627986,0.631578947368421,0.24909774436090226,0.23,0,0,0,49.951373451830854,24.94362031541996,42.875290285937915
184200,0.06,0,0.4346621548182149,0.631578947368421,0.2503329752953813,0.22,0,0,0,49.95921163318596,24.94564824278541,42.87284223509483
184300,0.06,0,0.4347222497612686,0.631578947368421,0.24613319011815252,0.28,0,0,0,49.95041308622794,24.94421006930654,42.874466417830774
184400,0.06,0,0.4346942354763173,0.631578947368421,0.24514500537056927,0.27,0,0,0,49.9489006831317,24.938898847780607,42.87852778366329
184500,0.06,0,0.4346777057492542,0.631578947368421,0.24696025778732544,0.15,0,0,0,49.950999058238814,24.94001472820916,42.8783570104284
184600,0.06,0,0.4346259035295798,0.631578947368421,0.24966702470461868,0.21,0,0,0,49.9457358637307,24.9400870914923,42.88798658375472
184700,0.06,0,0.4346176980125232,0.631578947368421,0.250687432867884,0.28,0,0,0,49.952544014105335,24.939203361010122,42.882950887027754
184800,0.06,0,0.43460621226470214,0.631578947368421,0.24738990332975294,0.27,0,0,0,49.945756522027764,24.94078406107,42.88991202524157
184900,0.06,0,0.43446662984771184,0.631578947368421,0.2523093447905478,0.2,0,0,0,49.950477962468476,24.939196214577866,42.89963603679741
185000,0.06,0,0.43459665545136594,0.631578947368421,0.24788399570354458,0.31,0,0,0,49.94465757494767,24.93901654609133,42.8917989178308
185100,0.06,0,0.4346413732439419,0.631578947368421,0.2516219119226638,0.25,0,0,0,49.94089462604954,24.94147752519715,42.89061750403193
185200,0.06,0,0.4348061166610668,0.631578947368421,0.2509989258861439,0.24,0,0,0,49.928013708432665,24.93994244817395,42.885427853567435
185300,0.06,0,0.43496102256532543,0.631578947368421,0.2452953813104189,0.18,0,0,0,49.92210531438152,24.943583759506865,42.87522852691414
185400,0.06,0,0.43492906830216194,0.631578947368421,0.249312567132116,0.22,0,0,0,49.926190530156106,24.93881724606307,42.87487004454851
185500,0.06,0,0.43485883171217116,0.631578947368421,0.24897959183673468,0.26,0,0,0,49.93179553082187,24.939551766239557,42.8769813992538
185600,0.06,0,0.4350075609804947,0.631578947368421,0.2434156820622986,0.31,0,0,0,49.91999379346194,24.93936863236124,42.872454952926766
185700,0.06,0,0.43512550007773193,0.631578947368421,0.24553168635875403,0.27,0,0,0,49.906470517085076,24.93885816217588,42.87244864195758
185800,0.06,0,0.43516605488005433,0.631578947368421,0.24437164339419978,0.24,0,0,0,49.906919360705935,24.94220797976342,42.86806765081957
185900,0.06,0,0.43515026596896417,0.631578947368421,0.24817400644468313,0.21,0,0,0,49.90420612480727,24.942289599005914,42.87195384127273
186000,0.06,0,0.4351986381727469,0.631578947368421,0.24413533834586465,0.23,0,0,0,49.89856731637773,24.944105086690374,42.87203286044894
186100,0.06,0,0.4351028668831465,0.631578947368421,0.23993555316863588,0.2,0,0,0,49.901214886611214,24.941376530169467,42.87919437316697
186200,0.06,0,0.43512124707301936,0.631578947368421,0.2462298603651987,0.26,0,0,0,49.895157663205985,24.937919003957806,42.882588362555914
186300,0.06,0,0.4352080702185252,0.631578947368421,0.24131041890440386,0.28,0,0,0,49.898977292060785,24.941021255262665,42.870751482554475
186400,0.06,0,0.43509259427726193,0.631578947368421,0.2434049409237379,0.24,0,0,0,49.90778963942582,24.941707418938183,42.87455780477712
186500,0.06,0,0.43507953145857325,0.631578947368421,0.24421052631578946,0.25,0,0,0,49.90362484041843,24.941498410916637,42.879423352288654
186600,0.06,0,0.4350857194903666,0.631578947368421,0.24541353383458647,0.22,0,0,0,49.91254293709688,24.94307058434606,42.8711521483457
186700,0.06,0,0.43498771450516344,0.631578947368421,0.24640171858216972,0.27,0,0,0,49.91809461929054,24.941377199816362,42.876042216086006
186800,0.06,0,0.434951462167179,0.631578947368421,0.2461761546723953,0.22,0,0,0,49.923149901215055,24.941302663227827,42.87527380412936
186900,0.06,0,0.4349618275754308,0.631578947368421,0.24322234156820624,0.28,0,0,0,49.93076692865799,24.942252100494194,42.86771151641791
187000,0.06,0,0.4350673211978941,0.631578947368421,0.24479054779806658,0.19,0,0,0,49.92150067498938,24.938657257858903,42.8652721263998
187100,0.06,0,0.4350868275846419,0.631578947368421,0.248968850698174,0.18,0,0,0,49.911917251944075,24.93620837003248,42.87158038485724
187200,0.06,0,0.43509604871914076,0.631578947368421,0.2404403866809882,0.35,0,0,0,49.90396590913229,24.936353629905284,42.87750250104761
187300,0.06,0,0.43516076707965573,0.631578947368421,0.24438238453276048,0.22,0,0,0,49.90816985524923,24.93560267631148,42.86751444522271
187400,0.06,0,0.43520987029528624,0.631578947368421,0.2432438238453276,0.19,0,0,0,49.900489135297235,24.935554426006693,42.86927530756636
187500,0.06,0,0.4351525069274425,0.631578947368421,0.23959183673469386,0.19,0,0,0,49.89216993347428,24.93717643827142,42.88207561068954
187600,0.06,0,0.4351095800482114,0.631578947368421,0.24306122448979592,0.19,0,0,0,49.90490709716726,24.935658482738337,42.875360439120826
187700,0.06,0,0.4351248878061679,0.631578947368421,0.24421052631578946,0.27,0,0,0,49.892783457769724,24.934919560752792,42.884270159853095
187800,0.06,0,0.4351156510782335,0.631578947368421,0.2455531686358754,0.28,0,0,0,49.89807860996819,24.93402324147722,42.88062956835881
187900,0.06,0,0.4352371098479899,0.631578947368421,0.24559613319011817,0.26,0,0,0,49.88702832583877,24.932688061964974,42.878158824905405
188000,0.06,0,0.4353490258139518,0.631578947368421,0.24369495166487648,0.18,0,0,0,49.887959956764924,24.933479059806764,42.86633553782025
188100,0.06,0,0.43536033183318973,0.631578947368421,0.24269602577873253,0.16,0,0,0,49.88797931508952,24.933524788142968,42.865205694257305
188200,0.06,0,0.4353429257881131,0.631578947368421,0.24460794844253492,0.26,0,0,0,49.88791566504474,24.933168449624052,42.86697423931058
188300,0.06,0,0.43538506797173027,0.631578947368421,0.2377873254564984,0.3,0,0,0,49.890046585337664,24.931516640952307,42.86099424926899
188400,0.06,0,0.4354448001892724,0.631578947368421,0.24525241675617615,0.24,0,0,0,49.88162641180146,24.928102081459024,42.862348861336194
188500,0.06,0,0.4355050902751827,0.631578947368421,0.24022556390977443,0.21,0,0,0,49.88345467659927,24.930788232889878,42.85484440098026
188600,0.06,0,0.4355779975580105,0.631578947368421,0.2435230934479055,0.24,0,0,0,49.874102004177225,24.93142457541403,42.855706370328896
188700,0.06,0,0.4355465596096667,0.631578947368421,0.23941997851772287,0.29,0,0,0,49.868592945300215,24.93262544095745,42.86353439108279
188800,0.06,0,0.4355580150320856,0.631578947368421,0.2387862513426423,0.21,0,0,0,49.8744454297452,24.93108724470214,42.857377394507154
188900,0.06,0,0.435581310730083,0.631578947368421,0.23612244897959184,0.24,0,0,0,49.871454469286526,24.930892442175963,42.857655467292716
189000,0.06,0,0.4355713048766669,0.631578947368421,0.23747583243823844,0.17,0,0,0,49.8779817573313,24.93257488982859,42.85303128339503
189100,0.06,0,0.4355559845258055,0.631578947368421,0.23892588614393126,0.3,0,0,0,49.877347244451656,24.928487156119303,42.85508377868679
189200,0.06,0,0.4354870100046938,0.631578947368421,0.236390977443609,0.19,0,0,0,49.88128574220209,24.932048277652395,42.85848710949127
189300,0.06,0,0.43547797788090853,0.631578947368421,0.2387325456498389,0.2,0,0,0,49.88172226100305,24.934628462787405,42.85900095936768
189400,0.06,0,0.4354071914485667,0.631578947368421,0.24373791621911922,0.3,0,0,0,49.88720941413552,24.935142085321264,42.86125389352364
189500,0.06,0,0.43533550156482437,0.631578947368421,0.2401611170784103,0.2,0,0,0,49.88851299247987,24.934607617637056,42.867192028258
189600,0.06,0,0.43538687770849377,0.631578947368421,0.24250268528464017,0.32,0,0,0,49.88711938938629,24.937362990742443,42.863331010361506
189700,0.06,0,0.4353769412089928,0.631578947368421,0.23870032223415683,0.34,0,0,0,49.88669701437458,24.936575462692332,42.86467218814822
189800,0.06,0,0.4353864524493021,0.631578947368421,0.24122448979591837,0.25,0,0,0,49.88474947124357,24.935634383515445,42.86540922417782
189900,0.06,0,0.4354024343616897,0.631578947368421,0.23633727175080557,0.2,0,0,0,49.88077406185598,24.938010566902715,42.86725197528177
190000,0.06,0,0.43543934153948305,0.631578947368421,0.24022556390977443,0.25,0,0,0,49.87831723599708,24.937870827033617,42.86572991918298
190100,0.06,0,0.43543580325047304,0.631578947368421,0.2393984962406015,0.16,0,0,0,49.88219281776052,24.93825977470765,42.862747773088294
190200,0.06,0,0.43542423986312645,0.631578947368421,0.2383673469387755,0.2,0,0,0,49.88586201799987,24.940230170180616,42.86073334141054
190300,0.06,0,0.4353368460573879,0.631578947368421,0.24216970998925885,0.19,0,0,0,49.89916194997947,24.941406424707704,42.857911397657276
190400,0.06,0,0.4352671307421688,0.631578947368421,0.24177228786251342,0.28,0,0,0,49.90913000714164,24.93654423618384,42.85621467969211
190500,0.06,0,0.4352474820837252,0.631578947368421,0.2444468313641246,0.25,0,0,0,49.8987712652594,24.94107997729837,42.86704650856248
190600,0.06,0,0.43525071657979403,0.631578947368421,0.24661654135338346,0.26,0,0,0,49.887665017141025,24.9404591911524,42.87627116002572
190700,0.06,0,0.43518669355363065,0.631578947368421,0.2401611170784103,0.27,0,0,0,49.900277895717,24.94076708545091,42.87173988230931
190800,0.06,0,0.43512819370967576,0.631578947368421,0.24327604726100965,0.23,0,0,0,49.89436353242237,24.940779731959392,42.88258627903461
190900,0.06,0,0.43510766777227516,0.631578947368421,0.2419871106337272,0.16,0,0,0,49.894168282369385,24.938880751532587,42.88477705840226
191000,0.06,0,0.4349937010702529,0.631578947368421,0.24822771213748657,0.15,0,0,0,49.90234605964017,24.941668017045682,42.888983097416556
191100,0.06,0,0.43502937739548164,0.631578947368421,0.25133190118152526,0.22,0,0,0,49.8997003711036,24.941316259864134,42.88773960761892
191200,0.06,0,0.4350368301708393,0.631578947368421,0.25251342642320085,0.25,0,0,0,49.90238180331214,24.941915321012065,42.8847004109448
191300,0.06,0,0.43504110553149383,0.631578947368421,0.24560687432867884,0.12,0,0,0,49.90050211258822,24.941567081261024,42.88589436032576
191400,0.06,0,0.4350330027207867,0.631578947368421,0.24261009667024705,0.3,0,0,0,49.89762962663426,24.939535411838193,42.88916202503905
191500,0.06,0,0.4351046300831572,0.631578947368421,0.2433512352309345,0.21,0,0,0,49.87639040431838,24.937972676856198,42.9003623619542
191600,0.06,0,0.4351496162517382,0.631578947368421,0.24747583243823845,0.26,0,0,0,49.88050697139533,24.940128067099018,42.89238714325465
191700,0.06,0,0.4351102498105325,0.631578947368421,0.25081632653061225,0.19,0,0,0,49.883435391471025,24.94125725805168,42.89374957976027
191800,0.06,0,0.4350228918370537,0.631578947368421,0.24976369495166487,0.34,0,0,0,49.89860875733562,24.938451176619974,42.889317254935484
191900,0.06,0,0.435005105762275,0.631578947368421,0.24532760472610096,0.16,0,0,0,49.895608819582016,24.93568293787322,42.893649667447484
192000,0.06,0,0.43497504144754534,0.631578947368421,0.24571428571428572,0.28,0,0,0,49.891255862349574,24.93263338814235,42.90035704455974
192100,0.06,0,0.43493934698912406,0.631578947368421,0.24726100966702472,0.28,0,0,0,49.894945659257104,24.93082527466276,42.90070497863194
192200,0.06,0,0.4349366680844866,0.631578947368421,0.2523415682062299,0.22,0,0,0,49.90722981101502,24.928664307729562,42.89040958415608
192300,0.06,0,0.4349783045810934,0.631578947368421,0.2474328678839957,0.23,0,0,0,49.9040302360786,24.927346384032813,42.88905371385491
192400,0.06,0,0.43501913447469676,0.631578947368421,0.2488077336197637,0.19,0,0,0,49.89662085333868,24.92253331771216,42.89139644463741
192500,0.06,0,0.4350357859316313,0.631578947368421,0.24270676691729323,0.23,0,0,0,49.888618393421424,24.920855254412526,42.89663452738381
192600,0.06,0,0.43503951623102016,0.631578947368421,0.2451987110633727,0.23,0,0,0,49.882129135256136,24.919360337840168,42.90184715939875
192700,0.06,0,0.4350030773420283,0.631578947368421,0.24801288936627283,0.19,0,0,0,49.883899897022054,24.917844256220075,42.9039178742749
192800,0.06,0,0.43496963658907517,0.631578947368421,0.24082706766917295,0.3,0,0,0,49.877655077381384,24.918649144767283,42.91258845735404
192900,0.06,0,0.43505847461727054,0.631578947368421,0.24295381310418904,0.25,0,0,0,49.87080956686914,24.92216440946091,42.909714985125134
193000,0.06,0,0.4351122389992208,0.631578947368421,0.24902255639097745,0.28,0,0,0,49.86621396755675,24.918842998984445,42.908366881648234
193100,0.06,0,0.43514340824594505,0.631578947368421,0.24676691729323308,0.31,0,0,0,49.869531606061095,24.92088569461883,42.90243902971302
193200,0.06,0,0.43496555074041876,0.631578947368421,0.2500859291084855,0.22,0,0,0,49.87939486866243,24.918018449315543,42.91149475331506
193300,0.06,0,0.4349603229555606,0.631578947368421,0.24645542427497313,0.23,0,0,0,49.881540431189364,24.91542910982187,42.91016472520607
193400,0.06,0,0.43494614201955967,0.631578947368421,0.24191192266380238,0.34,0,0,0,49.883852778302995,24.915475295938876,42.90957461418446
193500,0.06,0,0.4350530088811007,0.631578947368421,0.24475832438238454,0.2,0,0,0,49.8797661420522,24.91391297441463,42.90254896954117
193600,0.06,0,0.4350993841236102,0.631578947368421,0.25063372717508053,0.16,0,0,0,49.888329612022545,24.915714026618947,42.89061262769687
193700,0.06,0,0.43520278422670927,0.631578947368421,0.2425671321160043,0.34,0,0,0,49.87924334596002,24.909109760323325,42.888233543969065
193800,0.06,0,0.43510707855792113,0.631578947368421,0.24045112781954886,0.24,0,0,0,49.88670751123235,24.907301131449852,42.89124874329583
193900,0.06,0,0.4352662868640865,0.631578947368421,0.2416111707841031,0.19,0,0,0,49.87053057064106,24.908493757138107,42.88946823785008
194000,0.06,0,0.4354259829798869,0.631578947368421,0.24220193340494092,0.3,0,0,0,49.858198245896105,24.909315302922046,42.884342899810285
194100,0.06,0,0.4354512965202743,0.631578947368421,0.24049409237379163,0.24,0,0,0,49.85766297506211,24.90442032570265,42.8823103371038
194200,0.06,0,0.43541024726096983,0.631578947368421,0.2416863587540279,0.24,0,0,0,49.85789737022436,24.904331635691978,42.8861515411965
194300,0.06,0,0.4354101363982133,0.631578947368421,0.2433404940923738,0.25,0,0,0,49.85426274311193,24.90743831900254,42.88928907820285
194400,0.06,0,0.4353761892743166,0.631578947368421,0.24450053705692804,0.18,0,0,0,49.85737826876247,24.908726943354836,42.88995293167662
194500,0.06,0,0.4353655398624379,0.631578947368421,0.24464017185821696,0.24,0,0,0,49.85358170321225,24.905379512549196,42.89426839149272
194600,0.06,0,0.435314036982663,0.631578947368421,0.24523093447905478,0.18,0,0,0,49.86093885534643,24.908176260060632,42.89301335382011
194700,0.06,0,0.4353929437691069,0.631578947368421,0.24428571428571427,0.2,0,0,0,49.85987956666288,24.909475793245498,42.886150911749844
194800,0.06,0,0.4352826867946174,0.631578947368421,0.24264232008592912,0.19,0,0,0,49.86197852001297,24.90897658063918,42.89520819965993
194900,0.06,0,0.43539269261492713,0.631578947368421,0.2433297529538131,0.23,0,0,0,49.84940076564529,24.909881808499485,42.895190717685125
195000,0.06,0,0.43538657730544167,0.631578947368421,0.24712137486573577,0.24,0,0,0,49.851668381417014,24.911803919515428,42.893841998615294
195100,0.06,0,0.4353946434682724,0.631578947368421,0.2448764769065521,0.23,0,0,0,49.853225617811454,24.91628488493168,42.891707517865115
195200,0.06,0,0.4354083361830151,0.631578947368421,0.24274973147153597,0.29,0,0,0,49.86429005745539,24.913146991303527,42.88084167341022
195300,0.06,0,0.43547866323442946,0.631578947368421,0.24065520945220192,0.21,0,0,0,49.85025687653042,24.915437994173633,42.885985983007544
195400,0.06,0,0.4354931685724822,0.631578947368421,0.24271750805585393,0.26,0,0,0,49.843332509859025,24.917855524142066,42.890515178697875
195500,0.06,0,0.4355699024471903,0.631578947368421,0.24035445757250268,0.25,0,0,0,49.84782935192429,24.916212051479288,42.87909067197734
195600,0.06,0,0.43559050150288947,0.631578947368421,0.23981740064446833,0.16,0,0,0,49.847507074873526,24.91661562522359,42.877340132984294
195700,0.06,0,0.4356366579753215,0.631578947368421,0.24403866809881847,0.22,0,0,0,49.848322436176964,24.91463162132902,42.87209593944039
195800,0.06,0,0.4356881932532767,0.631578947368421,0.23748657357679914,0.23,0,0,0,49.84535299489111,24.913314724862346,42.86957854418231
195900,0.06,0,0.43565528447781576,0.631578947368421,0.23823845327604726,0.24,0,0,0,49.845099622292,24.911087830402618,42.873034781763586
196000,0.06,0,0.4356943435079499,0.631578947368421,0.23365198711063373,0.2,0,0,0,49.838923187921175,24.907717127674474,42.874503999380984
196100,0.06,0,0.43553337208291015,0.631578947368421,0.23398496240601505,0.24,0,0,0,49.85099580281949,24.909171215219597,42.87996332025117
196200,0.06,0,0.43554573236815286,0.631578947368421,0.2402685284640172,0.19,0,0,0,49.85246393215172,24.90799252256699,42.87748367942644
196300,0.06,0,0.43555623203043525,0.631578947368421,0.23758324382384532,0.22,0,0,0,49.845041164990185,24.9085553792468,42.88283508708881
196400,0.06,0,0.4354702309469322,0.631578947368421,0.24091299677765843,0.22,0,0,0,49.84252990427608,24.905288497443035,42.893465055736705
196500,0.06,0,0.4354951313876577,0.631578947368421,0.23944146079484424,0.19,0,0,0,49.84702056178306,24.903111777843655,42.887148523533796
196600,0.06,0,0.43547149584059636,0.631578947368421,0.24131041890440386,0.08,0,0,0,49.85136806883234,24.90440418934092,42.885735891419735
196700,0.06,0,0.4354745457589238,0.631578947368421,0.23699248120300753,0.25,0,0,0,49.84950504376513,24.903023276485442,42.887038291008885
196800,0.06,0,0.43552133924177394,0.631578947368421,0.24490870032223416,0.26,0,0,0,49.84134318862438,24.90233174175494,42.889452688604784
196900,0.06,0,0.43539256973417334,0.631578947368421,0.24192266380236305,0.29,0,0,0,49.85886059978773,24.902699417111013,42.88706422034868
197000,0.06,0,0.43543515491735935,0.631578947368421,0.2455639097744361,0.21,0,0,0,49.85163422587413,24.90175318075943,42.88908610086916
197100,0.06,0,0.43545518006695816,0.631578947368421,0.23946294307196564,0.19,0,0,0,49.85171500509087,24.901333115595225,42.88704427920365
197200,0.06,0,0.4353769850986185,0.631578947368421,0.24730397422126746,0.3,0,0,0,49.86249347984864,24.899024628327457,42.885474617683116
197300,0.06,0,0.4354582918063838,0.631578947368421,0.24193340494092375,0.21,0,0,0,49.85630577876153,24.898742603680205,42.88278879772056
197400,0.06,0,0.43542939509042594,0.631578947368421,0.23688506981740065,0.28,0,0,0,49.86659739159062,24.900751060078527,42.876783797739975
197500,0.06,0,0.43531311733549094,0.631578947368421,0.24024704618689582,0.15,0,0,0,49.868169238575454,24.900319152262323,42.88688490117786
197600,0.06,0,0.43534820214434494,0.631578947368421,0.24151450053705692,0.16,0,0,0,49.86536022786748,24.899853905361347,42.8858443427488
197700,0.06,0,0.43533042382505843,0.631578947368421,0.2391621911922664,0.16,0,0,0,49.869590416317976,24.900799146304475,42.88395780327434
197800,0.06,0,0.4352407917275744,0.631578947368421,0.23808807733619763,0.34,0,0,0,49.89540741921436,24.901883994561967,42.870595497310966
197900,0.06,0,0.4352706976783108,0.631578947368421,0.2434156820622986,0.2,0,0,0,49.89044495569158,24.90093599098702,42.87191393200443
198000,0.06,0,0.4353868096044181,0.631578947368421,0.23912996777658432,0.19,0,0,0,49.879365605482654,24.902988469211763,42.87000085236062
198100,0.06,0,0.4353940460942183,0.631578947368421,0.23553168635875402,0.26,0,0,0,49.8774034060153,24.901864503554,42.870974826311645
198200,0.06,0,0.4353410110255023,0.631578947368421,0.23765843179377014,0.28,0,0,0,49.88078292393124,24.902137263388855,42.87329260442361
198300,0.06,0,0.4353535829977422,0.631578947368421,0.239656283566058,0.3,0,0,0,49.86257126787485,24.90110343935984,42.88771298675364
198400,0.06,0,0.43532498674548886,0.631578947368421,0.24199785177228786,0.15,0,0,0,49.85701083862495,24.900841778539313,42.89531373125254
198500,0.06,0,0.4353733520063245,0.631578947368421,0.24031149301825994,0.13,0,0,0,49.8479301141717,24.902185554016466,42.89836183523086
198600,0.06,0,0.4354328996356955,0.631578947368421,0.2345972073039742,0.34,0,0,0,49.84127579781697,24.904096868240387,42.89822185304827
198700,0.06,0,0.4354234144566498,0.631578947368421,0.23727175080558538,0.11,0,0,0,49.8364818060782,24.90414456538545,42.903282999277465
198800,0.06,0,0.43538118680913196,0.631578947368421,0.24327604726100965,0.24,0,0,0,49.83559679376284,24.90544394341433,42.90820616904062
198900,0.06,0,0.4353517145371406,0.631578947368421,0.2419763694951665,0.25,0,0,0,49.82990530003167,24.907906077806846,42.91601219206457
199000,0.06,0,0.43521729874892495,0.631578947368421,0.23967776584317937,0.32,0,0,0,49.83710677713632,24.908642205205414,42.92306340436568
199100,0.06,0,0.4352190374681365,0.631578947368421,0.2449624060150376,0.29,0,0,0,49.84528907855963,24.909399856507047,42.91584596229712
199200,0.06,0,0.43519243965019033,0.631578947368421,0.2446938775510204,0.19,0,0,0,49.84576321186408,24.90926105923201,42.91806062516755
199300,0.06,0,0.4352189936088845,0.631578947368421,0.24121374865735767,0.25,0,0,0,49.83244731912979,24.909172982663492,42.926909648161235
199400,0.06,0,0.435210934448694,0.631578947368421,0.24300751879699248,0.2,0,0,0,49.83960565284359,24.908118103619554,42.9215389659596
199500,0.06,0,0.4352672565818426,0.631578947368421,0.2434156820622986,0.18,0,0,0,49.83948243850138,24.90513084711272,42.91609115969581
199600,0.06,0,0.4352618580514682,0.631578947368421,0.24494092373791623,0.27,0,0,0,49.822452308004394,24.90644215623418,42.93129305080662
199700,0.06,0,0.43527056419881544,0.631578947368421,0.24175080558539205,0.16,0,0,0,49.82689712642958,24.90551215639687,42.92660473427669
199800,0.06,0,0.4353041825801284,0.631578947368421,0.24250268528464017,0.17,0,0,0,49.827927214182516,24.903920463744466,42.92240217957189
199900,0.06,0,0.4352589569403996,0.631578947368421,0.23930182599355532,0.33,0,0,0,49.82087634146756,24.901157972657277,42.93293723852133
200000,0.06,0,0.4352058438201766,0.631578947368421,0.24158968850698173,0.17,0,0,0,49.82603993116684,24.899722094451654,42.933727049029855
